Keyword,Links
OTC Capsules,https://www.amazon.com/s?k=OTC+Capsules&i=hpc&s=exact-aware-popularity-rank&ref=sr_st_exact-aware-popularity-rank
Nausea relief,https://www.amazon.com/s?k=Nausea+relief&i=hpc&s=exact-aware-popularity-rank&ref=sr_st_exact-aware-popularity-rank
Tummy Relief,https://www.amazon.com/s?k=Tummy+Relief&i=hpc&s=exact-aware-popularity-rank&ref=sr_st_exact-aware-popularity-rank
Antacid Supplement,https://www.amazon.com/s?k=Antacid+Supplement&i=hpc&s=exact-aware-popularity-rank&ref=sr_st_exact-aware-popularity-rank
Bladder supplement,https://www.amazon.com/s?k=Bladder+supplement&i=hpc&s=exact-aware-popularity-rank&ref=sr_st_exact-aware-popularity-rank
Peppermint Antacid,https://www.amazon.com/s?k=Peppermint+Antacid&i=hpc&s=exact-aware-popularity-rank&ref=sr_st_exact-aware-popularity-rank
Antacid Powder,https://www.amazon.com/s?k=Antacid+Powder&i=hpc&s=exact-aware-popularity-rank&ref=sr_st_exact-aware-popularity-rank
Fizzy Antacid,https://www.amazon.com/s?k=Fizzy+Antacid&i=hpc&s=exact-aware-popularity-rank&ref=sr_st_exact-aware-popularity-rank
Lemon Effervescent,https://www.amazon.com/s?k=Lemon+Effervescent&i=hpc&s=exact-aware-popularity-rank&ref=sr_st_exact-aware-popularity-rank
Eye drops,https://www.amazon.com/s?k=Eye+drops&i=hpc&s=exact-aware-popularity-rank&ref=sr_st_exact-aware-popularity-rank
Stomach remedy,https://www.amazon.com/s?k=Stomach+remedy&i=hpc&s=exact-aware-popularity-rank&ref=sr_st_exact-aware-popularity-rank
Herbal Relief,https://www.amazon.com/s?k=Herbal+Relief&i=hpc&s=exact-aware-popularity-rank&ref=sr_st_exact-aware-popularity-rank
Chocolat Th,https://www.amazon.com/s?k=Chocolat+Th&i=hpc&s=exact-aware-popularity-rank&ref=sr_st_exact-aware-popularity-rank
Children's chewables,https://www.amazon.com/s?k=Children's+chewables&i=hpc&s=exact-aware-popularity-rank&ref=sr_st_exact-aware-popularity-rank
Antacid Original,https://www.amazon.com/s?k=Antacid+Original&i=hpc&s=exact-aware-popularity-rank&ref=sr_st_exact-aware-popularity-rank
Cherry liquid,https://www.amazon.com/s?k=Cherry+liquid&i=hpc&s=exact-aware-popularity-rank&ref=sr_st_exact-aware-popularity-rank
Fast relief,https://www.amazon.com/s?k=Fast+relief&i=hpc&s=exact-aware-popularity-rank&ref=sr_st_exact-aware-popularity-rank
Lemon Lime,https://www.amazon.com/s?k=Lemon+Lime&i=hpc&s=exact-aware-popularity-rank&ref=sr_st_exact-aware-popularity-rank
Extra Strength Antacids,https://www.amazon.com/s?k=Extra+Strength+Antacids&i=hpc&s=exact-aware-popularity-rank&ref=sr_st_exact-aware-popularity-rank
Mintox Liquid,https://www.amazon.com/s?k=Mintox+Liquid&i=hpc&s=exact-aware-popularity-rank&ref=sr_st_exact-aware-popularity-rank
Effervescent tablet,https://www.amazon.com/s?k=Effervescent+tablet&i=hpc&s=exact-aware-popularity-rank&ref=sr_st_exact-aware-popularity-rank
Antidiarrheal Liquid,https://www.amazon.com/s?k=Antidiarrheal+Liquid&i=hpc&s=exact-aware-popularity-rank&ref=sr_st_exact-aware-popularity-rank
Lansoprazole 24-Hour,https://www.amazon.com/s?k=Lansoprazole+24-Hour&i=hpc&s=exact-aware-popularity-rank&ref=sr_st_exact-aware-popularity-rank
Diarrhea Relief,https://www.amazon.com/s?k=Diarrhea+Relief&i=hpc&s=exact-aware-popularity-rank&ref=sr_st_exact-aware-popularity-rank
Upset Stomach,https://www.amazon.com/s?k=Upset+Stomach&i=hpc&s=exact-aware-popularity-rank&ref=sr_st_exact-aware-popularity-rank
Fruit Antacid,https://www.amazon.com/s?k=Fruit+Antacid&i=hpc&s=exact-aware-popularity-rank&ref=sr_st_exact-aware-popularity-rank
Antacid Pain Relief,https://www.amazon.com/s?k=Antacid+Pain+Relief&i=hpc&s=exact-aware-popularity-rank&ref=sr_st_exact-aware-popularity-rank
Bismuth Relief,https://www.amazon.com/s?k=Bismuth+Relief&i=hpc&s=exact-aware-popularity-rank&ref=sr_st_exact-aware-popularity-rank
Max Strength,https://www.amazon.com/s?k=Max+Strength&i=hpc&s=exact-aware-popularity-rank&ref=sr_st_exact-aware-popularity-rank
Tummy Pops,https://www.amazon.com/s?k=Tummy+Pops&i=hpc&s=exact-aware-popularity-rank&ref=sr_st_exact-aware-popularity-rank
Antacid Gas,https://www.amazon.com/s?k=Antacid+Gas&i=hpc&s=exact-aware-popularity-rank&ref=sr_st_exact-aware-popularity-rank
Maximum Antacid,https://www.amazon.com/s?k=Maximum+Antacid&i=hpc&s=exact-aware-popularity-rank&ref=sr_st_exact-aware-popularity-rank
Extra Strength Antacid,https://www.amazon.com/s?k=Extra+Strength+Antacid&i=hpc&s=exact-aware-popularity-rank&ref=sr_st_exact-aware-popularity-rank
Omeprazole Capsules,https://www.amazon.com/s?k=Omeprazole+Capsules&i=hpc&s=exact-aware-popularity-rank&ref=sr_st_exact-aware-popularity-rank
Fruit salt,https://www.amazon.com/s?k=Fruit+salt&i=hpc&s=exact-aware-popularity-rank&ref=sr_st_exact-aware-popularity-rank
Melon Berry,https://www.amazon.com/s?k=Melon+Berry&i=hpc&s=exact-aware-popularity-rank&ref=sr_st_exact-aware-popularity-rank
Children's antacid,https://www.amazon.com/s?k=Children's+antacid&i=hpc&s=exact-aware-popularity-rank&ref=sr_st_exact-aware-popularity-rank
Chewy Soft Chews,https://www.amazon.com/s?k=Chewy+Soft+Chews&i=hpc&s=exact-aware-popularity-rank&ref=sr_st_exact-aware-popularity-rank
Maximum Strength,https://www.amazon.com/s?k=Maximum+Strength&i=hpc&s=exact-aware-popularity-rank&ref=sr_st_exact-aware-popularity-rank
Acid Reducers,https://www.amazon.com/s?k=Acid+Reducers&i=hpc&s=exact-aware-popularity-rank&ref=sr_st_exact-aware-popularity-rank
Esomeprazole Capsules,https://www.amazon.com/s?k=Esomeprazole+Capsules&i=hpc&s=exact-aware-popularity-rank&ref=sr_st_exact-aware-popularity-rank
Garlic Spread,https://www.amazon.com/s?k=Garlic+Spread&i=hpc&s=exact-aware-popularity-rank&ref=sr_st_exact-aware-popularity-rank
Antacid Maximum,https://www.amazon.com/s?k=Antacid+Maximum&i=hpc&s=exact-aware-popularity-rank&ref=sr_st_exact-aware-popularity-rank
Acid Controller,https://www.amazon.com/s?k=Acid+Controller&i=hpc&s=exact-aware-popularity-rank&ref=sr_st_exact-aware-popularity-rank
Extra Strength Chewables,https://www.amazon.com/s?k=Extra+Strength+Chewables&i=hpc&s=exact-aware-popularity-rank&ref=sr_st_exact-aware-popularity-rank
Fruit antacids,https://www.amazon.com/s?k=Fruit+antacids&i=hpc&s=exact-aware-popularity-rank&ref=sr_st_exact-aware-popularity-rank
Stomach Acid,https://www.amazon.com/s?k=Stomach+Acid&i=hpc&s=exact-aware-popularity-rank&ref=sr_st_exact-aware-popularity-rank
Ultra Antacid,https://www.amazon.com/s?k=Ultra+Antacid&i=hpc&s=exact-aware-popularity-rank&ref=sr_st_exact-aware-popularity-rank
Chewable Antacids,https://www.amazon.com/s?k=Chewable+Antacids&i=hpc&s=exact-aware-popularity-rank&ref=sr_st_exact-aware-popularity-rank
Antacid 8 Oz,https://www.amazon.com/s?k=Antacid+8+Oz&i=hpc&s=exact-aware-popularity-rank&ref=sr_st_exact-aware-popularity-rank
