Keyword,Links
Glue-On Nails,https://www.amazon.com/s?k=Glue-On+Nails&i=beauty&s=exact-aware-popularity-rank&ref=sr_st_exact-aware-popularity-rank
Grip Implements,https://www.amazon.com/s?k=Grip+Implements&i=beauty&s=exact-aware-popularity-rank&ref=sr_st_exact-aware-popularity-rank
LED Gel Light,https://www.amazon.com/s?k=LED+Gel+Light&i=beauty&s=exact-aware-popularity-rank&ref=sr_st_exact-aware-popularity-rank
Purple Nail,https://www.amazon.com/s?k=Purple+Nail&i=beauty&s=exact-aware-popularity-rank&ref=sr_st_exact-aware-popularity-rank
Folding Manicure,https://www.amazon.com/s?k=Folding+Manicure&i=beauty&s=exact-aware-popularity-rank&ref=sr_st_exact-aware-popularity-rank
Chrome Nail Polish,https://www.amazon.com/s?k=Chrome+Nail+Polish&i=beauty&s=exact-aware-popularity-rank&ref=sr_st_exact-aware-popularity-rank
Emery Boards,https://www.amazon.com/s?k=Emery+Boards&i=beauty&s=exact-aware-popularity-rank&ref=sr_st_exact-aware-popularity-rank
Chrome Powder,https://www.amazon.com/s?k=Chrome+Powder&i=beauty&s=exact-aware-popularity-rank&ref=sr_st_exact-aware-popularity-rank
Cuticle Tools,https://www.amazon.com/s?k=Cuticle+Tools&i=beauty&s=exact-aware-popularity-rank&ref=sr_st_exact-aware-popularity-rank
Nail Polisher,https://www.amazon.com/s?k=Nail+Polisher&i=beauty&s=exact-aware-popularity-rank&ref=sr_st_exact-aware-popularity-rank
Vegan Nail Polish,https://www.amazon.com/s?k=Vegan+Nail+Polish&i=beauty&s=exact-aware-popularity-rank&ref=sr_st_exact-aware-popularity-rank
Metal Nail File,https://www.amazon.com/s?k=Metal+Nail+File&i=beauty&s=exact-aware-popularity-rank&ref=sr_st_exact-aware-popularity-rank
Silver Holographic,https://www.amazon.com/s?k=Silver+Holographic&i=beauty&s=exact-aware-popularity-rank&ref=sr_st_exact-aware-popularity-rank
Cuticle Balm,https://www.amazon.com/s?k=Cuticle+Balm&i=beauty&s=exact-aware-popularity-rank&ref=sr_st_exact-aware-popularity-rank
Thistle Nail Polish,https://www.amazon.com/s?k=Thistle+Nail+Polish&i=beauty&s=exact-aware-popularity-rank&ref=sr_st_exact-aware-popularity-rank
Cat Eye Gel,https://www.amazon.com/s?k=Cat+Eye+Gel&i=beauty&s=exact-aware-popularity-rank&ref=sr_st_exact-aware-popularity-rank
Sour Love Nails,https://www.amazon.com/s?k=Sour+Love+Nails&i=beauty&s=exact-aware-popularity-rank&ref=sr_st_exact-aware-popularity-rank
Heavy Duty Clippers,https://www.amazon.com/s?k=Heavy+Duty+Clippers&i=beauty&s=exact-aware-popularity-rank&ref=sr_st_exact-aware-popularity-rank
Holiday Press-ons,https://www.amazon.com/s?k=Holiday+Press-ons&i=beauty&s=exact-aware-popularity-rank&ref=sr_st_exact-aware-popularity-rank
Sparkling Toenails,https://www.amazon.com/s?k=Sparkling+Toenails&i=beauty&s=exact-aware-popularity-rank&ref=sr_st_exact-aware-popularity-rank
Glass Nail Files,https://www.amazon.com/s?k=Glass+Nail+Files&i=beauty&s=exact-aware-popularity-rank&ref=sr_st_exact-aware-popularity-rank
Gel Kit,https://www.amazon.com/s?k=Gel+Kit&i=beauty&s=exact-aware-popularity-rank&ref=sr_st_exact-aware-popularity-rank
Salon files,https://www.amazon.com/s?k=Salon+files&i=beauty&s=exact-aware-popularity-rank&ref=sr_st_exact-aware-popularity-rank
Nail recovery,https://www.amazon.com/s?k=Nail+recovery&i=beauty&s=exact-aware-popularity-rank&ref=sr_st_exact-aware-popularity-rank
Acrylic Nail Powder,https://www.amazon.com/s?k=Acrylic+Nail+Powder&i=beauty&s=exact-aware-popularity-rank&ref=sr_st_exact-aware-popularity-rank
Cat Eye Nail Polish,https://www.amazon.com/s?k=Cat+Eye+Nail+Polish&i=beauty&s=exact-aware-popularity-rank&ref=sr_st_exact-aware-popularity-rank
Electric Nail Cutter,https://www.amazon.com/s?k=Electric+Nail+Cutter&i=beauty&s=exact-aware-popularity-rank&ref=sr_st_exact-aware-popularity-rank
Cherry Nail,https://www.amazon.com/s?k=Cherry+Nail&i=beauty&s=exact-aware-popularity-rank&ref=sr_st_exact-aware-popularity-rank
Nail Mask,https://www.amazon.com/s?k=Nail+Mask&i=beauty&s=exact-aware-popularity-rank&ref=sr_st_exact-aware-popularity-rank
Acrylic Bonding,https://www.amazon.com/s?k=Acrylic+Bonding&i=beauty&s=exact-aware-popularity-rank&ref=sr_st_exact-aware-popularity-rank
Rubberized Basecoat,https://www.amazon.com/s?k=Rubberized+Basecoat&i=beauty&s=exact-aware-popularity-rank&ref=sr_st_exact-aware-popularity-rank
Tongue Depressors,https://www.amazon.com/s?k=Tongue+Depressors&i=beauty&s=exact-aware-popularity-rank&ref=sr_st_exact-aware-popularity-rank
Tortie Nails,https://www.amazon.com/s?k=Tortie+Nails&i=beauty&s=exact-aware-popularity-rank&ref=sr_st_exact-aware-popularity-rank
Nail Dehydrator,https://www.amazon.com/s?k=Nail+Dehydrator&i=beauty&s=exact-aware-popularity-rank&ref=sr_st_exact-aware-popularity-rank
Nail Polish Duo,https://www.amazon.com/s?k=Nail+Polish+Duo&i=beauty&s=exact-aware-popularity-rank&ref=sr_st_exact-aware-popularity-rank
Polish Handle,https://www.amazon.com/s?k=Polish+Handle&i=beauty&s=exact-aware-popularity-rank&ref=sr_st_exact-aware-popularity-rank
Fall polish,https://www.amazon.com/s?k=Fall+polish&i=beauty&s=exact-aware-popularity-rank&ref=sr_st_exact-aware-popularity-rank
Angled Nail File,https://www.amazon.com/s?k=Angled+Nail+File&i=beauty&s=exact-aware-popularity-rank&ref=sr_st_exact-aware-popularity-rank
Cherry polish,https://www.amazon.com/s?k=Cherry+polish&i=beauty&s=exact-aware-popularity-rank&ref=sr_st_exact-aware-popularity-rank
Dip top coat,https://www.amazon.com/s?k=Dip+top+coat&i=beauty&s=exact-aware-popularity-rank&ref=sr_st_exact-aware-popularity-rank
Blue Nail Polish,https://www.amazon.com/s?k=Blue+Nail+Polish&i=beauty&s=exact-aware-popularity-rank&ref=sr_st_exact-aware-popularity-rank
Elmo Nail Polish,https://www.amazon.com/s?k=Elmo+Nail+Polish&i=beauty&s=exact-aware-popularity-rank&ref=sr_st_exact-aware-popularity-rank
Rainbow Nail,https://www.amazon.com/s?k=Rainbow+Nail&i=beauty&s=exact-aware-popularity-rank&ref=sr_st_exact-aware-popularity-rank
Glossy Blue,https://www.amazon.com/s?k=Glossy+Blue&i=beauty&s=exact-aware-popularity-rank&ref=sr_st_exact-aware-popularity-rank
UV Desk Lamp,https://www.amazon.com/s?k=UV+Desk+Lamp&i=beauty&s=exact-aware-popularity-rank&ref=sr_st_exact-aware-popularity-rank
Valentine's Nails,https://www.amazon.com/s?k=Valentine's+Nails&i=beauty&s=exact-aware-popularity-rank&ref=sr_st_exact-aware-popularity-rank
Celestial Nails,https://www.amazon.com/s?k=Celestial+Nails&i=beauty&s=exact-aware-popularity-rank&ref=sr_st_exact-aware-popularity-rank
Portable Nail Lamp,https://www.amazon.com/s?k=Portable+Nail+Lamp&i=beauty&s=exact-aware-popularity-rank&ref=sr_st_exact-aware-popularity-rank
Dipping Activator,https://www.amazon.com/s?k=Dipping+Activator&i=beauty&s=exact-aware-popularity-rank&ref=sr_st_exact-aware-popularity-rank
Nail Press-ons,https://www.amazon.com/s?k=Nail+Press-ons&i=beauty&s=exact-aware-popularity-rank&ref=sr_st_exact-aware-popularity-rank
