Keyword,Links
Pony fragrance,https://www.amazon.com/s?k=Pony+fragrance&i=beauty&s=exact-aware-popularity-rank&ref=sr_st_exact-aware-popularity-rank
Madagascar movie,https://www.amazon.com/s?k=Madagascar+movie&i=beauty&s=exact-aware-popularity-rank&ref=sr_st_exact-aware-popularity-rank
Beach perfume,https://www.amazon.com/s?k=Beach+perfume&i=beauty&s=exact-aware-popularity-rank&ref=sr_st_exact-aware-popularity-rank
Women Perfume,https://www.amazon.com/s?k=Women+Perfume&i=beauty&s=exact-aware-popularity-rank&ref=sr_st_exact-aware-popularity-rank
Fragrance Spray,https://www.amazon.com/s?k=Fragrance+Spray&i=beauty&s=exact-aware-popularity-rank&ref=sr_st_exact-aware-popularity-rank
Arabian Velvet,https://www.amazon.com/s?k=Arabian+Velvet&i=beauty&s=exact-aware-popularity-rank&ref=sr_st_exact-aware-popularity-rank
Aoud perfume,https://www.amazon.com/s?k=Aoud+perfume&i=beauty&s=exact-aware-popularity-rank&ref=sr_st_exact-aware-popularity-rank
Violet perfume,https://www.amazon.com/s?k=Violet+perfume&i=beauty&s=exact-aware-popularity-rank&ref=sr_st_exact-aware-popularity-rank
Fresh fragrance,https://www.amazon.com/s?k=Fresh+fragrance&i=beauty&s=exact-aware-popularity-rank&ref=sr_st_exact-aware-popularity-rank
Green fragrance,https://www.amazon.com/s?k=Green+fragrance&i=beauty&s=exact-aware-popularity-rank&ref=sr_st_exact-aware-popularity-rank
Vetiver Cologne,https://www.amazon.com/s?k=Vetiver+Cologne&i=beauty&s=exact-aware-popularity-rank&ref=sr_st_exact-aware-popularity-rank
Extrait Parfum,https://www.amazon.com/s?k=Extrait+Parfum&i=beauty&s=exact-aware-popularity-rank&ref=sr_st_exact-aware-popularity-rank
Odyssey cologne,https://www.amazon.com/s?k=Odyssey+cologne&i=beauty&s=exact-aware-popularity-rank&ref=sr_st_exact-aware-popularity-rank
Eau Parfum,https://www.amazon.com/s?k=Eau+Parfum&i=beauty&s=exact-aware-popularity-rank&ref=sr_st_exact-aware-popularity-rank
Santal perfume,https://www.amazon.com/s?k=Santal+perfume&i=beauty&s=exact-aware-popularity-rank&ref=sr_st_exact-aware-popularity-rank
Good Girl Blush,https://www.amazon.com/s?k=Good+Girl+Blush&i=beauty&s=exact-aware-popularity-rank&ref=sr_st_exact-aware-popularity-rank
Floral fragrance,https://www.amazon.com/s?k=Floral+fragrance&i=beauty&s=exact-aware-popularity-rank&ref=sr_st_exact-aware-popularity-rank
Grouchy fragrance,https://www.amazon.com/s?k=Grouchy+fragrance&i=beauty&s=exact-aware-popularity-rank&ref=sr_st_exact-aware-popularity-rank
Gypsy Water,https://www.amazon.com/s?k=Gypsy+Water&i=beauty&s=exact-aware-popularity-rank&ref=sr_st_exact-aware-popularity-rank
Blossom Perfume,https://www.amazon.com/s?k=Blossom+Perfume&i=beauty&s=exact-aware-popularity-rank&ref=sr_st_exact-aware-popularity-rank
Miracle Perfume,https://www.amazon.com/s?k=Miracle+Perfume&i=beauty&s=exact-aware-popularity-rank&ref=sr_st_exact-aware-popularity-rank
Sweet Honesty,https://www.amazon.com/s?k=Sweet+Honesty&i=beauty&s=exact-aware-popularity-rank&ref=sr_st_exact-aware-popularity-rank
Suede fragrance,https://www.amazon.com/s?k=Suede+fragrance&i=beauty&s=exact-aware-popularity-rank&ref=sr_st_exact-aware-popularity-rank
Ombre Leather,https://www.amazon.com/s?k=Ombre+Leather&i=beauty&s=exact-aware-popularity-rank&ref=sr_st_exact-aware-popularity-rank
Sorbetto Rosso,https://www.amazon.com/s?k=Sorbetto+Rosso&i=beauty&s=exact-aware-popularity-rank&ref=sr_st_exact-aware-popularity-rank
Lilo Stitch,https://www.amazon.com/s?k=Lilo+Stitch&i=beauty&s=exact-aware-popularity-rank&ref=sr_st_exact-aware-popularity-rank
Black Opium,https://www.amazon.com/s?k=Black+Opium&i=beauty&s=exact-aware-popularity-rank&ref=sr_st_exact-aware-popularity-rank
Cashmere perfume,https://www.amazon.com/s?k=Cashmere+perfume&i=beauty&s=exact-aware-popularity-rank&ref=sr_st_exact-aware-popularity-rank
Oud Spray,https://www.amazon.com/s?k=Oud+Spray&i=beauty&s=exact-aware-popularity-rank&ref=sr_st_exact-aware-popularity-rank
Romance perfume,https://www.amazon.com/s?k=Romance+perfume&i=beauty&s=exact-aware-popularity-rank&ref=sr_st_exact-aware-popularity-rank
Perfume Spray,https://www.amazon.com/s?k=Perfume+Spray&i=beauty&s=exact-aware-popularity-rank&ref=sr_st_exact-aware-popularity-rank
Womens Perfume,https://www.amazon.com/s?k=Womens+Perfume&i=beauty&s=exact-aware-popularity-rank&ref=sr_st_exact-aware-popularity-rank
Casual Shirt,https://www.amazon.com/s?k=Casual+Shirt&i=beauty&s=exact-aware-popularity-rank&ref=sr_st_exact-aware-popularity-rank
Instant Crush,https://www.amazon.com/s?k=Instant+Crush&i=beauty&s=exact-aware-popularity-rank&ref=sr_st_exact-aware-popularity-rank
Starry Nights,https://www.amazon.com/s?k=Starry+Nights&i=beauty&s=exact-aware-popularity-rank&ref=sr_st_exact-aware-popularity-rank
EDP Spray,https://www.amazon.com/s?k=EDP+Spray&i=beauty&s=exact-aware-popularity-rank&ref=sr_st_exact-aware-popularity-rank
Perfume Gift,https://www.amazon.com/s?k=Perfume+Gift&i=beauty&s=exact-aware-popularity-rank&ref=sr_st_exact-aware-popularity-rank
Fireside Cologne,https://www.amazon.com/s?k=Fireside+Cologne&i=beauty&s=exact-aware-popularity-rank&ref=sr_st_exact-aware-popularity-rank
Fine Cologne,https://www.amazon.com/s?k=Fine+Cologne&i=beauty&s=exact-aware-popularity-rank&ref=sr_st_exact-aware-popularity-rank
Incanto Bloom,https://www.amazon.com/s?k=Incanto+Bloom&i=beauty&s=exact-aware-popularity-rank&ref=sr_st_exact-aware-popularity-rank
Women's EDT,https://www.amazon.com/s?k=Women's+EDT&i=beauty&s=exact-aware-popularity-rank&ref=sr_st_exact-aware-popularity-rank
Bright Crystal,https://www.amazon.com/s?k=Bright+Crystal&i=beauty&s=exact-aware-popularity-rank&ref=sr_st_exact-aware-popularity-rank
Aroma Set,https://www.amazon.com/s?k=Aroma+Set&i=beauty&s=exact-aware-popularity-rank&ref=sr_st_exact-aware-popularity-rank
Pink Bouquet,https://www.amazon.com/s?k=Pink+Bouquet&i=beauty&s=exact-aware-popularity-rank&ref=sr_st_exact-aware-popularity-rank
Body deodorant,https://www.amazon.com/s?k=Body+deodorant&i=beauty&s=exact-aware-popularity-rank&ref=sr_st_exact-aware-popularity-rank
Hawaiian Mist,https://www.amazon.com/s?k=Hawaiian+Mist&i=beauty&s=exact-aware-popularity-rank&ref=sr_st_exact-aware-popularity-rank
Petale Spray,https://www.amazon.com/s?k=Petale+Spray&i=beauty&s=exact-aware-popularity-rank&ref=sr_st_exact-aware-popularity-rank
women's cologne,https://www.amazon.com/s?k=women's+cologne&i=beauty&s=exact-aware-popularity-rank&ref=sr_st_exact-aware-popularity-rank
Weekend perfume,https://www.amazon.com/s?k=Weekend+perfume&i=beauty&s=exact-aware-popularity-rank&ref=sr_st_exact-aware-popularity-rank
Rose perfume,https://www.amazon.com/s?k=Rose+perfume&i=beauty&s=exact-aware-popularity-rank&ref=sr_st_exact-aware-popularity-rank
