Keyword,Links
Pony fragrance,https://www.ebay.com/sch/i.html?_from=R40&_nkw=Pony+fragrance&_sacat=26395&rt=nc&LH_ItemCondition=3&LH_BIN=1&rt=nc&LH_PrefLoc=1
Madagascar movie,https://www.ebay.com/sch/i.html?_from=R40&_nkw=Madagascar+movie&_sacat=26395&rt=nc&LH_ItemCondition=3&LH_BIN=1&rt=nc&LH_PrefLoc=1
Beach perfume,https://www.ebay.com/sch/i.html?_from=R40&_nkw=Beach+perfume&_sacat=26395&rt=nc&LH_ItemCondition=3&LH_BIN=1&rt=nc&LH_PrefLoc=1
Women Perfume,https://www.ebay.com/sch/i.html?_from=R40&_nkw=Women+Perfume&_sacat=26395&rt=nc&LH_ItemCondition=3&LH_BIN=1&rt=nc&LH_PrefLoc=1
Fragrance Spray,https://www.ebay.com/sch/i.html?_from=R40&_nkw=Fragrance+Spray&_sacat=26395&rt=nc&LH_ItemCondition=3&LH_BIN=1&rt=nc&LH_PrefLoc=1
Arabian Velvet,https://www.ebay.com/sch/i.html?_from=R40&_nkw=Arabian+Velvet&_sacat=26395&rt=nc&LH_ItemCondition=3&LH_BIN=1&rt=nc&LH_PrefLoc=1
Aoud perfume,https://www.ebay.com/sch/i.html?_from=R40&_nkw=Aoud+perfume&_sacat=26395&rt=nc&LH_ItemCondition=3&LH_BIN=1&rt=nc&LH_PrefLoc=1
Violet perfume,https://www.ebay.com/sch/i.html?_from=R40&_nkw=Violet+perfume&_sacat=26395&rt=nc&LH_ItemCondition=3&LH_BIN=1&rt=nc&LH_PrefLoc=1
Fresh fragrance,https://www.ebay.com/sch/i.html?_from=R40&_nkw=Fresh+fragrance&_sacat=26395&rt=nc&LH_ItemCondition=3&LH_BIN=1&rt=nc&LH_PrefLoc=1
Green fragrance,https://www.ebay.com/sch/i.html?_from=R40&_nkw=Green+fragrance&_sacat=26395&rt=nc&LH_ItemCondition=3&LH_BIN=1&rt=nc&LH_PrefLoc=1
Vetiver Cologne,https://www.ebay.com/sch/i.html?_from=R40&_nkw=Vetiver+Cologne&_sacat=26395&rt=nc&LH_ItemCondition=3&LH_BIN=1&rt=nc&LH_PrefLoc=1
Extrait Parfum,https://www.ebay.com/sch/i.html?_from=R40&_nkw=Extrait+Parfum&_sacat=26395&rt=nc&LH_ItemCondition=3&LH_BIN=1&rt=nc&LH_PrefLoc=1
Odyssey cologne,https://www.ebay.com/sch/i.html?_from=R40&_nkw=Odyssey+cologne&_sacat=26395&rt=nc&LH_ItemCondition=3&LH_BIN=1&rt=nc&LH_PrefLoc=1
Eau Parfum,https://www.ebay.com/sch/i.html?_from=R40&_nkw=Eau+Parfum&_sacat=26395&rt=nc&LH_ItemCondition=3&LH_BIN=1&rt=nc&LH_PrefLoc=1
Santal perfume,https://www.ebay.com/sch/i.html?_from=R40&_nkw=Santal+perfume&_sacat=26395&rt=nc&LH_ItemCondition=3&LH_BIN=1&rt=nc&LH_PrefLoc=1
Good Girl Blush,https://www.ebay.com/sch/i.html?_from=R40&_nkw=Good+Girl+Blush&_sacat=26395&rt=nc&LH_ItemCondition=3&LH_BIN=1&rt=nc&LH_PrefLoc=1
Floral fragrance,https://www.ebay.com/sch/i.html?_from=R40&_nkw=Floral+fragrance&_sacat=26395&rt=nc&LH_ItemCondition=3&LH_BIN=1&rt=nc&LH_PrefLoc=1
Grouchy fragrance,https://www.ebay.com/sch/i.html?_from=R40&_nkw=Grouchy+fragrance&_sacat=26395&rt=nc&LH_ItemCondition=3&LH_BIN=1&rt=nc&LH_PrefLoc=1
Gypsy Water,https://www.ebay.com/sch/i.html?_from=R40&_nkw=Gypsy+Water&_sacat=26395&rt=nc&LH_ItemCondition=3&LH_BIN=1&rt=nc&LH_PrefLoc=1
Blossom Perfume,https://www.ebay.com/sch/i.html?_from=R40&_nkw=Blossom+Perfume&_sacat=26395&rt=nc&LH_ItemCondition=3&LH_BIN=1&rt=nc&LH_PrefLoc=1
Miracle Perfume,https://www.ebay.com/sch/i.html?_from=R40&_nkw=Miracle+Perfume&_sacat=26395&rt=nc&LH_ItemCondition=3&LH_BIN=1&rt=nc&LH_PrefLoc=1
Sweet Honesty,https://www.ebay.com/sch/i.html?_from=R40&_nkw=Sweet+Honesty&_sacat=26395&rt=nc&LH_ItemCondition=3&LH_BIN=1&rt=nc&LH_PrefLoc=1
Suede fragrance,https://www.ebay.com/sch/i.html?_from=R40&_nkw=Suede+fragrance&_sacat=26395&rt=nc&LH_ItemCondition=3&LH_BIN=1&rt=nc&LH_PrefLoc=1
Ombre Leather,https://www.ebay.com/sch/i.html?_from=R40&_nkw=Ombre+Leather&_sacat=26395&rt=nc&LH_ItemCondition=3&LH_BIN=1&rt=nc&LH_PrefLoc=1
Sorbetto Rosso,https://www.ebay.com/sch/i.html?_from=R40&_nkw=Sorbetto+Rosso&_sacat=26395&rt=nc&LH_ItemCondition=3&LH_BIN=1&rt=nc&LH_PrefLoc=1
Lilo Stitch,https://www.ebay.com/sch/i.html?_from=R40&_nkw=Lilo+Stitch&_sacat=26395&rt=nc&LH_ItemCondition=3&LH_BIN=1&rt=nc&LH_PrefLoc=1
Black Opium,https://www.ebay.com/sch/i.html?_from=R40&_nkw=Black+Opium&_sacat=26395&rt=nc&LH_ItemCondition=3&LH_BIN=1&rt=nc&LH_PrefLoc=1
Cashmere perfume,https://www.ebay.com/sch/i.html?_from=R40&_nkw=Cashmere+perfume&_sacat=26395&rt=nc&LH_ItemCondition=3&LH_BIN=1&rt=nc&LH_PrefLoc=1
Oud Spray,https://www.ebay.com/sch/i.html?_from=R40&_nkw=Oud+Spray&_sacat=26395&rt=nc&LH_ItemCondition=3&LH_BIN=1&rt=nc&LH_PrefLoc=1
Romance perfume,https://www.ebay.com/sch/i.html?_from=R40&_nkw=Romance+perfume&_sacat=26395&rt=nc&LH_ItemCondition=3&LH_BIN=1&rt=nc&LH_PrefLoc=1
Perfume Spray,https://www.ebay.com/sch/i.html?_from=R40&_nkw=Perfume+Spray&_sacat=26395&rt=nc&LH_ItemCondition=3&LH_BIN=1&rt=nc&LH_PrefLoc=1
Womens Perfume,https://www.ebay.com/sch/i.html?_from=R40&_nkw=Womens+Perfume&_sacat=26395&rt=nc&LH_ItemCondition=3&LH_BIN=1&rt=nc&LH_PrefLoc=1
Casual Shirt,https://www.ebay.com/sch/i.html?_from=R40&_nkw=Casual+Shirt&_sacat=26395&rt=nc&LH_ItemCondition=3&LH_BIN=1&rt=nc&LH_PrefLoc=1
Instant Crush,https://www.ebay.com/sch/i.html?_from=R40&_nkw=Instant+Crush&_sacat=26395&rt=nc&LH_ItemCondition=3&LH_BIN=1&rt=nc&LH_PrefLoc=1
Starry Nights,https://www.ebay.com/sch/i.html?_from=R40&_nkw=Starry+Nights&_sacat=26395&rt=nc&LH_ItemCondition=3&LH_BIN=1&rt=nc&LH_PrefLoc=1
EDP Spray,https://www.ebay.com/sch/i.html?_from=R40&_nkw=EDP+Spray&_sacat=26395&rt=nc&LH_ItemCondition=3&LH_BIN=1&rt=nc&LH_PrefLoc=1
Perfume Gift,https://www.ebay.com/sch/i.html?_from=R40&_nkw=Perfume+Gift&_sacat=26395&rt=nc&LH_ItemCondition=3&LH_BIN=1&rt=nc&LH_PrefLoc=1
Fireside Cologne,https://www.ebay.com/sch/i.html?_from=R40&_nkw=Fireside+Cologne&_sacat=26395&rt=nc&LH_ItemCondition=3&LH_BIN=1&rt=nc&LH_PrefLoc=1
Fine Cologne,https://www.ebay.com/sch/i.html?_from=R40&_nkw=Fine+Cologne&_sacat=26395&rt=nc&LH_ItemCondition=3&LH_BIN=1&rt=nc&LH_PrefLoc=1
Incanto Bloom,https://www.ebay.com/sch/i.html?_from=R40&_nkw=Incanto+Bloom&_sacat=26395&rt=nc&LH_ItemCondition=3&LH_BIN=1&rt=nc&LH_PrefLoc=1
Women's EDT,https://www.ebay.com/sch/i.html?_from=R40&_nkw=Women's+EDT&_sacat=26395&rt=nc&LH_ItemCondition=3&LH_BIN=1&rt=nc&LH_PrefLoc=1
Bright Crystal,https://www.ebay.com/sch/i.html?_from=R40&_nkw=Bright+Crystal&_sacat=26395&rt=nc&LH_ItemCondition=3&LH_BIN=1&rt=nc&LH_PrefLoc=1
Aroma Set,https://www.ebay.com/sch/i.html?_from=R40&_nkw=Aroma+Set&_sacat=26395&rt=nc&LH_ItemCondition=3&LH_BIN=1&rt=nc&LH_PrefLoc=1
Pink Bouquet,https://www.ebay.com/sch/i.html?_from=R40&_nkw=Pink+Bouquet&_sacat=26395&rt=nc&LH_ItemCondition=3&LH_BIN=1&rt=nc&LH_PrefLoc=1
Body deodorant,https://www.ebay.com/sch/i.html?_from=R40&_nkw=Body+deodorant&_sacat=26395&rt=nc&LH_ItemCondition=3&LH_BIN=1&rt=nc&LH_PrefLoc=1
Hawaiian Mist,https://www.ebay.com/sch/i.html?_from=R40&_nkw=Hawaiian+Mist&_sacat=26395&rt=nc&LH_ItemCondition=3&LH_BIN=1&rt=nc&LH_PrefLoc=1
Petale Spray,https://www.ebay.com/sch/i.html?_from=R40&_nkw=Petale+Spray&_sacat=26395&rt=nc&LH_ItemCondition=3&LH_BIN=1&rt=nc&LH_PrefLoc=1
women's cologne,https://www.ebay.com/sch/i.html?_from=R40&_nkw=women's+cologne&_sacat=26395&rt=nc&LH_ItemCondition=3&LH_BIN=1&rt=nc&LH_PrefLoc=1
Weekend perfume,https://www.ebay.com/sch/i.html?_from=R40&_nkw=Weekend+perfume&_sacat=26395&rt=nc&LH_ItemCondition=3&LH_BIN=1&rt=nc&LH_PrefLoc=1
Rose perfume,https://www.ebay.com/sch/i.html?_from=R40&_nkw=Rose+perfume&_sacat=26395&rt=nc&LH_ItemCondition=3&LH_BIN=1&rt=nc&LH_PrefLoc=1
