Keyword,Links
Creatine Powder,https://www.amazon.com/s?k=Creatine+Powder&i=hpc&s=exact-aware-popularity-rank&ref=sr_st_exact-aware-popularity-rank
Kids multivitamins,https://www.amazon.com/s?k=Kids+multivitamins&i=hpc&s=exact-aware-popularity-rank&ref=sr_st_exact-aware-popularity-rank
Kids Zinc,https://www.amazon.com/s?k=Kids+Zinc&i=hpc&s=exact-aware-popularity-rank&ref=sr_st_exact-aware-popularity-rank
Gentle Iron,https://www.amazon.com/s?k=Gentle+Iron&i=hpc&s=exact-aware-popularity-rank&ref=sr_st_exact-aware-popularity-rank
Echinacea Gummies,https://www.amazon.com/s?k=Echinacea+Gummies&i=hpc&s=exact-aware-popularity-rank&ref=sr_st_exact-aware-popularity-rank
Postnatal Multivitamin,https://www.amazon.com/s?k=Postnatal+Multivitamin&i=hpc&s=exact-aware-popularity-rank&ref=sr_st_exact-aware-popularity-rank
Multivitamin Women,https://www.amazon.com/s?k=Multivitamin+Women&i=hpc&s=exact-aware-popularity-rank&ref=sr_st_exact-aware-popularity-rank
Elderberry softgels,https://www.amazon.com/s?k=Elderberry+softgels&i=hpc&s=exact-aware-popularity-rank&ref=sr_st_exact-aware-popularity-rank
Curcumin Extract,https://www.amazon.com/s?k=Curcumin+Extract&i=hpc&s=exact-aware-popularity-rank&ref=sr_st_exact-aware-popularity-rank
Probiotic Tonic,https://www.amazon.com/s?k=Probiotic+Tonic&i=hpc&s=exact-aware-popularity-rank&ref=sr_st_exact-aware-popularity-rank
28 Day Challenge,https://www.amazon.com/s?k=28+Day+Challenge&i=hpc&s=exact-aware-popularity-rank&ref=sr_st_exact-aware-popularity-rank
Tryptophan Supplement,https://www.amazon.com/s?k=Tryptophan+Supplement&i=hpc&s=exact-aware-popularity-rank&ref=sr_st_exact-aware-popularity-rank
Mature Vitamins,https://www.amazon.com/s?k=Mature+Vitamins&i=hpc&s=exact-aware-popularity-rank&ref=sr_st_exact-aware-popularity-rank
Colloidal Silver,https://www.amazon.com/s?k=Colloidal+Silver&i=hpc&s=exact-aware-popularity-rank&ref=sr_st_exact-aware-popularity-rank
Essiac Extract,https://www.amazon.com/s?k=Essiac+Extract&i=hpc&s=exact-aware-popularity-rank&ref=sr_st_exact-aware-popularity-rank
Daily Multivitamin,https://www.amazon.com/s?k=Daily+Multivitamin&i=hpc&s=exact-aware-popularity-rank&ref=sr_st_exact-aware-popularity-rank
Zero Carb Protein,https://www.amazon.com/s?k=Zero+Carb+Protein&i=hpc&s=exact-aware-popularity-rank&ref=sr_st_exact-aware-popularity-rank
CLA supplement,https://www.amazon.com/s?k=CLA+supplement&i=hpc&s=exact-aware-popularity-rank&ref=sr_st_exact-aware-popularity-rank
Pre-Workout,https://www.amazon.com/s?k=Pre-Workout&i=hpc&s=exact-aware-popularity-rank&ref=sr_st_exact-aware-popularity-rank
Children's Multivitamins,https://www.amazon.com/s?k=Children's+Multivitamins&i=hpc&s=exact-aware-popularity-rank&ref=sr_st_exact-aware-popularity-rank
Peppermint Oil,https://www.amazon.com/s?k=Peppermint+Oil&i=hpc&s=exact-aware-popularity-rank&ref=sr_st_exact-aware-popularity-rank
Vitamin B,https://www.amazon.com/s?k=Vitamin+B&i=hpc&s=exact-aware-popularity-rank&ref=sr_st_exact-aware-popularity-rank
Pre Workout,https://www.amazon.com/s?k=Pre+Workout&i=hpc&s=exact-aware-popularity-rank&ref=sr_st_exact-aware-popularity-rank
Glutathione Detox,https://www.amazon.com/s?k=Glutathione+Detox&i=hpc&s=exact-aware-popularity-rank&ref=sr_st_exact-aware-popularity-rank
Fungus Supplement,https://www.amazon.com/s?k=Fungus+Supplement&i=hpc&s=exact-aware-popularity-rank&ref=sr_st_exact-aware-popularity-rank
Chlorophyll Gummies,https://www.amazon.com/s?k=Chlorophyll+Gummies&i=hpc&s=exact-aware-popularity-rank&ref=sr_st_exact-aware-popularity-rank
Kosher Iodine,https://www.amazon.com/s?k=Kosher+Iodine&i=hpc&s=exact-aware-popularity-rank&ref=sr_st_exact-aware-popularity-rank
Cinnamon Protein,https://www.amazon.com/s?k=Cinnamon+Protein&i=hpc&s=exact-aware-popularity-rank&ref=sr_st_exact-aware-popularity-rank
Zinc Copper,https://www.amazon.com/s?k=Zinc+Copper&i=hpc&s=exact-aware-popularity-rank&ref=sr_st_exact-aware-popularity-rank
Hemp Protein,https://www.amazon.com/s?k=Hemp+Protein&i=hpc&s=exact-aware-popularity-rank&ref=sr_st_exact-aware-popularity-rank
Immune Boost,https://www.amazon.com/s?k=Immune+Boost&i=hpc&s=exact-aware-popularity-rank&ref=sr_st_exact-aware-popularity-rank
Gamer Support,https://www.amazon.com/s?k=Gamer+Support&i=hpc&s=exact-aware-popularity-rank&ref=sr_st_exact-aware-popularity-rank
Stress B-Complex,https://www.amazon.com/s?k=Stress+B-Complex&i=hpc&s=exact-aware-popularity-rank&ref=sr_st_exact-aware-popularity-rank
Organic Elderberries,https://www.amazon.com/s?k=Organic+Elderberries&i=hpc&s=exact-aware-popularity-rank&ref=sr_st_exact-aware-popularity-rank
Lactation Support,https://www.amazon.com/s?k=Lactation+Support&i=hpc&s=exact-aware-popularity-rank&ref=sr_st_exact-aware-popularity-rank
Bladderwrack Capsules,https://www.amazon.com/s?k=Bladderwrack+Capsules&i=hpc&s=exact-aware-popularity-rank&ref=sr_st_exact-aware-popularity-rank
Digestive Support,https://www.amazon.com/s?k=Digestive+Support&i=hpc&s=exact-aware-popularity-rank&ref=sr_st_exact-aware-popularity-rank
B-Complex Tablets,https://www.amazon.com/s?k=B-Complex+Tablets&i=hpc&s=exact-aware-popularity-rank&ref=sr_st_exact-aware-popularity-rank
Kids Melatonin,https://www.amazon.com/s?k=Kids+Melatonin&i=hpc&s=exact-aware-popularity-rank&ref=sr_st_exact-aware-popularity-rank
Children's sleep,https://www.amazon.com/s?k=Children's+sleep&i=hpc&s=exact-aware-popularity-rank&ref=sr_st_exact-aware-popularity-rank
Kids Probiotic,https://www.amazon.com/s?k=Kids+Probiotic&i=hpc&s=exact-aware-popularity-rank&ref=sr_st_exact-aware-popularity-rank
Kids' gummies,https://www.amazon.com/s?k=Kids'+gummies&i=hpc&s=exact-aware-popularity-rank&ref=sr_st_exact-aware-popularity-rank
Gummy Multivitamin,https://www.amazon.com/s?k=Gummy+Multivitamin&i=hpc&s=exact-aware-popularity-rank&ref=sr_st_exact-aware-popularity-rank
Iron tablets,https://www.amazon.com/s?k=Iron+tablets&i=hpc&s=exact-aware-popularity-rank&ref=sr_st_exact-aware-popularity-rank
Potassium supplement,https://www.amazon.com/s?k=Potassium+supplement&i=hpc&s=exact-aware-popularity-rank&ref=sr_st_exact-aware-popularity-rank
Iron capsules,https://www.amazon.com/s?k=Iron+capsules&i=hpc&s=exact-aware-popularity-rank&ref=sr_st_exact-aware-popularity-rank
Potassium Caplets,https://www.amazon.com/s?k=Potassium+Caplets&i=hpc&s=exact-aware-popularity-rank&ref=sr_st_exact-aware-popularity-rank
Iron gummies,https://www.amazon.com/s?k=Iron+gummies&i=hpc&s=exact-aware-popularity-rank&ref=sr_st_exact-aware-popularity-rank
Calcium supplements,https://www.amazon.com/s?k=Calcium+supplements&i=hpc&s=exact-aware-popularity-rank&ref=sr_st_exact-aware-popularity-rank
Chromium Supplement,https://www.amazon.com/s?k=Chromium+Supplement&i=hpc&s=exact-aware-popularity-rank&ref=sr_st_exact-aware-popularity-rank
