Keyword,Links
Bee Pollen,https://www.amazon.com/s?k=Bee+Pollen&i=hpc&s=exact-aware-popularity-rank&ref=sr_st_exact-aware-popularity-rank
ACV Capsules,https://www.amazon.com/s?k=ACV+Capsules&i=hpc&s=exact-aware-popularity-rank&ref=sr_st_exact-aware-popularity-rank
Lingzhi Capsules,https://www.amazon.com/s?k=Lingzhi+Capsules&i=hpc&s=exact-aware-popularity-rank&ref=sr_st_exact-aware-popularity-rank
Beet Extract,https://www.amazon.com/s?k=Beet+Extract&i=hpc&s=exact-aware-popularity-rank&ref=sr_st_exact-aware-popularity-rank
Maca Gummies,https://www.amazon.com/s?k=Maca+Gummies&i=hpc&s=exact-aware-popularity-rank&ref=sr_st_exact-aware-popularity-rank
Hawaiian Spirulina,https://www.amazon.com/s?k=Hawaiian+Spirulina&i=hpc&s=exact-aware-popularity-rank&ref=sr_st_exact-aware-popularity-rank
Chlorella Tablets,https://www.amazon.com/s?k=Chlorella+Tablets&i=hpc&s=exact-aware-popularity-rank&ref=sr_st_exact-aware-popularity-rank
Papaya Enzyme,https://www.amazon.com/s?k=Papaya+Enzyme&i=hpc&s=exact-aware-popularity-rank&ref=sr_st_exact-aware-popularity-rank
Cleanse Drink,https://www.amazon.com/s?k=Cleanse+Drink&i=hpc&s=exact-aware-popularity-rank&ref=sr_st_exact-aware-popularity-rank
Wheat Grass,https://www.amazon.com/s?k=Wheat+Grass&i=hpc&s=exact-aware-popularity-rank&ref=sr_st_exact-aware-popularity-rank
Chlorophyll Capsules,https://www.amazon.com/s?k=Chlorophyll+Capsules&i=hpc&s=exact-aware-popularity-rank&ref=sr_st_exact-aware-popularity-rank
Digestion Fiber,https://www.amazon.com/s?k=Digestion+Fiber&i=hpc&s=exact-aware-popularity-rank&ref=sr_st_exact-aware-popularity-rank
Gut superfood,https://www.amazon.com/s?k=Gut+superfood&i=hpc&s=exact-aware-popularity-rank&ref=sr_st_exact-aware-popularity-rank
Superfoods Capsules,https://www.amazon.com/s?k=Superfoods+Capsules&i=hpc&s=exact-aware-popularity-rank&ref=sr_st_exact-aware-popularity-rank
Acai Cleanse,https://www.amazon.com/s?k=Acai+Cleanse&i=hpc&s=exact-aware-popularity-rank&ref=sr_st_exact-aware-popularity-rank
Mullein Drops,https://www.amazon.com/s?k=Mullein+Drops&i=hpc&s=exact-aware-popularity-rank&ref=sr_st_exact-aware-popularity-rank
Organic Bee Pollen,https://www.amazon.com/s?k=Organic+Bee+Pollen&i=hpc&s=exact-aware-popularity-rank&ref=sr_st_exact-aware-popularity-rank
Organic Maca,https://www.amazon.com/s?k=Organic+Maca&i=hpc&s=exact-aware-popularity-rank&ref=sr_st_exact-aware-popularity-rank
Superfood Energy,https://www.amazon.com/s?k=Superfood+Energy&i=hpc&s=exact-aware-popularity-rank&ref=sr_st_exact-aware-popularity-rank
Organic Goji,https://www.amazon.com/s?k=Organic+Goji&i=hpc&s=exact-aware-popularity-rank&ref=sr_st_exact-aware-popularity-rank
Cordyceps Gummies,https://www.amazon.com/s?k=Cordyceps+Gummies&i=hpc&s=exact-aware-popularity-rank&ref=sr_st_exact-aware-popularity-rank
Moringa Superfood,https://www.amazon.com/s?k=Moringa+Superfood&i=hpc&s=exact-aware-popularity-rank&ref=sr_st_exact-aware-popularity-rank
Activated Charcoal,https://www.amazon.com/s?k=Activated+Charcoal&i=hpc&s=exact-aware-popularity-rank&ref=sr_st_exact-aware-popularity-rank
Chlorophyll Chewables,https://www.amazon.com/s?k=Chlorophyll+Chewables&i=hpc&s=exact-aware-popularity-rank&ref=sr_st_exact-aware-popularity-rank
Immune Drink,https://www.amazon.com/s?k=Immune+Drink&i=hpc&s=exact-aware-popularity-rank&ref=sr_st_exact-aware-popularity-rank
Digestive Probiotics,https://www.amazon.com/s?k=Digestive+Probiotics&i=hpc&s=exact-aware-popularity-rank&ref=sr_st_exact-aware-popularity-rank
Mushroom Chews,https://www.amazon.com/s?k=Mushroom+Chews&i=hpc&s=exact-aware-popularity-rank&ref=sr_st_exact-aware-popularity-rank
Charcoal Capsules,https://www.amazon.com/s?k=Charcoal+Capsules&i=hpc&s=exact-aware-popularity-rank&ref=sr_st_exact-aware-popularity-rank
Chlorophyll Liquid,https://www.amazon.com/s?k=Chlorophyll+Liquid&i=hpc&s=exact-aware-popularity-rank&ref=sr_st_exact-aware-popularity-rank
Cacao Goji,https://www.amazon.com/s?k=Cacao+Goji&i=hpc&s=exact-aware-popularity-rank&ref=sr_st_exact-aware-popularity-rank
Energy chews,https://www.amazon.com/s?k=Energy+chews&i=hpc&s=exact-aware-popularity-rank&ref=sr_st_exact-aware-popularity-rank
Spirulina Chlorella,https://www.amazon.com/s?k=Spirulina+Chlorella&i=hpc&s=exact-aware-popularity-rank&ref=sr_st_exact-aware-popularity-rank
Cider Capsules,https://www.amazon.com/s?k=Cider+Capsules&i=hpc&s=exact-aware-popularity-rank&ref=sr_st_exact-aware-popularity-rank
Pre-Workout Energy,https://www.amazon.com/s?k=Pre-Workout+Energy&i=hpc&s=exact-aware-popularity-rank&ref=sr_st_exact-aware-popularity-rank
Vegan Greens,https://www.amazon.com/s?k=Vegan+Greens&i=hpc&s=exact-aware-popularity-rank&ref=sr_st_exact-aware-popularity-rank
Detox Powder,https://www.amazon.com/s?k=Detox+Powder&i=hpc&s=exact-aware-popularity-rank&ref=sr_st_exact-aware-popularity-rank
Acai Supplement,https://www.amazon.com/s?k=Acai+Supplement&i=hpc&s=exact-aware-popularity-rank&ref=sr_st_exact-aware-popularity-rank
Keto Pills,https://www.amazon.com/s?k=Keto+Pills&i=hpc&s=exact-aware-popularity-rank&ref=sr_st_exact-aware-popularity-rank
Greens Antioxidant,https://www.amazon.com/s?k=Greens+Antioxidant&i=hpc&s=exact-aware-popularity-rank&ref=sr_st_exact-aware-popularity-rank
Mushroom Extracts,https://www.amazon.com/s?k=Mushroom+Extracts&i=hpc&s=exact-aware-popularity-rank&ref=sr_st_exact-aware-popularity-rank
Turkesterone Maca,https://www.amazon.com/s?k=Turkesterone+Maca&i=hpc&s=exact-aware-popularity-rank&ref=sr_st_exact-aware-popularity-rank
Cordyceps Extract,https://www.amazon.com/s?k=Cordyceps+Extract&i=hpc&s=exact-aware-popularity-rank&ref=sr_st_exact-aware-popularity-rank
Sea Moss Cleanse,https://www.amazon.com/s?k=Sea+Moss+Cleanse&i=hpc&s=exact-aware-popularity-rank&ref=sr_st_exact-aware-popularity-rank
DNA Protection,https://www.amazon.com/s?k=DNA+Protection&i=hpc&s=exact-aware-popularity-rank&ref=sr_st_exact-aware-popularity-rank
Supergreens Gummies,https://www.amazon.com/s?k=Supergreens+Gummies&i=hpc&s=exact-aware-popularity-rank&ref=sr_st_exact-aware-popularity-rank
Black Maca,https://www.amazon.com/s?k=Black+Maca&i=hpc&s=exact-aware-popularity-rank&ref=sr_st_exact-aware-popularity-rank
Digestive Supplement,https://www.amazon.com/s?k=Digestive+Supplement&i=hpc&s=exact-aware-popularity-rank&ref=sr_st_exact-aware-popularity-rank
Chlorella benefits,https://www.amazon.com/s?k=Chlorella+benefits&i=hpc&s=exact-aware-popularity-rank&ref=sr_st_exact-aware-popularity-rank
Functional Chlorella,https://www.amazon.com/s?k=Functional+Chlorella&i=hpc&s=exact-aware-popularity-rank&ref=sr_st_exact-aware-popularity-rank
Maca Extract,https://www.amazon.com/s?k=Maca+Extract&i=hpc&s=exact-aware-popularity-rank&ref=sr_st_exact-aware-popularity-rank
