Keyword,Links
Glutathione Chewables,https://www.ebay.com/sch/i.html?_from=R40&_nkw=Glutathione+Chewables&_sacat=26395&rt=nc&LH_ItemCondition=3&LH_BIN=1&rt=nc&LH_PrefLoc=1
Silk Amino,https://www.ebay.com/sch/i.html?_from=R40&_nkw=Silk+Amino&_sacat=26395&rt=nc&LH_ItemCondition=3&LH_BIN=1&rt=nc&LH_PrefLoc=1
L-Carnitine Capsules,https://www.ebay.com/sch/i.html?_from=R40&_nkw=L-Carnitine+Capsules&_sacat=26395&rt=nc&LH_ItemCondition=3&LH_BIN=1&rt=nc&LH_PrefLoc=1
L-Ornithine Capsules,https://www.ebay.com/sch/i.html?_from=R40&_nkw=L-Ornithine+Capsules&_sacat=26395&rt=nc&LH_ItemCondition=3&LH_BIN=1&rt=nc&LH_PrefLoc=1
PABA Powder,https://www.ebay.com/sch/i.html?_from=R40&_nkw=PABA+Powder&_sacat=26395&rt=nc&LH_ItemCondition=3&LH_BIN=1&rt=nc&LH_PrefLoc=1
Male Capsules,https://www.ebay.com/sch/i.html?_from=R40&_nkw=Male+Capsules&_sacat=26395&rt=nc&LH_ItemCondition=3&LH_BIN=1&rt=nc&LH_PrefLoc=1
Energized Amino,https://www.ebay.com/sch/i.html?_from=R40&_nkw=Energized+Amino&_sacat=26395&rt=nc&LH_ItemCondition=3&LH_BIN=1&rt=nc&LH_PrefLoc=1
EAA BCAA,https://www.ebay.com/sch/i.html?_from=R40&_nkw=EAA+BCAA&_sacat=26395&rt=nc&LH_ItemCondition=3&LH_BIN=1&rt=nc&LH_PrefLoc=1
Children's Pain,https://www.ebay.com/sch/i.html?_from=R40&_nkw=Children's+Pain&_sacat=26395&rt=nc&LH_ItemCondition=3&LH_BIN=1&rt=nc&LH_PrefLoc=1
Amino Gaba,https://www.ebay.com/sch/i.html?_from=R40&_nkw=Amino+Gaba&_sacat=26395&rt=nc&LH_ItemCondition=3&LH_BIN=1&rt=nc&LH_PrefLoc=1
L-Serine Capsules,https://www.ebay.com/sch/i.html?_from=R40&_nkw=L-Serine+Capsules&_sacat=26395&rt=nc&LH_ItemCondition=3&LH_BIN=1&rt=nc&LH_PrefLoc=1
Energized Aminos,https://www.ebay.com/sch/i.html?_from=R40&_nkw=Energized+Aminos&_sacat=26395&rt=nc&LH_ItemCondition=3&LH_BIN=1&rt=nc&LH_PrefLoc=1
Amino Kick,https://www.ebay.com/sch/i.html?_from=R40&_nkw=Amino+Kick&_sacat=26395&rt=nc&LH_ItemCondition=3&LH_BIN=1&rt=nc&LH_PrefLoc=1
BCAA Fruit Punch,https://www.ebay.com/sch/i.html?_from=R40&_nkw=BCAA+Fruit+Punch&_sacat=26395&rt=nc&LH_ItemCondition=3&LH_BIN=1&rt=nc&LH_PrefLoc=1
Sleep complex,https://www.ebay.com/sch/i.html?_from=R40&_nkw=Sleep+complex&_sacat=26395&rt=nc&LH_ItemCondition=3&LH_BIN=1&rt=nc&LH_PrefLoc=1
BCAA Watermelon,https://www.ebay.com/sch/i.html?_from=R40&_nkw=BCAA+Watermelon&_sacat=26395&rt=nc&LH_ItemCondition=3&LH_BIN=1&rt=nc&LH_PrefLoc=1
Green Apple,https://www.ebay.com/sch/i.html?_from=R40&_nkw=Green+Apple&_sacat=26395&rt=nc&LH_ItemCondition=3&LH_BIN=1&rt=nc&LH_PrefLoc=1
Elemental Formula,https://www.ebay.com/sch/i.html?_from=R40&_nkw=Elemental+Formula&_sacat=26395&rt=nc&LH_ItemCondition=3&LH_BIN=1&rt=nc&LH_PrefLoc=1
L-Carnitine Powder,https://www.ebay.com/sch/i.html?_from=R40&_nkw=L-Carnitine+Powder&_sacat=26395&rt=nc&LH_ItemCondition=3&LH_BIN=1&rt=nc&LH_PrefLoc=1
L Arginine,https://www.ebay.com/sch/i.html?_from=R40&_nkw=L+Arginine&_sacat=26395&rt=nc&LH_ItemCondition=3&LH_BIN=1&rt=nc&LH_PrefLoc=1
Coconut Lime,https://www.ebay.com/sch/i.html?_from=R40&_nkw=Coconut+Lime&_sacat=26395&rt=nc&LH_ItemCondition=3&LH_BIN=1&rt=nc&LH_PrefLoc=1
L-Proline Supplement,https://www.ebay.com/sch/i.html?_from=R40&_nkw=L-Proline+Supplement&_sacat=26395&rt=nc&LH_ItemCondition=3&LH_BIN=1&rt=nc&LH_PrefLoc=1
Trimethylglycine supplement,https://www.ebay.com/sch/i.html?_from=R40&_nkw=Trimethylglycine+supplement&_sacat=26395&rt=nc&LH_ItemCondition=3&LH_BIN=1&rt=nc&LH_PrefLoc=1
Protein Isolate,https://www.ebay.com/sch/i.html?_from=R40&_nkw=Protein+Isolate&_sacat=26395&rt=nc&LH_ItemCondition=3&LH_BIN=1&rt=nc&LH_PrefLoc=1
BCAA Pills,https://www.ebay.com/sch/i.html?_from=R40&_nkw=BCAA+Pills&_sacat=26395&rt=nc&LH_ItemCondition=3&LH_BIN=1&rt=nc&LH_PrefLoc=1
Serotonin Support,https://www.ebay.com/sch/i.html?_from=R40&_nkw=Serotonin+Support&_sacat=26395&rt=nc&LH_ItemCondition=3&LH_BIN=1&rt=nc&LH_PrefLoc=1
Nutritional Yeast,https://www.ebay.com/sch/i.html?_from=R40&_nkw=Nutritional+Yeast&_sacat=26395&rt=nc&LH_ItemCondition=3&LH_BIN=1&rt=nc&LH_PrefLoc=1
Collagen Water,https://www.ebay.com/sch/i.html?_from=R40&_nkw=Collagen+Water&_sacat=26395&rt=nc&LH_ItemCondition=3&LH_BIN=1&rt=nc&LH_PrefLoc=1
Acetaminophen Tablets,https://www.ebay.com/sch/i.html?_from=R40&_nkw=Acetaminophen+Tablets&_sacat=26395&rt=nc&LH_ItemCondition=3&LH_BIN=1&rt=nc&LH_PrefLoc=1
L-Lysine 1000mg,https://www.ebay.com/sch/i.html?_from=R40&_nkw=L-Lysine+1000mg&_sacat=26395&rt=nc&LH_ItemCondition=3&LH_BIN=1&rt=nc&LH_PrefLoc=1
L-Carnitine Amino,https://www.ebay.com/sch/i.html?_from=R40&_nkw=L-Carnitine+Amino&_sacat=26395&rt=nc&LH_ItemCondition=3&LH_BIN=1&rt=nc&LH_PrefLoc=1
Acetaminophen Gelcaps,https://www.ebay.com/sch/i.html?_from=R40&_nkw=Acetaminophen+Gelcaps&_sacat=26395&rt=nc&LH_ItemCondition=3&LH_BIN=1&rt=nc&LH_PrefLoc=1
Carnosine supplement,https://www.ebay.com/sch/i.html?_from=R40&_nkw=Carnosine+supplement&_sacat=26395&rt=nc&LH_ItemCondition=3&LH_BIN=1&rt=nc&LH_PrefLoc=1
Amino Booster,https://www.ebay.com/sch/i.html?_from=R40&_nkw=Amino+Booster&_sacat=26395&rt=nc&LH_ItemCondition=3&LH_BIN=1&rt=nc&LH_PrefLoc=1
Organic minerals,https://www.ebay.com/sch/i.html?_from=R40&_nkw=Organic+minerals&_sacat=26395&rt=nc&LH_ItemCondition=3&LH_BIN=1&rt=nc&LH_PrefLoc=1
Creatine Serum,https://www.ebay.com/sch/i.html?_from=R40&_nkw=Creatine+Serum&_sacat=26395&rt=nc&LH_ItemCondition=3&LH_BIN=1&rt=nc&LH_PrefLoc=1
L Citrulline,https://www.ebay.com/sch/i.html?_from=R40&_nkw=L+Citrulline&_sacat=26395&rt=nc&LH_ItemCondition=3&LH_BIN=1&rt=nc&LH_PrefLoc=1
Essential Aminos,https://www.ebay.com/sch/i.html?_from=R40&_nkw=Essential+Aminos&_sacat=26395&rt=nc&LH_ItemCondition=3&LH_BIN=1&rt=nc&LH_PrefLoc=1
Amino Boost,https://www.ebay.com/sch/i.html?_from=R40&_nkw=Amino+Boost&_sacat=26395&rt=nc&LH_ItemCondition=3&LH_BIN=1&rt=nc&LH_PrefLoc=1
Bird multivitamin,https://www.ebay.com/sch/i.html?_from=R40&_nkw=Bird+multivitamin&_sacat=26395&rt=nc&LH_ItemCondition=3&LH_BIN=1&rt=nc&LH_PrefLoc=1
BCAA Grape,https://www.ebay.com/sch/i.html?_from=R40&_nkw=BCAA+Grape&_sacat=26395&rt=nc&LH_ItemCondition=3&LH_BIN=1&rt=nc&LH_PrefLoc=1
Vitality Support,https://www.ebay.com/sch/i.html?_from=R40&_nkw=Vitality+Support&_sacat=26395&rt=nc&LH_ItemCondition=3&LH_BIN=1&rt=nc&LH_PrefLoc=1
Vegan Capsules,https://www.ebay.com/sch/i.html?_from=R40&_nkw=Vegan+Capsules&_sacat=26395&rt=nc&LH_ItemCondition=3&LH_BIN=1&rt=nc&LH_PrefLoc=1
Antioxidant Supplement,https://www.ebay.com/sch/i.html?_from=R40&_nkw=Antioxidant+Supplement&_sacat=26395&rt=nc&LH_ItemCondition=3&LH_BIN=1&rt=nc&LH_PrefLoc=1
Cold flu,https://www.ebay.com/sch/i.html?_from=R40&_nkw=Cold+flu&_sacat=26395&rt=nc&LH_ItemCondition=3&LH_BIN=1&rt=nc&LH_PrefLoc=1
Amino Taurine,https://www.ebay.com/sch/i.html?_from=R40&_nkw=Amino+Taurine&_sacat=26395&rt=nc&LH_ItemCondition=3&LH_BIN=1&rt=nc&LH_PrefLoc=1
L-Valine Powder,https://www.ebay.com/sch/i.html?_from=R40&_nkw=L-Valine+Powder&_sacat=26395&rt=nc&LH_ItemCondition=3&LH_BIN=1&rt=nc&LH_PrefLoc=1
Vegan Aminos,https://www.ebay.com/sch/i.html?_from=R40&_nkw=Vegan+Aminos&_sacat=26395&rt=nc&LH_ItemCondition=3&LH_BIN=1&rt=nc&LH_PrefLoc=1
Liposomal Glycine,https://www.ebay.com/sch/i.html?_from=R40&_nkw=Liposomal+Glycine&_sacat=26395&rt=nc&LH_ItemCondition=3&LH_BIN=1&rt=nc&LH_PrefLoc=1
Amino Decanate,https://www.ebay.com/sch/i.html?_from=R40&_nkw=Amino+Decanate&_sacat=26395&rt=nc&LH_ItemCondition=3&LH_BIN=1&rt=nc&LH_PrefLoc=1
