Keyword,Links
Mass Builder,https://www.ebay.com/sch/i.html?_from=R40&_nkw=Mass+Builder&_sacat=26395&rt=nc&LH_ItemCondition=3&LH_BIN=1&rt=nc&LH_PrefLoc=1
Muscle Gainer,https://www.ebay.com/sch/i.html?_from=R40&_nkw=Muscle+Gainer&_sacat=26395&rt=nc&LH_ItemCondition=3&LH_BIN=1&rt=nc&LH_PrefLoc=1
Sustained Release,https://www.ebay.com/sch/i.html?_from=R40&_nkw=Sustained+Release&_sacat=26395&rt=nc&LH_ItemCondition=3&LH_BIN=1&rt=nc&LH_PrefLoc=1
Appetite Stimulant,https://www.ebay.com/sch/i.html?_from=R40&_nkw=Appetite+Stimulant&_sacat=26395&rt=nc&LH_ItemCondition=3&LH_BIN=1&rt=nc&LH_PrefLoc=1
Strawberry Protein,https://www.ebay.com/sch/i.html?_from=R40&_nkw=Strawberry+Protein&_sacat=26395&rt=nc&LH_ItemCondition=3&LH_BIN=1&rt=nc&LH_PrefLoc=1
Protein gainer,https://www.ebay.com/sch/i.html?_from=R40&_nkw=Protein+gainer&_sacat=26395&rt=nc&LH_ItemCondition=3&LH_BIN=1&rt=nc&LH_PrefLoc=1
Organic meal,https://www.ebay.com/sch/i.html?_from=R40&_nkw=Organic+meal&_sacat=26395&rt=nc&LH_ItemCondition=3&LH_BIN=1&rt=nc&LH_PrefLoc=1
Vegan Meal Replacement,https://www.ebay.com/sch/i.html?_from=R40&_nkw=Vegan+Meal+Replacement&_sacat=26395&rt=nc&LH_ItemCondition=3&LH_BIN=1&rt=nc&LH_PrefLoc=1
Protein tablets,https://www.ebay.com/sch/i.html?_from=R40&_nkw=Protein+tablets&_sacat=26395&rt=nc&LH_ItemCondition=3&LH_BIN=1&rt=nc&LH_PrefLoc=1
Soy Protein,https://www.ebay.com/sch/i.html?_from=R40&_nkw=Soy+Protein&_sacat=26395&rt=nc&LH_ItemCondition=3&LH_BIN=1&rt=nc&LH_PrefLoc=1
Lean Protein,https://www.ebay.com/sch/i.html?_from=R40&_nkw=Lean+Protein&_sacat=26395&rt=nc&LH_ItemCondition=3&LH_BIN=1&rt=nc&LH_PrefLoc=1
Birthday Cake,https://www.ebay.com/sch/i.html?_from=R40&_nkw=Birthday+Cake&_sacat=26395&rt=nc&LH_ItemCondition=3&LH_BIN=1&rt=nc&LH_PrefLoc=1
Protein electrolytes,https://www.ebay.com/sch/i.html?_from=R40&_nkw=Protein+electrolytes&_sacat=26395&rt=nc&LH_ItemCondition=3&LH_BIN=1&rt=nc&LH_PrefLoc=1
Organic Pea Protein,https://www.ebay.com/sch/i.html?_from=R40&_nkw=Organic+Pea+Protein&_sacat=26395&rt=nc&LH_ItemCondition=3&LH_BIN=1&rt=nc&LH_PrefLoc=1
Diet Protein,https://www.ebay.com/sch/i.html?_from=R40&_nkw=Diet+Protein&_sacat=26395&rt=nc&LH_ItemCondition=3&LH_BIN=1&rt=nc&LH_PrefLoc=1
Boba Protein,https://www.ebay.com/sch/i.html?_from=R40&_nkw=Boba+Protein&_sacat=26395&rt=nc&LH_ItemCondition=3&LH_BIN=1&rt=nc&LH_PrefLoc=1
Pre-Workout Energizer,https://www.ebay.com/sch/i.html?_from=R40&_nkw=Pre-Workout+Energizer&_sacat=26395&rt=nc&LH_ItemCondition=3&LH_BIN=1&rt=nc&LH_PrefLoc=1
Beef Gelatin,https://www.ebay.com/sch/i.html?_from=R40&_nkw=Beef+Gelatin&_sacat=26395&rt=nc&LH_ItemCondition=3&LH_BIN=1&rt=nc&LH_PrefLoc=1
Organic Whey,https://www.ebay.com/sch/i.html?_from=R40&_nkw=Organic+Whey&_sacat=26395&rt=nc&LH_ItemCondition=3&LH_BIN=1&rt=nc&LH_PrefLoc=1
Natural gainer,https://www.ebay.com/sch/i.html?_from=R40&_nkw=Natural+gainer&_sacat=26395&rt=nc&LH_ItemCondition=3&LH_BIN=1&rt=nc&LH_PrefLoc=1
Oatmilk Protein,https://www.ebay.com/sch/i.html?_from=R40&_nkw=Oatmilk+Protein&_sacat=26395&rt=nc&LH_ItemCondition=3&LH_BIN=1&rt=nc&LH_PrefLoc=1
Protein greens,https://www.ebay.com/sch/i.html?_from=R40&_nkw=Protein+greens&_sacat=26395&rt=nc&LH_ItemCondition=3&LH_BIN=1&rt=nc&LH_PrefLoc=1
Vegan Weight Gainer,https://www.ebay.com/sch/i.html?_from=R40&_nkw=Vegan+Weight+Gainer&_sacat=26395&rt=nc&LH_ItemCondition=3&LH_BIN=1&rt=nc&LH_PrefLoc=1
Keto Protein,https://www.ebay.com/sch/i.html?_from=R40&_nkw=Keto+Protein&_sacat=26395&rt=nc&LH_ItemCondition=3&LH_BIN=1&rt=nc&LH_PrefLoc=1
Seed Protein,https://www.ebay.com/sch/i.html?_from=R40&_nkw=Seed+Protein&_sacat=26395&rt=nc&LH_ItemCondition=3&LH_BIN=1&rt=nc&LH_PrefLoc=1
Protein puffs,https://www.ebay.com/sch/i.html?_from=R40&_nkw=Protein+puffs&_sacat=26395&rt=nc&LH_ItemCondition=3&LH_BIN=1&rt=nc&LH_PrefLoc=1
Plant-Based Gainer,https://www.ebay.com/sch/i.html?_from=R40&_nkw=Plant-Based+Gainer&_sacat=26395&rt=nc&LH_ItemCondition=3&LH_BIN=1&rt=nc&LH_PrefLoc=1
Pre-Workout Powder,https://www.ebay.com/sch/i.html?_from=R40&_nkw=Pre-Workout+Powder&_sacat=26395&rt=nc&LH_ItemCondition=3&LH_BIN=1&rt=nc&LH_PrefLoc=1
Lean Gainer,https://www.ebay.com/sch/i.html?_from=R40&_nkw=Lean+Gainer&_sacat=26395&rt=nc&LH_ItemCondition=3&LH_BIN=1&rt=nc&LH_PrefLoc=1
Extreme mass,https://www.ebay.com/sch/i.html?_from=R40&_nkw=Extreme+mass&_sacat=26395&rt=nc&LH_ItemCondition=3&LH_BIN=1&rt=nc&LH_PrefLoc=1
Creatine Monohydrate,https://www.ebay.com/sch/i.html?_from=R40&_nkw=Creatine+Monohydrate&_sacat=26395&rt=nc&LH_ItemCondition=3&LH_BIN=1&rt=nc&LH_PrefLoc=1
Peanut Protein,https://www.ebay.com/sch/i.html?_from=R40&_nkw=Peanut+Protein&_sacat=26395&rt=nc&LH_ItemCondition=3&LH_BIN=1&rt=nc&LH_PrefLoc=1
Protein collagen,https://www.ebay.com/sch/i.html?_from=R40&_nkw=Protein+collagen&_sacat=26395&rt=nc&LH_ItemCondition=3&LH_BIN=1&rt=nc&LH_PrefLoc=1
Non-Dairy Protein,https://www.ebay.com/sch/i.html?_from=R40&_nkw=Non-Dairy+Protein&_sacat=26395&rt=nc&LH_ItemCondition=3&LH_BIN=1&rt=nc&LH_PrefLoc=1
Beard Supplement,https://www.ebay.com/sch/i.html?_from=R40&_nkw=Beard+Supplement&_sacat=26395&rt=nc&LH_ItemCondition=3&LH_BIN=1&rt=nc&LH_PrefLoc=1
French Vanilla,https://www.ebay.com/sch/i.html?_from=R40&_nkw=French+Vanilla&_sacat=26395&rt=nc&LH_ItemCondition=3&LH_BIN=1&rt=nc&LH_PrefLoc=1
Prebiotic Gummies,https://www.ebay.com/sch/i.html?_from=R40&_nkw=Prebiotic+Gummies&_sacat=26395&rt=nc&LH_ItemCondition=3&LH_BIN=1&rt=nc&LH_PrefLoc=1
Micellar Casein,https://www.ebay.com/sch/i.html?_from=R40&_nkw=Micellar+Casein&_sacat=26395&rt=nc&LH_ItemCondition=3&LH_BIN=1&rt=nc&LH_PrefLoc=1
Brown Rice Protein,https://www.ebay.com/sch/i.html?_from=R40&_nkw=Brown+Rice+Protein&_sacat=26395&rt=nc&LH_ItemCondition=3&LH_BIN=1&rt=nc&LH_PrefLoc=1
Pregnancy Protein,https://www.ebay.com/sch/i.html?_from=R40&_nkw=Pregnancy+Protein&_sacat=26395&rt=nc&LH_ItemCondition=3&LH_BIN=1&rt=nc&LH_PrefLoc=1
Keto Shake,https://www.ebay.com/sch/i.html?_from=R40&_nkw=Keto+Shake&_sacat=26395&rt=nc&LH_ItemCondition=3&LH_BIN=1&rt=nc&LH_PrefLoc=1
Egg Protein,https://www.ebay.com/sch/i.html?_from=R40&_nkw=Egg+Protein&_sacat=26395&rt=nc&LH_ItemCondition=3&LH_BIN=1&rt=nc&LH_PrefLoc=1
Pegan Protein,https://www.ebay.com/sch/i.html?_from=R40&_nkw=Pegan+Protein&_sacat=26395&rt=nc&LH_ItemCondition=3&LH_BIN=1&rt=nc&LH_PrefLoc=1
Sport Protein,https://www.ebay.com/sch/i.html?_from=R40&_nkw=Sport+Protein&_sacat=26395&rt=nc&LH_ItemCondition=3&LH_BIN=1&rt=nc&LH_PrefLoc=1
Protein Cereal,https://www.ebay.com/sch/i.html?_from=R40&_nkw=Protein+Cereal&_sacat=26395&rt=nc&LH_ItemCondition=3&LH_BIN=1&rt=nc&LH_PrefLoc=1
Sugar Free,https://www.ebay.com/sch/i.html?_from=R40&_nkw=Sugar+Free&_sacat=26395&rt=nc&LH_ItemCondition=3&LH_BIN=1&rt=nc&LH_PrefLoc=1
Keto Electrolytes,https://www.ebay.com/sch/i.html?_from=R40&_nkw=Keto+Electrolytes&_sacat=26395&rt=nc&LH_ItemCondition=3&LH_BIN=1&rt=nc&LH_PrefLoc=1
Growth Shake,https://www.ebay.com/sch/i.html?_from=R40&_nkw=Growth+Shake&_sacat=26395&rt=nc&LH_ItemCondition=3&LH_BIN=1&rt=nc&LH_PrefLoc=1
Beef Protein,https://www.ebay.com/sch/i.html?_from=R40&_nkw=Beef+Protein&_sacat=26395&rt=nc&LH_ItemCondition=3&LH_BIN=1&rt=nc&LH_PrefLoc=1
Egg White Protein,https://www.ebay.com/sch/i.html?_from=R40&_nkw=Egg+White+Protein&_sacat=26395&rt=nc&LH_ItemCondition=3&LH_BIN=1&rt=nc&LH_PrefLoc=1
