Keyword,Links
Pore Mask,https://www.ebay.com/sch/i.html?_from=R40&_nkw=Pore+Mask&_sacat=26395&rt=nc&LH_ItemCondition=3&LH_BIN=1&rt=nc&LH_PrefLoc=1
Overnight Lip Mask,https://www.ebay.com/sch/i.html?_from=R40&_nkw=Overnight+Lip+Mask&_sacat=26395&rt=nc&LH_ItemCondition=3&LH_BIN=1&rt=nc&LH_PrefLoc=1
Hydrating Balm,https://www.ebay.com/sch/i.html?_from=R40&_nkw=Hydrating+Balm&_sacat=26395&rt=nc&LH_ItemCondition=3&LH_BIN=1&rt=nc&LH_PrefLoc=1
Hypersensitive Skin,https://www.ebay.com/sch/i.html?_from=R40&_nkw=Hypersensitive+Skin&_sacat=26395&rt=nc&LH_ItemCondition=3&LH_BIN=1&rt=nc&LH_PrefLoc=1
Eye Mask,https://www.ebay.com/sch/i.html?_from=R40&_nkw=Eye+Mask&_sacat=26395&rt=nc&LH_ItemCondition=3&LH_BIN=1&rt=nc&LH_PrefLoc=1
Skin therapy,https://www.ebay.com/sch/i.html?_from=R40&_nkw=Skin+therapy&_sacat=26395&rt=nc&LH_ItemCondition=3&LH_BIN=1&rt=nc&LH_PrefLoc=1
Eye balm,https://www.ebay.com/sch/i.html?_from=R40&_nkw=Eye+balm&_sacat=26395&rt=nc&LH_ItemCondition=3&LH_BIN=1&rt=nc&LH_PrefLoc=1
Face mask,https://www.ebay.com/sch/i.html?_from=R40&_nkw=Face+mask&_sacat=26395&rt=nc&LH_ItemCondition=3&LH_BIN=1&rt=nc&LH_PrefLoc=1
Lip serum,https://www.ebay.com/sch/i.html?_from=R40&_nkw=Lip+serum&_sacat=26395&rt=nc&LH_ItemCondition=3&LH_BIN=1&rt=nc&LH_PrefLoc=1
Vitamin C Retinol,https://www.ebay.com/sch/i.html?_from=R40&_nkw=Vitamin+C+Retinol&_sacat=26395&rt=nc&LH_ItemCondition=3&LH_BIN=1&rt=nc&LH_PrefLoc=1
Sleep Mask,https://www.ebay.com/sch/i.html?_from=R40&_nkw=Sleep+Mask&_sacat=26395&rt=nc&LH_ItemCondition=3&LH_BIN=1&rt=nc&LH_PrefLoc=1
Acne Cream,https://www.ebay.com/sch/i.html?_from=R40&_nkw=Acne+Cream&_sacat=26395&rt=nc&LH_ItemCondition=3&LH_BIN=1&rt=nc&LH_PrefLoc=1
Detox Mask,https://www.ebay.com/sch/i.html?_from=R40&_nkw=Detox+Mask&_sacat=26395&rt=nc&LH_ItemCondition=3&LH_BIN=1&rt=nc&LH_PrefLoc=1
Facial serum,https://www.ebay.com/sch/i.html?_from=R40&_nkw=Facial+serum&_sacat=26395&rt=nc&LH_ItemCondition=3&LH_BIN=1&rt=nc&LH_PrefLoc=1
Hydrating Essence,https://www.ebay.com/sch/i.html?_from=R40&_nkw=Hydrating+Essence&_sacat=26395&rt=nc&LH_ItemCondition=3&LH_BIN=1&rt=nc&LH_PrefLoc=1
Cleansing Capsules,https://www.ebay.com/sch/i.html?_from=R40&_nkw=Cleansing+Capsules&_sacat=26395&rt=nc&LH_ItemCondition=3&LH_BIN=1&rt=nc&LH_PrefLoc=1
Overnight Moisturizer,https://www.ebay.com/sch/i.html?_from=R40&_nkw=Overnight+Moisturizer&_sacat=26395&rt=nc&LH_ItemCondition=3&LH_BIN=1&rt=nc&LH_PrefLoc=1
Detox Cleanser,https://www.ebay.com/sch/i.html?_from=R40&_nkw=Detox+Cleanser&_sacat=26395&rt=nc&LH_ItemCondition=3&LH_BIN=1&rt=nc&LH_PrefLoc=1
Acne Exfoliant,https://www.ebay.com/sch/i.html?_from=R40&_nkw=Acne+Exfoliant&_sacat=26395&rt=nc&LH_ItemCondition=3&LH_BIN=1&rt=nc&LH_PrefLoc=1
Coconut Mask,https://www.ebay.com/sch/i.html?_from=R40&_nkw=Coconut+Mask&_sacat=26395&rt=nc&LH_ItemCondition=3&LH_BIN=1&rt=nc&LH_PrefLoc=1
Birthday Cake Balm,https://www.ebay.com/sch/i.html?_from=R40&_nkw=Birthday+Cake+Balm&_sacat=26395&rt=nc&LH_ItemCondition=3&LH_BIN=1&rt=nc&LH_PrefLoc=1
Vitamin C,https://www.ebay.com/sch/i.html?_from=R40&_nkw=Vitamin+C&_sacat=26395&rt=nc&LH_ItemCondition=3&LH_BIN=1&rt=nc&LH_PrefLoc=1
Eye patches,https://www.ebay.com/sch/i.html?_from=R40&_nkw=Eye+patches&_sacat=26395&rt=nc&LH_ItemCondition=3&LH_BIN=1&rt=nc&LH_PrefLoc=1
Firming Serum,https://www.ebay.com/sch/i.html?_from=R40&_nkw=Firming+Serum&_sacat=26395&rt=nc&LH_ItemCondition=3&LH_BIN=1&rt=nc&LH_PrefLoc=1
Cleansing Oil,https://www.ebay.com/sch/i.html?_from=R40&_nkw=Cleansing+Oil&_sacat=26395&rt=nc&LH_ItemCondition=3&LH_BIN=1&rt=nc&LH_PrefLoc=1
Radiance Essence,https://www.ebay.com/sch/i.html?_from=R40&_nkw=Radiance+Essence&_sacat=26395&rt=nc&LH_ItemCondition=3&LH_BIN=1&rt=nc&LH_PrefLoc=1
Eye masks,https://www.ebay.com/sch/i.html?_from=R40&_nkw=Eye+masks&_sacat=26395&rt=nc&LH_ItemCondition=3&LH_BIN=1&rt=nc&LH_PrefLoc=1
Oil Free Moisturizer,https://www.ebay.com/sch/i.html?_from=R40&_nkw=Oil+Free+Moisturizer&_sacat=26395&rt=nc&LH_ItemCondition=3&LH_BIN=1&rt=nc&LH_PrefLoc=1
Rose mask,https://www.ebay.com/sch/i.html?_from=R40&_nkw=Rose+mask&_sacat=26395&rt=nc&LH_ItemCondition=3&LH_BIN=1&rt=nc&LH_PrefLoc=1
Rehydration Mask,https://www.ebay.com/sch/i.html?_from=R40&_nkw=Rehydration+Mask&_sacat=26395&rt=nc&LH_ItemCondition=3&LH_BIN=1&rt=nc&LH_PrefLoc=1
Good Skin,https://www.ebay.com/sch/i.html?_from=R40&_nkw=Good+Skin&_sacat=26395&rt=nc&LH_ItemCondition=3&LH_BIN=1&rt=nc&LH_PrefLoc=1
Gua Sha,https://www.ebay.com/sch/i.html?_from=R40&_nkw=Gua+Sha&_sacat=26395&rt=nc&LH_ItemCondition=3&LH_BIN=1&rt=nc&LH_PrefLoc=1
Floral Mask,https://www.ebay.com/sch/i.html?_from=R40&_nkw=Floral+Mask&_sacat=26395&rt=nc&LH_ItemCondition=3&LH_BIN=1&rt=nc&LH_PrefLoc=1
Snail Eye Cream,https://www.ebay.com/sch/i.html?_from=R40&_nkw=Snail+Eye+Cream&_sacat=26395&rt=nc&LH_ItemCondition=3&LH_BIN=1&rt=nc&LH_PrefLoc=1
Eye care,https://www.ebay.com/sch/i.html?_from=R40&_nkw=Eye+care&_sacat=26395&rt=nc&LH_ItemCondition=3&LH_BIN=1&rt=nc&LH_PrefLoc=1
Deep Crease,https://www.ebay.com/sch/i.html?_from=R40&_nkw=Deep+Crease&_sacat=26395&rt=nc&LH_ItemCondition=3&LH_BIN=1&rt=nc&LH_PrefLoc=1
Regeneration Booster,https://www.ebay.com/sch/i.html?_from=R40&_nkw=Regeneration+Booster&_sacat=26395&rt=nc&LH_ItemCondition=3&LH_BIN=1&rt=nc&LH_PrefLoc=1
Scar gel,https://www.ebay.com/sch/i.html?_from=R40&_nkw=Scar+gel&_sacat=26395&rt=nc&LH_ItemCondition=3&LH_BIN=1&rt=nc&LH_PrefLoc=1
Hyaluronic Cream,https://www.ebay.com/sch/i.html?_from=R40&_nkw=Hyaluronic+Cream&_sacat=26395&rt=nc&LH_ItemCondition=3&LH_BIN=1&rt=nc&LH_PrefLoc=1
Anti-aging eye cream,https://www.ebay.com/sch/i.html?_from=R40&_nkw=Anti-aging+eye+cream&_sacat=26395&rt=nc&LH_ItemCondition=3&LH_BIN=1&rt=nc&LH_PrefLoc=1
Snail Mask,https://www.ebay.com/sch/i.html?_from=R40&_nkw=Snail+Mask&_sacat=26395&rt=nc&LH_ItemCondition=3&LH_BIN=1&rt=nc&LH_PrefLoc=1
Cleanser Biotic,https://www.ebay.com/sch/i.html?_from=R40&_nkw=Cleanser+Biotic&_sacat=26395&rt=nc&LH_ItemCondition=3&LH_BIN=1&rt=nc&LH_PrefLoc=1
Probiotic Mask,https://www.ebay.com/sch/i.html?_from=R40&_nkw=Probiotic+Mask&_sacat=26395&rt=nc&LH_ItemCondition=3&LH_BIN=1&rt=nc&LH_PrefLoc=1
Gold Face Mask,https://www.ebay.com/sch/i.html?_from=R40&_nkw=Gold+Face+Mask&_sacat=26395&rt=nc&LH_ItemCondition=3&LH_BIN=1&rt=nc&LH_PrefLoc=1
Revitalizing Serum,https://www.ebay.com/sch/i.html?_from=R40&_nkw=Revitalizing+Serum&_sacat=26395&rt=nc&LH_ItemCondition=3&LH_BIN=1&rt=nc&LH_PrefLoc=1
Lip therapy,https://www.ebay.com/sch/i.html?_from=R40&_nkw=Lip+therapy&_sacat=26395&rt=nc&LH_ItemCondition=3&LH_BIN=1&rt=nc&LH_PrefLoc=1
Blemish Serum,https://www.ebay.com/sch/i.html?_from=R40&_nkw=Blemish+Serum&_sacat=26395&rt=nc&LH_ItemCondition=3&LH_BIN=1&rt=nc&LH_PrefLoc=1
Gold Eye Mask,https://www.ebay.com/sch/i.html?_from=R40&_nkw=Gold+Eye+Mask&_sacat=26395&rt=nc&LH_ItemCondition=3&LH_BIN=1&rt=nc&LH_PrefLoc=1
Foaming Wash,https://www.ebay.com/sch/i.html?_from=R40&_nkw=Foaming+Wash&_sacat=26395&rt=nc&LH_ItemCondition=3&LH_BIN=1&rt=nc&LH_PrefLoc=1
Sleeping mask,https://www.ebay.com/sch/i.html?_from=R40&_nkw=Sleeping+mask&_sacat=26395&rt=nc&LH_ItemCondition=3&LH_BIN=1&rt=nc&LH_PrefLoc=1
