Keyword,Links
Anti-Fungal Shampoo,https://www.amazon.com/s?k=Anti-Fungal+Shampoo&i=beauty&s=exact-aware-popularity-rank&ref=sr_st_exact-aware-popularity-rank
Shine Mist,https://www.amazon.com/s?k=Shine+Mist&i=beauty&s=exact-aware-popularity-rank&ref=sr_st_exact-aware-popularity-rank
Moisture Refresher,https://www.amazon.com/s?k=Moisture+Refresher&i=beauty&s=exact-aware-popularity-rank&ref=sr_st_exact-aware-popularity-rank
Repairing Spray,https://www.amazon.com/s?k=Repairing+Spray&i=beauty&s=exact-aware-popularity-rank&ref=sr_st_exact-aware-popularity-rank
Human Hair Wigs,https://www.amazon.com/s?k=Human+Hair+Wigs&i=beauty&s=exact-aware-popularity-rank&ref=sr_st_exact-aware-popularity-rank
Restorative Lotion,https://www.amazon.com/s?k=Restorative+Lotion&i=beauty&s=exact-aware-popularity-rank&ref=sr_st_exact-aware-popularity-rank
Thermal Spray,https://www.amazon.com/s?k=Thermal+Spray&i=beauty&s=exact-aware-popularity-rank&ref=sr_st_exact-aware-popularity-rank
Hair cream,https://www.amazon.com/s?k=Hair+cream&i=beauty&s=exact-aware-popularity-rank&ref=sr_st_exact-aware-popularity-rank
Wig Band,https://www.amazon.com/s?k=Wig+Band&i=beauty&s=exact-aware-popularity-rank&ref=sr_st_exact-aware-popularity-rank
Raspberry Hair Mist,https://www.amazon.com/s?k=Raspberry+Hair+Mist&i=beauty&s=exact-aware-popularity-rank&ref=sr_st_exact-aware-popularity-rank
Natural Chestnut,https://www.amazon.com/s?k=Natural+Chestnut&i=beauty&s=exact-aware-popularity-rank&ref=sr_st_exact-aware-popularity-rank
Cocoa Butter,https://www.amazon.com/s?k=Cocoa+Butter&i=beauty&s=exact-aware-popularity-rank&ref=sr_st_exact-aware-popularity-rank
Regenerating Shampoo,https://www.amazon.com/s?k=Regenerating+Shampoo&i=beauty&s=exact-aware-popularity-rank&ref=sr_st_exact-aware-popularity-rank
Curly Wigs,https://www.amazon.com/s?k=Curly+Wigs&i=beauty&s=exact-aware-popularity-rank&ref=sr_st_exact-aware-popularity-rank
Lavender Wash,https://www.amazon.com/s?k=Lavender+Wash&i=beauty&s=exact-aware-popularity-rank&ref=sr_st_exact-aware-popularity-rank
Full Conditioner,https://www.amazon.com/s?k=Full+Conditioner&i=beauty&s=exact-aware-popularity-rank&ref=sr_st_exact-aware-popularity-rank
Brilliant Glaze,https://www.amazon.com/s?k=Brilliant+Glaze&i=beauty&s=exact-aware-popularity-rank&ref=sr_st_exact-aware-popularity-rank
Mixed Greens Conditioner,https://www.amazon.com/s?k=Mixed+Greens+Conditioner&i=beauty&s=exact-aware-popularity-rank&ref=sr_st_exact-aware-popularity-rank
Calming Conditioner,https://www.amazon.com/s?k=Calming+Conditioner&i=beauty&s=exact-aware-popularity-rank&ref=sr_st_exact-aware-popularity-rank
Glow Charms,https://www.amazon.com/s?k=Glow+Charms&i=beauty&s=exact-aware-popularity-rank&ref=sr_st_exact-aware-popularity-rank
Rosemary Mint,https://www.amazon.com/s?k=Rosemary+Mint&i=beauty&s=exact-aware-popularity-rank&ref=sr_st_exact-aware-popularity-rank
Butter Masque,https://www.amazon.com/s?k=Butter+Masque&i=beauty&s=exact-aware-popularity-rank&ref=sr_st_exact-aware-popularity-rank
Root coloring,https://www.amazon.com/s?k=Root+coloring&i=beauty&s=exact-aware-popularity-rank&ref=sr_st_exact-aware-popularity-rank
Easter Hair Bow,https://www.amazon.com/s?k=Easter+Hair+Bow&i=beauty&s=exact-aware-popularity-rank&ref=sr_st_exact-aware-popularity-rank
Taming Shampoo,https://www.amazon.com/s?k=Taming+Shampoo&i=beauty&s=exact-aware-popularity-rank&ref=sr_st_exact-aware-popularity-rank
Anti-Dandruff Conditioner,https://www.amazon.com/s?k=Anti-Dandruff+Conditioner&i=beauty&s=exact-aware-popularity-rank&ref=sr_st_exact-aware-popularity-rank
Magic Conditioner,https://www.amazon.com/s?k=Magic+Conditioner&i=beauty&s=exact-aware-popularity-rank&ref=sr_st_exact-aware-popularity-rank
Moisture Therapy,https://www.amazon.com/s?k=Moisture+Therapy&i=beauty&s=exact-aware-popularity-rank&ref=sr_st_exact-aware-popularity-rank
Volume Repair,https://www.amazon.com/s?k=Volume+Repair&i=beauty&s=exact-aware-popularity-rank&ref=sr_st_exact-aware-popularity-rank
Coconut Mousse,https://www.amazon.com/s?k=Coconut+Mousse&i=beauty&s=exact-aware-popularity-rank&ref=sr_st_exact-aware-popularity-rank
Detangling Conditioner,https://www.amazon.com/s?k=Detangling+Conditioner&i=beauty&s=exact-aware-popularity-rank&ref=sr_st_exact-aware-popularity-rank
Amethyst Gloss,https://www.amazon.com/s?k=Amethyst+Gloss&i=beauty&s=exact-aware-popularity-rank&ref=sr_st_exact-aware-popularity-rank
Heat spray,https://www.amazon.com/s?k=Heat+spray&i=beauty&s=exact-aware-popularity-rank&ref=sr_st_exact-aware-popularity-rank
Cherry Almond,https://www.amazon.com/s?k=Cherry+Almond&i=beauty&s=exact-aware-popularity-rank&ref=sr_st_exact-aware-popularity-rank
Ocean Charge,https://www.amazon.com/s?k=Ocean+Charge&i=beauty&s=exact-aware-popularity-rank&ref=sr_st_exact-aware-popularity-rank
Cherry Headband,https://www.amazon.com/s?k=Cherry+Headband&i=beauty&s=exact-aware-popularity-rank&ref=sr_st_exact-aware-popularity-rank
Texture cream,https://www.amazon.com/s?k=Texture+cream&i=beauty&s=exact-aware-popularity-rank&ref=sr_st_exact-aware-popularity-rank
Body Wash,https://www.amazon.com/s?k=Body+Wash&i=beauty&s=exact-aware-popularity-rank&ref=sr_st_exact-aware-popularity-rank
Bond Repair,https://www.amazon.com/s?k=Bond+Repair&i=beauty&s=exact-aware-popularity-rank&ref=sr_st_exact-aware-popularity-rank
Cleansing Conditioner,https://www.amazon.com/s?k=Cleansing+Conditioner&i=beauty&s=exact-aware-popularity-rank&ref=sr_st_exact-aware-popularity-rank
Hair protection,https://www.amazon.com/s?k=Hair+protection&i=beauty&s=exact-aware-popularity-rank&ref=sr_st_exact-aware-popularity-rank
Men's shampoo,https://www.amazon.com/s?k=Men's+shampoo&i=beauty&s=exact-aware-popularity-rank&ref=sr_st_exact-aware-popularity-rank
Hair tonic,https://www.amazon.com/s?k=Hair+tonic&i=beauty&s=exact-aware-popularity-rank&ref=sr_st_exact-aware-popularity-rank
Color gloss,https://www.amazon.com/s?k=Color+gloss&i=beauty&s=exact-aware-popularity-rank&ref=sr_st_exact-aware-popularity-rank
Curl mist,https://www.amazon.com/s?k=Curl+mist&i=beauty&s=exact-aware-popularity-rank&ref=sr_st_exact-aware-popularity-rank
Hair lightener,https://www.amazon.com/s?k=Hair+lightener&i=beauty&s=exact-aware-popularity-rank&ref=sr_st_exact-aware-popularity-rank
All Over Shampoo,https://www.amazon.com/s?k=All+Over+Shampoo&i=beauty&s=exact-aware-popularity-rank&ref=sr_st_exact-aware-popularity-rank
Strengthening Treatment,https://www.amazon.com/s?k=Strengthening+Treatment&i=beauty&s=exact-aware-popularity-rank&ref=sr_st_exact-aware-popularity-rank
Kids Shampoo,https://www.amazon.com/s?k=Kids+Shampoo&i=beauty&s=exact-aware-popularity-rank&ref=sr_st_exact-aware-popularity-rank
Scalp Treatment,https://www.amazon.com/s?k=Scalp+Treatment&i=beauty&s=exact-aware-popularity-rank&ref=sr_st_exact-aware-popularity-rank
