Keyword,Links
Anti-Fungal Shampoo,https://www.ebay.com/sch/i.html?_from=R40&_nkw=Anti-Fungal+Shampoo&_sacat=26395&rt=nc&LH_ItemCondition=3&LH_BIN=1&rt=nc&LH_PrefLoc=1
Shine Mist,https://www.ebay.com/sch/i.html?_from=R40&_nkw=Shine+Mist&_sacat=26395&rt=nc&LH_ItemCondition=3&LH_BIN=1&rt=nc&LH_PrefLoc=1
Moisture Refresher,https://www.ebay.com/sch/i.html?_from=R40&_nkw=Moisture+Refresher&_sacat=26395&rt=nc&LH_ItemCondition=3&LH_BIN=1&rt=nc&LH_PrefLoc=1
Repairing Spray,https://www.ebay.com/sch/i.html?_from=R40&_nkw=Repairing+Spray&_sacat=26395&rt=nc&LH_ItemCondition=3&LH_BIN=1&rt=nc&LH_PrefLoc=1
Human Hair Wigs,https://www.ebay.com/sch/i.html?_from=R40&_nkw=Human+Hair+Wigs&_sacat=26395&rt=nc&LH_ItemCondition=3&LH_BIN=1&rt=nc&LH_PrefLoc=1
Restorative Lotion,https://www.ebay.com/sch/i.html?_from=R40&_nkw=Restorative+Lotion&_sacat=26395&rt=nc&LH_ItemCondition=3&LH_BIN=1&rt=nc&LH_PrefLoc=1
Thermal Spray,https://www.ebay.com/sch/i.html?_from=R40&_nkw=Thermal+Spray&_sacat=26395&rt=nc&LH_ItemCondition=3&LH_BIN=1&rt=nc&LH_PrefLoc=1
Hair cream,https://www.ebay.com/sch/i.html?_from=R40&_nkw=Hair+cream&_sacat=26395&rt=nc&LH_ItemCondition=3&LH_BIN=1&rt=nc&LH_PrefLoc=1
Wig Band,https://www.ebay.com/sch/i.html?_from=R40&_nkw=Wig+Band&_sacat=26395&rt=nc&LH_ItemCondition=3&LH_BIN=1&rt=nc&LH_PrefLoc=1
Raspberry Hair Mist,https://www.ebay.com/sch/i.html?_from=R40&_nkw=Raspberry+Hair+Mist&_sacat=26395&rt=nc&LH_ItemCondition=3&LH_BIN=1&rt=nc&LH_PrefLoc=1
Natural Chestnut,https://www.ebay.com/sch/i.html?_from=R40&_nkw=Natural+Chestnut&_sacat=26395&rt=nc&LH_ItemCondition=3&LH_BIN=1&rt=nc&LH_PrefLoc=1
Cocoa Butter,https://www.ebay.com/sch/i.html?_from=R40&_nkw=Cocoa+Butter&_sacat=26395&rt=nc&LH_ItemCondition=3&LH_BIN=1&rt=nc&LH_PrefLoc=1
Regenerating Shampoo,https://www.ebay.com/sch/i.html?_from=R40&_nkw=Regenerating+Shampoo&_sacat=26395&rt=nc&LH_ItemCondition=3&LH_BIN=1&rt=nc&LH_PrefLoc=1
Curly Wigs,https://www.ebay.com/sch/i.html?_from=R40&_nkw=Curly+Wigs&_sacat=26395&rt=nc&LH_ItemCondition=3&LH_BIN=1&rt=nc&LH_PrefLoc=1
Lavender Wash,https://www.ebay.com/sch/i.html?_from=R40&_nkw=Lavender+Wash&_sacat=26395&rt=nc&LH_ItemCondition=3&LH_BIN=1&rt=nc&LH_PrefLoc=1
Full Conditioner,https://www.ebay.com/sch/i.html?_from=R40&_nkw=Full+Conditioner&_sacat=26395&rt=nc&LH_ItemCondition=3&LH_BIN=1&rt=nc&LH_PrefLoc=1
Brilliant Glaze,https://www.ebay.com/sch/i.html?_from=R40&_nkw=Brilliant+Glaze&_sacat=26395&rt=nc&LH_ItemCondition=3&LH_BIN=1&rt=nc&LH_PrefLoc=1
Mixed Greens Conditioner,https://www.ebay.com/sch/i.html?_from=R40&_nkw=Mixed+Greens+Conditioner&_sacat=26395&rt=nc&LH_ItemCondition=3&LH_BIN=1&rt=nc&LH_PrefLoc=1
Calming Conditioner,https://www.ebay.com/sch/i.html?_from=R40&_nkw=Calming+Conditioner&_sacat=26395&rt=nc&LH_ItemCondition=3&LH_BIN=1&rt=nc&LH_PrefLoc=1
Glow Charms,https://www.ebay.com/sch/i.html?_from=R40&_nkw=Glow+Charms&_sacat=26395&rt=nc&LH_ItemCondition=3&LH_BIN=1&rt=nc&LH_PrefLoc=1
Rosemary Mint,https://www.ebay.com/sch/i.html?_from=R40&_nkw=Rosemary+Mint&_sacat=26395&rt=nc&LH_ItemCondition=3&LH_BIN=1&rt=nc&LH_PrefLoc=1
Butter Masque,https://www.ebay.com/sch/i.html?_from=R40&_nkw=Butter+Masque&_sacat=26395&rt=nc&LH_ItemCondition=3&LH_BIN=1&rt=nc&LH_PrefLoc=1
Root coloring,https://www.ebay.com/sch/i.html?_from=R40&_nkw=Root+coloring&_sacat=26395&rt=nc&LH_ItemCondition=3&LH_BIN=1&rt=nc&LH_PrefLoc=1
Easter Hair Bow,https://www.ebay.com/sch/i.html?_from=R40&_nkw=Easter+Hair+Bow&_sacat=26395&rt=nc&LH_ItemCondition=3&LH_BIN=1&rt=nc&LH_PrefLoc=1
Taming Shampoo,https://www.ebay.com/sch/i.html?_from=R40&_nkw=Taming+Shampoo&_sacat=26395&rt=nc&LH_ItemCondition=3&LH_BIN=1&rt=nc&LH_PrefLoc=1
Anti-Dandruff Conditioner,https://www.ebay.com/sch/i.html?_from=R40&_nkw=Anti-Dandruff+Conditioner&_sacat=26395&rt=nc&LH_ItemCondition=3&LH_BIN=1&rt=nc&LH_PrefLoc=1
Magic Conditioner,https://www.ebay.com/sch/i.html?_from=R40&_nkw=Magic+Conditioner&_sacat=26395&rt=nc&LH_ItemCondition=3&LH_BIN=1&rt=nc&LH_PrefLoc=1
Moisture Therapy,https://www.ebay.com/sch/i.html?_from=R40&_nkw=Moisture+Therapy&_sacat=26395&rt=nc&LH_ItemCondition=3&LH_BIN=1&rt=nc&LH_PrefLoc=1
Volume Repair,https://www.ebay.com/sch/i.html?_from=R40&_nkw=Volume+Repair&_sacat=26395&rt=nc&LH_ItemCondition=3&LH_BIN=1&rt=nc&LH_PrefLoc=1
Coconut Mousse,https://www.ebay.com/sch/i.html?_from=R40&_nkw=Coconut+Mousse&_sacat=26395&rt=nc&LH_ItemCondition=3&LH_BIN=1&rt=nc&LH_PrefLoc=1
Detangling Conditioner,https://www.ebay.com/sch/i.html?_from=R40&_nkw=Detangling+Conditioner&_sacat=26395&rt=nc&LH_ItemCondition=3&LH_BIN=1&rt=nc&LH_PrefLoc=1
Amethyst Gloss,https://www.ebay.com/sch/i.html?_from=R40&_nkw=Amethyst+Gloss&_sacat=26395&rt=nc&LH_ItemCondition=3&LH_BIN=1&rt=nc&LH_PrefLoc=1
Heat spray,https://www.ebay.com/sch/i.html?_from=R40&_nkw=Heat+spray&_sacat=26395&rt=nc&LH_ItemCondition=3&LH_BIN=1&rt=nc&LH_PrefLoc=1
Cherry Almond,https://www.ebay.com/sch/i.html?_from=R40&_nkw=Cherry+Almond&_sacat=26395&rt=nc&LH_ItemCondition=3&LH_BIN=1&rt=nc&LH_PrefLoc=1
Ocean Charge,https://www.ebay.com/sch/i.html?_from=R40&_nkw=Ocean+Charge&_sacat=26395&rt=nc&LH_ItemCondition=3&LH_BIN=1&rt=nc&LH_PrefLoc=1
Cherry Headband,https://www.ebay.com/sch/i.html?_from=R40&_nkw=Cherry+Headband&_sacat=26395&rt=nc&LH_ItemCondition=3&LH_BIN=1&rt=nc&LH_PrefLoc=1
Texture cream,https://www.ebay.com/sch/i.html?_from=R40&_nkw=Texture+cream&_sacat=26395&rt=nc&LH_ItemCondition=3&LH_BIN=1&rt=nc&LH_PrefLoc=1
Body Wash,https://www.ebay.com/sch/i.html?_from=R40&_nkw=Body+Wash&_sacat=26395&rt=nc&LH_ItemCondition=3&LH_BIN=1&rt=nc&LH_PrefLoc=1
Bond Repair,https://www.ebay.com/sch/i.html?_from=R40&_nkw=Bond+Repair&_sacat=26395&rt=nc&LH_ItemCondition=3&LH_BIN=1&rt=nc&LH_PrefLoc=1
Cleansing Conditioner,https://www.ebay.com/sch/i.html?_from=R40&_nkw=Cleansing+Conditioner&_sacat=26395&rt=nc&LH_ItemCondition=3&LH_BIN=1&rt=nc&LH_PrefLoc=1
Hair protection,https://www.ebay.com/sch/i.html?_from=R40&_nkw=Hair+protection&_sacat=26395&rt=nc&LH_ItemCondition=3&LH_BIN=1&rt=nc&LH_PrefLoc=1
Men's shampoo,https://www.ebay.com/sch/i.html?_from=R40&_nkw=Men's+shampoo&_sacat=26395&rt=nc&LH_ItemCondition=3&LH_BIN=1&rt=nc&LH_PrefLoc=1
Hair tonic,https://www.ebay.com/sch/i.html?_from=R40&_nkw=Hair+tonic&_sacat=26395&rt=nc&LH_ItemCondition=3&LH_BIN=1&rt=nc&LH_PrefLoc=1
Color gloss,https://www.ebay.com/sch/i.html?_from=R40&_nkw=Color+gloss&_sacat=26395&rt=nc&LH_ItemCondition=3&LH_BIN=1&rt=nc&LH_PrefLoc=1
Curl mist,https://www.ebay.com/sch/i.html?_from=R40&_nkw=Curl+mist&_sacat=26395&rt=nc&LH_ItemCondition=3&LH_BIN=1&rt=nc&LH_PrefLoc=1
Hair lightener,https://www.ebay.com/sch/i.html?_from=R40&_nkw=Hair+lightener&_sacat=26395&rt=nc&LH_ItemCondition=3&LH_BIN=1&rt=nc&LH_PrefLoc=1
All Over Shampoo,https://www.ebay.com/sch/i.html?_from=R40&_nkw=All+Over+Shampoo&_sacat=26395&rt=nc&LH_ItemCondition=3&LH_BIN=1&rt=nc&LH_PrefLoc=1
Strengthening Treatment,https://www.ebay.com/sch/i.html?_from=R40&_nkw=Strengthening+Treatment&_sacat=26395&rt=nc&LH_ItemCondition=3&LH_BIN=1&rt=nc&LH_PrefLoc=1
Kids Shampoo,https://www.ebay.com/sch/i.html?_from=R40&_nkw=Kids+Shampoo&_sacat=26395&rt=nc&LH_ItemCondition=3&LH_BIN=1&rt=nc&LH_PrefLoc=1
Scalp Treatment,https://www.ebay.com/sch/i.html?_from=R40&_nkw=Scalp+Treatment&_sacat=26395&rt=nc&LH_ItemCondition=3&LH_BIN=1&rt=nc&LH_PrefLoc=1
