Keyword,Links
Braid Gel,https://www.ebay.com/sch/i.html?_from=R40&_nkw=Braid+Gel&_sacat=26395&rt=nc&LH_ItemCondition=3&LH_BIN=1&rt=nc&LH_PrefLoc=1
Coconut Shine,https://www.ebay.com/sch/i.html?_from=R40&_nkw=Coconut+Shine&_sacat=26395&rt=nc&LH_ItemCondition=3&LH_BIN=1&rt=nc&LH_PrefLoc=1
Cachorro Tratamento,https://www.ebay.com/sch/i.html?_from=R40&_nkw=Cachorro+Tratamento&_sacat=26395&rt=nc&LH_ItemCondition=3&LH_BIN=1&rt=nc&LH_PrefLoc=1
Curl kicker,https://www.ebay.com/sch/i.html?_from=R40&_nkw=Curl+kicker&_sacat=26395&rt=nc&LH_ItemCondition=3&LH_BIN=1&rt=nc&LH_PrefLoc=1
Hairspray Control,https://www.ebay.com/sch/i.html?_from=R40&_nkw=Hairspray+Control&_sacat=26395&rt=nc&LH_ItemCondition=3&LH_BIN=1&rt=nc&LH_PrefLoc=1
Curly Pudding,https://www.ebay.com/sch/i.html?_from=R40&_nkw=Curly+Pudding&_sacat=26395&rt=nc&LH_ItemCondition=3&LH_BIN=1&rt=nc&LH_PrefLoc=1
Elongating Cream,https://www.ebay.com/sch/i.html?_from=R40&_nkw=Elongating+Cream&_sacat=26395&rt=nc&LH_ItemCondition=3&LH_BIN=1&rt=nc&LH_PrefLoc=1
Hair refresher,https://www.ebay.com/sch/i.html?_from=R40&_nkw=Hair+refresher&_sacat=26395&rt=nc&LH_ItemCondition=3&LH_BIN=1&rt=nc&LH_PrefLoc=1
Hair Crème,https://www.ebay.com/sch/i.html?_from=R40&_nkw=Hair+Crème&_sacat=26395&rt=nc&LH_ItemCondition=3&LH_BIN=1&rt=nc&LH_PrefLoc=1
Hair Polisher,https://www.ebay.com/sch/i.html?_from=R40&_nkw=Hair+Polisher&_sacat=26395&rt=nc&LH_ItemCondition=3&LH_BIN=1&rt=nc&LH_PrefLoc=1
Shining Gel,https://www.ebay.com/sch/i.html?_from=R40&_nkw=Shining+Gel&_sacat=26395&rt=nc&LH_ItemCondition=3&LH_BIN=1&rt=nc&LH_PrefLoc=1
Curl elongating,https://www.ebay.com/sch/i.html?_from=R40&_nkw=Curl+elongating&_sacat=26395&rt=nc&LH_ItemCondition=3&LH_BIN=1&rt=nc&LH_PrefLoc=1
Curl gloss,https://www.ebay.com/sch/i.html?_from=R40&_nkw=Curl+gloss&_sacat=26395&rt=nc&LH_ItemCondition=3&LH_BIN=1&rt=nc&LH_PrefLoc=1
Botanical Gel,https://www.ebay.com/sch/i.html?_from=R40&_nkw=Botanical+Gel&_sacat=26395&rt=nc&LH_ItemCondition=3&LH_BIN=1&rt=nc&LH_PrefLoc=1
Pattern pudding,https://www.ebay.com/sch/i.html?_from=R40&_nkw=Pattern+pudding&_sacat=26395&rt=nc&LH_ItemCondition=3&LH_BIN=1&rt=nc&LH_PrefLoc=1
Shine Gel,https://www.ebay.com/sch/i.html?_from=R40&_nkw=Shine+Gel&_sacat=26395&rt=nc&LH_ItemCondition=3&LH_BIN=1&rt=nc&LH_PrefLoc=1
Styling Treatment,https://www.ebay.com/sch/i.html?_from=R40&_nkw=Styling+Treatment&_sacat=26395&rt=nc&LH_ItemCondition=3&LH_BIN=1&rt=nc&LH_PrefLoc=1
Hair Ribbons,https://www.ebay.com/sch/i.html?_from=R40&_nkw=Hair+Ribbons&_sacat=26395&rt=nc&LH_ItemCondition=3&LH_BIN=1&rt=nc&LH_PrefLoc=1
Dry Texture,https://www.ebay.com/sch/i.html?_from=R40&_nkw=Dry+Texture&_sacat=26395&rt=nc&LH_ItemCondition=3&LH_BIN=1&rt=nc&LH_PrefLoc=1
Styling Creme,https://www.ebay.com/sch/i.html?_from=R40&_nkw=Styling+Creme&_sacat=26395&rt=nc&LH_ItemCondition=3&LH_BIN=1&rt=nc&LH_PrefLoc=1
Curls Crème,https://www.ebay.com/sch/i.html?_from=R40&_nkw=Curls+Crème&_sacat=26395&rt=nc&LH_ItemCondition=3&LH_BIN=1&rt=nc&LH_PrefLoc=1
Frizz remedy,https://www.ebay.com/sch/i.html?_from=R40&_nkw=Frizz+remedy&_sacat=26395&rt=nc&LH_ItemCondition=3&LH_BIN=1&rt=nc&LH_PrefLoc=1
Braid refresher,https://www.ebay.com/sch/i.html?_from=R40&_nkw=Braid+refresher&_sacat=26395&rt=nc&LH_ItemCondition=3&LH_BIN=1&rt=nc&LH_PrefLoc=1
Curl defining cream,https://www.ebay.com/sch/i.html?_from=R40&_nkw=Curl+defining+cream&_sacat=26395&rt=nc&LH_ItemCondition=3&LH_BIN=1&rt=nc&LH_PrefLoc=1
Butter cream,https://www.ebay.com/sch/i.html?_from=R40&_nkw=Butter+cream&_sacat=26395&rt=nc&LH_ItemCondition=3&LH_BIN=1&rt=nc&LH_PrefLoc=1
Coconut Gel,https://www.ebay.com/sch/i.html?_from=R40&_nkw=Coconut+Gel&_sacat=26395&rt=nc&LH_ItemCondition=3&LH_BIN=1&rt=nc&LH_PrefLoc=1
Anti-Frizz Lotion,https://www.ebay.com/sch/i.html?_from=R40&_nkw=Anti-Frizz+Lotion&_sacat=26395&rt=nc&LH_ItemCondition=3&LH_BIN=1&rt=nc&LH_PrefLoc=1
Hair filler,https://www.ebay.com/sch/i.html?_from=R40&_nkw=Hair+filler&_sacat=26395&rt=nc&LH_ItemCondition=3&LH_BIN=1&rt=nc&LH_PrefLoc=1
Anti-Frizz Cream,https://www.ebay.com/sch/i.html?_from=R40&_nkw=Anti-Frizz+Cream&_sacat=26395&rt=nc&LH_ItemCondition=3&LH_BIN=1&rt=nc&LH_PrefLoc=1
Cleansing Rinse,https://www.ebay.com/sch/i.html?_from=R40&_nkw=Cleansing+Rinse&_sacat=26395&rt=nc&LH_ItemCondition=3&LH_BIN=1&rt=nc&LH_PrefLoc=1
Flexible Hair Spray,https://www.ebay.com/sch/i.html?_from=R40&_nkw=Flexible+Hair+Spray&_sacat=26395&rt=nc&LH_ItemCondition=3&LH_BIN=1&rt=nc&LH_PrefLoc=1
Setting mousse,https://www.ebay.com/sch/i.html?_from=R40&_nkw=Setting+mousse&_sacat=26395&rt=nc&LH_ItemCondition=3&LH_BIN=1&rt=nc&LH_PrefLoc=1
Foaming Mousse,https://www.ebay.com/sch/i.html?_from=R40&_nkw=Foaming+Mousse&_sacat=26395&rt=nc&LH_ItemCondition=3&LH_BIN=1&rt=nc&LH_PrefLoc=1
Frizz spray,https://www.ebay.com/sch/i.html?_from=R40&_nkw=Frizz+spray&_sacat=26395&rt=nc&LH_ItemCondition=3&LH_BIN=1&rt=nc&LH_PrefLoc=1
Activator Moisturizer,https://www.ebay.com/sch/i.html?_from=R40&_nkw=Activator+Moisturizer&_sacat=26395&rt=nc&LH_ItemCondition=3&LH_BIN=1&rt=nc&LH_PrefLoc=1
Matte Pomade,https://www.ebay.com/sch/i.html?_from=R40&_nkw=Matte+Pomade&_sacat=26395&rt=nc&LH_ItemCondition=3&LH_BIN=1&rt=nc&LH_PrefLoc=1
Wig Grip,https://www.ebay.com/sch/i.html?_from=R40&_nkw=Wig+Grip&_sacat=26395&rt=nc&LH_ItemCondition=3&LH_BIN=1&rt=nc&LH_PrefLoc=1
Itch relief,https://www.ebay.com/sch/i.html?_from=R40&_nkw=Itch+relief&_sacat=26395&rt=nc&LH_ItemCondition=3&LH_BIN=1&rt=nc&LH_PrefLoc=1
Lace Melt,https://www.ebay.com/sch/i.html?_from=R40&_nkw=Lace+Melt&_sacat=26395&rt=nc&LH_ItemCondition=3&LH_BIN=1&rt=nc&LH_PrefLoc=1
Braid Sheen,https://www.ebay.com/sch/i.html?_from=R40&_nkw=Braid+Sheen&_sacat=26395&rt=nc&LH_ItemCondition=3&LH_BIN=1&rt=nc&LH_PrefLoc=1
Coil Gel,https://www.ebay.com/sch/i.html?_from=R40&_nkw=Coil+Gel&_sacat=26395&rt=nc&LH_ItemCondition=3&LH_BIN=1&rt=nc&LH_PrefLoc=1
Moisturizing Spray,https://www.ebay.com/sch/i.html?_from=R40&_nkw=Moisturizing+Spray&_sacat=26395&rt=nc&LH_ItemCondition=3&LH_BIN=1&rt=nc&LH_PrefLoc=1
Wave control,https://www.ebay.com/sch/i.html?_from=R40&_nkw=Wave+control&_sacat=26395&rt=nc&LH_ItemCondition=3&LH_BIN=1&rt=nc&LH_PrefLoc=1
Superhold Pomade,https://www.ebay.com/sch/i.html?_from=R40&_nkw=Superhold+Pomade&_sacat=26395&rt=nc&LH_ItemCondition=3&LH_BIN=1&rt=nc&LH_PrefLoc=1
Anti-humidity spritz,https://www.ebay.com/sch/i.html?_from=R40&_nkw=Anti-humidity+spritz&_sacat=26395&rt=nc&LH_ItemCondition=3&LH_BIN=1&rt=nc&LH_PrefLoc=1
Root Boost,https://www.ebay.com/sch/i.html?_from=R40&_nkw=Root+Boost&_sacat=26395&rt=nc&LH_ItemCondition=3&LH_BIN=1&rt=nc&LH_PrefLoc=1
Miracle Cream,https://www.ebay.com/sch/i.html?_from=R40&_nkw=Miracle+Cream&_sacat=26395&rt=nc&LH_ItemCondition=3&LH_BIN=1&rt=nc&LH_PrefLoc=1
Surf Creme,https://www.ebay.com/sch/i.html?_from=R40&_nkw=Surf+Creme&_sacat=26395&rt=nc&LH_ItemCondition=3&LH_BIN=1&rt=nc&LH_PrefLoc=1
Curly Styling,https://www.ebay.com/sch/i.html?_from=R40&_nkw=Curly+Styling&_sacat=26395&rt=nc&LH_ItemCondition=3&LH_BIN=1&rt=nc&LH_PrefLoc=1
Hydrating Butter-Creme,https://www.ebay.com/sch/i.html?_from=R40&_nkw=Hydrating+Butter-Creme&_sacat=26395&rt=nc&LH_ItemCondition=3&LH_BIN=1&rt=nc&LH_PrefLoc=1
