Keyword,Links
Body Luminizer,https://www.amazon.com/s?k=Body+Luminizer&i=beauty&s=exact-aware-popularity-rank&ref=sr_st_exact-aware-popularity-rank
Beauty spa,https://www.amazon.com/s?k=Beauty+spa&i=beauty&s=exact-aware-popularity-rank&ref=sr_st_exact-aware-popularity-rank
Maximum Coverage,https://www.amazon.com/s?k=Maximum+Coverage&i=beauty&s=exact-aware-popularity-rank&ref=sr_st_exact-aware-popularity-rank
Cinder Shoes,https://www.amazon.com/s?k=Cinder+Shoes&i=beauty&s=exact-aware-popularity-rank&ref=sr_st_exact-aware-popularity-rank
Makeup Studio,https://www.amazon.com/s?k=Makeup+Studio&i=beauty&s=exact-aware-popularity-rank&ref=sr_st_exact-aware-popularity-rank
Glitter Palette,https://www.amazon.com/s?k=Glitter+Palette&i=beauty&s=exact-aware-popularity-rank&ref=sr_st_exact-aware-popularity-rank
Tattoo Stars,https://www.amazon.com/s?k=Tattoo+Stars&i=beauty&s=exact-aware-popularity-rank&ref=sr_st_exact-aware-popularity-rank
Lift Lash,https://www.amazon.com/s?k=Lift+Lash&i=beauty&s=exact-aware-popularity-rank&ref=sr_st_exact-aware-popularity-rank
Tropical Teal,https://www.amazon.com/s?k=Tropical+Teal&i=beauty&s=exact-aware-popularity-rank&ref=sr_st_exact-aware-popularity-rank
Bronzed Eyeshadow,https://www.amazon.com/s?k=Bronzed+Eyeshadow&i=beauty&s=exact-aware-popularity-rank&ref=sr_st_exact-aware-popularity-rank
Satin Eye Color,https://www.amazon.com/s?k=Satin+Eye+Color&i=beauty&s=exact-aware-popularity-rank&ref=sr_st_exact-aware-popularity-rank
Face Dew,https://www.amazon.com/s?k=Face+Dew&i=beauty&s=exact-aware-popularity-rank&ref=sr_st_exact-aware-popularity-rank
Plum Lipstick,https://www.amazon.com/s?k=Plum+Lipstick&i=beauty&s=exact-aware-popularity-rank&ref=sr_st_exact-aware-popularity-rank
Matte Lip Crayon,https://www.amazon.com/s?k=Matte+Lip+Crayon&i=beauty&s=exact-aware-popularity-rank&ref=sr_st_exact-aware-popularity-rank
Setting spray,https://www.amazon.com/s?k=Setting+spray&i=beauty&s=exact-aware-popularity-rank&ref=sr_st_exact-aware-popularity-rank
Tattoo Sketchbook,https://www.amazon.com/s?k=Tattoo+Sketchbook&i=beauty&s=exact-aware-popularity-rank&ref=sr_st_exact-aware-popularity-rank
Cream Concealer,https://www.amazon.com/s?k=Cream+Concealer&i=beauty&s=exact-aware-popularity-rank&ref=sr_st_exact-aware-popularity-rank
Metallic Tattoos,https://www.amazon.com/s?k=Metallic+Tattoos&i=beauty&s=exact-aware-popularity-rank&ref=sr_st_exact-aware-popularity-rank
Calming Primer,https://www.amazon.com/s?k=Calming+Primer&i=beauty&s=exact-aware-popularity-rank&ref=sr_st_exact-aware-popularity-rank
Polygel Nails,https://www.amazon.com/s?k=Polygel+Nails&i=beauty&s=exact-aware-popularity-rank&ref=sr_st_exact-aware-popularity-rank
Banana Powder,https://www.amazon.com/s?k=Banana+Powder&i=beauty&s=exact-aware-popularity-rank&ref=sr_st_exact-aware-popularity-rank
Instant FirmX,https://www.amazon.com/s?k=Instant+FirmX&i=beauty&s=exact-aware-popularity-rank&ref=sr_st_exact-aware-popularity-rank
Leatherbound magazine,https://www.amazon.com/s?k=Leatherbound+magazine&i=beauty&s=exact-aware-popularity-rank&ref=sr_st_exact-aware-popularity-rank
Highlighter Palette,https://www.amazon.com/s?k=Highlighter+Palette&i=beauty&s=exact-aware-popularity-rank&ref=sr_st_exact-aware-popularity-rank
Enfermedades ejercitos,https://www.amazon.com/s?k=Enfermedades+ejercitos&i=beauty&s=exact-aware-popularity-rank&ref=sr_st_exact-aware-popularity-rank
Nail Formula,https://www.amazon.com/s?k=Nail+Formula&i=beauty&s=exact-aware-popularity-rank&ref=sr_st_exact-aware-popularity-rank
Nail Fungus,https://www.amazon.com/s?k=Nail+Fungus&i=beauty&s=exact-aware-popularity-rank&ref=sr_st_exact-aware-popularity-rank
Fungus Capsules,https://www.amazon.com/s?k=Fungus+Capsules&i=beauty&s=exact-aware-popularity-rank&ref=sr_st_exact-aware-popularity-rank
Lipstick Making,https://www.amazon.com/s?k=Lipstick+Making&i=beauty&s=exact-aware-popularity-rank&ref=sr_st_exact-aware-popularity-rank
Lip pencil,https://www.amazon.com/s?k=Lip+pencil&i=beauty&s=exact-aware-popularity-rank&ref=sr_st_exact-aware-popularity-rank
Nail Puller,https://www.amazon.com/s?k=Nail+Puller&i=beauty&s=exact-aware-popularity-rank&ref=sr_st_exact-aware-popularity-rank
Women Lipstick,https://www.amazon.com/s?k=Women+Lipstick&i=beauty&s=exact-aware-popularity-rank&ref=sr_st_exact-aware-popularity-rank
Lipstick Love,https://www.amazon.com/s?k=Lipstick+Love&i=beauty&s=exact-aware-popularity-rank&ref=sr_st_exact-aware-popularity-rank
Pirate Tattoos,https://www.amazon.com/s?k=Pirate+Tattoos&i=beauty&s=exact-aware-popularity-rank&ref=sr_st_exact-aware-popularity-rank
Mascara,https://www.amazon.com/s?k=Mascara&i=beauty&s=exact-aware-popularity-rank&ref=sr_st_exact-aware-popularity-rank
Moon River,https://www.amazon.com/s?k=Moon+River&i=beauty&s=exact-aware-popularity-rank&ref=sr_st_exact-aware-popularity-rank
Makeup Allure,https://www.amazon.com/s?k=Makeup+Allure&i=beauty&s=exact-aware-popularity-rank&ref=sr_st_exact-aware-popularity-rank
Steampunk Tattoo,https://www.amazon.com/s?k=Steampunk+Tattoo&i=beauty&s=exact-aware-popularity-rank&ref=sr_st_exact-aware-popularity-rank
Dragon Music,https://www.amazon.com/s?k=Dragon+Music&i=beauty&s=exact-aware-popularity-rank&ref=sr_st_exact-aware-popularity-rank
Eagle Tattoos,https://www.amazon.com/s?k=Eagle+Tattoos&i=beauty&s=exact-aware-popularity-rank&ref=sr_st_exact-aware-popularity-rank
Tattoo Dinosaurs,https://www.amazon.com/s?k=Tattoo+Dinosaurs&i=beauty&s=exact-aware-popularity-rank&ref=sr_st_exact-aware-popularity-rank
Lash Training,https://www.amazon.com/s?k=Lash+Training&i=beauty&s=exact-aware-popularity-rank&ref=sr_st_exact-aware-popularity-rank
Antifungal Kit,https://www.amazon.com/s?k=Antifungal+Kit&i=beauty&s=exact-aware-popularity-rank&ref=sr_st_exact-aware-popularity-rank
Metallic Eyeshadow,https://www.amazon.com/s?k=Metallic+Eyeshadow&i=beauty&s=exact-aware-popularity-rank&ref=sr_st_exact-aware-popularity-rank
Zebra Lashes,https://www.amazon.com/s?k=Zebra+Lashes&i=beauty&s=exact-aware-popularity-rank&ref=sr_st_exact-aware-popularity-rank
Nail Support,https://www.amazon.com/s?k=Nail+Support&i=beauty&s=exact-aware-popularity-rank&ref=sr_st_exact-aware-popularity-rank
Horev Letters,https://www.amazon.com/s?k=Horev+Letters&i=beauty&s=exact-aware-popularity-rank&ref=sr_st_exact-aware-popularity-rank
Food habits,https://www.amazon.com/s?k=Food+habits&i=beauty&s=exact-aware-popularity-rank&ref=sr_st_exact-aware-popularity-rank
Tattoo Cats,https://www.amazon.com/s?k=Tattoo+Cats&i=beauty&s=exact-aware-popularity-rank&ref=sr_st_exact-aware-popularity-rank
Lower Back Tattoo,https://www.amazon.com/s?k=Lower+Back+Tattoo&i=beauty&s=exact-aware-popularity-rank&ref=sr_st_exact-aware-popularity-rank
