Keyword,Links
Unicorn Tattoos,https://www.ebay.com/sch/i.html?_from=R40&_nkw=Unicorn+Tattoos&_sacat=26395&rt=nc&LH_ItemCondition=3&LH_BIN=1&rt=nc&LH_PrefLoc=1
Space tattoos,https://www.ebay.com/sch/i.html?_from=R40&_nkw=Space+tattoos&_sacat=26395&rt=nc&LH_ItemCondition=3&LH_BIN=1&rt=nc&LH_PrefLoc=1
Themistius works,https://www.ebay.com/sch/i.html?_from=R40&_nkw=Themistius+works&_sacat=26395&rt=nc&LH_ItemCondition=3&LH_BIN=1&rt=nc&LH_PrefLoc=1
Natural Eyeshadow,https://www.ebay.com/sch/i.html?_from=R40&_nkw=Natural+Eyeshadow&_sacat=26395&rt=nc&LH_ItemCondition=3&LH_BIN=1&rt=nc&LH_PrefLoc=1
Tattoo Sharks,https://www.ebay.com/sch/i.html?_from=R40&_nkw=Tattoo+Sharks&_sacat=26395&rt=nc&LH_ItemCondition=3&LH_BIN=1&rt=nc&LH_PrefLoc=1
Henna Powder,https://www.ebay.com/sch/i.html?_from=R40&_nkw=Henna+Powder&_sacat=26395&rt=nc&LH_ItemCondition=3&LH_BIN=1&rt=nc&LH_PrefLoc=1
Painting Guide,https://www.ebay.com/sch/i.html?_from=R40&_nkw=Painting+Guide&_sacat=26395&rt=nc&LH_ItemCondition=3&LH_BIN=1&rt=nc&LH_PrefLoc=1
Face paint,https://www.ebay.com/sch/i.html?_from=R40&_nkw=Face+paint&_sacat=26395&rt=nc&LH_ItemCondition=3&LH_BIN=1&rt=nc&LH_PrefLoc=1
Feminist Tattoos,https://www.ebay.com/sch/i.html?_from=R40&_nkw=Feminist+Tattoos&_sacat=26395&rt=nc&LH_ItemCondition=3&LH_BIN=1&rt=nc&LH_PrefLoc=1
Tattoo Design,https://www.ebay.com/sch/i.html?_from=R40&_nkw=Tattoo+Design&_sacat=26395&rt=nc&LH_ItemCondition=3&LH_BIN=1&rt=nc&LH_PrefLoc=1
Rose tattoo,https://www.ebay.com/sch/i.html?_from=R40&_nkw=Rose+tattoo&_sacat=26395&rt=nc&LH_ItemCondition=3&LH_BIN=1&rt=nc&LH_PrefLoc=1
Shadows Us,https://www.ebay.com/sch/i.html?_from=R40&_nkw=Shadows+Us&_sacat=26395&rt=nc&LH_ItemCondition=3&LH_BIN=1&rt=nc&LH_PrefLoc=1
Leather book,https://www.ebay.com/sch/i.html?_from=R40&_nkw=Leather+book&_sacat=26395&rt=nc&LH_ItemCondition=3&LH_BIN=1&rt=nc&LH_PrefLoc=1
fashionable tattoo,https://www.ebay.com/sch/i.html?_from=R40&_nkw=fashionable+tattoo&_sacat=26395&rt=nc&LH_ItemCondition=3&LH_BIN=1&rt=nc&LH_PrefLoc=1
Shadow Makers,https://www.ebay.com/sch/i.html?_from=R40&_nkw=Shadow+Makers&_sacat=26395&rt=nc&LH_ItemCondition=3&LH_BIN=1&rt=nc&LH_PrefLoc=1
Tattoo Dogs,https://www.ebay.com/sch/i.html?_from=R40&_nkw=Tattoo+Dogs&_sacat=26395&rt=nc&LH_ItemCondition=3&LH_BIN=1&rt=nc&LH_PrefLoc=1
Nuclear capabilities,https://www.ebay.com/sch/i.html?_from=R40&_nkw=Nuclear+capabilities&_sacat=26395&rt=nc&LH_ItemCondition=3&LH_BIN=1&rt=nc&LH_PrefLoc=1
Tattoo Butterflies,https://www.ebay.com/sch/i.html?_from=R40&_nkw=Tattoo+Butterflies&_sacat=26395&rt=nc&LH_ItemCondition=3&LH_BIN=1&rt=nc&LH_PrefLoc=1
Makeup Guide,https://www.ebay.com/sch/i.html?_from=R40&_nkw=Makeup+Guide&_sacat=26395&rt=nc&LH_ItemCondition=3&LH_BIN=1&rt=nc&LH_PrefLoc=1
Kawaii Tattoos,https://www.ebay.com/sch/i.html?_from=R40&_nkw=Kawaii+Tattoos&_sacat=26395&rt=nc&LH_ItemCondition=3&LH_BIN=1&rt=nc&LH_PrefLoc=1
Snake Tattoo,https://www.ebay.com/sch/i.html?_from=R40&_nkw=Snake+Tattoo&_sacat=26395&rt=nc&LH_ItemCondition=3&LH_BIN=1&rt=nc&LH_PrefLoc=1
Dancer Tattoos,https://www.ebay.com/sch/i.html?_from=R40&_nkw=Dancer+Tattoos&_sacat=26395&rt=nc&LH_ItemCondition=3&LH_BIN=1&rt=nc&LH_PrefLoc=1
Temporary tattoos,https://www.ebay.com/sch/i.html?_from=R40&_nkw=Temporary+tattoos&_sacat=26395&rt=nc&LH_ItemCondition=3&LH_BIN=1&rt=nc&LH_PrefLoc=1
Minimal Tattoos,https://www.ebay.com/sch/i.html?_from=R40&_nkw=Minimal+Tattoos&_sacat=26395&rt=nc&LH_ItemCondition=3&LH_BIN=1&rt=nc&LH_PrefLoc=1
Tattoo Art,https://www.ebay.com/sch/i.html?_from=R40&_nkw=Tattoo+Art&_sacat=26395&rt=nc&LH_ItemCondition=3&LH_BIN=1&rt=nc&LH_PrefLoc=1
Skull Tattoos,https://www.ebay.com/sch/i.html?_from=R40&_nkw=Skull+Tattoos&_sacat=26395&rt=nc&LH_ItemCondition=3&LH_BIN=1&rt=nc&LH_PrefLoc=1
Doodle Tattoos,https://www.ebay.com/sch/i.html?_from=R40&_nkw=Doodle+Tattoos&_sacat=26395&rt=nc&LH_ItemCondition=3&LH_BIN=1&rt=nc&LH_PrefLoc=1
Beach tattoos,https://www.ebay.com/sch/i.html?_from=R40&_nkw=Beach+tattoos&_sacat=26395&rt=nc&LH_ItemCondition=3&LH_BIN=1&rt=nc&LH_PrefLoc=1
Queer Tattoo,https://www.ebay.com/sch/i.html?_from=R40&_nkw=Queer+Tattoo&_sacat=26395&rt=nc&LH_ItemCondition=3&LH_BIN=1&rt=nc&LH_PrefLoc=1
Shadow Marker,https://www.ebay.com/sch/i.html?_from=R40&_nkw=Shadow+Marker&_sacat=26395&rt=nc&LH_ItemCondition=3&LH_BIN=1&rt=nc&LH_PrefLoc=1
Wisdom Tattoos,https://www.ebay.com/sch/i.html?_from=R40&_nkw=Wisdom+Tattoos&_sacat=26395&rt=nc&LH_ItemCondition=3&LH_BIN=1&rt=nc&LH_PrefLoc=1
Jerusalem Tattoos,https://www.ebay.com/sch/i.html?_from=R40&_nkw=Jerusalem+Tattoos&_sacat=26395&rt=nc&LH_ItemCondition=3&LH_BIN=1&rt=nc&LH_PrefLoc=1
Velvet Lip Tint,https://www.ebay.com/sch/i.html?_from=R40&_nkw=Velvet+Lip+Tint&_sacat=26395&rt=nc&LH_ItemCondition=3&LH_BIN=1&rt=nc&LH_PrefLoc=1
Mascara Expedition,https://www.ebay.com/sch/i.html?_from=R40&_nkw=Mascara+Expedition&_sacat=26395&rt=nc&LH_ItemCondition=3&LH_BIN=1&rt=nc&LH_PrefLoc=1
DIY Cosmetics,https://www.ebay.com/sch/i.html?_from=R40&_nkw=DIY+Cosmetics&_sacat=26395&rt=nc&LH_ItemCondition=3&LH_BIN=1&rt=nc&LH_PrefLoc=1
Rock tattoos,https://www.ebay.com/sch/i.html?_from=R40&_nkw=Rock+tattoos&_sacat=26395&rt=nc&LH_ItemCondition=3&LH_BIN=1&rt=nc&LH_PrefLoc=1
Chicano Tattoos,https://www.ebay.com/sch/i.html?_from=R40&_nkw=Chicano+Tattoos&_sacat=26395&rt=nc&LH_ItemCondition=3&LH_BIN=1&rt=nc&LH_PrefLoc=1
Fairy Makeup,https://www.ebay.com/sch/i.html?_from=R40&_nkw=Fairy+Makeup&_sacat=26395&rt=nc&LH_ItemCondition=3&LH_BIN=1&rt=nc&LH_PrefLoc=1
Traités de paix,https://www.ebay.com/sch/i.html?_from=R40&_nkw=Traités+de+paix&_sacat=26395&rt=nc&LH_ItemCondition=3&LH_BIN=1&rt=nc&LH_PrefLoc=1
Gobierno inglés,https://www.ebay.com/sch/i.html?_from=R40&_nkw=Gobierno+inglés&_sacat=26395&rt=nc&LH_ItemCondition=3&LH_BIN=1&rt=nc&LH_PrefLoc=1
Historia verdad,https://www.ebay.com/sch/i.html?_from=R40&_nkw=Historia+verdad&_sacat=26395&rt=nc&LH_ItemCondition=3&LH_BIN=1&rt=nc&LH_PrefLoc=1
Matrimonial Tattoo,https://www.ebay.com/sch/i.html?_from=R40&_nkw=Matrimonial+Tattoo&_sacat=26395&rt=nc&LH_ItemCondition=3&LH_BIN=1&rt=nc&LH_PrefLoc=1
Blackie publishers,https://www.ebay.com/sch/i.html?_from=R40&_nkw=Blackie+publishers&_sacat=26395&rt=nc&LH_ItemCondition=3&LH_BIN=1&rt=nc&LH_PrefLoc=1
Sermon amor,https://www.ebay.com/sch/i.html?_from=R40&_nkw=Sermon+amor&_sacat=26395&rt=nc&LH_ItemCondition=3&LH_BIN=1&rt=nc&LH_PrefLoc=1
San Pedro Shadow,https://www.ebay.com/sch/i.html?_from=R40&_nkw=San+Pedro+Shadow&_sacat=26395&rt=nc&LH_ItemCondition=3&LH_BIN=1&rt=nc&LH_PrefLoc=1
Tattoo Flash,https://www.ebay.com/sch/i.html?_from=R40&_nkw=Tattoo+Flash&_sacat=26395&rt=nc&LH_ItemCondition=3&LH_BIN=1&rt=nc&LH_PrefLoc=1
Nageldesign Notizbuch,https://www.ebay.com/sch/i.html?_from=R40&_nkw=Nageldesign+Notizbuch&_sacat=26395&rt=nc&LH_ItemCondition=3&LH_BIN=1&rt=nc&LH_PrefLoc=1
Foundation Concealer,https://www.ebay.com/sch/i.html?_from=R40&_nkw=Foundation+Concealer&_sacat=26395&rt=nc&LH_ItemCondition=3&LH_BIN=1&rt=nc&LH_PrefLoc=1
Second Chance,https://www.ebay.com/sch/i.html?_from=R40&_nkw=Second+Chance&_sacat=26395&rt=nc&LH_ItemCondition=3&LH_BIN=1&rt=nc&LH_PrefLoc=1
Fighting Chance,https://www.ebay.com/sch/i.html?_from=R40&_nkw=Fighting+Chance&_sacat=26395&rt=nc&LH_ItemCondition=3&LH_BIN=1&rt=nc&LH_PrefLoc=1
