Keyword,Links
Sensoril Capsules,https://www.ebay.com/sch/i.html?_from=R40&_nkw=Sensoril+Capsules&_sacat=26395&rt=nc&LH_ItemCondition=3&LH_BIN=1&rt=nc&LH_PrefLoc=1
Ashwagandha Glycerite,https://www.ebay.com/sch/i.html?_from=R40&_nkw=Ashwagandha+Glycerite&_sacat=26395&rt=nc&LH_ItemCondition=3&LH_BIN=1&rt=nc&LH_PrefLoc=1
Calcium wafers,https://www.ebay.com/sch/i.html?_from=R40&_nkw=Calcium+wafers&_sacat=26395&rt=nc&LH_ItemCondition=3&LH_BIN=1&rt=nc&LH_PrefLoc=1
Buffered Magnesium,https://www.ebay.com/sch/i.html?_from=R40&_nkw=Buffered+Magnesium&_sacat=26395&rt=nc&LH_ItemCondition=3&LH_BIN=1&rt=nc&LH_PrefLoc=1
Thermogenic Metabolism,https://www.ebay.com/sch/i.html?_from=R40&_nkw=Thermogenic+Metabolism&_sacat=26395&rt=nc&LH_ItemCondition=3&LH_BIN=1&rt=nc&LH_PrefLoc=1
MultiMineral Supplement,https://www.ebay.com/sch/i.html?_from=R40&_nkw=MultiMineral+Supplement&_sacat=26395&rt=nc&LH_ItemCondition=3&LH_BIN=1&rt=nc&LH_PrefLoc=1
Muscle Relaxation,https://www.ebay.com/sch/i.html?_from=R40&_nkw=Muscle+Relaxation&_sacat=26395&rt=nc&LH_ItemCondition=3&LH_BIN=1&rt=nc&LH_PrefLoc=1
Immunity Liquid,https://www.ebay.com/sch/i.html?_from=R40&_nkw=Immunity+Liquid&_sacat=26395&rt=nc&LH_ItemCondition=3&LH_BIN=1&rt=nc&LH_PrefLoc=1
Ashwagandha Chews,https://www.ebay.com/sch/i.html?_from=R40&_nkw=Ashwagandha+Chews&_sacat=26395&rt=nc&LH_ItemCondition=3&LH_BIN=1&rt=nc&LH_PrefLoc=1
Vegetable Capsules,https://www.ebay.com/sch/i.html?_from=R40&_nkw=Vegetable+Capsules&_sacat=26395&rt=nc&LH_ItemCondition=3&LH_BIN=1&rt=nc&LH_PrefLoc=1
Magnesium Chewables,https://www.ebay.com/sch/i.html?_from=R40&_nkw=Magnesium+Chewables&_sacat=26395&rt=nc&LH_ItemCondition=3&LH_BIN=1&rt=nc&LH_PrefLoc=1
Ginseng Ashwagandha,https://www.ebay.com/sch/i.html?_from=R40&_nkw=Ginseng+Ashwagandha&_sacat=26395&rt=nc&LH_ItemCondition=3&LH_BIN=1&rt=nc&LH_PrefLoc=1
Sexual Health,https://www.ebay.com/sch/i.html?_from=R40&_nkw=Sexual+Health&_sacat=26395&rt=nc&LH_ItemCondition=3&LH_BIN=1&rt=nc&LH_PrefLoc=1
Magnesium Concentrate,https://www.ebay.com/sch/i.html?_from=R40&_nkw=Magnesium+Concentrate&_sacat=26395&rt=nc&LH_ItemCondition=3&LH_BIN=1&rt=nc&LH_PrefLoc=1
Ashwagandha Patch,https://www.ebay.com/sch/i.html?_from=R40&_nkw=Ashwagandha+Patch&_sacat=26395&rt=nc&LH_ItemCondition=3&LH_BIN=1&rt=nc&LH_PrefLoc=1
Magnesium Relaxation,https://www.ebay.com/sch/i.html?_from=R40&_nkw=Magnesium+Relaxation&_sacat=26395&rt=nc&LH_ItemCondition=3&LH_BIN=1&rt=nc&LH_PrefLoc=1
Ayurvedic Jam,https://www.ebay.com/sch/i.html?_from=R40&_nkw=Ayurvedic+Jam&_sacat=26395&rt=nc&LH_ItemCondition=3&LH_BIN=1&rt=nc&LH_PrefLoc=1
Energy supplement,https://www.ebay.com/sch/i.html?_from=R40&_nkw=Energy+supplement&_sacat=26395&rt=nc&LH_ItemCondition=3&LH_BIN=1&rt=nc&LH_PrefLoc=1
Blood Pressure,https://www.ebay.com/sch/i.html?_from=R40&_nkw=Blood+Pressure&_sacat=26395&rt=nc&LH_ItemCondition=3&LH_BIN=1&rt=nc&LH_PrefLoc=1
Adaptogen Blend,https://www.ebay.com/sch/i.html?_from=R40&_nkw=Adaptogen+Blend&_sacat=26395&rt=nc&LH_ItemCondition=3&LH_BIN=1&rt=nc&LH_PrefLoc=1
Men's health,https://www.ebay.com/sch/i.html?_from=R40&_nkw=Men's+health&_sacat=26395&rt=nc&LH_ItemCondition=3&LH_BIN=1&rt=nc&LH_PrefLoc=1
Extra Strength Ashwagandha,https://www.ebay.com/sch/i.html?_from=R40&_nkw=Extra+Strength+Ashwagandha&_sacat=26395&rt=nc&LH_ItemCondition=3&LH_BIN=1&rt=nc&LH_PrefLoc=1
Selenium Capsules,https://www.ebay.com/sch/i.html?_from=R40&_nkw=Selenium+Capsules&_sacat=26395&rt=nc&LH_ItemCondition=3&LH_BIN=1&rt=nc&LH_PrefLoc=1
Fatigue Formula,https://www.ebay.com/sch/i.html?_from=R40&_nkw=Fatigue+Formula&_sacat=26395&rt=nc&LH_ItemCondition=3&LH_BIN=1&rt=nc&LH_PrefLoc=1
Ionic Chromium,https://www.ebay.com/sch/i.html?_from=R40&_nkw=Ionic+Chromium&_sacat=26395&rt=nc&LH_ItemCondition=3&LH_BIN=1&rt=nc&LH_PrefLoc=1
Women’s supplement,https://www.ebay.com/sch/i.html?_from=R40&_nkw=Women’s+supplement&_sacat=26395&rt=nc&LH_ItemCondition=3&LH_BIN=1&rt=nc&LH_PrefLoc=1
Natural Relief,https://www.ebay.com/sch/i.html?_from=R40&_nkw=Natural+Relief&_sacat=26395&rt=nc&LH_ItemCondition=3&LH_BIN=1&rt=nc&LH_PrefLoc=1
Magnesium Spray,https://www.ebay.com/sch/i.html?_from=R40&_nkw=Magnesium+Spray&_sacat=26395&rt=nc&LH_ItemCondition=3&LH_BIN=1&rt=nc&LH_PrefLoc=1
Heart health,https://www.ebay.com/sch/i.html?_from=R40&_nkw=Heart+health&_sacat=26395&rt=nc&LH_ItemCondition=3&LH_BIN=1&rt=nc&LH_PrefLoc=1
Dimagnesium Malate,https://www.ebay.com/sch/i.html?_from=R40&_nkw=Dimagnesium+Malate&_sacat=26395&rt=nc&LH_ItemCondition=3&LH_BIN=1&rt=nc&LH_PrefLoc=1
Zinc Magnesium,https://www.ebay.com/sch/i.html?_from=R40&_nkw=Zinc+Magnesium&_sacat=26395&rt=nc&LH_ItemCondition=3&LH_BIN=1&rt=nc&LH_PrefLoc=1
Thermo Capsules,https://www.ebay.com/sch/i.html?_from=R40&_nkw=Thermo+Capsules&_sacat=26395&rt=nc&LH_ItemCondition=3&LH_BIN=1&rt=nc&LH_PrefLoc=1
Ginseng Complex,https://www.ebay.com/sch/i.html?_from=R40&_nkw=Ginseng+Complex&_sacat=26395&rt=nc&LH_ItemCondition=3&LH_BIN=1&rt=nc&LH_PrefLoc=1
Ashwagandha Latte,https://www.ebay.com/sch/i.html?_from=R40&_nkw=Ashwagandha+Latte&_sacat=26395&rt=nc&LH_ItemCondition=3&LH_BIN=1&rt=nc&LH_PrefLoc=1
Adrenal Supplement,https://www.ebay.com/sch/i.html?_from=R40&_nkw=Adrenal+Supplement&_sacat=26395&rt=nc&LH_ItemCondition=3&LH_BIN=1&rt=nc&LH_PrefLoc=1
Calcium Complex,https://www.ebay.com/sch/i.html?_from=R40&_nkw=Calcium+Complex&_sacat=26395&rt=nc&LH_ItemCondition=3&LH_BIN=1&rt=nc&LH_PrefLoc=1
Prenatal Vitamins,https://www.ebay.com/sch/i.html?_from=R40&_nkw=Prenatal+Vitamins&_sacat=26395&rt=nc&LH_ItemCondition=3&LH_BIN=1&rt=nc&LH_PrefLoc=1
Wellness Capsules,https://www.ebay.com/sch/i.html?_from=R40&_nkw=Wellness+Capsules&_sacat=26395&rt=nc&LH_ItemCondition=3&LH_BIN=1&rt=nc&LH_PrefLoc=1
Horny Goat Weed,https://www.ebay.com/sch/i.html?_from=R40&_nkw=Horny+Goat+Weed&_sacat=26395&rt=nc&LH_ItemCondition=3&LH_BIN=1&rt=nc&LH_PrefLoc=1
Magnesium Flakes,https://www.ebay.com/sch/i.html?_from=R40&_nkw=Magnesium+Flakes&_sacat=26395&rt=nc&LH_ItemCondition=3&LH_BIN=1&rt=nc&LH_PrefLoc=1
Ashwagandha VegCaps,https://www.ebay.com/sch/i.html?_from=R40&_nkw=Ashwagandha+VegCaps&_sacat=26395&rt=nc&LH_ItemCondition=3&LH_BIN=1&rt=nc&LH_PrefLoc=1
Magnesium Aspartate,https://www.ebay.com/sch/i.html?_from=R40&_nkw=Magnesium+Aspartate&_sacat=26395&rt=nc&LH_ItemCondition=3&LH_BIN=1&rt=nc&LH_PrefLoc=1
Tribulus Capsules,https://www.ebay.com/sch/i.html?_from=R40&_nkw=Tribulus+Capsules&_sacat=26395&rt=nc&LH_ItemCondition=3&LH_BIN=1&rt=nc&LH_PrefLoc=1
Cortisol Supplement,https://www.ebay.com/sch/i.html?_from=R40&_nkw=Cortisol+Supplement&_sacat=26395&rt=nc&LH_ItemCondition=3&LH_BIN=1&rt=nc&LH_PrefLoc=1
Circulation Support,https://www.ebay.com/sch/i.html?_from=R40&_nkw=Circulation+Support&_sacat=26395&rt=nc&LH_ItemCondition=3&LH_BIN=1&rt=nc&LH_PrefLoc=1
Mushroom Stress,https://www.ebay.com/sch/i.html?_from=R40&_nkw=Mushroom+Stress&_sacat=26395&rt=nc&LH_ItemCondition=3&LH_BIN=1&rt=nc&LH_PrefLoc=1
Nootropic Capsules,https://www.ebay.com/sch/i.html?_from=R40&_nkw=Nootropic+Capsules&_sacat=26395&rt=nc&LH_ItemCondition=3&LH_BIN=1&rt=nc&LH_PrefLoc=1
Wellness Drops,https://www.ebay.com/sch/i.html?_from=R40&_nkw=Wellness+Drops&_sacat=26395&rt=nc&LH_ItemCondition=3&LH_BIN=1&rt=nc&LH_PrefLoc=1
Magnesia tablets,https://www.ebay.com/sch/i.html?_from=R40&_nkw=Magnesia+tablets&_sacat=26395&rt=nc&LH_ItemCondition=3&LH_BIN=1&rt=nc&LH_PrefLoc=1
Vegetarian Calcium,https://www.ebay.com/sch/i.html?_from=R40&_nkw=Vegetarian+Calcium&_sacat=26395&rt=nc&LH_ItemCondition=3&LH_BIN=1&rt=nc&LH_PrefLoc=1
