Keyword,Links
Teen multivitamins,https://www.ebay.com/sch/i.html?_from=R40&_nkw=Teen+multivitamins&_sacat=26395&rt=nc&LH_ItemCondition=3&LH_BIN=1&rt=nc&LH_PrefLoc=1
High-Potency Multivitamin,https://www.ebay.com/sch/i.html?_from=R40&_nkw=High-Potency+Multivitamin&_sacat=26395&rt=nc&LH_ItemCondition=3&LH_BIN=1&rt=nc&LH_PrefLoc=1
Daily Vitamins,https://www.ebay.com/sch/i.html?_from=R40&_nkw=Daily+Vitamins&_sacat=26395&rt=nc&LH_ItemCondition=3&LH_BIN=1&rt=nc&LH_PrefLoc=1
Grapefruit Extract,https://www.ebay.com/sch/i.html?_from=R40&_nkw=Grapefruit+Extract&_sacat=26395&rt=nc&LH_ItemCondition=3&LH_BIN=1&rt=nc&LH_PrefLoc=1
Pancreatic Enzymes,https://www.ebay.com/sch/i.html?_from=R40&_nkw=Pancreatic+Enzymes&_sacat=26395&rt=nc&LH_ItemCondition=3&LH_BIN=1&rt=nc&LH_PrefLoc=1
Vitamin C Mix,https://www.ebay.com/sch/i.html?_from=R40&_nkw=Vitamin+C+Mix&_sacat=26395&rt=nc&LH_ItemCondition=3&LH_BIN=1&rt=nc&LH_PrefLoc=1
Multivitamin Capsules,https://www.ebay.com/sch/i.html?_from=R40&_nkw=Multivitamin+Capsules&_sacat=26395&rt=nc&LH_ItemCondition=3&LH_BIN=1&rt=nc&LH_PrefLoc=1
Electrolyte Drink,https://www.ebay.com/sch/i.html?_from=R40&_nkw=Electrolyte+Drink&_sacat=26395&rt=nc&LH_ItemCondition=3&LH_BIN=1&rt=nc&LH_PrefLoc=1
Senolytic Activator,https://www.ebay.com/sch/i.html?_from=R40&_nkw=Senolytic+Activator&_sacat=26395&rt=nc&LH_ItemCondition=3&LH_BIN=1&rt=nc&LH_PrefLoc=1
Liposomal Colostrum,https://www.ebay.com/sch/i.html?_from=R40&_nkw=Liposomal+Colostrum&_sacat=26395&rt=nc&LH_ItemCondition=3&LH_BIN=1&rt=nc&LH_PrefLoc=1
Acai Extract,https://www.ebay.com/sch/i.html?_from=R40&_nkw=Acai+Extract&_sacat=26395&rt=nc&LH_ItemCondition=3&LH_BIN=1&rt=nc&LH_PrefLoc=1
L-Arginine Supplement,https://www.ebay.com/sch/i.html?_from=R40&_nkw=L-Arginine+Supplement&_sacat=26395&rt=nc&LH_ItemCondition=3&LH_BIN=1&rt=nc&LH_PrefLoc=1
Turkesterone Extract,https://www.ebay.com/sch/i.html?_from=R40&_nkw=Turkesterone+Extract&_sacat=26395&rt=nc&LH_ItemCondition=3&LH_BIN=1&rt=nc&LH_PrefLoc=1
Alpha-Lipoic Acid,https://www.ebay.com/sch/i.html?_from=R40&_nkw=Alpha-Lipoic+Acid&_sacat=26395&rt=nc&LH_ItemCondition=3&LH_BIN=1&rt=nc&LH_PrefLoc=1
Probiotic Cranberry,https://www.ebay.com/sch/i.html?_from=R40&_nkw=Probiotic+Cranberry&_sacat=26395&rt=nc&LH_ItemCondition=3&LH_BIN=1&rt=nc&LH_PrefLoc=1
Liquid B Complete,https://www.ebay.com/sch/i.html?_from=R40&_nkw=Liquid+B+Complete&_sacat=26395&rt=nc&LH_ItemCondition=3&LH_BIN=1&rt=nc&LH_PrefLoc=1
B-Complex Supplements,https://www.ebay.com/sch/i.html?_from=R40&_nkw=B-Complex+Supplements&_sacat=26395&rt=nc&LH_ItemCondition=3&LH_BIN=1&rt=nc&LH_PrefLoc=1
Zinc Immune,https://www.ebay.com/sch/i.html?_from=R40&_nkw=Zinc+Immune&_sacat=26395&rt=nc&LH_ItemCondition=3&LH_BIN=1&rt=nc&LH_PrefLoc=1
Mushroom Coffee,https://www.ebay.com/sch/i.html?_from=R40&_nkw=Mushroom+Coffee&_sacat=26395&rt=nc&LH_ItemCondition=3&LH_BIN=1&rt=nc&LH_PrefLoc=1
Lemon Gummies,https://www.ebay.com/sch/i.html?_from=R40&_nkw=Lemon+Gummies&_sacat=26395&rt=nc&LH_ItemCondition=3&LH_BIN=1&rt=nc&LH_PrefLoc=1
L-Glutamine Powder,https://www.ebay.com/sch/i.html?_from=R40&_nkw=L-Glutamine+Powder&_sacat=26395&rt=nc&LH_ItemCondition=3&LH_BIN=1&rt=nc&LH_PrefLoc=1
Organic Superfoods,https://www.ebay.com/sch/i.html?_from=R40&_nkw=Organic+Superfoods&_sacat=26395&rt=nc&LH_ItemCondition=3&LH_BIN=1&rt=nc&LH_PrefLoc=1
Prenatal Gummies,https://www.ebay.com/sch/i.html?_from=R40&_nkw=Prenatal+Gummies&_sacat=26395&rt=nc&LH_ItemCondition=3&LH_BIN=1&rt=nc&LH_PrefLoc=1
Calcium Vitamin D,https://www.ebay.com/sch/i.html?_from=R40&_nkw=Calcium+Vitamin+D&_sacat=26395&rt=nc&LH_ItemCondition=3&LH_BIN=1&rt=nc&LH_PrefLoc=1
Mullein Extract,https://www.ebay.com/sch/i.html?_from=R40&_nkw=Mullein+Extract&_sacat=26395&rt=nc&LH_ItemCondition=3&LH_BIN=1&rt=nc&LH_PrefLoc=1
Brain Health,https://www.ebay.com/sch/i.html?_from=R40&_nkw=Brain+Health&_sacat=26395&rt=nc&LH_ItemCondition=3&LH_BIN=1&rt=nc&LH_PrefLoc=1
MultiVitamin Superfoods,https://www.ebay.com/sch/i.html?_from=R40&_nkw=MultiVitamin+Superfoods&_sacat=26395&rt=nc&LH_ItemCondition=3&LH_BIN=1&rt=nc&LH_PrefLoc=1
Turkey Tail Extract,https://www.ebay.com/sch/i.html?_from=R40&_nkw=Turkey+Tail+Extract&_sacat=26395&rt=nc&LH_ItemCondition=3&LH_BIN=1&rt=nc&LH_PrefLoc=1
Riboflavin Energy,https://www.ebay.com/sch/i.html?_from=R40&_nkw=Riboflavin+Energy&_sacat=26395&rt=nc&LH_ItemCondition=3&LH_BIN=1&rt=nc&LH_PrefLoc=1
Men's gummies,https://www.ebay.com/sch/i.html?_from=R40&_nkw=Men's+gummies&_sacat=26395&rt=nc&LH_ItemCondition=3&LH_BIN=1&rt=nc&LH_PrefLoc=1
Soursop Capsules,https://www.ebay.com/sch/i.html?_from=R40&_nkw=Soursop+Capsules&_sacat=26395&rt=nc&LH_ItemCondition=3&LH_BIN=1&rt=nc&LH_PrefLoc=1
Probiotic Booster,https://www.ebay.com/sch/i.html?_from=R40&_nkw=Probiotic+Booster&_sacat=26395&rt=nc&LH_ItemCondition=3&LH_BIN=1&rt=nc&LH_PrefLoc=1
Agarikon Capsules,https://www.ebay.com/sch/i.html?_from=R40&_nkw=Agarikon+Capsules&_sacat=26395&rt=nc&LH_ItemCondition=3&LH_BIN=1&rt=nc&LH_PrefLoc=1
Iron Patch,https://www.ebay.com/sch/i.html?_from=R40&_nkw=Iron+Patch&_sacat=26395&rt=nc&LH_ItemCondition=3&LH_BIN=1&rt=nc&LH_PrefLoc=1
Nerve Support,https://www.ebay.com/sch/i.html?_from=R40&_nkw=Nerve+Support&_sacat=26395&rt=nc&LH_ItemCondition=3&LH_BIN=1&rt=nc&LH_PrefLoc=1
Fruits Veggies,https://www.ebay.com/sch/i.html?_from=R40&_nkw=Fruits+Veggies&_sacat=26395&rt=nc&LH_ItemCondition=3&LH_BIN=1&rt=nc&LH_PrefLoc=1
Immune Chewables,https://www.ebay.com/sch/i.html?_from=R40&_nkw=Immune+Chewables&_sacat=26395&rt=nc&LH_ItemCondition=3&LH_BIN=1&rt=nc&LH_PrefLoc=1
Mushroom Extract,https://www.ebay.com/sch/i.html?_from=R40&_nkw=Mushroom+Extract&_sacat=26395&rt=nc&LH_ItemCondition=3&LH_BIN=1&rt=nc&LH_PrefLoc=1
Lions Mane,https://www.ebay.com/sch/i.html?_from=R40&_nkw=Lions+Mane&_sacat=26395&rt=nc&LH_ItemCondition=3&LH_BIN=1&rt=nc&LH_PrefLoc=1
Royal Jelly,https://www.ebay.com/sch/i.html?_from=R40&_nkw=Royal+Jelly&_sacat=26395&rt=nc&LH_ItemCondition=3&LH_BIN=1&rt=nc&LH_PrefLoc=1
Zinc Picolinate,https://www.ebay.com/sch/i.html?_from=R40&_nkw=Zinc+Picolinate&_sacat=26395&rt=nc&LH_ItemCondition=3&LH_BIN=1&rt=nc&LH_PrefLoc=1
Vitamin B1,https://www.ebay.com/sch/i.html?_from=R40&_nkw=Vitamin+B1&_sacat=26395&rt=nc&LH_ItemCondition=3&LH_BIN=1&rt=nc&LH_PrefLoc=1
Reishi Capsules,https://www.ebay.com/sch/i.html?_from=R40&_nkw=Reishi+Capsules&_sacat=26395&rt=nc&LH_ItemCondition=3&LH_BIN=1&rt=nc&LH_PrefLoc=1
Zinc Citrate,https://www.ebay.com/sch/i.html?_from=R40&_nkw=Zinc+Citrate&_sacat=26395&rt=nc&LH_ItemCondition=3&LH_BIN=1&rt=nc&LH_PrefLoc=1
Wellness Tablets,https://www.ebay.com/sch/i.html?_from=R40&_nkw=Wellness+Tablets&_sacat=26395&rt=nc&LH_ItemCondition=3&LH_BIN=1&rt=nc&LH_PrefLoc=1
Hair vitamins,https://www.ebay.com/sch/i.html?_from=R40&_nkw=Hair+vitamins&_sacat=26395&rt=nc&LH_ItemCondition=3&LH_BIN=1&rt=nc&LH_PrefLoc=1
Andrographis capsules,https://www.ebay.com/sch/i.html?_from=R40&_nkw=Andrographis+capsules&_sacat=26395&rt=nc&LH_ItemCondition=3&LH_BIN=1&rt=nc&LH_PrefLoc=1
Preworkout Powder,https://www.ebay.com/sch/i.html?_from=R40&_nkw=Preworkout+Powder&_sacat=26395&rt=nc&LH_ItemCondition=3&LH_BIN=1&rt=nc&LH_PrefLoc=1
Cold remedy,https://www.ebay.com/sch/i.html?_from=R40&_nkw=Cold+remedy&_sacat=26395&rt=nc&LH_ItemCondition=3&LH_BIN=1&rt=nc&LH_PrefLoc=1
Immune Hydration,https://www.ebay.com/sch/i.html?_from=R40&_nkw=Immune+Hydration&_sacat=26395&rt=nc&LH_ItemCondition=3&LH_BIN=1&rt=nc&LH_PrefLoc=1
