Keyword,Links
Sleepytime Tea,https://www.amazon.com/s?k=Sleepytime+Tea&i=hpc&s=exact-aware-popularity-rank&ref=sr_st_exact-aware-popularity-rank
Kava Supplement,https://www.amazon.com/s?k=Kava+Supplement&i=hpc&s=exact-aware-popularity-rank&ref=sr_st_exact-aware-popularity-rank
Soursop Extract,https://www.amazon.com/s?k=Soursop+Extract&i=hpc&s=exact-aware-popularity-rank&ref=sr_st_exact-aware-popularity-rank
Rhodiola Rosea,https://www.amazon.com/s?k=Rhodiola+Rosea&i=hpc&s=exact-aware-popularity-rank&ref=sr_st_exact-aware-popularity-rank
Glycine Capsules,https://www.amazon.com/s?k=Glycine+Capsules&i=hpc&s=exact-aware-popularity-rank&ref=sr_st_exact-aware-popularity-rank
Sleep Tea,https://www.amazon.com/s?k=Sleep+Tea&i=hpc&s=exact-aware-popularity-rank&ref=sr_st_exact-aware-popularity-rank
Kava Extract,https://www.amazon.com/s?k=Kava+Extract&i=hpc&s=exact-aware-popularity-rank&ref=sr_st_exact-aware-popularity-rank
Deep Sleep,https://www.amazon.com/s?k=Deep+Sleep&i=hpc&s=exact-aware-popularity-rank&ref=sr_st_exact-aware-popularity-rank
Kava Drops,https://www.amazon.com/s?k=Kava+Drops&i=hpc&s=exact-aware-popularity-rank&ref=sr_st_exact-aware-popularity-rank
Serenita Tabs,https://www.amazon.com/s?k=Serenita+Tabs&i=hpc&s=exact-aware-popularity-rank&ref=sr_st_exact-aware-popularity-rank
Calm Drops,https://www.amazon.com/s?k=Calm+Drops&i=hpc&s=exact-aware-popularity-rank&ref=sr_st_exact-aware-popularity-rank
NAD+ Supplement,https://www.amazon.com/s?k=NAD++Supplement&i=hpc&s=exact-aware-popularity-rank&ref=sr_st_exact-aware-popularity-rank
Methylated Multivitamin,https://www.amazon.com/s?k=Methylated+Multivitamin&i=hpc&s=exact-aware-popularity-rank&ref=sr_st_exact-aware-popularity-rank
Homeopathic Sleep,https://www.amazon.com/s?k=Homeopathic+Sleep&i=hpc&s=exact-aware-popularity-rank&ref=sr_st_exact-aware-popularity-rank
Tinnitus Relief,https://www.amazon.com/s?k=Tinnitus+Relief&i=hpc&s=exact-aware-popularity-rank&ref=sr_st_exact-aware-popularity-rank
Mellow Mango,https://www.amazon.com/s?k=Mellow+Mango&i=hpc&s=exact-aware-popularity-rank&ref=sr_st_exact-aware-popularity-rank
5HTP Capsules,https://www.amazon.com/s?k=5HTP+Capsules&i=hpc&s=exact-aware-popularity-rank&ref=sr_st_exact-aware-popularity-rank
Methyl Multivitamin,https://www.amazon.com/s?k=Methyl+Multivitamin&i=hpc&s=exact-aware-popularity-rank&ref=sr_st_exact-aware-popularity-rank
5-HTP Gummies,https://www.amazon.com/s?k=5-HTP+Gummies&i=hpc&s=exact-aware-popularity-rank&ref=sr_st_exact-aware-popularity-rank
Lavender Supplement,https://www.amazon.com/s?k=Lavender+Supplement&i=hpc&s=exact-aware-popularity-rank&ref=sr_st_exact-aware-popularity-rank
Detox Pads,https://www.amazon.com/s?k=Detox+Pads&i=hpc&s=exact-aware-popularity-rank&ref=sr_st_exact-aware-popularity-rank
Chamomile Supplement,https://www.amazon.com/s?k=Chamomile+Supplement&i=hpc&s=exact-aware-popularity-rank&ref=sr_st_exact-aware-popularity-rank
Graviola Capsules,https://www.amazon.com/s?k=Graviola+Capsules&i=hpc&s=exact-aware-popularity-rank&ref=sr_st_exact-aware-popularity-rank
Calming Bites,https://www.amazon.com/s?k=Calming+Bites&i=hpc&s=exact-aware-popularity-rank&ref=sr_st_exact-aware-popularity-rank
Nighttime Fat Burner,https://www.amazon.com/s?k=Nighttime+Fat+Burner&i=hpc&s=exact-aware-popularity-rank&ref=sr_st_exact-aware-popularity-rank
Mullein Leaf,https://www.amazon.com/s?k=Mullein+Leaf&i=hpc&s=exact-aware-popularity-rank&ref=sr_st_exact-aware-popularity-rank
Cortisol Control,https://www.amazon.com/s?k=Cortisol+Control&i=hpc&s=exact-aware-popularity-rank&ref=sr_st_exact-aware-popularity-rank
5 HTP,https://www.amazon.com/s?k=5+HTP&i=hpc&s=exact-aware-popularity-rank&ref=sr_st_exact-aware-popularity-rank
Cat Melatonin,https://www.amazon.com/s?k=Cat+Melatonin&i=hpc&s=exact-aware-popularity-rank&ref=sr_st_exact-aware-popularity-rank
Sleep recovery,https://www.amazon.com/s?k=Sleep+recovery&i=hpc&s=exact-aware-popularity-rank&ref=sr_st_exact-aware-popularity-rank
Double Potency,https://www.amazon.com/s?k=Double+Potency&i=hpc&s=exact-aware-popularity-rank&ref=sr_st_exact-aware-popularity-rank
Valerian Gummies,https://www.amazon.com/s?k=Valerian+Gummies&i=hpc&s=exact-aware-popularity-rank&ref=sr_st_exact-aware-popularity-rank
Bee Bread,https://www.amazon.com/s?k=Bee+Bread&i=hpc&s=exact-aware-popularity-rank&ref=sr_st_exact-aware-popularity-rank
Chronic Fatigue,https://www.amazon.com/s?k=Chronic+Fatigue&i=hpc&s=exact-aware-popularity-rank&ref=sr_st_exact-aware-popularity-rank
High Dose,https://www.amazon.com/s?k=High+Dose&i=hpc&s=exact-aware-popularity-rank&ref=sr_st_exact-aware-popularity-rank
Wild Lettuce Extract,https://www.amazon.com/s?k=Wild+Lettuce+Extract&i=hpc&s=exact-aware-popularity-rank&ref=sr_st_exact-aware-popularity-rank
Niacinamide Capsules,https://www.amazon.com/s?k=Niacinamide+Capsules&i=hpc&s=exact-aware-popularity-rank&ref=sr_st_exact-aware-popularity-rank
Cherry Extract,https://www.amazon.com/s?k=Cherry+Extract&i=hpc&s=exact-aware-popularity-rank&ref=sr_st_exact-aware-popularity-rank
Amino Supplement,https://www.amazon.com/s?k=Amino+Supplement&i=hpc&s=exact-aware-popularity-rank&ref=sr_st_exact-aware-popularity-rank
5-HTP,https://www.amazon.com/s?k=5-HTP&i=hpc&s=exact-aware-popularity-rank&ref=sr_st_exact-aware-popularity-rank
Sleep wash,https://www.amazon.com/s?k=Sleep+wash&i=hpc&s=exact-aware-popularity-rank&ref=sr_st_exact-aware-popularity-rank
Apigenin Capsules,https://www.amazon.com/s?k=Apigenin+Capsules&i=hpc&s=exact-aware-popularity-rank&ref=sr_st_exact-aware-popularity-rank
Sleep Balm,https://www.amazon.com/s?k=Sleep+Balm&i=hpc&s=exact-aware-popularity-rank&ref=sr_st_exact-aware-popularity-rank
Complete Balance,https://www.amazon.com/s?k=Complete+Balance&i=hpc&s=exact-aware-popularity-rank&ref=sr_st_exact-aware-popularity-rank
Valerian Supplement,https://www.amazon.com/s?k=Valerian+Supplement&i=hpc&s=exact-aware-popularity-rank&ref=sr_st_exact-aware-popularity-rank
PQQ Supplement,https://www.amazon.com/s?k=PQQ+Supplement&i=hpc&s=exact-aware-popularity-rank&ref=sr_st_exact-aware-popularity-rank
Apigenin supplement,https://www.amazon.com/s?k=Apigenin+supplement&i=hpc&s=exact-aware-popularity-rank&ref=sr_st_exact-aware-popularity-rank
Acid Reflux,https://www.amazon.com/s?k=Acid+Reflux&i=hpc&s=exact-aware-popularity-rank&ref=sr_st_exact-aware-popularity-rank
Chamomile Relaxation,https://www.amazon.com/s?k=Chamomile+Relaxation&i=hpc&s=exact-aware-popularity-rank&ref=sr_st_exact-aware-popularity-rank
Prenatal Gummy,https://www.amazon.com/s?k=Prenatal+Gummy&i=hpc&s=exact-aware-popularity-rank&ref=sr_st_exact-aware-popularity-rank
