Keyword,Links
Curl mixture,https://www.ebay.com/sch/i.html?_from=R40&_nkw=Curl+mixture&_sacat=26395&rt=nc&LH_ItemCondition=3&LH_BIN=1&rt=nc&LH_PrefLoc=1
Honey Leave-in,https://www.ebay.com/sch/i.html?_from=R40&_nkw=Honey+Leave-in&_sacat=26395&rt=nc&LH_ItemCondition=3&LH_BIN=1&rt=nc&LH_PrefLoc=1
Coconut Leave-in,https://www.ebay.com/sch/i.html?_from=R40&_nkw=Coconut+Leave-in&_sacat=26395&rt=nc&LH_ItemCondition=3&LH_BIN=1&rt=nc&LH_PrefLoc=1
Hydrating Hair Wash,https://www.ebay.com/sch/i.html?_from=R40&_nkw=Hydrating+Hair+Wash&_sacat=26395&rt=nc&LH_ItemCondition=3&LH_BIN=1&rt=nc&LH_PrefLoc=1
Shampoo vinegar,https://www.ebay.com/sch/i.html?_from=R40&_nkw=Shampoo+vinegar&_sacat=26395&rt=nc&LH_ItemCondition=3&LH_BIN=1&rt=nc&LH_PrefLoc=1
Shampoo Citrus,https://www.ebay.com/sch/i.html?_from=R40&_nkw=Shampoo+Citrus&_sacat=26395&rt=nc&LH_ItemCondition=3&LH_BIN=1&rt=nc&LH_PrefLoc=1
Cranberry Conditioner,https://www.ebay.com/sch/i.html?_from=R40&_nkw=Cranberry+Conditioner&_sacat=26395&rt=nc&LH_ItemCondition=3&LH_BIN=1&rt=nc&LH_PrefLoc=1
Restore Shampoo,https://www.ebay.com/sch/i.html?_from=R40&_nkw=Restore+Shampoo&_sacat=26395&rt=nc&LH_ItemCondition=3&LH_BIN=1&rt=nc&LH_PrefLoc=1
Anti-Frizz Kit,https://www.ebay.com/sch/i.html?_from=R40&_nkw=Anti-Frizz+Kit&_sacat=26395&rt=nc&LH_ItemCondition=3&LH_BIN=1&rt=nc&LH_PrefLoc=1
Hemp Shampoo,https://www.ebay.com/sch/i.html?_from=R40&_nkw=Hemp+Shampoo&_sacat=26395&rt=nc&LH_ItemCondition=3&LH_BIN=1&rt=nc&LH_PrefLoc=1
Shea Butter Shampoo,https://www.ebay.com/sch/i.html?_from=R40&_nkw=Shea+Butter+Shampoo&_sacat=26395&rt=nc&LH_ItemCondition=3&LH_BIN=1&rt=nc&LH_PrefLoc=1
Coconut Co-Wash,https://www.ebay.com/sch/i.html?_from=R40&_nkw=Coconut+Co-Wash&_sacat=26395&rt=nc&LH_ItemCondition=3&LH_BIN=1&rt=nc&LH_PrefLoc=1
Waves Shampoo,https://www.ebay.com/sch/i.html?_from=R40&_nkw=Waves+Shampoo&_sacat=26395&rt=nc&LH_ItemCondition=3&LH_BIN=1&rt=nc&LH_PrefLoc=1
Conditioner Beard,https://www.ebay.com/sch/i.html?_from=R40&_nkw=Conditioner+Beard&_sacat=26395&rt=nc&LH_ItemCondition=3&LH_BIN=1&rt=nc&LH_PrefLoc=1
Dandruff Treatment,https://www.ebay.com/sch/i.html?_from=R40&_nkw=Dandruff+Treatment&_sacat=26395&rt=nc&LH_ItemCondition=3&LH_BIN=1&rt=nc&LH_PrefLoc=1
Anti Dandruff Shampoo,https://www.ebay.com/sch/i.html?_from=R40&_nkw=Anti+Dandruff+Shampoo&_sacat=26395&rt=nc&LH_ItemCondition=3&LH_BIN=1&rt=nc&LH_PrefLoc=1
Curls Moisturizer,https://www.ebay.com/sch/i.html?_from=R40&_nkw=Curls+Moisturizer&_sacat=26395&rt=nc&LH_ItemCondition=3&LH_BIN=1&rt=nc&LH_PrefLoc=1
Strengthen Shampoo,https://www.ebay.com/sch/i.html?_from=R40&_nkw=Strengthen+Shampoo&_sacat=26395&rt=nc&LH_ItemCondition=3&LH_BIN=1&rt=nc&LH_PrefLoc=1
Swim Shampoo,https://www.ebay.com/sch/i.html?_from=R40&_nkw=Swim+Shampoo&_sacat=26395&rt=nc&LH_ItemCondition=3&LH_BIN=1&rt=nc&LH_PrefLoc=1
Detangler Conditioner,https://www.ebay.com/sch/i.html?_from=R40&_nkw=Detangler+Conditioner&_sacat=26395&rt=nc&LH_ItemCondition=3&LH_BIN=1&rt=nc&LH_PrefLoc=1
Leave-On Conditioner,https://www.ebay.com/sch/i.html?_from=R40&_nkw=Leave-On+Conditioner&_sacat=26395&rt=nc&LH_ItemCondition=3&LH_BIN=1&rt=nc&LH_PrefLoc=1
light shampoo,https://www.ebay.com/sch/i.html?_from=R40&_nkw=light+shampoo&_sacat=26395&rt=nc&LH_ItemCondition=3&LH_BIN=1&rt=nc&LH_PrefLoc=1
Curl Bundle,https://www.ebay.com/sch/i.html?_from=R40&_nkw=Curl+Bundle&_sacat=26395&rt=nc&LH_ItemCondition=3&LH_BIN=1&rt=nc&LH_PrefLoc=1
Detangling therapy,https://www.ebay.com/sch/i.html?_from=R40&_nkw=Detangling+therapy&_sacat=26395&rt=nc&LH_ItemCondition=3&LH_BIN=1&rt=nc&LH_PrefLoc=1
Anti-Frizz Bundle,https://www.ebay.com/sch/i.html?_from=R40&_nkw=Anti-Frizz+Bundle&_sacat=26395&rt=nc&LH_ItemCondition=3&LH_BIN=1&rt=nc&LH_PrefLoc=1
Colorcare Shampoo,https://www.ebay.com/sch/i.html?_from=R40&_nkw=Colorcare+Shampoo&_sacat=26395&rt=nc&LH_ItemCondition=3&LH_BIN=1&rt=nc&LH_PrefLoc=1
Strength shampoo,https://www.ebay.com/sch/i.html?_from=R40&_nkw=Strength+shampoo&_sacat=26395&rt=nc&LH_ItemCondition=3&LH_BIN=1&rt=nc&LH_PrefLoc=1
Delicate Shampoo,https://www.ebay.com/sch/i.html?_from=R40&_nkw=Delicate+Shampoo&_sacat=26395&rt=nc&LH_ItemCondition=3&LH_BIN=1&rt=nc&LH_PrefLoc=1
DHT Shampoo,https://www.ebay.com/sch/i.html?_from=R40&_nkw=DHT+Shampoo&_sacat=26395&rt=nc&LH_ItemCondition=3&LH_BIN=1&rt=nc&LH_PrefLoc=1
Fortifying Shampoo,https://www.ebay.com/sch/i.html?_from=R40&_nkw=Fortifying+Shampoo&_sacat=26395&rt=nc&LH_ItemCondition=3&LH_BIN=1&rt=nc&LH_PrefLoc=1
Moisture Control,https://www.ebay.com/sch/i.html?_from=R40&_nkw=Moisture+Control&_sacat=26395&rt=nc&LH_ItemCondition=3&LH_BIN=1&rt=nc&LH_PrefLoc=1
Seaweed Shampoo,https://www.ebay.com/sch/i.html?_from=R40&_nkw=Seaweed+Shampoo&_sacat=26395&rt=nc&LH_ItemCondition=3&LH_BIN=1&rt=nc&LH_PrefLoc=1
Strength Cure,https://www.ebay.com/sch/i.html?_from=R40&_nkw=Strength+Cure&_sacat=26395&rt=nc&LH_ItemCondition=3&LH_BIN=1&rt=nc&LH_PrefLoc=1
Smoothing Curl,https://www.ebay.com/sch/i.html?_from=R40&_nkw=Smoothing+Curl&_sacat=26395&rt=nc&LH_ItemCondition=3&LH_BIN=1&rt=nc&LH_PrefLoc=1
Moisture Duo,https://www.ebay.com/sch/i.html?_from=R40&_nkw=Moisture+Duo&_sacat=26395&rt=nc&LH_ItemCondition=3&LH_BIN=1&rt=nc&LH_PrefLoc=1
Shine Bundle,https://www.ebay.com/sch/i.html?_from=R40&_nkw=Shine+Bundle&_sacat=26395&rt=nc&LH_ItemCondition=3&LH_BIN=1&rt=nc&LH_PrefLoc=1
Color care,https://www.ebay.com/sch/i.html?_from=R40&_nkw=Color+care&_sacat=26395&rt=nc&LH_ItemCondition=3&LH_BIN=1&rt=nc&LH_PrefLoc=1
Volume Amplifier,https://www.ebay.com/sch/i.html?_from=R40&_nkw=Volume+Amplifier&_sacat=26395&rt=nc&LH_ItemCondition=3&LH_BIN=1&rt=nc&LH_PrefLoc=1
Hair cleanser,https://www.ebay.com/sch/i.html?_from=R40&_nkw=Hair+cleanser&_sacat=26395&rt=nc&LH_ItemCondition=3&LH_BIN=1&rt=nc&LH_PrefLoc=1
Coal Tar Shampoo,https://www.ebay.com/sch/i.html?_from=R40&_nkw=Coal+Tar+Shampoo&_sacat=26395&rt=nc&LH_ItemCondition=3&LH_BIN=1&rt=nc&LH_PrefLoc=1
Tingle Shampoo,https://www.ebay.com/sch/i.html?_from=R40&_nkw=Tingle+Shampoo&_sacat=26395&rt=nc&LH_ItemCondition=3&LH_BIN=1&rt=nc&LH_PrefLoc=1
Curls Conditioner,https://www.ebay.com/sch/i.html?_from=R40&_nkw=Curls+Conditioner&_sacat=26395&rt=nc&LH_ItemCondition=3&LH_BIN=1&rt=nc&LH_PrefLoc=1
Thirst Quenching,https://www.ebay.com/sch/i.html?_from=R40&_nkw=Thirst+Quenching&_sacat=26395&rt=nc&LH_ItemCondition=3&LH_BIN=1&rt=nc&LH_PrefLoc=1
Shampoo Bars,https://www.ebay.com/sch/i.html?_from=R40&_nkw=Shampoo+Bars&_sacat=26395&rt=nc&LH_ItemCondition=3&LH_BIN=1&rt=nc&LH_PrefLoc=1
Wig Shampoo,https://www.ebay.com/sch/i.html?_from=R40&_nkw=Wig+Shampoo&_sacat=26395&rt=nc&LH_ItemCondition=3&LH_BIN=1&rt=nc&LH_PrefLoc=1
Protein Shampoo,https://www.ebay.com/sch/i.html?_from=R40&_nkw=Protein+Shampoo&_sacat=26395&rt=nc&LH_ItemCondition=3&LH_BIN=1&rt=nc&LH_PrefLoc=1
Ultimate Repair,https://www.ebay.com/sch/i.html?_from=R40&_nkw=Ultimate+Repair&_sacat=26395&rt=nc&LH_ItemCondition=3&LH_BIN=1&rt=nc&LH_PrefLoc=1
Manuka Honey Shampoo,https://www.ebay.com/sch/i.html?_from=R40&_nkw=Manuka+Honey+Shampoo&_sacat=26395&rt=nc&LH_ItemCondition=3&LH_BIN=1&rt=nc&LH_PrefLoc=1
Green Tea Conditioner,https://www.ebay.com/sch/i.html?_from=R40&_nkw=Green+Tea+Conditioner&_sacat=26395&rt=nc&LH_ItemCondition=3&LH_BIN=1&rt=nc&LH_PrefLoc=1
Odor Free Shampoo,https://www.ebay.com/sch/i.html?_from=R40&_nkw=Odor+Free+Shampoo&_sacat=26395&rt=nc&LH_ItemCondition=3&LH_BIN=1&rt=nc&LH_PrefLoc=1
