Keyword,Links
Immunity Powder,https://www.ebay.com/sch/i.html?_from=R40&_nkw=Immunity+Powder&_sacat=26395&rt=nc&LH_ItemCondition=3&LH_BIN=1&rt=nc&LH_PrefLoc=1
Chocolate Protein,https://www.ebay.com/sch/i.html?_from=R40&_nkw=Chocolate+Protein&_sacat=26395&rt=nc&LH_ItemCondition=3&LH_BIN=1&rt=nc&LH_PrefLoc=1
Spirulina Tablets,https://www.ebay.com/sch/i.html?_from=R40&_nkw=Spirulina+Tablets&_sacat=26395&rt=nc&LH_ItemCondition=3&LH_BIN=1&rt=nc&LH_PrefLoc=1
Alfalfa Tablets,https://www.ebay.com/sch/i.html?_from=R40&_nkw=Alfalfa+Tablets&_sacat=26395&rt=nc&LH_ItemCondition=3&LH_BIN=1&rt=nc&LH_PrefLoc=1
Matcha Energy,https://www.ebay.com/sch/i.html?_from=R40&_nkw=Matcha+Energy&_sacat=26395&rt=nc&LH_ItemCondition=3&LH_BIN=1&rt=nc&LH_PrefLoc=1
HPV Support,https://www.ebay.com/sch/i.html?_from=R40&_nkw=HPV+Support&_sacat=26395&rt=nc&LH_ItemCondition=3&LH_BIN=1&rt=nc&LH_PrefLoc=1
Pet supplements,https://www.ebay.com/sch/i.html?_from=R40&_nkw=Pet+supplements&_sacat=26395&rt=nc&LH_ItemCondition=3&LH_BIN=1&rt=nc&LH_PrefLoc=1
Chlorophyll Supplement,https://www.ebay.com/sch/i.html?_from=R40&_nkw=Chlorophyll+Supplement&_sacat=26395&rt=nc&LH_ItemCondition=3&LH_BIN=1&rt=nc&LH_PrefLoc=1
Multivitamin Powder,https://www.ebay.com/sch/i.html?_from=R40&_nkw=Multivitamin+Powder&_sacat=26395&rt=nc&LH_ItemCondition=3&LH_BIN=1&rt=nc&LH_PrefLoc=1
Mushroom Drops,https://www.ebay.com/sch/i.html?_from=R40&_nkw=Mushroom+Drops&_sacat=26395&rt=nc&LH_ItemCondition=3&LH_BIN=1&rt=nc&LH_PrefLoc=1
Chlorophyll Softgels,https://www.ebay.com/sch/i.html?_from=R40&_nkw=Chlorophyll+Softgels&_sacat=26395&rt=nc&LH_ItemCondition=3&LH_BIN=1&rt=nc&LH_PrefLoc=1
Mushroom Elixir,https://www.ebay.com/sch/i.html?_from=R40&_nkw=Mushroom+Elixir&_sacat=26395&rt=nc&LH_ItemCondition=3&LH_BIN=1&rt=nc&LH_PrefLoc=1
Chlorophyll Concentrate,https://www.ebay.com/sch/i.html?_from=R40&_nkw=Chlorophyll+Concentrate&_sacat=26395&rt=nc&LH_ItemCondition=3&LH_BIN=1&rt=nc&LH_PrefLoc=1
Goji Berry,https://www.ebay.com/sch/i.html?_from=R40&_nkw=Goji+Berry&_sacat=26395&rt=nc&LH_ItemCondition=3&LH_BIN=1&rt=nc&LH_PrefLoc=1
Cider Probiotics,https://www.ebay.com/sch/i.html?_from=R40&_nkw=Cider+Probiotics&_sacat=26395&rt=nc&LH_ItemCondition=3&LH_BIN=1&rt=nc&LH_PrefLoc=1
Energy tablets,https://www.ebay.com/sch/i.html?_from=R40&_nkw=Energy+tablets&_sacat=26395&rt=nc&LH_ItemCondition=3&LH_BIN=1&rt=nc&LH_PrefLoc=1
Spirulina Supplement,https://www.ebay.com/sch/i.html?_from=R40&_nkw=Spirulina+Supplement&_sacat=26395&rt=nc&LH_ItemCondition=3&LH_BIN=1&rt=nc&LH_PrefLoc=1
Cordyceps Capsules,https://www.ebay.com/sch/i.html?_from=R40&_nkw=Cordyceps+Capsules&_sacat=26395&rt=nc&LH_ItemCondition=3&LH_BIN=1&rt=nc&LH_PrefLoc=1
Reishi Powder,https://www.ebay.com/sch/i.html?_from=R40&_nkw=Reishi+Powder&_sacat=26395&rt=nc&LH_ItemCondition=3&LH_BIN=1&rt=nc&LH_PrefLoc=1
Gut Gummies,https://www.ebay.com/sch/i.html?_from=R40&_nkw=Gut+Gummies&_sacat=26395&rt=nc&LH_ItemCondition=3&LH_BIN=1&rt=nc&LH_PrefLoc=1
Testosterone Gummies,https://www.ebay.com/sch/i.html?_from=R40&_nkw=Testosterone+Gummies&_sacat=26395&rt=nc&LH_ItemCondition=3&LH_BIN=1&rt=nc&LH_PrefLoc=1
Propolis Powder,https://www.ebay.com/sch/i.html?_from=R40&_nkw=Propolis+Powder&_sacat=26395&rt=nc&LH_ItemCondition=3&LH_BIN=1&rt=nc&LH_PrefLoc=1
Pollen Extract,https://www.ebay.com/sch/i.html?_from=R40&_nkw=Pollen+Extract&_sacat=26395&rt=nc&LH_ItemCondition=3&LH_BIN=1&rt=nc&LH_PrefLoc=1
Reishi Supplement,https://www.ebay.com/sch/i.html?_from=R40&_nkw=Reishi+Supplement&_sacat=26395&rt=nc&LH_ItemCondition=3&LH_BIN=1&rt=nc&LH_PrefLoc=1
Kids Protein,https://www.ebay.com/sch/i.html?_from=R40&_nkw=Kids+Protein&_sacat=26395&rt=nc&LH_ItemCondition=3&LH_BIN=1&rt=nc&LH_PrefLoc=1
Goji Juice,https://www.ebay.com/sch/i.html?_from=R40&_nkw=Goji+Juice&_sacat=26395&rt=nc&LH_ItemCondition=3&LH_BIN=1&rt=nc&LH_PrefLoc=1
Kids Superfood,https://www.ebay.com/sch/i.html?_from=R40&_nkw=Kids+Superfood&_sacat=26395&rt=nc&LH_ItemCondition=3&LH_BIN=1&rt=nc&LH_PrefLoc=1
Garcinia Fat Burner,https://www.ebay.com/sch/i.html?_from=R40&_nkw=Garcinia+Fat+Burner&_sacat=26395&rt=nc&LH_ItemCondition=3&LH_BIN=1&rt=nc&LH_PrefLoc=1
Probiotic Powder,https://www.ebay.com/sch/i.html?_from=R40&_nkw=Probiotic+Powder&_sacat=26395&rt=nc&LH_ItemCondition=3&LH_BIN=1&rt=nc&LH_PrefLoc=1
Shiitake Powder,https://www.ebay.com/sch/i.html?_from=R40&_nkw=Shiitake+Powder&_sacat=26395&rt=nc&LH_ItemCondition=3&LH_BIN=1&rt=nc&LH_PrefLoc=1
Vision support,https://www.ebay.com/sch/i.html?_from=R40&_nkw=Vision+support&_sacat=26395&rt=nc&LH_ItemCondition=3&LH_BIN=1&rt=nc&LH_PrefLoc=1
Chlorophyll Deodorant,https://www.ebay.com/sch/i.html?_from=R40&_nkw=Chlorophyll+Deodorant&_sacat=26395&rt=nc&LH_ItemCondition=3&LH_BIN=1&rt=nc&LH_PrefLoc=1
Liver Support,https://www.ebay.com/sch/i.html?_from=R40&_nkw=Liver+Support&_sacat=26395&rt=nc&LH_ItemCondition=3&LH_BIN=1&rt=nc&LH_PrefLoc=1
Cider Vinegar,https://www.ebay.com/sch/i.html?_from=R40&_nkw=Cider+Vinegar&_sacat=26395&rt=nc&LH_ItemCondition=3&LH_BIN=1&rt=nc&LH_PrefLoc=1
Immunity Pills,https://www.ebay.com/sch/i.html?_from=R40&_nkw=Immunity+Pills&_sacat=26395&rt=nc&LH_ItemCondition=3&LH_BIN=1&rt=nc&LH_PrefLoc=1
Moringa Drops,https://www.ebay.com/sch/i.html?_from=R40&_nkw=Moringa+Drops&_sacat=26395&rt=nc&LH_ItemCondition=3&LH_BIN=1&rt=nc&LH_PrefLoc=1
Chlorophyll Tablets,https://www.ebay.com/sch/i.html?_from=R40&_nkw=Chlorophyll+Tablets&_sacat=26395&rt=nc&LH_ItemCondition=3&LH_BIN=1&rt=nc&LH_PrefLoc=1
Chaga Extract,https://www.ebay.com/sch/i.html?_from=R40&_nkw=Chaga+Extract&_sacat=26395&rt=nc&LH_ItemCondition=3&LH_BIN=1&rt=nc&LH_PrefLoc=1
Moringa Liquid,https://www.ebay.com/sch/i.html?_from=R40&_nkw=Moringa+Liquid&_sacat=26395&rt=nc&LH_ItemCondition=3&LH_BIN=1&rt=nc&LH_PrefLoc=1
Pressed Serum,https://www.ebay.com/sch/i.html?_from=R40&_nkw=Pressed+Serum&_sacat=26395&rt=nc&LH_ItemCondition=3&LH_BIN=1&rt=nc&LH_PrefLoc=1
Garcinia Vinegar,https://www.ebay.com/sch/i.html?_from=R40&_nkw=Garcinia+Vinegar&_sacat=26395&rt=nc&LH_ItemCondition=3&LH_BIN=1&rt=nc&LH_PrefLoc=1
Shiitake Mushroom,https://www.ebay.com/sch/i.html?_from=R40&_nkw=Shiitake+Mushroom&_sacat=26395&rt=nc&LH_ItemCondition=3&LH_BIN=1&rt=nc&LH_PrefLoc=1
Wolfberry Powder,https://www.ebay.com/sch/i.html?_from=R40&_nkw=Wolfberry+Powder&_sacat=26395&rt=nc&LH_ItemCondition=3&LH_BIN=1&rt=nc&LH_PrefLoc=1
Deep Conditioning,https://www.ebay.com/sch/i.html?_from=R40&_nkw=Deep+Conditioning&_sacat=26395&rt=nc&LH_ItemCondition=3&LH_BIN=1&rt=nc&LH_PrefLoc=1
Acai Berry,https://www.ebay.com/sch/i.html?_from=R40&_nkw=Acai+Berry&_sacat=26395&rt=nc&LH_ItemCondition=3&LH_BIN=1&rt=nc&LH_PrefLoc=1
Polyphenol Drink,https://www.ebay.com/sch/i.html?_from=R40&_nkw=Polyphenol+Drink&_sacat=26395&rt=nc&LH_ItemCondition=3&LH_BIN=1&rt=nc&LH_PrefLoc=1
Weight Loss Gummies,https://www.ebay.com/sch/i.html?_from=R40&_nkw=Weight+Loss+Gummies&_sacat=26395&rt=nc&LH_ItemCondition=3&LH_BIN=1&rt=nc&LH_PrefLoc=1
Gelatinized Maca,https://www.ebay.com/sch/i.html?_from=R40&_nkw=Gelatinized+Maca&_sacat=26395&rt=nc&LH_ItemCondition=3&LH_BIN=1&rt=nc&LH_PrefLoc=1
Mushroom Energy,https://www.ebay.com/sch/i.html?_from=R40&_nkw=Mushroom+Energy&_sacat=26395&rt=nc&LH_ItemCondition=3&LH_BIN=1&rt=nc&LH_PrefLoc=1
Super Fruits,https://www.ebay.com/sch/i.html?_from=R40&_nkw=Super+Fruits&_sacat=26395&rt=nc&LH_ItemCondition=3&LH_BIN=1&rt=nc&LH_PrefLoc=1
