Keyword,Links
Argan Mask,https://www.ebay.com/sch/i.html?_from=R40&_nkw=Argan+Mask&_sacat=26395&rt=nc&LH_ItemCondition=3&LH_BIN=1&rt=nc&LH_PrefLoc=1
Foam Lotion,https://www.ebay.com/sch/i.html?_from=R40&_nkw=Foam+Lotion&_sacat=26395&rt=nc&LH_ItemCondition=3&LH_BIN=1&rt=nc&LH_PrefLoc=1
Pimento Oil,https://www.ebay.com/sch/i.html?_from=R40&_nkw=Pimento+Oil&_sacat=26395&rt=nc&LH_ItemCondition=3&LH_BIN=1&rt=nc&LH_PrefLoc=1
Revitalizing Masque,https://www.ebay.com/sch/i.html?_from=R40&_nkw=Revitalizing+Masque&_sacat=26395&rt=nc&LH_ItemCondition=3&LH_BIN=1&rt=nc&LH_PrefLoc=1
Peppermint Oil,https://www.ebay.com/sch/i.html?_from=R40&_nkw=Peppermint+Oil&_sacat=26395&rt=nc&LH_ItemCondition=3&LH_BIN=1&rt=nc&LH_PrefLoc=1
Coconut Hibiscus,https://www.ebay.com/sch/i.html?_from=R40&_nkw=Coconut+Hibiscus&_sacat=26395&rt=nc&LH_ItemCondition=3&LH_BIN=1&rt=nc&LH_PrefLoc=1
Detangling Primer,https://www.ebay.com/sch/i.html?_from=R40&_nkw=Detangling+Primer&_sacat=26395&rt=nc&LH_ItemCondition=3&LH_BIN=1&rt=nc&LH_PrefLoc=1
Safflower Oil,https://www.ebay.com/sch/i.html?_from=R40&_nkw=Safflower+Oil&_sacat=26395&rt=nc&LH_ItemCondition=3&LH_BIN=1&rt=nc&LH_PrefLoc=1
Rose Hip Oil,https://www.ebay.com/sch/i.html?_from=R40&_nkw=Rose+Hip+Oil&_sacat=26395&rt=nc&LH_ItemCondition=3&LH_BIN=1&rt=nc&LH_PrefLoc=1
Heat protector,https://www.ebay.com/sch/i.html?_from=R40&_nkw=Heat+protector&_sacat=26395&rt=nc&LH_ItemCondition=3&LH_BIN=1&rt=nc&LH_PrefLoc=1
Curls Treatment,https://www.ebay.com/sch/i.html?_from=R40&_nkw=Curls+Treatment&_sacat=26395&rt=nc&LH_ItemCondition=3&LH_BIN=1&rt=nc&LH_PrefLoc=1
Curl Boosting,https://www.ebay.com/sch/i.html?_from=R40&_nkw=Curl+Boosting&_sacat=26395&rt=nc&LH_ItemCondition=3&LH_BIN=1&rt=nc&LH_PrefLoc=1
Ginger Hair Oil,https://www.ebay.com/sch/i.html?_from=R40&_nkw=Ginger+Hair+Oil&_sacat=26395&rt=nc&LH_ItemCondition=3&LH_BIN=1&rt=nc&LH_PrefLoc=1
Hair Thickener,https://www.ebay.com/sch/i.html?_from=R40&_nkw=Hair+Thickener&_sacat=26395&rt=nc&LH_ItemCondition=3&LH_BIN=1&rt=nc&LH_PrefLoc=1
Almond Oil,https://www.ebay.com/sch/i.html?_from=R40&_nkw=Almond+Oil&_sacat=26395&rt=nc&LH_ItemCondition=3&LH_BIN=1&rt=nc&LH_PrefLoc=1
Abyssinian Oil,https://www.ebay.com/sch/i.html?_from=R40&_nkw=Abyssinian+Oil&_sacat=26395&rt=nc&LH_ItemCondition=3&LH_BIN=1&rt=nc&LH_PrefLoc=1
Argan Lavender,https://www.ebay.com/sch/i.html?_from=R40&_nkw=Argan+Lavender&_sacat=26395&rt=nc&LH_ItemCondition=3&LH_BIN=1&rt=nc&LH_PrefLoc=1
Hair Capsules,https://www.ebay.com/sch/i.html?_from=R40&_nkw=Hair+Capsules&_sacat=26395&rt=nc&LH_ItemCondition=3&LH_BIN=1&rt=nc&LH_PrefLoc=1
Jojoba Oil,https://www.ebay.com/sch/i.html?_from=R40&_nkw=Jojoba+Oil&_sacat=26395&rt=nc&LH_ItemCondition=3&LH_BIN=1&rt=nc&LH_PrefLoc=1
Rosemary Oil,https://www.ebay.com/sch/i.html?_from=R40&_nkw=Rosemary+Oil&_sacat=26395&rt=nc&LH_ItemCondition=3&LH_BIN=1&rt=nc&LH_PrefLoc=1
Curl co-wash,https://www.ebay.com/sch/i.html?_from=R40&_nkw=Curl+co-wash&_sacat=26395&rt=nc&LH_ItemCondition=3&LH_BIN=1&rt=nc&LH_PrefLoc=1
Argan Hair Oil,https://www.ebay.com/sch/i.html?_from=R40&_nkw=Argan+Hair+Oil&_sacat=26395&rt=nc&LH_ItemCondition=3&LH_BIN=1&rt=nc&LH_PrefLoc=1
Fermented Rice Oil,https://www.ebay.com/sch/i.html?_from=R40&_nkw=Fermented+Rice+Oil&_sacat=26395&rt=nc&LH_ItemCondition=3&LH_BIN=1&rt=nc&LH_PrefLoc=1
Shea Oil,https://www.ebay.com/sch/i.html?_from=R40&_nkw=Shea+Oil&_sacat=26395&rt=nc&LH_ItemCondition=3&LH_BIN=1&rt=nc&LH_PrefLoc=1
Natural hair,https://www.ebay.com/sch/i.html?_from=R40&_nkw=Natural+hair&_sacat=26395&rt=nc&LH_ItemCondition=3&LH_BIN=1&rt=nc&LH_PrefLoc=1
Hair Oil Applicator,https://www.ebay.com/sch/i.html?_from=R40&_nkw=Hair+Oil+Applicator&_sacat=26395&rt=nc&LH_ItemCondition=3&LH_BIN=1&rt=nc&LH_PrefLoc=1
Hair regimen,https://www.ebay.com/sch/i.html?_from=R40&_nkw=Hair+regimen&_sacat=26395&rt=nc&LH_ItemCondition=3&LH_BIN=1&rt=nc&LH_PrefLoc=1
Curly Oil,https://www.ebay.com/sch/i.html?_from=R40&_nkw=Curly+Oil&_sacat=26395&rt=nc&LH_ItemCondition=3&LH_BIN=1&rt=nc&LH_PrefLoc=1
Hair Powder,https://www.ebay.com/sch/i.html?_from=R40&_nkw=Hair+Powder&_sacat=26395&rt=nc&LH_ItemCondition=3&LH_BIN=1&rt=nc&LH_PrefLoc=1
Curling Oil,https://www.ebay.com/sch/i.html?_from=R40&_nkw=Curling+Oil&_sacat=26395&rt=nc&LH_ItemCondition=3&LH_BIN=1&rt=nc&LH_PrefLoc=1
Retro Comb,https://www.ebay.com/sch/i.html?_from=R40&_nkw=Retro+Comb&_sacat=26395&rt=nc&LH_ItemCondition=3&LH_BIN=1&rt=nc&LH_PrefLoc=1
Hair Applicator,https://www.ebay.com/sch/i.html?_from=R40&_nkw=Hair+Applicator&_sacat=26395&rt=nc&LH_ItemCondition=3&LH_BIN=1&rt=nc&LH_PrefLoc=1
Hair Comb,https://www.ebay.com/sch/i.html?_from=R40&_nkw=Hair+Comb&_sacat=26395&rt=nc&LH_ItemCondition=3&LH_BIN=1&rt=nc&LH_PrefLoc=1
Hair Sprayer,https://www.ebay.com/sch/i.html?_from=R40&_nkw=Hair+Sprayer&_sacat=26395&rt=nc&LH_ItemCondition=3&LH_BIN=1&rt=nc&LH_PrefLoc=1
Hair Oil Combs,https://www.ebay.com/sch/i.html?_from=R40&_nkw=Hair+Oil+Combs&_sacat=26395&rt=nc&LH_ItemCondition=3&LH_BIN=1&rt=nc&LH_PrefLoc=1
Hair Dye Applicator,https://www.ebay.com/sch/i.html?_from=R40&_nkw=Hair+Dye+Applicator&_sacat=26395&rt=nc&LH_ItemCondition=3&LH_BIN=1&rt=nc&LH_PrefLoc=1
Wide Tooth Comb,https://www.ebay.com/sch/i.html?_from=R40&_nkw=Wide+Tooth+Comb&_sacat=26395&rt=nc&LH_ItemCondition=3&LH_BIN=1&rt=nc&LH_PrefLoc=1
Hair Dye Bowl,https://www.ebay.com/sch/i.html?_from=R40&_nkw=Hair+Dye+Bowl&_sacat=26395&rt=nc&LH_ItemCondition=3&LH_BIN=1&rt=nc&LH_PrefLoc=1
Hair Dyeing Tools,https://www.ebay.com/sch/i.html?_from=R40&_nkw=Hair+Dyeing+Tools&_sacat=26395&rt=nc&LH_ItemCondition=3&LH_BIN=1&rt=nc&LH_PrefLoc=1
Jade Comb,https://www.ebay.com/sch/i.html?_from=R40&_nkw=Jade+Comb&_sacat=26395&rt=nc&LH_ItemCondition=3&LH_BIN=1&rt=nc&LH_PrefLoc=1
Highlight Comb,https://www.ebay.com/sch/i.html?_from=R40&_nkw=Highlight+Comb&_sacat=26395&rt=nc&LH_ItemCondition=3&LH_BIN=1&rt=nc&LH_PrefLoc=1
Hair Perfume,https://www.ebay.com/sch/i.html?_from=R40&_nkw=Hair+Perfume&_sacat=26395&rt=nc&LH_ItemCondition=3&LH_BIN=1&rt=nc&LH_PrefLoc=1
Color Wigs,https://www.ebay.com/sch/i.html?_from=R40&_nkw=Color+Wigs&_sacat=26395&rt=nc&LH_ItemCondition=3&LH_BIN=1&rt=nc&LH_PrefLoc=1
Hair dye,https://www.ebay.com/sch/i.html?_from=R40&_nkw=Hair+dye&_sacat=26395&rt=nc&LH_ItemCondition=3&LH_BIN=1&rt=nc&LH_PrefLoc=1
Curly Hair Comb,https://www.ebay.com/sch/i.html?_from=R40&_nkw=Curly+Hair+Comb&_sacat=26395&rt=nc&LH_ItemCondition=3&LH_BIN=1&rt=nc&LH_PrefLoc=1
Hair dye comb,https://www.ebay.com/sch/i.html?_from=R40&_nkw=Hair+dye+comb&_sacat=26395&rt=nc&LH_ItemCondition=3&LH_BIN=1&rt=nc&LH_PrefLoc=1
Baking Oil,https://www.ebay.com/sch/i.html?_from=R40&_nkw=Baking+Oil&_sacat=26395&rt=nc&LH_ItemCondition=3&LH_BIN=1&rt=nc&LH_PrefLoc=1
Frizz Repair,https://www.ebay.com/sch/i.html?_from=R40&_nkw=Frizz+Repair&_sacat=26395&rt=nc&LH_ItemCondition=3&LH_BIN=1&rt=nc&LH_PrefLoc=1
Hair Dye Cap,https://www.ebay.com/sch/i.html?_from=R40&_nkw=Hair+Dye+Cap&_sacat=26395&rt=nc&LH_ItemCondition=3&LH_BIN=1&rt=nc&LH_PrefLoc=1
Nourishing Hair,https://www.ebay.com/sch/i.html?_from=R40&_nkw=Nourishing+Hair&_sacat=26395&rt=nc&LH_ItemCondition=3&LH_BIN=1&rt=nc&LH_PrefLoc=1
