Keyword,Links
Overnight Therapy,https://www.ebay.com/sch/i.html?_from=R40&_nkw=Overnight+Therapy&_sacat=26395&rt=nc&LH_ItemCondition=3&LH_BIN=1&rt=nc&LH_PrefLoc=1
Mineral Foundation,https://www.ebay.com/sch/i.html?_from=R40&_nkw=Mineral+Foundation&_sacat=26395&rt=nc&LH_ItemCondition=3&LH_BIN=1&rt=nc&LH_PrefLoc=1
Finishing Powder,https://www.ebay.com/sch/i.html?_from=R40&_nkw=Finishing+Powder&_sacat=26395&rt=nc&LH_ItemCondition=3&LH_BIN=1&rt=nc&LH_PrefLoc=1
Curly serum,https://www.ebay.com/sch/i.html?_from=R40&_nkw=Curly+serum&_sacat=26395&rt=nc&LH_ItemCondition=3&LH_BIN=1&rt=nc&LH_PrefLoc=1
Oily hair,https://www.ebay.com/sch/i.html?_from=R40&_nkw=Oily+hair&_sacat=26395&rt=nc&LH_ItemCondition=3&LH_BIN=1&rt=nc&LH_PrefLoc=1
Lip oil,https://www.ebay.com/sch/i.html?_from=R40&_nkw=Lip+oil&_sacat=26395&rt=nc&LH_ItemCondition=3&LH_BIN=1&rt=nc&LH_PrefLoc=1
Plump Lip Balm,https://www.ebay.com/sch/i.html?_from=R40&_nkw=Plump+Lip+Balm&_sacat=26395&rt=nc&LH_ItemCondition=3&LH_BIN=1&rt=nc&LH_PrefLoc=1
Miracle Shaving,https://www.ebay.com/sch/i.html?_from=R40&_nkw=Miracle+Shaving&_sacat=26395&rt=nc&LH_ItemCondition=3&LH_BIN=1&rt=nc&LH_PrefLoc=1
Loose Eyecolor,https://www.ebay.com/sch/i.html?_from=R40&_nkw=Loose+Eyecolor&_sacat=26395&rt=nc&LH_ItemCondition=3&LH_BIN=1&rt=nc&LH_PrefLoc=1
Zinc Sunscreen,https://www.ebay.com/sch/i.html?_from=R40&_nkw=Zinc+Sunscreen&_sacat=26395&rt=nc&LH_ItemCondition=3&LH_BIN=1&rt=nc&LH_PrefLoc=1
Lip scrub,https://www.ebay.com/sch/i.html?_from=R40&_nkw=Lip+scrub&_sacat=26395&rt=nc&LH_ItemCondition=3&LH_BIN=1&rt=nc&LH_PrefLoc=1
Double-Foil Shaver,https://www.ebay.com/sch/i.html?_from=R40&_nkw=Double-Foil+Shaver&_sacat=26395&rt=nc&LH_ItemCondition=3&LH_BIN=1&rt=nc&LH_PrefLoc=1
Aqua Kiss Lotion,https://www.ebay.com/sch/i.html?_from=R40&_nkw=Aqua+Kiss+Lotion&_sacat=26395&rt=nc&LH_ItemCondition=3&LH_BIN=1&rt=nc&LH_PrefLoc=1
Oil Cleanser,https://www.ebay.com/sch/i.html?_from=R40&_nkw=Oil+Cleanser&_sacat=26395&rt=nc&LH_ItemCondition=3&LH_BIN=1&rt=nc&LH_PrefLoc=1
Hair clay,https://www.ebay.com/sch/i.html?_from=R40&_nkw=Hair+clay&_sacat=26395&rt=nc&LH_ItemCondition=3&LH_BIN=1&rt=nc&LH_PrefLoc=1
Sandalwood Lotion,https://www.ebay.com/sch/i.html?_from=R40&_nkw=Sandalwood+Lotion&_sacat=26395&rt=nc&LH_ItemCondition=3&LH_BIN=1&rt=nc&LH_PrefLoc=1
Thickening Glue,https://www.ebay.com/sch/i.html?_from=R40&_nkw=Thickening+Glue&_sacat=26395&rt=nc&LH_ItemCondition=3&LH_BIN=1&rt=nc&LH_PrefLoc=1
Plumping Gloss,https://www.ebay.com/sch/i.html?_from=R40&_nkw=Plumping+Gloss&_sacat=26395&rt=nc&LH_ItemCondition=3&LH_BIN=1&rt=nc&LH_PrefLoc=1
Fragrance Gift,https://www.ebay.com/sch/i.html?_from=R40&_nkw=Fragrance+Gift&_sacat=26395&rt=nc&LH_ItemCondition=3&LH_BIN=1&rt=nc&LH_PrefLoc=1
Neck sunscreen,https://www.ebay.com/sch/i.html?_from=R40&_nkw=Neck+sunscreen&_sacat=26395&rt=nc&LH_ItemCondition=3&LH_BIN=1&rt=nc&LH_PrefLoc=1
Gloss Balm,https://www.ebay.com/sch/i.html?_from=R40&_nkw=Gloss+Balm&_sacat=26395&rt=nc&LH_ItemCondition=3&LH_BIN=1&rt=nc&LH_PrefLoc=1
Nano Titanium,https://www.ebay.com/sch/i.html?_from=R40&_nkw=Nano+Titanium&_sacat=26395&rt=nc&LH_ItemCondition=3&LH_BIN=1&rt=nc&LH_PrefLoc=1
Very Sexy,https://www.ebay.com/sch/i.html?_from=R40&_nkw=Very+Sexy&_sacat=26395&rt=nc&LH_ItemCondition=3&LH_BIN=1&rt=nc&LH_PrefLoc=1
Volume Mascara,https://www.ebay.com/sch/i.html?_from=R40&_nkw=Volume+Mascara&_sacat=26395&rt=nc&LH_ItemCondition=3&LH_BIN=1&rt=nc&LH_PrefLoc=1
Foundation Brush,https://www.ebay.com/sch/i.html?_from=R40&_nkw=Foundation+Brush&_sacat=26395&rt=nc&LH_ItemCondition=3&LH_BIN=1&rt=nc&LH_PrefLoc=1
Retinol Night Cream,https://www.ebay.com/sch/i.html?_from=R40&_nkw=Retinol+Night+Cream&_sacat=26395&rt=nc&LH_ItemCondition=3&LH_BIN=1&rt=nc&LH_PrefLoc=1
Heavenly Lotion,https://www.ebay.com/sch/i.html?_from=R40&_nkw=Heavenly+Lotion&_sacat=26395&rt=nc&LH_ItemCondition=3&LH_BIN=1&rt=nc&LH_PrefLoc=1
Satin Lipstick,https://www.ebay.com/sch/i.html?_from=R40&_nkw=Satin+Lipstick&_sacat=26395&rt=nc&LH_ItemCondition=3&LH_BIN=1&rt=nc&LH_PrefLoc=1
Highlighting Blush,https://www.ebay.com/sch/i.html?_from=R40&_nkw=Highlighting+Blush&_sacat=26395&rt=nc&LH_ItemCondition=3&LH_BIN=1&rt=nc&LH_PrefLoc=1
Ergonomic Clipper,https://www.ebay.com/sch/i.html?_from=R40&_nkw=Ergonomic+Clipper&_sacat=26395&rt=nc&LH_ItemCondition=3&LH_BIN=1&rt=nc&LH_PrefLoc=1
Eyeliner Onyx,https://www.ebay.com/sch/i.html?_from=R40&_nkw=Eyeliner+Onyx&_sacat=26395&rt=nc&LH_ItemCondition=3&LH_BIN=1&rt=nc&LH_PrefLoc=1
Serum Mascara,https://www.ebay.com/sch/i.html?_from=R40&_nkw=Serum+Mascara&_sacat=26395&rt=nc&LH_ItemCondition=3&LH_BIN=1&rt=nc&LH_PrefLoc=1
Blowout Kit,https://www.ebay.com/sch/i.html?_from=R40&_nkw=Blowout+Kit&_sacat=26395&rt=nc&LH_ItemCondition=3&LH_BIN=1&rt=nc&LH_PrefLoc=1
Loose Concealer,https://www.ebay.com/sch/i.html?_from=R40&_nkw=Loose+Concealer&_sacat=26395&rt=nc&LH_ItemCondition=3&LH_BIN=1&rt=nc&LH_PrefLoc=1
Cleansing Cream,https://www.ebay.com/sch/i.html?_from=R40&_nkw=Cleansing+Cream&_sacat=26395&rt=nc&LH_ItemCondition=3&LH_BIN=1&rt=nc&LH_PrefLoc=1
Daring Perfume,https://www.ebay.com/sch/i.html?_from=R40&_nkw=Daring+Perfume&_sacat=26395&rt=nc&LH_ItemCondition=3&LH_BIN=1&rt=nc&LH_PrefLoc=1
Foundation Serum,https://www.ebay.com/sch/i.html?_from=R40&_nkw=Foundation+Serum&_sacat=26395&rt=nc&LH_ItemCondition=3&LH_BIN=1&rt=nc&LH_PrefLoc=1
Hydrasoft Conditioner,https://www.ebay.com/sch/i.html?_from=R40&_nkw=Hydrasoft+Conditioner&_sacat=26395&rt=nc&LH_ItemCondition=3&LH_BIN=1&rt=nc&LH_PrefLoc=1
Glossing conditioner,https://www.ebay.com/sch/i.html?_from=R40&_nkw=Glossing+conditioner&_sacat=26395&rt=nc&LH_ItemCondition=3&LH_BIN=1&rt=nc&LH_PrefLoc=1
Sunscreen Gel,https://www.ebay.com/sch/i.html?_from=R40&_nkw=Sunscreen+Gel&_sacat=26395&rt=nc&LH_ItemCondition=3&LH_BIN=1&rt=nc&LH_PrefLoc=1
Face Cleanser,https://www.ebay.com/sch/i.html?_from=R40&_nkw=Face+Cleanser&_sacat=26395&rt=nc&LH_ItemCondition=3&LH_BIN=1&rt=nc&LH_PrefLoc=1
Everyday Shampoo,https://www.ebay.com/sch/i.html?_from=R40&_nkw=Everyday+Shampoo&_sacat=26395&rt=nc&LH_ItemCondition=3&LH_BIN=1&rt=nc&LH_PrefLoc=1
Hydrate Conditioner,https://www.ebay.com/sch/i.html?_from=R40&_nkw=Hydrate+Conditioner&_sacat=26395&rt=nc&LH_ItemCondition=3&LH_BIN=1&rt=nc&LH_PrefLoc=1
Disinfecting Shaver,https://www.ebay.com/sch/i.html?_from=R40&_nkw=Disinfecting+Shaver&_sacat=26395&rt=nc&LH_ItemCondition=3&LH_BIN=1&rt=nc&LH_PrefLoc=1
Anti-Frizz Conditioner,https://www.ebay.com/sch/i.html?_from=R40&_nkw=Anti-Frizz+Conditioner&_sacat=26395&rt=nc&LH_ItemCondition=3&LH_BIN=1&rt=nc&LH_PrefLoc=1
Ginger Cream,https://www.ebay.com/sch/i.html?_from=R40&_nkw=Ginger+Cream&_sacat=26395&rt=nc&LH_ItemCondition=3&LH_BIN=1&rt=nc&LH_PrefLoc=1
Mineral remover,https://www.ebay.com/sch/i.html?_from=R40&_nkw=Mineral+remover&_sacat=26395&rt=nc&LH_ItemCondition=3&LH_BIN=1&rt=nc&LH_PrefLoc=1
Eyeshadow Shade,https://www.ebay.com/sch/i.html?_from=R40&_nkw=Eyeshadow+Shade&_sacat=26395&rt=nc&LH_ItemCondition=3&LH_BIN=1&rt=nc&LH_PrefLoc=1
Spray Wax,https://www.ebay.com/sch/i.html?_from=R40&_nkw=Spray+Wax&_sacat=26395&rt=nc&LH_ItemCondition=3&LH_BIN=1&rt=nc&LH_PrefLoc=1
Hydrasoft Shampoo,https://www.ebay.com/sch/i.html?_from=R40&_nkw=Hydrasoft+Shampoo&_sacat=26395&rt=nc&LH_ItemCondition=3&LH_BIN=1&rt=nc&LH_PrefLoc=1
