Keyword,Links
Regenerative Night Cream,https://www.ebay.com/sch/i.html?_from=R40&_nkw=Regenerative+Night+Cream&_sacat=26395&rt=nc&LH_ItemCondition=3&LH_BIN=1&rt=nc&LH_PrefLoc=1
Beach mist,https://www.ebay.com/sch/i.html?_from=R40&_nkw=Beach+mist&_sacat=26395&rt=nc&LH_ItemCondition=3&LH_BIN=1&rt=nc&LH_PrefLoc=1
Even Skintone,https://www.ebay.com/sch/i.html?_from=R40&_nkw=Even+Skintone&_sacat=26395&rt=nc&LH_ItemCondition=3&LH_BIN=1&rt=nc&LH_PrefLoc=1
Light Moisturizer,https://www.ebay.com/sch/i.html?_from=R40&_nkw=Light+Moisturizer&_sacat=26395&rt=nc&LH_ItemCondition=3&LH_BIN=1&rt=nc&LH_PrefLoc=1
Microdermabrasion Oil,https://www.ebay.com/sch/i.html?_from=R40&_nkw=Microdermabrasion+Oil&_sacat=26395&rt=nc&LH_ItemCondition=3&LH_BIN=1&rt=nc&LH_PrefLoc=1
Oil control moisturizer,https://www.ebay.com/sch/i.html?_from=R40&_nkw=Oil+control+moisturizer&_sacat=26395&rt=nc&LH_ItemCondition=3&LH_BIN=1&rt=nc&LH_PrefLoc=1
Hand treatment,https://www.ebay.com/sch/i.html?_from=R40&_nkw=Hand+treatment&_sacat=26395&rt=nc&LH_ItemCondition=3&LH_BIN=1&rt=nc&LH_PrefLoc=1
Radiance cream,https://www.ebay.com/sch/i.html?_from=R40&_nkw=Radiance+cream&_sacat=26395&rt=nc&LH_ItemCondition=3&LH_BIN=1&rt=nc&LH_PrefLoc=1
Cellufirm Moisturizer,https://www.ebay.com/sch/i.html?_from=R40&_nkw=Cellufirm+Moisturizer&_sacat=26395&rt=nc&LH_ItemCondition=3&LH_BIN=1&rt=nc&LH_PrefLoc=1
Body exfoliant,https://www.ebay.com/sch/i.html?_from=R40&_nkw=Body+exfoliant&_sacat=26395&rt=nc&LH_ItemCondition=3&LH_BIN=1&rt=nc&LH_PrefLoc=1
Facial Mask,https://www.ebay.com/sch/i.html?_from=R40&_nkw=Facial+Mask&_sacat=26395&rt=nc&LH_ItemCondition=3&LH_BIN=1&rt=nc&LH_PrefLoc=1
Cleanser Ornament,https://www.ebay.com/sch/i.html?_from=R40&_nkw=Cleanser+Ornament&_sacat=26395&rt=nc&LH_ItemCondition=3&LH_BIN=1&rt=nc&LH_PrefLoc=1
Sensitive Cleanse,https://www.ebay.com/sch/i.html?_from=R40&_nkw=Sensitive+Cleanse&_sacat=26395&rt=nc&LH_ItemCondition=3&LH_BIN=1&rt=nc&LH_PrefLoc=1
Juvenile cream,https://www.ebay.com/sch/i.html?_from=R40&_nkw=Juvenile+cream&_sacat=26395&rt=nc&LH_ItemCondition=3&LH_BIN=1&rt=nc&LH_PrefLoc=1
Blemish Treatment,https://www.ebay.com/sch/i.html?_from=R40&_nkw=Blemish+Treatment&_sacat=26395&rt=nc&LH_ItemCondition=3&LH_BIN=1&rt=nc&LH_PrefLoc=1
Cleansing Foam,https://www.ebay.com/sch/i.html?_from=R40&_nkw=Cleansing+Foam&_sacat=26395&rt=nc&LH_ItemCondition=3&LH_BIN=1&rt=nc&LH_PrefLoc=1
Soothing Balm,https://www.ebay.com/sch/i.html?_from=R40&_nkw=Soothing+Balm&_sacat=26395&rt=nc&LH_ItemCondition=3&LH_BIN=1&rt=nc&LH_PrefLoc=1
Retinol cream,https://www.ebay.com/sch/i.html?_from=R40&_nkw=Retinol+cream&_sacat=26395&rt=nc&LH_ItemCondition=3&LH_BIN=1&rt=nc&LH_PrefLoc=1
Face Serum,https://www.ebay.com/sch/i.html?_from=R40&_nkw=Face+Serum&_sacat=26395&rt=nc&LH_ItemCondition=3&LH_BIN=1&rt=nc&LH_PrefLoc=1
Oil-Free Moisturizer,https://www.ebay.com/sch/i.html?_from=R40&_nkw=Oil-Free+Moisturizer&_sacat=26395&rt=nc&LH_ItemCondition=3&LH_BIN=1&rt=nc&LH_PrefLoc=1
Pore Refining,https://www.ebay.com/sch/i.html?_from=R40&_nkw=Pore+Refining&_sacat=26395&rt=nc&LH_ItemCondition=3&LH_BIN=1&rt=nc&LH_PrefLoc=1
Green Apple Peel,https://www.ebay.com/sch/i.html?_from=R40&_nkw=Green+Apple+Peel&_sacat=26395&rt=nc&LH_ItemCondition=3&LH_BIN=1&rt=nc&LH_PrefLoc=1
Vitamin C Mask,https://www.ebay.com/sch/i.html?_from=R40&_nkw=Vitamin+C+Mask&_sacat=26395&rt=nc&LH_ItemCondition=3&LH_BIN=1&rt=nc&LH_PrefLoc=1
Exfoliating Mask,https://www.ebay.com/sch/i.html?_from=R40&_nkw=Exfoliating+Mask&_sacat=26395&rt=nc&LH_ItemCondition=3&LH_BIN=1&rt=nc&LH_PrefLoc=1
Beauty balm,https://www.ebay.com/sch/i.html?_from=R40&_nkw=Beauty+balm&_sacat=26395&rt=nc&LH_ItemCondition=3&LH_BIN=1&rt=nc&LH_PrefLoc=1
Cleanse Skin,https://www.ebay.com/sch/i.html?_from=R40&_nkw=Cleanse+Skin&_sacat=26395&rt=nc&LH_ItemCondition=3&LH_BIN=1&rt=nc&LH_PrefLoc=1
Face Toner,https://www.ebay.com/sch/i.html?_from=R40&_nkw=Face+Toner&_sacat=26395&rt=nc&LH_ItemCondition=3&LH_BIN=1&rt=nc&LH_PrefLoc=1
Age Defying,https://www.ebay.com/sch/i.html?_from=R40&_nkw=Age+Defying&_sacat=26395&rt=nc&LH_ItemCondition=3&LH_BIN=1&rt=nc&LH_PrefLoc=1
Vitamin C Cleanser,https://www.ebay.com/sch/i.html?_from=R40&_nkw=Vitamin+C+Cleanser&_sacat=26395&rt=nc&LH_ItemCondition=3&LH_BIN=1&rt=nc&LH_PrefLoc=1
Polish Glow,https://www.ebay.com/sch/i.html?_from=R40&_nkw=Polish+Glow&_sacat=26395&rt=nc&LH_ItemCondition=3&LH_BIN=1&rt=nc&LH_PrefLoc=1
Brightening Serum,https://www.ebay.com/sch/i.html?_from=R40&_nkw=Brightening+Serum&_sacat=26395&rt=nc&LH_ItemCondition=3&LH_BIN=1&rt=nc&LH_PrefLoc=1
Face lotion,https://www.ebay.com/sch/i.html?_from=R40&_nkw=Face+lotion&_sacat=26395&rt=nc&LH_ItemCondition=3&LH_BIN=1&rt=nc&LH_PrefLoc=1
Brightening Eye Cream,https://www.ebay.com/sch/i.html?_from=R40&_nkw=Brightening+Eye+Cream&_sacat=26395&rt=nc&LH_ItemCondition=3&LH_BIN=1&rt=nc&LH_PrefLoc=1
Detox Face Mask,https://www.ebay.com/sch/i.html?_from=R40&_nkw=Detox+Face+Mask&_sacat=26395&rt=nc&LH_ItemCondition=3&LH_BIN=1&rt=nc&LH_PrefLoc=1
Redness Reducer,https://www.ebay.com/sch/i.html?_from=R40&_nkw=Redness+Reducer&_sacat=26395&rt=nc&LH_ItemCondition=3&LH_BIN=1&rt=nc&LH_PrefLoc=1
Hydrating Emulsion,https://www.ebay.com/sch/i.html?_from=R40&_nkw=Hydrating+Emulsion&_sacat=26395&rt=nc&LH_ItemCondition=3&LH_BIN=1&rt=nc&LH_PrefLoc=1
Face Mist,https://www.ebay.com/sch/i.html?_from=R40&_nkw=Face+Mist&_sacat=26395&rt=nc&LH_ItemCondition=3&LH_BIN=1&rt=nc&LH_PrefLoc=1
Sulfur Cleanser,https://www.ebay.com/sch/i.html?_from=R40&_nkw=Sulfur+Cleanser&_sacat=26395&rt=nc&LH_ItemCondition=3&LH_BIN=1&rt=nc&LH_PrefLoc=1
Daily Sunscreen,https://www.ebay.com/sch/i.html?_from=R40&_nkw=Daily+Sunscreen&_sacat=26395&rt=nc&LH_ItemCondition=3&LH_BIN=1&rt=nc&LH_PrefLoc=1
Cicaplast Balm,https://www.ebay.com/sch/i.html?_from=R40&_nkw=Cicaplast+Balm&_sacat=26395&rt=nc&LH_ItemCondition=3&LH_BIN=1&rt=nc&LH_PrefLoc=1
Glycolic Serum,https://www.ebay.com/sch/i.html?_from=R40&_nkw=Glycolic+Serum&_sacat=26395&rt=nc&LH_ItemCondition=3&LH_BIN=1&rt=nc&LH_PrefLoc=1
Hydration Balm,https://www.ebay.com/sch/i.html?_from=R40&_nkw=Hydration+Balm&_sacat=26395&rt=nc&LH_ItemCondition=3&LH_BIN=1&rt=nc&LH_PrefLoc=1
Eye sunscreen,https://www.ebay.com/sch/i.html?_from=R40&_nkw=Eye+sunscreen&_sacat=26395&rt=nc&LH_ItemCondition=3&LH_BIN=1&rt=nc&LH_PrefLoc=1
Cream Cleanser,https://www.ebay.com/sch/i.html?_from=R40&_nkw=Cream+Cleanser&_sacat=26395&rt=nc&LH_ItemCondition=3&LH_BIN=1&rt=nc&LH_PrefLoc=1
Micellar Water,https://www.ebay.com/sch/i.html?_from=R40&_nkw=Micellar+Water&_sacat=26395&rt=nc&LH_ItemCondition=3&LH_BIN=1&rt=nc&LH_PrefLoc=1
Anti Aging Eye Cream,https://www.ebay.com/sch/i.html?_from=R40&_nkw=Anti+Aging+Eye+Cream&_sacat=26395&rt=nc&LH_ItemCondition=3&LH_BIN=1&rt=nc&LH_PrefLoc=1
Moisturizing Wash,https://www.ebay.com/sch/i.html?_from=R40&_nkw=Moisturizing+Wash&_sacat=26395&rt=nc&LH_ItemCondition=3&LH_BIN=1&rt=nc&LH_PrefLoc=1
Adapalene Gel,https://www.ebay.com/sch/i.html?_from=R40&_nkw=Adapalene+Gel&_sacat=26395&rt=nc&LH_ItemCondition=3&LH_BIN=1&rt=nc&LH_PrefLoc=1
Face sunscreen,https://www.ebay.com/sch/i.html?_from=R40&_nkw=Face+sunscreen&_sacat=26395&rt=nc&LH_ItemCondition=3&LH_BIN=1&rt=nc&LH_PrefLoc=1
Cooling Sunscreen,https://www.ebay.com/sch/i.html?_from=R40&_nkw=Cooling+Sunscreen&_sacat=26395&rt=nc&LH_ItemCondition=3&LH_BIN=1&rt=nc&LH_PrefLoc=1
