Keyword,Links
Bronzer Brush,https://www.ebay.com/sch/i.html?_from=R40&_nkw=Bronzer+Brush&_sacat=26395&rt=nc&LH_ItemCondition=3&LH_BIN=1&rt=nc&LH_PrefLoc=1
Smoky Eye Brushes,https://www.ebay.com/sch/i.html?_from=R40&_nkw=Smoky+Eye+Brushes&_sacat=26395&rt=nc&LH_ItemCondition=3&LH_BIN=1&rt=nc&LH_PrefLoc=1
Makeup Organizer,https://www.ebay.com/sch/i.html?_from=R40&_nkw=Makeup+Organizer&_sacat=26395&rt=nc&LH_ItemCondition=3&LH_BIN=1&rt=nc&LH_PrefLoc=1
Pore Vacuum,https://www.ebay.com/sch/i.html?_from=R40&_nkw=Pore+Vacuum&_sacat=26395&rt=nc&LH_ItemCondition=3&LH_BIN=1&rt=nc&LH_PrefLoc=1
Magnifying Mirror,https://www.ebay.com/sch/i.html?_from=R40&_nkw=Magnifying+Mirror&_sacat=26395&rt=nc&LH_ItemCondition=3&LH_BIN=1&rt=nc&LH_PrefLoc=1
Makeup Sponge,https://www.ebay.com/sch/i.html?_from=R40&_nkw=Makeup+Sponge&_sacat=26395&rt=nc&LH_ItemCondition=3&LH_BIN=1&rt=nc&LH_PrefLoc=1
Eyebrow Trimmer,https://www.ebay.com/sch/i.html?_from=R40&_nkw=Eyebrow+Trimmer&_sacat=26395&rt=nc&LH_ItemCondition=3&LH_BIN=1&rt=nc&LH_PrefLoc=1
Vanity Mirror,https://www.ebay.com/sch/i.html?_from=R40&_nkw=Vanity+Mirror&_sacat=26395&rt=nc&LH_ItemCondition=3&LH_BIN=1&rt=nc&LH_PrefLoc=1
Face Scrubber,https://www.ebay.com/sch/i.html?_from=R40&_nkw=Face+Scrubber&_sacat=26395&rt=nc&LH_ItemCondition=3&LH_BIN=1&rt=nc&LH_PrefLoc=1
Makeup case,https://www.ebay.com/sch/i.html?_from=R40&_nkw=Makeup+case&_sacat=26395&rt=nc&LH_ItemCondition=3&LH_BIN=1&rt=nc&LH_PrefLoc=1
Multistyler Tool,https://www.ebay.com/sch/i.html?_from=R40&_nkw=Multistyler+Tool&_sacat=26395&rt=nc&LH_ItemCondition=3&LH_BIN=1&rt=nc&LH_PrefLoc=1
Facial Wand,https://www.ebay.com/sch/i.html?_from=R40&_nkw=Facial+Wand&_sacat=26395&rt=nc&LH_ItemCondition=3&LH_BIN=1&rt=nc&LH_PrefLoc=1
Cleansing Pads,https://www.ebay.com/sch/i.html?_from=R40&_nkw=Cleansing+Pads&_sacat=26395&rt=nc&LH_ItemCondition=3&LH_BIN=1&rt=nc&LH_PrefLoc=1
Facial Cleanser,https://www.ebay.com/sch/i.html?_from=R40&_nkw=Facial+Cleanser&_sacat=26395&rt=nc&LH_ItemCondition=3&LH_BIN=1&rt=nc&LH_PrefLoc=1
Face lift,https://www.ebay.com/sch/i.html?_from=R40&_nkw=Face+lift&_sacat=26395&rt=nc&LH_ItemCondition=3&LH_BIN=1&rt=nc&LH_PrefLoc=1
Stainless Steel Tweezers,https://www.ebay.com/sch/i.html?_from=R40&_nkw=Stainless+Steel+Tweezers&_sacat=26395&rt=nc&LH_ItemCondition=3&LH_BIN=1&rt=nc&LH_PrefLoc=1
Fine Pointed Tweezers,https://www.ebay.com/sch/i.html?_from=R40&_nkw=Fine+Pointed+Tweezers&_sacat=26395&rt=nc&LH_ItemCondition=3&LH_BIN=1&rt=nc&LH_PrefLoc=1
HIFU Machine,https://www.ebay.com/sch/i.html?_from=R40&_nkw=HIFU+Machine&_sacat=26395&rt=nc&LH_ItemCondition=3&LH_BIN=1&rt=nc&LH_PrefLoc=1
Makeup Tote,https://www.ebay.com/sch/i.html?_from=R40&_nkw=Makeup+Tote&_sacat=26395&rt=nc&LH_ItemCondition=3&LH_BIN=1&rt=nc&LH_PrefLoc=1
Hair Cutting,https://www.ebay.com/sch/i.html?_from=R40&_nkw=Hair+Cutting&_sacat=26395&rt=nc&LH_ItemCondition=3&LH_BIN=1&rt=nc&LH_PrefLoc=1
High-Frequency Wand,https://www.ebay.com/sch/i.html?_from=R40&_nkw=High-Frequency+Wand&_sacat=26395&rt=nc&LH_ItemCondition=3&LH_BIN=1&rt=nc&LH_PrefLoc=1
Blush Brush,https://www.ebay.com/sch/i.html?_from=R40&_nkw=Blush+Brush&_sacat=26395&rt=nc&LH_ItemCondition=3&LH_BIN=1&rt=nc&LH_PrefLoc=1
Eyes Brush,https://www.ebay.com/sch/i.html?_from=R40&_nkw=Eyes+Brush&_sacat=26395&rt=nc&LH_ItemCondition=3&LH_BIN=1&rt=nc&LH_PrefLoc=1
Hair waver,https://www.ebay.com/sch/i.html?_from=R40&_nkw=Hair+waver&_sacat=26395&rt=nc&LH_ItemCondition=3&LH_BIN=1&rt=nc&LH_PrefLoc=1
Cosmetic Case,https://www.ebay.com/sch/i.html?_from=R40&_nkw=Cosmetic+Case&_sacat=26395&rt=nc&LH_ItemCondition=3&LH_BIN=1&rt=nc&LH_PrefLoc=1
Heated Eyelash Curler,https://www.ebay.com/sch/i.html?_from=R40&_nkw=Heated+Eyelash+Curler&_sacat=26395&rt=nc&LH_ItemCondition=3&LH_BIN=1&rt=nc&LH_PrefLoc=1
LED Face Mask,https://www.ebay.com/sch/i.html?_from=R40&_nkw=LED+Face+Mask&_sacat=26395&rt=nc&LH_ItemCondition=3&LH_BIN=1&rt=nc&LH_PrefLoc=1
Microneedle Roller,https://www.ebay.com/sch/i.html?_from=R40&_nkw=Microneedle+Roller&_sacat=26395&rt=nc&LH_ItemCondition=3&LH_BIN=1&rt=nc&LH_PrefLoc=1
Mascara Wands,https://www.ebay.com/sch/i.html?_from=R40&_nkw=Mascara+Wands&_sacat=26395&rt=nc&LH_ItemCondition=3&LH_BIN=1&rt=nc&LH_PrefLoc=1
Plasma Pen,https://www.ebay.com/sch/i.html?_from=R40&_nkw=Plasma+Pen&_sacat=26395&rt=nc&LH_ItemCondition=3&LH_BIN=1&rt=nc&LH_PrefLoc=1
Glitter Cosmetic Bag,https://www.ebay.com/sch/i.html?_from=R40&_nkw=Glitter+Cosmetic+Bag&_sacat=26395&rt=nc&LH_ItemCondition=3&LH_BIN=1&rt=nc&LH_PrefLoc=1
Beauty Pen,https://www.ebay.com/sch/i.html?_from=R40&_nkw=Beauty+Pen&_sacat=26395&rt=nc&LH_ItemCondition=3&LH_BIN=1&rt=nc&LH_PrefLoc=1
Tweezer Kit,https://www.ebay.com/sch/i.html?_from=R40&_nkw=Tweezer+Kit&_sacat=26395&rt=nc&LH_ItemCondition=3&LH_BIN=1&rt=nc&LH_PrefLoc=1
Quartz Roller,https://www.ebay.com/sch/i.html?_from=R40&_nkw=Quartz+Roller&_sacat=26395&rt=nc&LH_ItemCondition=3&LH_BIN=1&rt=nc&LH_PrefLoc=1
Eyelash Tweezers,https://www.ebay.com/sch/i.html?_from=R40&_nkw=Eyelash+Tweezers&_sacat=26395&rt=nc&LH_ItemCondition=3&LH_BIN=1&rt=nc&LH_PrefLoc=1
Microdermabrasion Machine,https://www.ebay.com/sch/i.html?_from=R40&_nkw=Microdermabrasion+Machine&_sacat=26395&rt=nc&LH_ItemCondition=3&LH_BIN=1&rt=nc&LH_PrefLoc=1
Curved Comb,https://www.ebay.com/sch/i.html?_from=R40&_nkw=Curved+Comb&_sacat=26395&rt=nc&LH_ItemCondition=3&LH_BIN=1&rt=nc&LH_PrefLoc=1
Concealer Sponge,https://www.ebay.com/sch/i.html?_from=R40&_nkw=Concealer+Sponge&_sacat=26395&rt=nc&LH_ItemCondition=3&LH_BIN=1&rt=nc&LH_PrefLoc=1
Eye Makeup,https://www.ebay.com/sch/i.html?_from=R40&_nkw=Eye+Makeup&_sacat=26395&rt=nc&LH_ItemCondition=3&LH_BIN=1&rt=nc&LH_PrefLoc=1
Demi Brush,https://www.ebay.com/sch/i.html?_from=R40&_nkw=Demi+Brush&_sacat=26395&rt=nc&LH_ItemCondition=3&LH_BIN=1&rt=nc&LH_PrefLoc=1
Eye contour,https://www.ebay.com/sch/i.html?_from=R40&_nkw=Eye+contour&_sacat=26395&rt=nc&LH_ItemCondition=3&LH_BIN=1&rt=nc&LH_PrefLoc=1
Skin Scrubber,https://www.ebay.com/sch/i.html?_from=R40&_nkw=Skin+Scrubber&_sacat=26395&rt=nc&LH_ItemCondition=3&LH_BIN=1&rt=nc&LH_PrefLoc=1
Travel Makeup Mirror,https://www.ebay.com/sch/i.html?_from=R40&_nkw=Travel+Makeup+Mirror&_sacat=26395&rt=nc&LH_ItemCondition=3&LH_BIN=1&rt=nc&LH_PrefLoc=1
Barber Shears,https://www.ebay.com/sch/i.html?_from=R40&_nkw=Barber+Shears&_sacat=26395&rt=nc&LH_ItemCondition=3&LH_BIN=1&rt=nc&LH_PrefLoc=1
Speed Dry Brush,https://www.ebay.com/sch/i.html?_from=R40&_nkw=Speed+Dry+Brush&_sacat=26395&rt=nc&LH_ItemCondition=3&LH_BIN=1&rt=nc&LH_PrefLoc=1
Makeup Puff,https://www.ebay.com/sch/i.html?_from=R40&_nkw=Makeup+Puff&_sacat=26395&rt=nc&LH_ItemCondition=3&LH_BIN=1&rt=nc&LH_PrefLoc=1
Curling Brush,https://www.ebay.com/sch/i.html?_from=R40&_nkw=Curling+Brush&_sacat=26395&rt=nc&LH_ItemCondition=3&LH_BIN=1&rt=nc&LH_PrefLoc=1
Silicone Face Brush,https://www.ebay.com/sch/i.html?_from=R40&_nkw=Silicone+Face+Brush&_sacat=26395&rt=nc&LH_ItemCondition=3&LH_BIN=1&rt=nc&LH_PrefLoc=1
Facial Massager,https://www.ebay.com/sch/i.html?_from=R40&_nkw=Facial+Massager&_sacat=26395&rt=nc&LH_ItemCondition=3&LH_BIN=1&rt=nc&LH_PrefLoc=1
Cosmetic Pouch,https://www.ebay.com/sch/i.html?_from=R40&_nkw=Cosmetic+Pouch&_sacat=26395&rt=nc&LH_ItemCondition=3&LH_BIN=1&rt=nc&LH_PrefLoc=1
