Keyword,Links
Concealer 4.0,https://www.ebay.com/sch/i.html?_from=R40&_nkw=Concealer+4.0&_sacat=26395&rt=nc&LH_ItemCondition=3&LH_BIN=1&rt=nc&LH_PrefLoc=1
Semi Permanent Hair Color,https://www.ebay.com/sch/i.html?_from=R40&_nkw=Semi+Permanent+Hair+Color&_sacat=26395&rt=nc&LH_ItemCondition=3&LH_BIN=1&rt=nc&LH_PrefLoc=1
Sonic Tattoos,https://www.ebay.com/sch/i.html?_from=R40&_nkw=Sonic+Tattoos&_sacat=26395&rt=nc&LH_ItemCondition=3&LH_BIN=1&rt=nc&LH_PrefLoc=1
Dual Foundation,https://www.ebay.com/sch/i.html?_from=R40&_nkw=Dual+Foundation&_sacat=26395&rt=nc&LH_ItemCondition=3&LH_BIN=1&rt=nc&LH_PrefLoc=1
Smearproof Lipstick,https://www.ebay.com/sch/i.html?_from=R40&_nkw=Smearproof+Lipstick&_sacat=26395&rt=nc&LH_ItemCondition=3&LH_BIN=1&rt=nc&LH_PrefLoc=1
Eyeshadow Kit,https://www.ebay.com/sch/i.html?_from=R40&_nkw=Eyeshadow+Kit&_sacat=26395&rt=nc&LH_ItemCondition=3&LH_BIN=1&rt=nc&LH_PrefLoc=1
Nail Design,https://www.ebay.com/sch/i.html?_from=R40&_nkw=Nail+Design&_sacat=26395&rt=nc&LH_ItemCondition=3&LH_BIN=1&rt=nc&LH_PrefLoc=1
Cat Eye Nails,https://www.ebay.com/sch/i.html?_from=R40&_nkw=Cat+Eye+Nails&_sacat=26395&rt=nc&LH_ItemCondition=3&LH_BIN=1&rt=nc&LH_PrefLoc=1
Hydrating Lipstick,https://www.ebay.com/sch/i.html?_from=R40&_nkw=Hydrating+Lipstick&_sacat=26395&rt=nc&LH_ItemCondition=3&LH_BIN=1&rt=nc&LH_PrefLoc=1
Tattoo Salve,https://www.ebay.com/sch/i.html?_from=R40&_nkw=Tattoo+Salve&_sacat=26395&rt=nc&LH_ItemCondition=3&LH_BIN=1&rt=nc&LH_PrefLoc=1
Clear Blue,https://www.ebay.com/sch/i.html?_from=R40&_nkw=Clear+Blue&_sacat=26395&rt=nc&LH_ItemCondition=3&LH_BIN=1&rt=nc&LH_PrefLoc=1
Glow Bronzer,https://www.ebay.com/sch/i.html?_from=R40&_nkw=Glow+Bronzer&_sacat=26395&rt=nc&LH_ItemCondition=3&LH_BIN=1&rt=nc&LH_PrefLoc=1
Bronzing Powder,https://www.ebay.com/sch/i.html?_from=R40&_nkw=Bronzing+Powder&_sacat=26395&rt=nc&LH_ItemCondition=3&LH_BIN=1&rt=nc&LH_PrefLoc=1
Velvet Lashes,https://www.ebay.com/sch/i.html?_from=R40&_nkw=Velvet+Lashes&_sacat=26395&rt=nc&LH_ItemCondition=3&LH_BIN=1&rt=nc&LH_PrefLoc=1
Beige eyeliner,https://www.ebay.com/sch/i.html?_from=R40&_nkw=Beige+eyeliner&_sacat=26395&rt=nc&LH_ItemCondition=3&LH_BIN=1&rt=nc&LH_PrefLoc=1
Balanced Makeup,https://www.ebay.com/sch/i.html?_from=R40&_nkw=Balanced+Makeup&_sacat=26395&rt=nc&LH_ItemCondition=3&LH_BIN=1&rt=nc&LH_PrefLoc=1
Blur powder,https://www.ebay.com/sch/i.html?_from=R40&_nkw=Blur+powder&_sacat=26395&rt=nc&LH_ItemCondition=3&LH_BIN=1&rt=nc&LH_PrefLoc=1
Pedicure Tools,https://www.ebay.com/sch/i.html?_from=R40&_nkw=Pedicure+Tools&_sacat=26395&rt=nc&LH_ItemCondition=3&LH_BIN=1&rt=nc&LH_PrefLoc=1
Dark Forest,https://www.ebay.com/sch/i.html?_from=R40&_nkw=Dark+Forest&_sacat=26395&rt=nc&LH_ItemCondition=3&LH_BIN=1&rt=nc&LH_PrefLoc=1
Contour Blush,https://www.ebay.com/sch/i.html?_from=R40&_nkw=Contour+Blush&_sacat=26395&rt=nc&LH_ItemCondition=3&LH_BIN=1&rt=nc&LH_PrefLoc=1
Cream Eyeshadow,https://www.ebay.com/sch/i.html?_from=R40&_nkw=Cream+Eyeshadow&_sacat=26395&rt=nc&LH_ItemCondition=3&LH_BIN=1&rt=nc&LH_PrefLoc=1
Brow Kit,https://www.ebay.com/sch/i.html?_from=R40&_nkw=Brow+Kit&_sacat=26395&rt=nc&LH_ItemCondition=3&LH_BIN=1&rt=nc&LH_PrefLoc=1
Frozen Nail Polish,https://www.ebay.com/sch/i.html?_from=R40&_nkw=Frozen+Nail+Polish&_sacat=26395&rt=nc&LH_ItemCondition=3&LH_BIN=1&rt=nc&LH_PrefLoc=1
Rose Blush,https://www.ebay.com/sch/i.html?_from=R40&_nkw=Rose+Blush&_sacat=26395&rt=nc&LH_ItemCondition=3&LH_BIN=1&rt=nc&LH_PrefLoc=1
Foundation Sand,https://www.ebay.com/sch/i.html?_from=R40&_nkw=Foundation+Sand&_sacat=26395&rt=nc&LH_ItemCondition=3&LH_BIN=1&rt=nc&LH_PrefLoc=1
Lifting Wisps,https://www.ebay.com/sch/i.html?_from=R40&_nkw=Lifting+Wisps&_sacat=26395&rt=nc&LH_ItemCondition=3&LH_BIN=1&rt=nc&LH_PrefLoc=1
Anti-Aging CC Cream,https://www.ebay.com/sch/i.html?_from=R40&_nkw=Anti-Aging+CC+Cream&_sacat=26395&rt=nc&LH_ItemCondition=3&LH_BIN=1&rt=nc&LH_PrefLoc=1
Cream eyeliner,https://www.ebay.com/sch/i.html?_from=R40&_nkw=Cream+eyeliner&_sacat=26395&rt=nc&LH_ItemCondition=3&LH_BIN=1&rt=nc&LH_PrefLoc=1
Blood Lip Tint,https://www.ebay.com/sch/i.html?_from=R40&_nkw=Blood+Lip+Tint&_sacat=26395&rt=nc&LH_ItemCondition=3&LH_BIN=1&rt=nc&LH_PrefLoc=1
Glow Makeup,https://www.ebay.com/sch/i.html?_from=R40&_nkw=Glow+Makeup&_sacat=26395&rt=nc&LH_ItemCondition=3&LH_BIN=1&rt=nc&LH_PrefLoc=1
Velvet Primer,https://www.ebay.com/sch/i.html?_from=R40&_nkw=Velvet+Primer&_sacat=26395&rt=nc&LH_ItemCondition=3&LH_BIN=1&rt=nc&LH_PrefLoc=1
Highlighter Gold,https://www.ebay.com/sch/i.html?_from=R40&_nkw=Highlighter+Gold&_sacat=26395&rt=nc&LH_ItemCondition=3&LH_BIN=1&rt=nc&LH_PrefLoc=1
Fungal Nail Repair,https://www.ebay.com/sch/i.html?_from=R40&_nkw=Fungal+Nail+Repair&_sacat=26395&rt=nc&LH_ItemCondition=3&LH_BIN=1&rt=nc&LH_PrefLoc=1
Satin Foundation,https://www.ebay.com/sch/i.html?_from=R40&_nkw=Satin+Foundation&_sacat=26395&rt=nc&LH_ItemCondition=3&LH_BIN=1&rt=nc&LH_PrefLoc=1
Disposable razors,https://www.ebay.com/sch/i.html?_from=R40&_nkw=Disposable+razors&_sacat=26395&rt=nc&LH_ItemCondition=3&LH_BIN=1&rt=nc&LH_PrefLoc=1
Liner Brush,https://www.ebay.com/sch/i.html?_from=R40&_nkw=Liner+Brush&_sacat=26395&rt=nc&LH_ItemCondition=3&LH_BIN=1&rt=nc&LH_PrefLoc=1
Unicorn Nail Stickers,https://www.ebay.com/sch/i.html?_from=R40&_nkw=Unicorn+Nail+Stickers&_sacat=26395&rt=nc&LH_ItemCondition=3&LH_BIN=1&rt=nc&LH_PrefLoc=1
Blush Palette,https://www.ebay.com/sch/i.html?_from=R40&_nkw=Blush+Palette&_sacat=26395&rt=nc&LH_ItemCondition=3&LH_BIN=1&rt=nc&LH_PrefLoc=1
Peony Lip Gloss,https://www.ebay.com/sch/i.html?_from=R40&_nkw=Peony+Lip+Gloss&_sacat=26395&rt=nc&LH_ItemCondition=3&LH_BIN=1&rt=nc&LH_PrefLoc=1
Beauty Advent,https://www.ebay.com/sch/i.html?_from=R40&_nkw=Beauty+Advent&_sacat=26395&rt=nc&LH_ItemCondition=3&LH_BIN=1&rt=nc&LH_PrefLoc=1
Camping mirror,https://www.ebay.com/sch/i.html?_from=R40&_nkw=Camping+mirror&_sacat=26395&rt=nc&LH_ItemCondition=3&LH_BIN=1&rt=nc&LH_PrefLoc=1
Color Correction,https://www.ebay.com/sch/i.html?_from=R40&_nkw=Color+Correction&_sacat=26395&rt=nc&LH_ItemCondition=3&LH_BIN=1&rt=nc&LH_PrefLoc=1
Berry Balm,https://www.ebay.com/sch/i.html?_from=R40&_nkw=Berry+Balm&_sacat=26395&rt=nc&LH_ItemCondition=3&LH_BIN=1&rt=nc&LH_PrefLoc=1
Aqua Lashes,https://www.ebay.com/sch/i.html?_from=R40&_nkw=Aqua+Lashes&_sacat=26395&rt=nc&LH_ItemCondition=3&LH_BIN=1&rt=nc&LH_PrefLoc=1
Lash Serum,https://www.ebay.com/sch/i.html?_from=R40&_nkw=Lash+Serum&_sacat=26395&rt=nc&LH_ItemCondition=3&LH_BIN=1&rt=nc&LH_PrefLoc=1
Lash primer,https://www.ebay.com/sch/i.html?_from=R40&_nkw=Lash+primer&_sacat=26395&rt=nc&LH_ItemCondition=3&LH_BIN=1&rt=nc&LH_PrefLoc=1
Face Gems,https://www.ebay.com/sch/i.html?_from=R40&_nkw=Face+Gems&_sacat=26395&rt=nc&LH_ItemCondition=3&LH_BIN=1&rt=nc&LH_PrefLoc=1
Nail Whitener,https://www.ebay.com/sch/i.html?_from=R40&_nkw=Nail+Whitener&_sacat=26395&rt=nc&LH_ItemCondition=3&LH_BIN=1&rt=nc&LH_PrefLoc=1
Tattoo Spray,https://www.ebay.com/sch/i.html?_from=R40&_nkw=Tattoo+Spray&_sacat=26395&rt=nc&LH_ItemCondition=3&LH_BIN=1&rt=nc&LH_PrefLoc=1
French gel,https://www.ebay.com/sch/i.html?_from=R40&_nkw=French+gel&_sacat=26395&rt=nc&LH_ItemCondition=3&LH_BIN=1&rt=nc&LH_PrefLoc=1
