Keyword,Links
Anti-Aging Supplement,https://www.amazon.com/s?k=Anti-Aging+Supplement&i=hpc&s=exact-aware-popularity-rank&ref=sr_st_exact-aware-popularity-rank
Sleep strips,https://www.amazon.com/s?k=Sleep+strips&i=hpc&s=exact-aware-popularity-rank&ref=sr_st_exact-aware-popularity-rank
Sugar Free Melatonin,https://www.amazon.com/s?k=Sugar+Free+Melatonin&i=hpc&s=exact-aware-popularity-rank&ref=sr_st_exact-aware-popularity-rank
Sleep remedy,https://www.amazon.com/s?k=Sleep+remedy&i=hpc&s=exact-aware-popularity-rank&ref=sr_st_exact-aware-popularity-rank
Bladder Support,https://www.amazon.com/s?k=Bladder+Support&i=hpc&s=exact-aware-popularity-rank&ref=sr_st_exact-aware-popularity-rank
Pain reliever,https://www.amazon.com/s?k=Pain+reliever&i=hpc&s=exact-aware-popularity-rank&ref=sr_st_exact-aware-popularity-rank
Caffeine Aid,https://www.amazon.com/s?k=Caffeine+Aid&i=hpc&s=exact-aware-popularity-rank&ref=sr_st_exact-aware-popularity-rank
Cocoa Sleep,https://www.amazon.com/s?k=Cocoa+Sleep&i=hpc&s=exact-aware-popularity-rank&ref=sr_st_exact-aware-popularity-rank
Sleep powder,https://www.amazon.com/s?k=Sleep+powder&i=hpc&s=exact-aware-popularity-rank&ref=sr_st_exact-aware-popularity-rank
Nerve Relief,https://www.amazon.com/s?k=Nerve+Relief&i=hpc&s=exact-aware-popularity-rank&ref=sr_st_exact-aware-popularity-rank
Leg cramps,https://www.amazon.com/s?k=Leg+cramps&i=hpc&s=exact-aware-popularity-rank&ref=sr_st_exact-aware-popularity-rank
L-Theanine Stress,https://www.amazon.com/s?k=L-Theanine+Stress&i=hpc&s=exact-aware-popularity-rank&ref=sr_st_exact-aware-popularity-rank
Zeolite Gummies,https://www.amazon.com/s?k=Zeolite+Gummies&i=hpc&s=exact-aware-popularity-rank&ref=sr_st_exact-aware-popularity-rank
Melatonin Softgels,https://www.amazon.com/s?k=Melatonin+Softgels&i=hpc&s=exact-aware-popularity-rank&ref=sr_st_exact-aware-popularity-rank
Sleep patches,https://www.amazon.com/s?k=Sleep+patches&i=hpc&s=exact-aware-popularity-rank&ref=sr_st_exact-aware-popularity-rank
Turkey Tail,https://www.amazon.com/s?k=Turkey+Tail&i=hpc&s=exact-aware-popularity-rank&ref=sr_st_exact-aware-popularity-rank
Calm tablets,https://www.amazon.com/s?k=Calm+tablets&i=hpc&s=exact-aware-popularity-rank&ref=sr_st_exact-aware-popularity-rank
L-Theanine,https://www.amazon.com/s?k=L-Theanine&i=hpc&s=exact-aware-popularity-rank&ref=sr_st_exact-aware-popularity-rank
Growth Gummies,https://www.amazon.com/s?k=Growth+Gummies&i=hpc&s=exact-aware-popularity-rank&ref=sr_st_exact-aware-popularity-rank
Collagen Sleep,https://www.amazon.com/s?k=Collagen+Sleep&i=hpc&s=exact-aware-popularity-rank&ref=sr_st_exact-aware-popularity-rank
Restful Sleep,https://www.amazon.com/s?k=Restful+Sleep&i=hpc&s=exact-aware-popularity-rank&ref=sr_st_exact-aware-popularity-rank
Valerian Sleep,https://www.amazon.com/s?k=Valerian+Sleep&i=hpc&s=exact-aware-popularity-rank&ref=sr_st_exact-aware-popularity-rank
Calm Mood,https://www.amazon.com/s?k=Calm+Mood&i=hpc&s=exact-aware-popularity-rank&ref=sr_st_exact-aware-popularity-rank
Sleep relief,https://www.amazon.com/s?k=Sleep+relief&i=hpc&s=exact-aware-popularity-rank&ref=sr_st_exact-aware-popularity-rank
Homeopathic Medicine,https://www.amazon.com/s?k=Homeopathic+Medicine&i=hpc&s=exact-aware-popularity-rank&ref=sr_st_exact-aware-popularity-rank
Sleep candy,https://www.amazon.com/s?k=Sleep+candy&i=hpc&s=exact-aware-popularity-rank&ref=sr_st_exact-aware-popularity-rank
Pain relief,https://www.amazon.com/s?k=Pain+relief&i=hpc&s=exact-aware-popularity-rank&ref=sr_st_exact-aware-popularity-rank
Sleep Relaxation,https://www.amazon.com/s?k=Sleep+Relaxation&i=hpc&s=exact-aware-popularity-rank&ref=sr_st_exact-aware-popularity-rank
Caffeine Pills,https://www.amazon.com/s?k=Caffeine+Pills&i=hpc&s=exact-aware-popularity-rank&ref=sr_st_exact-aware-popularity-rank
Superfood Capsules,https://www.amazon.com/s?k=Superfood+Capsules&i=hpc&s=exact-aware-popularity-rank&ref=sr_st_exact-aware-popularity-rank
Mannose Powder,https://www.amazon.com/s?k=Mannose+Powder&i=hpc&s=exact-aware-popularity-rank&ref=sr_st_exact-aware-popularity-rank
Lemon Balm,https://www.amazon.com/s?k=Lemon+Balm&i=hpc&s=exact-aware-popularity-rank&ref=sr_st_exact-aware-popularity-rank
Bath crystals,https://www.amazon.com/s?k=Bath+crystals&i=hpc&s=exact-aware-popularity-rank&ref=sr_st_exact-aware-popularity-rank
Tryptophan Capsules,https://www.amazon.com/s?k=Tryptophan+Capsules&i=hpc&s=exact-aware-popularity-rank&ref=sr_st_exact-aware-popularity-rank
Mental fatigue,https://www.amazon.com/s?k=Mental+fatigue&i=hpc&s=exact-aware-popularity-rank&ref=sr_st_exact-aware-popularity-rank
Homeopathic Sleeplessness,https://www.amazon.com/s?k=Homeopathic+Sleeplessness&i=hpc&s=exact-aware-popularity-rank&ref=sr_st_exact-aware-popularity-rank
Calming Aid,https://www.amazon.com/s?k=Calming+Aid&i=hpc&s=exact-aware-popularity-rank&ref=sr_st_exact-aware-popularity-rank
Homeopathic Dizziness,https://www.amazon.com/s?k=Homeopathic+Dizziness&i=hpc&s=exact-aware-popularity-rank&ref=sr_st_exact-aware-popularity-rank
Liposomal Melatonin,https://www.amazon.com/s?k=Liposomal+Melatonin&i=hpc&s=exact-aware-popularity-rank&ref=sr_st_exact-aware-popularity-rank
Herbal Sleep Aid,https://www.amazon.com/s?k=Herbal+Sleep+Aid&i=hpc&s=exact-aware-popularity-rank&ref=sr_st_exact-aware-popularity-rank
Sleep gels,https://www.amazon.com/s?k=Sleep+gels&i=hpc&s=exact-aware-popularity-rank&ref=sr_st_exact-aware-popularity-rank
Sleep Stickers,https://www.amazon.com/s?k=Sleep+Stickers&i=hpc&s=exact-aware-popularity-rank&ref=sr_st_exact-aware-popularity-rank
Melatonin Grape,https://www.amazon.com/s?k=Melatonin+Grape&i=hpc&s=exact-aware-popularity-rank&ref=sr_st_exact-aware-popularity-rank
Menopause Supplements,https://www.amazon.com/s?k=Menopause+Supplements&i=hpc&s=exact-aware-popularity-rank&ref=sr_st_exact-aware-popularity-rank
Healthy gums,https://www.amazon.com/s?k=Healthy+gums&i=hpc&s=exact-aware-popularity-rank&ref=sr_st_exact-aware-popularity-rank
Ginger Foot Pads,https://www.amazon.com/s?k=Ginger+Foot+Pads&i=hpc&s=exact-aware-popularity-rank&ref=sr_st_exact-aware-popularity-rank
Calming Chews,https://www.amazon.com/s?k=Calming+Chews&i=hpc&s=exact-aware-popularity-rank&ref=sr_st_exact-aware-popularity-rank
Collagen Capsules,https://www.amazon.com/s?k=Collagen+Capsules&i=hpc&s=exact-aware-popularity-rank&ref=sr_st_exact-aware-popularity-rank
Herbal Tablets,https://www.amazon.com/s?k=Herbal+Tablets&i=hpc&s=exact-aware-popularity-rank&ref=sr_st_exact-aware-popularity-rank
Epsom Salt,https://www.amazon.com/s?k=Epsom+Salt&i=hpc&s=exact-aware-popularity-rank&ref=sr_st_exact-aware-popularity-rank
