Keyword,Links
Psyllium Husk,https://www.amazon.com/s?k=Psyllium+Husk&i=hpc&s=exact-aware-popularity-rank&ref=sr_st_exact-aware-popularity-rank
Constipation Relief,https://www.amazon.com/s?k=Constipation+Relief&i=hpc&s=exact-aware-popularity-rank&ref=sr_st_exact-aware-popularity-rank
Citrus Pectin,https://www.amazon.com/s?k=Citrus+Pectin&i=hpc&s=exact-aware-popularity-rank&ref=sr_st_exact-aware-popularity-rank
Gummy candy,https://www.amazon.com/s?k=Gummy+candy&i=hpc&s=exact-aware-popularity-rank&ref=sr_st_exact-aware-popularity-rank
Natural Fiber,https://www.amazon.com/s?k=Natural+Fiber&i=hpc&s=exact-aware-popularity-rank&ref=sr_st_exact-aware-popularity-rank
Fiber Complex,https://www.amazon.com/s?k=Fiber+Complex&i=hpc&s=exact-aware-popularity-rank&ref=sr_st_exact-aware-popularity-rank
Fiber drink,https://www.amazon.com/s?k=Fiber+drink&i=hpc&s=exact-aware-popularity-rank&ref=sr_st_exact-aware-popularity-rank
Organic fiber,https://www.amazon.com/s?k=Organic+fiber&i=hpc&s=exact-aware-popularity-rank&ref=sr_st_exact-aware-popularity-rank
Daily Fiber,https://www.amazon.com/s?k=Daily+Fiber&i=hpc&s=exact-aware-popularity-rank&ref=sr_st_exact-aware-popularity-rank
Dietary Fiber,https://www.amazon.com/s?k=Dietary+Fiber&i=hpc&s=exact-aware-popularity-rank&ref=sr_st_exact-aware-popularity-rank
Acacia Powder,https://www.amazon.com/s?k=Acacia+Powder&i=hpc&s=exact-aware-popularity-rank&ref=sr_st_exact-aware-popularity-rank
Ocean Fiber,https://www.amazon.com/s?k=Ocean+Fiber&i=hpc&s=exact-aware-popularity-rank&ref=sr_st_exact-aware-popularity-rank
B-12 Gummies,https://www.amazon.com/s?k=B-12+Gummies&i=hpc&s=exact-aware-popularity-rank&ref=sr_st_exact-aware-popularity-rank
Gummy Fiber,https://www.amazon.com/s?k=Gummy+Fiber&i=hpc&s=exact-aware-popularity-rank&ref=sr_st_exact-aware-popularity-rank
Banana flakes,https://www.amazon.com/s?k=Banana+flakes&i=hpc&s=exact-aware-popularity-rank&ref=sr_st_exact-aware-popularity-rank
Men's vitamins,https://www.amazon.com/s?k=Men's+vitamins&i=hpc&s=exact-aware-popularity-rank&ref=sr_st_exact-aware-popularity-rank
Inulin Capsules,https://www.amazon.com/s?k=Inulin+Capsules&i=hpc&s=exact-aware-popularity-rank&ref=sr_st_exact-aware-popularity-rank
Baobab Fiber,https://www.amazon.com/s?k=Baobab+Fiber&i=hpc&s=exact-aware-popularity-rank&ref=sr_st_exact-aware-popularity-rank
Psyllium Supplement,https://www.amazon.com/s?k=Psyllium+Supplement&i=hpc&s=exact-aware-popularity-rank&ref=sr_st_exact-aware-popularity-rank
Lactobacillus Probiotics,https://www.amazon.com/s?k=Lactobacillus+Probiotics&i=hpc&s=exact-aware-popularity-rank&ref=sr_st_exact-aware-popularity-rank
Organic Psyllium,https://www.amazon.com/s?k=Organic+Psyllium&i=hpc&s=exact-aware-popularity-rank&ref=sr_st_exact-aware-popularity-rank
Forte Fibra,https://www.amazon.com/s?k=Forte+Fibra&i=hpc&s=exact-aware-popularity-rank&ref=sr_st_exact-aware-popularity-rank
Chicory Root,https://www.amazon.com/s?k=Chicory+Root&i=hpc&s=exact-aware-popularity-rank&ref=sr_st_exact-aware-popularity-rank
Lactobacillus Complex,https://www.amazon.com/s?k=Lactobacillus+Complex&i=hpc&s=exact-aware-popularity-rank&ref=sr_st_exact-aware-popularity-rank
Oat Fiber,https://www.amazon.com/s?k=Oat+Fiber&i=hpc&s=exact-aware-popularity-rank&ref=sr_st_exact-aware-popularity-rank
Children's fiber,https://www.amazon.com/s?k=Children's+fiber&i=hpc&s=exact-aware-popularity-rank&ref=sr_st_exact-aware-popularity-rank
Strawberry Gummies,https://www.amazon.com/s?k=Strawberry+Gummies&i=hpc&s=exact-aware-popularity-rank&ref=sr_st_exact-aware-popularity-rank
Organic Capsules,https://www.amazon.com/s?k=Organic+Capsules&i=hpc&s=exact-aware-popularity-rank&ref=sr_st_exact-aware-popularity-rank
Orange powder,https://www.amazon.com/s?k=Orange+powder&i=hpc&s=exact-aware-popularity-rank&ref=sr_st_exact-aware-popularity-rank
Gentle Cleanse,https://www.amazon.com/s?k=Gentle+Cleanse&i=hpc&s=exact-aware-popularity-rank&ref=sr_st_exact-aware-popularity-rank
Fiber laxative,https://www.amazon.com/s?k=Fiber+laxative&i=hpc&s=exact-aware-popularity-rank&ref=sr_st_exact-aware-popularity-rank
Ragamala CD,https://www.amazon.com/s?k=Ragamala+CD&i=hpc&s=exact-aware-popularity-rank&ref=sr_st_exact-aware-popularity-rank
Botanical Music,https://www.amazon.com/s?k=Botanical+Music&i=hpc&s=exact-aware-popularity-rank&ref=sr_st_exact-aware-popularity-rank
Fiber Support,https://www.amazon.com/s?k=Fiber+Support&i=hpc&s=exact-aware-popularity-rank&ref=sr_st_exact-aware-popularity-rank
Tummy Formula,https://www.amazon.com/s?k=Tummy+Formula&i=hpc&s=exact-aware-popularity-rank&ref=sr_st_exact-aware-popularity-rank
Jerusalem Artichoke,https://www.amazon.com/s?k=Jerusalem+Artichoke&i=hpc&s=exact-aware-popularity-rank&ref=sr_st_exact-aware-popularity-rank
Bacillus Subtilis,https://www.amazon.com/s?k=Bacillus+Subtilis&i=hpc&s=exact-aware-popularity-rank&ref=sr_st_exact-aware-popularity-rank
Fiber greens,https://www.amazon.com/s?k=Fiber+greens&i=hpc&s=exact-aware-popularity-rank&ref=sr_st_exact-aware-popularity-rank
Akkermansia supplement,https://www.amazon.com/s?k=Akkermansia+supplement&i=hpc&s=exact-aware-popularity-rank&ref=sr_st_exact-aware-popularity-rank
Schisandra Extract,https://www.amazon.com/s?k=Schisandra+Extract&i=hpc&s=exact-aware-popularity-rank&ref=sr_st_exact-aware-popularity-rank
Laxative Supplement,https://www.amazon.com/s?k=Laxative+Supplement&i=hpc&s=exact-aware-popularity-rank&ref=sr_st_exact-aware-popularity-rank
Fiber sticks,https://www.amazon.com/s?k=Fiber+sticks&i=hpc&s=exact-aware-popularity-rank&ref=sr_st_exact-aware-popularity-rank
MCT Powder,https://www.amazon.com/s?k=MCT+Powder&i=hpc&s=exact-aware-popularity-rank&ref=sr_st_exact-aware-popularity-rank
Gummy Bites,https://www.amazon.com/s?k=Gummy+Bites&i=hpc&s=exact-aware-popularity-rank&ref=sr_st_exact-aware-popularity-rank
Barley Sachets,https://www.amazon.com/s?k=Barley+Sachets&i=hpc&s=exact-aware-popularity-rank&ref=sr_st_exact-aware-popularity-rank
Sugar-Free Fiber,https://www.amazon.com/s?k=Sugar-Free+Fiber&i=hpc&s=exact-aware-popularity-rank&ref=sr_st_exact-aware-popularity-rank
Prebiotic powder,https://www.amazon.com/s?k=Prebiotic+powder&i=hpc&s=exact-aware-popularity-rank&ref=sr_st_exact-aware-popularity-rank
Chicory Extract,https://www.amazon.com/s?k=Chicory+Extract&i=hpc&s=exact-aware-popularity-rank&ref=sr_st_exact-aware-popularity-rank
Fiber Tablets,https://www.amazon.com/s?k=Fiber+Tablets&i=hpc&s=exact-aware-popularity-rank&ref=sr_st_exact-aware-popularity-rank
Lactobacillus supplement,https://www.amazon.com/s?k=Lactobacillus+supplement&i=hpc&s=exact-aware-popularity-rank&ref=sr_st_exact-aware-popularity-rank
