Keyword,Links
Sunscreen Zinc,https://www.amazon.com/s?k=Sunscreen+Zinc&i=beauty&s=exact-aware-popularity-rank&ref=sr_st_exact-aware-popularity-rank
Brightening Sunscreen,https://www.amazon.com/s?k=Brightening+Sunscreen&i=beauty&s=exact-aware-popularity-rank&ref=sr_st_exact-aware-popularity-rank
Brightening Lotion,https://www.amazon.com/s?k=Brightening+Lotion&i=beauty&s=exact-aware-popularity-rank&ref=sr_st_exact-aware-popularity-rank
Solar Cream,https://www.amazon.com/s?k=Solar+Cream&i=beauty&s=exact-aware-popularity-rank&ref=sr_st_exact-aware-popularity-rank
Active Sunscreen,https://www.amazon.com/s?k=Active+Sunscreen&i=beauty&s=exact-aware-popularity-rank&ref=sr_st_exact-aware-popularity-rank
Invisible Sunscreen,https://www.amazon.com/s?k=Invisible+Sunscreen&i=beauty&s=exact-aware-popularity-rank&ref=sr_st_exact-aware-popularity-rank
Tone-Up Sunscreen,https://www.amazon.com/s?k=Tone-Up+Sunscreen&i=beauty&s=exact-aware-popularity-rank&ref=sr_st_exact-aware-popularity-rank
Oil Free Sunscreen,https://www.amazon.com/s?k=Oil+Free+Sunscreen&i=beauty&s=exact-aware-popularity-rank&ref=sr_st_exact-aware-popularity-rank
Tanning Accelerator,https://www.amazon.com/s?k=Tanning+Accelerator&i=beauty&s=exact-aware-popularity-rank&ref=sr_st_exact-aware-popularity-rank
Matte Sunscreen,https://www.amazon.com/s?k=Matte+Sunscreen&i=beauty&s=exact-aware-popularity-rank&ref=sr_st_exact-aware-popularity-rank
Sunscreen Bronzer,https://www.amazon.com/s?k=Sunscreen+Bronzer&i=beauty&s=exact-aware-popularity-rank&ref=sr_st_exact-aware-popularity-rank
Moisturizer SPF,https://www.amazon.com/s?k=Moisturizer+SPF&i=beauty&s=exact-aware-popularity-rank&ref=sr_st_exact-aware-popularity-rank
Sunscreen Serum,https://www.amazon.com/s?k=Sunscreen+Serum&i=beauty&s=exact-aware-popularity-rank&ref=sr_st_exact-aware-popularity-rank
Safe Sunscreen,https://www.amazon.com/s?k=Safe+Sunscreen&i=beauty&s=exact-aware-popularity-rank&ref=sr_st_exact-aware-popularity-rank
Protective Creme,https://www.amazon.com/s?k=Protective+Creme&i=beauty&s=exact-aware-popularity-rank&ref=sr_st_exact-aware-popularity-rank
Tan oil,https://www.amazon.com/s?k=Tan+oil&i=beauty&s=exact-aware-popularity-rank&ref=sr_st_exact-aware-popularity-rank
Sun protector,https://www.amazon.com/s?k=Sun+protector&i=beauty&s=exact-aware-popularity-rank&ref=sr_st_exact-aware-popularity-rank
Sun Lotion,https://www.amazon.com/s?k=Sun+Lotion&i=beauty&s=exact-aware-popularity-rank&ref=sr_st_exact-aware-popularity-rank
Hypoallergenic Sunscreen,https://www.amazon.com/s?k=Hypoallergenic+Sunscreen&i=beauty&s=exact-aware-popularity-rank&ref=sr_st_exact-aware-popularity-rank
Shimmer Sunscreen,https://www.amazon.com/s?k=Shimmer+Sunscreen&i=beauty&s=exact-aware-popularity-rank&ref=sr_st_exact-aware-popularity-rank
High Protection,https://www.amazon.com/s?k=High+Protection&i=beauty&s=exact-aware-popularity-rank&ref=sr_st_exact-aware-popularity-rank
Sun gel-cream,https://www.amazon.com/s?k=Sun+gel-cream&i=beauty&s=exact-aware-popularity-rank&ref=sr_st_exact-aware-popularity-rank
Sport Spray,https://www.amazon.com/s?k=Sport+Spray&i=beauty&s=exact-aware-popularity-rank&ref=sr_st_exact-aware-popularity-rank
Lotion Sunscreen,https://www.amazon.com/s?k=Lotion+Sunscreen&i=beauty&s=exact-aware-popularity-rank&ref=sr_st_exact-aware-popularity-rank
Sunscreen Touch,https://www.amazon.com/s?k=Sunscreen+Touch&i=beauty&s=exact-aware-popularity-rank&ref=sr_st_exact-aware-popularity-rank
Sunscreen Defense,https://www.amazon.com/s?k=Sunscreen+Defense&i=beauty&s=exact-aware-popularity-rank&ref=sr_st_exact-aware-popularity-rank
Moisturising Spray,https://www.amazon.com/s?k=Moisturising+Spray&i=beauty&s=exact-aware-popularity-rank&ref=sr_st_exact-aware-popularity-rank
Hydration Sunscreen,https://www.amazon.com/s?k=Hydration+Sunscreen&i=beauty&s=exact-aware-popularity-rank&ref=sr_st_exact-aware-popularity-rank
Rejuvenating Cream,https://www.amazon.com/s?k=Rejuvenating+Cream&i=beauty&s=exact-aware-popularity-rank&ref=sr_st_exact-aware-popularity-rank
Sunscreen fluid,https://www.amazon.com/s?k=Sunscreen+fluid&i=beauty&s=exact-aware-popularity-rank&ref=sr_st_exact-aware-popularity-rank
Clear Zinc Sunscreen,https://www.amazon.com/s?k=Clear+Zinc+Sunscreen&i=beauty&s=exact-aware-popularity-rank&ref=sr_st_exact-aware-popularity-rank
Mattifying Sunscreen,https://www.amazon.com/s?k=Mattifying+Sunscreen&i=beauty&s=exact-aware-popularity-rank&ref=sr_st_exact-aware-popularity-rank
Sun Milk,https://www.amazon.com/s?k=Sun+Milk&i=beauty&s=exact-aware-popularity-rank&ref=sr_st_exact-aware-popularity-rank
Gel Sunscreen,https://www.amazon.com/s?k=Gel+Sunscreen&i=beauty&s=exact-aware-popularity-rank&ref=sr_st_exact-aware-popularity-rank
Skin Recovery,https://www.amazon.com/s?k=Skin+Recovery&i=beauty&s=exact-aware-popularity-rank&ref=sr_st_exact-aware-popularity-rank
Sun Gel,https://www.amazon.com/s?k=Sun+Gel&i=beauty&s=exact-aware-popularity-rank&ref=sr_st_exact-aware-popularity-rank
Daily Care,https://www.amazon.com/s?k=Daily+Care&i=beauty&s=exact-aware-popularity-rank&ref=sr_st_exact-aware-popularity-rank
Sunscreen foundation,https://www.amazon.com/s?k=Sunscreen+foundation&i=beauty&s=exact-aware-popularity-rank&ref=sr_st_exact-aware-popularity-rank
Mineral Lotion,https://www.amazon.com/s?k=Mineral+Lotion&i=beauty&s=exact-aware-popularity-rank&ref=sr_st_exact-aware-popularity-rank
Sunscreen Blur,https://www.amazon.com/s?k=Sunscreen+Blur&i=beauty&s=exact-aware-popularity-rank&ref=sr_st_exact-aware-popularity-rank
Protective Milk,https://www.amazon.com/s?k=Protective+Milk&i=beauty&s=exact-aware-popularity-rank&ref=sr_st_exact-aware-popularity-rank
Liposomal Sunscreen,https://www.amazon.com/s?k=Liposomal+Sunscreen&i=beauty&s=exact-aware-popularity-rank&ref=sr_st_exact-aware-popularity-rank
Sunscreen Water,https://www.amazon.com/s?k=Sunscreen+Water&i=beauty&s=exact-aware-popularity-rank&ref=sr_st_exact-aware-popularity-rank
Sunscreen Light,https://www.amazon.com/s?k=Sunscreen+Light&i=beauty&s=exact-aware-popularity-rank&ref=sr_st_exact-aware-popularity-rank
Tinted Cream,https://www.amazon.com/s?k=Tinted+Cream&i=beauty&s=exact-aware-popularity-rank&ref=sr_st_exact-aware-popularity-rank
Pigment Solution,https://www.amazon.com/s?k=Pigment+Solution&i=beauty&s=exact-aware-popularity-rank&ref=sr_st_exact-aware-popularity-rank
Sport Lotion,https://www.amazon.com/s?k=Sport+Lotion&i=beauty&s=exact-aware-popularity-rank&ref=sr_st_exact-aware-popularity-rank
Water Gel,https://www.amazon.com/s?k=Water+Gel&i=beauty&s=exact-aware-popularity-rank&ref=sr_st_exact-aware-popularity-rank
Solar Gel,https://www.amazon.com/s?k=Solar+Gel&i=beauty&s=exact-aware-popularity-rank&ref=sr_st_exact-aware-popularity-rank
Aloe Sunscreen,https://www.amazon.com/s?k=Aloe+Sunscreen&i=beauty&s=exact-aware-popularity-rank&ref=sr_st_exact-aware-popularity-rank
