Keyword,Links
Sunscreen Zinc,https://www.ebay.com/sch/i.html?_from=R40&_nkw=Sunscreen+Zinc&_sacat=26395&rt=nc&LH_ItemCondition=3&LH_BIN=1&rt=nc&LH_PrefLoc=1
Brightening Sunscreen,https://www.ebay.com/sch/i.html?_from=R40&_nkw=Brightening+Sunscreen&_sacat=26395&rt=nc&LH_ItemCondition=3&LH_BIN=1&rt=nc&LH_PrefLoc=1
Brightening Lotion,https://www.ebay.com/sch/i.html?_from=R40&_nkw=Brightening+Lotion&_sacat=26395&rt=nc&LH_ItemCondition=3&LH_BIN=1&rt=nc&LH_PrefLoc=1
Solar Cream,https://www.ebay.com/sch/i.html?_from=R40&_nkw=Solar+Cream&_sacat=26395&rt=nc&LH_ItemCondition=3&LH_BIN=1&rt=nc&LH_PrefLoc=1
Active Sunscreen,https://www.ebay.com/sch/i.html?_from=R40&_nkw=Active+Sunscreen&_sacat=26395&rt=nc&LH_ItemCondition=3&LH_BIN=1&rt=nc&LH_PrefLoc=1
Invisible Sunscreen,https://www.ebay.com/sch/i.html?_from=R40&_nkw=Invisible+Sunscreen&_sacat=26395&rt=nc&LH_ItemCondition=3&LH_BIN=1&rt=nc&LH_PrefLoc=1
Tone-Up Sunscreen,https://www.ebay.com/sch/i.html?_from=R40&_nkw=Tone-Up+Sunscreen&_sacat=26395&rt=nc&LH_ItemCondition=3&LH_BIN=1&rt=nc&LH_PrefLoc=1
Oil Free Sunscreen,https://www.ebay.com/sch/i.html?_from=R40&_nkw=Oil+Free+Sunscreen&_sacat=26395&rt=nc&LH_ItemCondition=3&LH_BIN=1&rt=nc&LH_PrefLoc=1
Tanning Accelerator,https://www.ebay.com/sch/i.html?_from=R40&_nkw=Tanning+Accelerator&_sacat=26395&rt=nc&LH_ItemCondition=3&LH_BIN=1&rt=nc&LH_PrefLoc=1
Matte Sunscreen,https://www.ebay.com/sch/i.html?_from=R40&_nkw=Matte+Sunscreen&_sacat=26395&rt=nc&LH_ItemCondition=3&LH_BIN=1&rt=nc&LH_PrefLoc=1
Sunscreen Bronzer,https://www.ebay.com/sch/i.html?_from=R40&_nkw=Sunscreen+Bronzer&_sacat=26395&rt=nc&LH_ItemCondition=3&LH_BIN=1&rt=nc&LH_PrefLoc=1
Moisturizer SPF,https://www.ebay.com/sch/i.html?_from=R40&_nkw=Moisturizer+SPF&_sacat=26395&rt=nc&LH_ItemCondition=3&LH_BIN=1&rt=nc&LH_PrefLoc=1
Sunscreen Serum,https://www.ebay.com/sch/i.html?_from=R40&_nkw=Sunscreen+Serum&_sacat=26395&rt=nc&LH_ItemCondition=3&LH_BIN=1&rt=nc&LH_PrefLoc=1
Safe Sunscreen,https://www.ebay.com/sch/i.html?_from=R40&_nkw=Safe+Sunscreen&_sacat=26395&rt=nc&LH_ItemCondition=3&LH_BIN=1&rt=nc&LH_PrefLoc=1
Protective Creme,https://www.ebay.com/sch/i.html?_from=R40&_nkw=Protective+Creme&_sacat=26395&rt=nc&LH_ItemCondition=3&LH_BIN=1&rt=nc&LH_PrefLoc=1
Tan oil,https://www.ebay.com/sch/i.html?_from=R40&_nkw=Tan+oil&_sacat=26395&rt=nc&LH_ItemCondition=3&LH_BIN=1&rt=nc&LH_PrefLoc=1
Sun protector,https://www.ebay.com/sch/i.html?_from=R40&_nkw=Sun+protector&_sacat=26395&rt=nc&LH_ItemCondition=3&LH_BIN=1&rt=nc&LH_PrefLoc=1
Sun Lotion,https://www.ebay.com/sch/i.html?_from=R40&_nkw=Sun+Lotion&_sacat=26395&rt=nc&LH_ItemCondition=3&LH_BIN=1&rt=nc&LH_PrefLoc=1
Hypoallergenic Sunscreen,https://www.ebay.com/sch/i.html?_from=R40&_nkw=Hypoallergenic+Sunscreen&_sacat=26395&rt=nc&LH_ItemCondition=3&LH_BIN=1&rt=nc&LH_PrefLoc=1
Shimmer Sunscreen,https://www.ebay.com/sch/i.html?_from=R40&_nkw=Shimmer+Sunscreen&_sacat=26395&rt=nc&LH_ItemCondition=3&LH_BIN=1&rt=nc&LH_PrefLoc=1
High Protection,https://www.ebay.com/sch/i.html?_from=R40&_nkw=High+Protection&_sacat=26395&rt=nc&LH_ItemCondition=3&LH_BIN=1&rt=nc&LH_PrefLoc=1
Sun gel-cream,https://www.ebay.com/sch/i.html?_from=R40&_nkw=Sun+gel-cream&_sacat=26395&rt=nc&LH_ItemCondition=3&LH_BIN=1&rt=nc&LH_PrefLoc=1
Sport Spray,https://www.ebay.com/sch/i.html?_from=R40&_nkw=Sport+Spray&_sacat=26395&rt=nc&LH_ItemCondition=3&LH_BIN=1&rt=nc&LH_PrefLoc=1
Lotion Sunscreen,https://www.ebay.com/sch/i.html?_from=R40&_nkw=Lotion+Sunscreen&_sacat=26395&rt=nc&LH_ItemCondition=3&LH_BIN=1&rt=nc&LH_PrefLoc=1
Sunscreen Touch,https://www.ebay.com/sch/i.html?_from=R40&_nkw=Sunscreen+Touch&_sacat=26395&rt=nc&LH_ItemCondition=3&LH_BIN=1&rt=nc&LH_PrefLoc=1
Sunscreen Defense,https://www.ebay.com/sch/i.html?_from=R40&_nkw=Sunscreen+Defense&_sacat=26395&rt=nc&LH_ItemCondition=3&LH_BIN=1&rt=nc&LH_PrefLoc=1
Moisturising Spray,https://www.ebay.com/sch/i.html?_from=R40&_nkw=Moisturising+Spray&_sacat=26395&rt=nc&LH_ItemCondition=3&LH_BIN=1&rt=nc&LH_PrefLoc=1
Hydration Sunscreen,https://www.ebay.com/sch/i.html?_from=R40&_nkw=Hydration+Sunscreen&_sacat=26395&rt=nc&LH_ItemCondition=3&LH_BIN=1&rt=nc&LH_PrefLoc=1
Rejuvenating Cream,https://www.ebay.com/sch/i.html?_from=R40&_nkw=Rejuvenating+Cream&_sacat=26395&rt=nc&LH_ItemCondition=3&LH_BIN=1&rt=nc&LH_PrefLoc=1
Sunscreen fluid,https://www.ebay.com/sch/i.html?_from=R40&_nkw=Sunscreen+fluid&_sacat=26395&rt=nc&LH_ItemCondition=3&LH_BIN=1&rt=nc&LH_PrefLoc=1
Clear Zinc Sunscreen,https://www.ebay.com/sch/i.html?_from=R40&_nkw=Clear+Zinc+Sunscreen&_sacat=26395&rt=nc&LH_ItemCondition=3&LH_BIN=1&rt=nc&LH_PrefLoc=1
Mattifying Sunscreen,https://www.ebay.com/sch/i.html?_from=R40&_nkw=Mattifying+Sunscreen&_sacat=26395&rt=nc&LH_ItemCondition=3&LH_BIN=1&rt=nc&LH_PrefLoc=1
Sun Milk,https://www.ebay.com/sch/i.html?_from=R40&_nkw=Sun+Milk&_sacat=26395&rt=nc&LH_ItemCondition=3&LH_BIN=1&rt=nc&LH_PrefLoc=1
Gel Sunscreen,https://www.ebay.com/sch/i.html?_from=R40&_nkw=Gel+Sunscreen&_sacat=26395&rt=nc&LH_ItemCondition=3&LH_BIN=1&rt=nc&LH_PrefLoc=1
Skin Recovery,https://www.ebay.com/sch/i.html?_from=R40&_nkw=Skin+Recovery&_sacat=26395&rt=nc&LH_ItemCondition=3&LH_BIN=1&rt=nc&LH_PrefLoc=1
Sun Gel,https://www.ebay.com/sch/i.html?_from=R40&_nkw=Sun+Gel&_sacat=26395&rt=nc&LH_ItemCondition=3&LH_BIN=1&rt=nc&LH_PrefLoc=1
Daily Care,https://www.ebay.com/sch/i.html?_from=R40&_nkw=Daily+Care&_sacat=26395&rt=nc&LH_ItemCondition=3&LH_BIN=1&rt=nc&LH_PrefLoc=1
Sunscreen foundation,https://www.ebay.com/sch/i.html?_from=R40&_nkw=Sunscreen+foundation&_sacat=26395&rt=nc&LH_ItemCondition=3&LH_BIN=1&rt=nc&LH_PrefLoc=1
Mineral Lotion,https://www.ebay.com/sch/i.html?_from=R40&_nkw=Mineral+Lotion&_sacat=26395&rt=nc&LH_ItemCondition=3&LH_BIN=1&rt=nc&LH_PrefLoc=1
Sunscreen Blur,https://www.ebay.com/sch/i.html?_from=R40&_nkw=Sunscreen+Blur&_sacat=26395&rt=nc&LH_ItemCondition=3&LH_BIN=1&rt=nc&LH_PrefLoc=1
Protective Milk,https://www.ebay.com/sch/i.html?_from=R40&_nkw=Protective+Milk&_sacat=26395&rt=nc&LH_ItemCondition=3&LH_BIN=1&rt=nc&LH_PrefLoc=1
Liposomal Sunscreen,https://www.ebay.com/sch/i.html?_from=R40&_nkw=Liposomal+Sunscreen&_sacat=26395&rt=nc&LH_ItemCondition=3&LH_BIN=1&rt=nc&LH_PrefLoc=1
Sunscreen Water,https://www.ebay.com/sch/i.html?_from=R40&_nkw=Sunscreen+Water&_sacat=26395&rt=nc&LH_ItemCondition=3&LH_BIN=1&rt=nc&LH_PrefLoc=1
Sunscreen Light,https://www.ebay.com/sch/i.html?_from=R40&_nkw=Sunscreen+Light&_sacat=26395&rt=nc&LH_ItemCondition=3&LH_BIN=1&rt=nc&LH_PrefLoc=1
Tinted Cream,https://www.ebay.com/sch/i.html?_from=R40&_nkw=Tinted+Cream&_sacat=26395&rt=nc&LH_ItemCondition=3&LH_BIN=1&rt=nc&LH_PrefLoc=1
Pigment Solution,https://www.ebay.com/sch/i.html?_from=R40&_nkw=Pigment+Solution&_sacat=26395&rt=nc&LH_ItemCondition=3&LH_BIN=1&rt=nc&LH_PrefLoc=1
Sport Lotion,https://www.ebay.com/sch/i.html?_from=R40&_nkw=Sport+Lotion&_sacat=26395&rt=nc&LH_ItemCondition=3&LH_BIN=1&rt=nc&LH_PrefLoc=1
Water Gel,https://www.ebay.com/sch/i.html?_from=R40&_nkw=Water+Gel&_sacat=26395&rt=nc&LH_ItemCondition=3&LH_BIN=1&rt=nc&LH_PrefLoc=1
Solar Gel,https://www.ebay.com/sch/i.html?_from=R40&_nkw=Solar+Gel&_sacat=26395&rt=nc&LH_ItemCondition=3&LH_BIN=1&rt=nc&LH_PrefLoc=1
Aloe Sunscreen,https://www.ebay.com/sch/i.html?_from=R40&_nkw=Aloe+Sunscreen&_sacat=26395&rt=nc&LH_ItemCondition=3&LH_BIN=1&rt=nc&LH_PrefLoc=1
