Keyword,Links
Men's gift set,https://www.amazon.com/s?k=Men's+gift+set&i=beauty&s=exact-aware-popularity-rank&ref=sr_st_exact-aware-popularity-rank
Unisex Perfume,https://www.amazon.com/s?k=Unisex+Perfume&i=beauty&s=exact-aware-popularity-rank&ref=sr_st_exact-aware-popularity-rank
Sweet Candy,https://www.amazon.com/s?k=Sweet+Candy&i=beauty&s=exact-aware-popularity-rank&ref=sr_st_exact-aware-popularity-rank
Light Blue,https://www.amazon.com/s?k=Light+Blue&i=beauty&s=exact-aware-popularity-rank&ref=sr_st_exact-aware-popularity-rank
Perfume Set,https://www.amazon.com/s?k=Perfume+Set&i=beauty&s=exact-aware-popularity-rank&ref=sr_st_exact-aware-popularity-rank
Mickey Fragrance,https://www.amazon.com/s?k=Mickey+Fragrance&i=beauty&s=exact-aware-popularity-rank&ref=sr_st_exact-aware-popularity-rank
Mini fragrance,https://www.amazon.com/s?k=Mini+fragrance&i=beauty&s=exact-aware-popularity-rank&ref=sr_st_exact-aware-popularity-rank
Pleasures Intense,https://www.amazon.com/s?k=Pleasures+Intense&i=beauty&s=exact-aware-popularity-rank&ref=sr_st_exact-aware-popularity-rank
Gardenia Spray,https://www.amazon.com/s?k=Gardenia+Spray&i=beauty&s=exact-aware-popularity-rank&ref=sr_st_exact-aware-popularity-rank
Intense fragrance,https://www.amazon.com/s?k=Intense+fragrance&i=beauty&s=exact-aware-popularity-rank&ref=sr_st_exact-aware-popularity-rank
Gift set,https://www.amazon.com/s?k=Gift+set&i=beauty&s=exact-aware-popularity-rank&ref=sr_st_exact-aware-popularity-rank
Fresh Couture,https://www.amazon.com/s?k=Fresh+Couture&i=beauty&s=exact-aware-popularity-rank&ref=sr_st_exact-aware-popularity-rank
Seductive fragrance,https://www.amazon.com/s?k=Seductive+fragrance&i=beauty&s=exact-aware-popularity-rank&ref=sr_st_exact-aware-popularity-rank
Fresh perfume,https://www.amazon.com/s?k=Fresh+perfume&i=beauty&s=exact-aware-popularity-rank&ref=sr_st_exact-aware-popularity-rank
Black Afgano,https://www.amazon.com/s?k=Black+Afgano&i=beauty&s=exact-aware-popularity-rank&ref=sr_st_exact-aware-popularity-rank
Deodorant Stick,https://www.amazon.com/s?k=Deodorant+Stick&i=beauty&s=exact-aware-popularity-rank&ref=sr_st_exact-aware-popularity-rank
Happy Heart,https://www.amazon.com/s?k=Happy+Heart&i=beauty&s=exact-aware-popularity-rank&ref=sr_st_exact-aware-popularity-rank
Miniature fragrance,https://www.amazon.com/s?k=Miniature+fragrance&i=beauty&s=exact-aware-popularity-rank&ref=sr_st_exact-aware-popularity-rank
Fragrance Mask,https://www.amazon.com/s?k=Fragrance+Mask&i=beauty&s=exact-aware-popularity-rank&ref=sr_st_exact-aware-popularity-rank
Cinderella perfume,https://www.amazon.com/s?k=Cinderella+perfume&i=beauty&s=exact-aware-popularity-rank&ref=sr_st_exact-aware-popularity-rank
Women Fragrance,https://www.amazon.com/s?k=Women+Fragrance&i=beauty&s=exact-aware-popularity-rank&ref=sr_st_exact-aware-popularity-rank
Icon Elite,https://www.amazon.com/s?k=Icon+Elite&i=beauty&s=exact-aware-popularity-rank&ref=sr_st_exact-aware-popularity-rank
Toasted Sugar,https://www.amazon.com/s?k=Toasted+Sugar&i=beauty&s=exact-aware-popularity-rank&ref=sr_st_exact-aware-popularity-rank
Gaultier fragrance,https://www.amazon.com/s?k=Gaultier+fragrance&i=beauty&s=exact-aware-popularity-rank&ref=sr_st_exact-aware-popularity-rank
Beauty perfume,https://www.amazon.com/s?k=Beauty+perfume&i=beauty&s=exact-aware-popularity-rank&ref=sr_st_exact-aware-popularity-rank
Grace fragrance,https://www.amazon.com/s?k=Grace+fragrance&i=beauty&s=exact-aware-popularity-rank&ref=sr_st_exact-aware-popularity-rank
Daisy fragrance,https://www.amazon.com/s?k=Daisy+fragrance&i=beauty&s=exact-aware-popularity-rank&ref=sr_st_exact-aware-popularity-rank
Deep Red Perfume,https://www.amazon.com/s?k=Deep+Red+Perfume&i=beauty&s=exact-aware-popularity-rank&ref=sr_st_exact-aware-popularity-rank
Mulan fragrance,https://www.amazon.com/s?k=Mulan+fragrance&i=beauty&s=exact-aware-popularity-rank&ref=sr_st_exact-aware-popularity-rank
White tea,https://www.amazon.com/s?k=White+tea&i=beauty&s=exact-aware-popularity-rank&ref=sr_st_exact-aware-popularity-rank
Vanilla perfume,https://www.amazon.com/s?k=Vanilla+perfume&i=beauty&s=exact-aware-popularity-rank&ref=sr_st_exact-aware-popularity-rank
White Mulberry Hand Wash,https://www.amazon.com/s?k=White+Mulberry+Hand+Wash&i=beauty&s=exact-aware-popularity-rank&ref=sr_st_exact-aware-popularity-rank
Pink Rush,https://www.amazon.com/s?k=Pink+Rush&i=beauty&s=exact-aware-popularity-rank&ref=sr_st_exact-aware-popularity-rank
Intense Cafe,https://www.amazon.com/s?k=Intense+Cafe&i=beauty&s=exact-aware-popularity-rank&ref=sr_st_exact-aware-popularity-rank
Moana fragrance,https://www.amazon.com/s?k=Moana+fragrance&i=beauty&s=exact-aware-popularity-rank&ref=sr_st_exact-aware-popularity-rank
Men's deodorant,https://www.amazon.com/s?k=Men's+deodorant&i=beauty&s=exact-aware-popularity-rank&ref=sr_st_exact-aware-popularity-rank
Timeless Cologne,https://www.amazon.com/s?k=Timeless+Cologne&i=beauty&s=exact-aware-popularity-rank&ref=sr_st_exact-aware-popularity-rank
Legend fragrance,https://www.amazon.com/s?k=Legend+fragrance&i=beauty&s=exact-aware-popularity-rank&ref=sr_st_exact-aware-popularity-rank
Goddess EDP,https://www.amazon.com/s?k=Goddess+EDP&i=beauty&s=exact-aware-popularity-rank&ref=sr_st_exact-aware-popularity-rank
Fragrance Kit,https://www.amazon.com/s?k=Fragrance+Kit&i=beauty&s=exact-aware-popularity-rank&ref=sr_st_exact-aware-popularity-rank
Far Away,https://www.amazon.com/s?k=Far+Away&i=beauty&s=exact-aware-popularity-rank&ref=sr_st_exact-aware-popularity-rank
Euphoria Deodorant,https://www.amazon.com/s?k=Euphoria+Deodorant&i=beauty&s=exact-aware-popularity-rank&ref=sr_st_exact-aware-popularity-rank
Limited Edition,https://www.amazon.com/s?k=Limited+Edition&i=beauty&s=exact-aware-popularity-rank&ref=sr_st_exact-aware-popularity-rank
Vintage Green,https://www.amazon.com/s?k=Vintage+Green&i=beauty&s=exact-aware-popularity-rank&ref=sr_st_exact-aware-popularity-rank
Floriental Perfume,https://www.amazon.com/s?k=Floriental+Perfume&i=beauty&s=exact-aware-popularity-rank&ref=sr_st_exact-aware-popularity-rank
Variety Set,https://www.amazon.com/s?k=Variety+Set&i=beauty&s=exact-aware-popularity-rank&ref=sr_st_exact-aware-popularity-rank
Encanto fragrance,https://www.amazon.com/s?k=Encanto+fragrance&i=beauty&s=exact-aware-popularity-rank&ref=sr_st_exact-aware-popularity-rank
Black Walnut,https://www.amazon.com/s?k=Black+Walnut&i=beauty&s=exact-aware-popularity-rank&ref=sr_st_exact-aware-popularity-rank
Tobacco Vanilla,https://www.amazon.com/s?k=Tobacco+Vanilla&i=beauty&s=exact-aware-popularity-rank&ref=sr_st_exact-aware-popularity-rank
Rapunzel fragrance,https://www.amazon.com/s?k=Rapunzel+fragrance&i=beauty&s=exact-aware-popularity-rank&ref=sr_st_exact-aware-popularity-rank
