Keyword,Links
Men's gift set,https://www.ebay.com/sch/i.html?_from=R40&_nkw=Men's+gift+set&_sacat=26395&rt=nc&LH_ItemCondition=3&LH_BIN=1&rt=nc&LH_PrefLoc=1
Unisex Perfume,https://www.ebay.com/sch/i.html?_from=R40&_nkw=Unisex+Perfume&_sacat=26395&rt=nc&LH_ItemCondition=3&LH_BIN=1&rt=nc&LH_PrefLoc=1
Sweet Candy,https://www.ebay.com/sch/i.html?_from=R40&_nkw=Sweet+Candy&_sacat=26395&rt=nc&LH_ItemCondition=3&LH_BIN=1&rt=nc&LH_PrefLoc=1
Light Blue,https://www.ebay.com/sch/i.html?_from=R40&_nkw=Light+Blue&_sacat=26395&rt=nc&LH_ItemCondition=3&LH_BIN=1&rt=nc&LH_PrefLoc=1
Perfume Set,https://www.ebay.com/sch/i.html?_from=R40&_nkw=Perfume+Set&_sacat=26395&rt=nc&LH_ItemCondition=3&LH_BIN=1&rt=nc&LH_PrefLoc=1
Mickey Fragrance,https://www.ebay.com/sch/i.html?_from=R40&_nkw=Mickey+Fragrance&_sacat=26395&rt=nc&LH_ItemCondition=3&LH_BIN=1&rt=nc&LH_PrefLoc=1
Mini fragrance,https://www.ebay.com/sch/i.html?_from=R40&_nkw=Mini+fragrance&_sacat=26395&rt=nc&LH_ItemCondition=3&LH_BIN=1&rt=nc&LH_PrefLoc=1
Pleasures Intense,https://www.ebay.com/sch/i.html?_from=R40&_nkw=Pleasures+Intense&_sacat=26395&rt=nc&LH_ItemCondition=3&LH_BIN=1&rt=nc&LH_PrefLoc=1
Gardenia Spray,https://www.ebay.com/sch/i.html?_from=R40&_nkw=Gardenia+Spray&_sacat=26395&rt=nc&LH_ItemCondition=3&LH_BIN=1&rt=nc&LH_PrefLoc=1
Intense fragrance,https://www.ebay.com/sch/i.html?_from=R40&_nkw=Intense+fragrance&_sacat=26395&rt=nc&LH_ItemCondition=3&LH_BIN=1&rt=nc&LH_PrefLoc=1
Gift set,https://www.ebay.com/sch/i.html?_from=R40&_nkw=Gift+set&_sacat=26395&rt=nc&LH_ItemCondition=3&LH_BIN=1&rt=nc&LH_PrefLoc=1
Fresh Couture,https://www.ebay.com/sch/i.html?_from=R40&_nkw=Fresh+Couture&_sacat=26395&rt=nc&LH_ItemCondition=3&LH_BIN=1&rt=nc&LH_PrefLoc=1
Seductive fragrance,https://www.ebay.com/sch/i.html?_from=R40&_nkw=Seductive+fragrance&_sacat=26395&rt=nc&LH_ItemCondition=3&LH_BIN=1&rt=nc&LH_PrefLoc=1
Fresh perfume,https://www.ebay.com/sch/i.html?_from=R40&_nkw=Fresh+perfume&_sacat=26395&rt=nc&LH_ItemCondition=3&LH_BIN=1&rt=nc&LH_PrefLoc=1
Black Afgano,https://www.ebay.com/sch/i.html?_from=R40&_nkw=Black+Afgano&_sacat=26395&rt=nc&LH_ItemCondition=3&LH_BIN=1&rt=nc&LH_PrefLoc=1
Deodorant Stick,https://www.ebay.com/sch/i.html?_from=R40&_nkw=Deodorant+Stick&_sacat=26395&rt=nc&LH_ItemCondition=3&LH_BIN=1&rt=nc&LH_PrefLoc=1
Happy Heart,https://www.ebay.com/sch/i.html?_from=R40&_nkw=Happy+Heart&_sacat=26395&rt=nc&LH_ItemCondition=3&LH_BIN=1&rt=nc&LH_PrefLoc=1
Miniature fragrance,https://www.ebay.com/sch/i.html?_from=R40&_nkw=Miniature+fragrance&_sacat=26395&rt=nc&LH_ItemCondition=3&LH_BIN=1&rt=nc&LH_PrefLoc=1
Fragrance Mask,https://www.ebay.com/sch/i.html?_from=R40&_nkw=Fragrance+Mask&_sacat=26395&rt=nc&LH_ItemCondition=3&LH_BIN=1&rt=nc&LH_PrefLoc=1
Cinderella perfume,https://www.ebay.com/sch/i.html?_from=R40&_nkw=Cinderella+perfume&_sacat=26395&rt=nc&LH_ItemCondition=3&LH_BIN=1&rt=nc&LH_PrefLoc=1
Women Fragrance,https://www.ebay.com/sch/i.html?_from=R40&_nkw=Women+Fragrance&_sacat=26395&rt=nc&LH_ItemCondition=3&LH_BIN=1&rt=nc&LH_PrefLoc=1
Icon Elite,https://www.ebay.com/sch/i.html?_from=R40&_nkw=Icon+Elite&_sacat=26395&rt=nc&LH_ItemCondition=3&LH_BIN=1&rt=nc&LH_PrefLoc=1
Toasted Sugar,https://www.ebay.com/sch/i.html?_from=R40&_nkw=Toasted+Sugar&_sacat=26395&rt=nc&LH_ItemCondition=3&LH_BIN=1&rt=nc&LH_PrefLoc=1
Gaultier fragrance,https://www.ebay.com/sch/i.html?_from=R40&_nkw=Gaultier+fragrance&_sacat=26395&rt=nc&LH_ItemCondition=3&LH_BIN=1&rt=nc&LH_PrefLoc=1
Beauty perfume,https://www.ebay.com/sch/i.html?_from=R40&_nkw=Beauty+perfume&_sacat=26395&rt=nc&LH_ItemCondition=3&LH_BIN=1&rt=nc&LH_PrefLoc=1
Grace fragrance,https://www.ebay.com/sch/i.html?_from=R40&_nkw=Grace+fragrance&_sacat=26395&rt=nc&LH_ItemCondition=3&LH_BIN=1&rt=nc&LH_PrefLoc=1
Daisy fragrance,https://www.ebay.com/sch/i.html?_from=R40&_nkw=Daisy+fragrance&_sacat=26395&rt=nc&LH_ItemCondition=3&LH_BIN=1&rt=nc&LH_PrefLoc=1
Deep Red Perfume,https://www.ebay.com/sch/i.html?_from=R40&_nkw=Deep+Red+Perfume&_sacat=26395&rt=nc&LH_ItemCondition=3&LH_BIN=1&rt=nc&LH_PrefLoc=1
Mulan fragrance,https://www.ebay.com/sch/i.html?_from=R40&_nkw=Mulan+fragrance&_sacat=26395&rt=nc&LH_ItemCondition=3&LH_BIN=1&rt=nc&LH_PrefLoc=1
White tea,https://www.ebay.com/sch/i.html?_from=R40&_nkw=White+tea&_sacat=26395&rt=nc&LH_ItemCondition=3&LH_BIN=1&rt=nc&LH_PrefLoc=1
Vanilla perfume,https://www.ebay.com/sch/i.html?_from=R40&_nkw=Vanilla+perfume&_sacat=26395&rt=nc&LH_ItemCondition=3&LH_BIN=1&rt=nc&LH_PrefLoc=1
White Mulberry Hand Wash,https://www.ebay.com/sch/i.html?_from=R40&_nkw=White+Mulberry+Hand+Wash&_sacat=26395&rt=nc&LH_ItemCondition=3&LH_BIN=1&rt=nc&LH_PrefLoc=1
Pink Rush,https://www.ebay.com/sch/i.html?_from=R40&_nkw=Pink+Rush&_sacat=26395&rt=nc&LH_ItemCondition=3&LH_BIN=1&rt=nc&LH_PrefLoc=1
Intense Cafe,https://www.ebay.com/sch/i.html?_from=R40&_nkw=Intense+Cafe&_sacat=26395&rt=nc&LH_ItemCondition=3&LH_BIN=1&rt=nc&LH_PrefLoc=1
Moana fragrance,https://www.ebay.com/sch/i.html?_from=R40&_nkw=Moana+fragrance&_sacat=26395&rt=nc&LH_ItemCondition=3&LH_BIN=1&rt=nc&LH_PrefLoc=1
Men's deodorant,https://www.ebay.com/sch/i.html?_from=R40&_nkw=Men's+deodorant&_sacat=26395&rt=nc&LH_ItemCondition=3&LH_BIN=1&rt=nc&LH_PrefLoc=1
Timeless Cologne,https://www.ebay.com/sch/i.html?_from=R40&_nkw=Timeless+Cologne&_sacat=26395&rt=nc&LH_ItemCondition=3&LH_BIN=1&rt=nc&LH_PrefLoc=1
Legend fragrance,https://www.ebay.com/sch/i.html?_from=R40&_nkw=Legend+fragrance&_sacat=26395&rt=nc&LH_ItemCondition=3&LH_BIN=1&rt=nc&LH_PrefLoc=1
Goddess EDP,https://www.ebay.com/sch/i.html?_from=R40&_nkw=Goddess+EDP&_sacat=26395&rt=nc&LH_ItemCondition=3&LH_BIN=1&rt=nc&LH_PrefLoc=1
Fragrance Kit,https://www.ebay.com/sch/i.html?_from=R40&_nkw=Fragrance+Kit&_sacat=26395&rt=nc&LH_ItemCondition=3&LH_BIN=1&rt=nc&LH_PrefLoc=1
Far Away,https://www.ebay.com/sch/i.html?_from=R40&_nkw=Far+Away&_sacat=26395&rt=nc&LH_ItemCondition=3&LH_BIN=1&rt=nc&LH_PrefLoc=1
Euphoria Deodorant,https://www.ebay.com/sch/i.html?_from=R40&_nkw=Euphoria+Deodorant&_sacat=26395&rt=nc&LH_ItemCondition=3&LH_BIN=1&rt=nc&LH_PrefLoc=1
Limited Edition,https://www.ebay.com/sch/i.html?_from=R40&_nkw=Limited+Edition&_sacat=26395&rt=nc&LH_ItemCondition=3&LH_BIN=1&rt=nc&LH_PrefLoc=1
Vintage Green,https://www.ebay.com/sch/i.html?_from=R40&_nkw=Vintage+Green&_sacat=26395&rt=nc&LH_ItemCondition=3&LH_BIN=1&rt=nc&LH_PrefLoc=1
Floriental Perfume,https://www.ebay.com/sch/i.html?_from=R40&_nkw=Floriental+Perfume&_sacat=26395&rt=nc&LH_ItemCondition=3&LH_BIN=1&rt=nc&LH_PrefLoc=1
Variety Set,https://www.ebay.com/sch/i.html?_from=R40&_nkw=Variety+Set&_sacat=26395&rt=nc&LH_ItemCondition=3&LH_BIN=1&rt=nc&LH_PrefLoc=1
Encanto fragrance,https://www.ebay.com/sch/i.html?_from=R40&_nkw=Encanto+fragrance&_sacat=26395&rt=nc&LH_ItemCondition=3&LH_BIN=1&rt=nc&LH_PrefLoc=1
Black Walnut,https://www.ebay.com/sch/i.html?_from=R40&_nkw=Black+Walnut&_sacat=26395&rt=nc&LH_ItemCondition=3&LH_BIN=1&rt=nc&LH_PrefLoc=1
Tobacco Vanilla,https://www.ebay.com/sch/i.html?_from=R40&_nkw=Tobacco+Vanilla&_sacat=26395&rt=nc&LH_ItemCondition=3&LH_BIN=1&rt=nc&LH_PrefLoc=1
Rapunzel fragrance,https://www.ebay.com/sch/i.html?_from=R40&_nkw=Rapunzel+fragrance&_sacat=26395&rt=nc&LH_ItemCondition=3&LH_BIN=1&rt=nc&LH_PrefLoc=1
