Keyword,Links
Kids Brain,https://www.amazon.com/s?k=Kids+Brain&i=hpc&s=exact-aware-popularity-rank&ref=sr_st_exact-aware-popularity-rank
Beauty tea,https://www.amazon.com/s?k=Beauty+tea&i=hpc&s=exact-aware-popularity-rank&ref=sr_st_exact-aware-popularity-rank
Cognitive Boost,https://www.amazon.com/s?k=Cognitive+Boost&i=hpc&s=exact-aware-popularity-rank&ref=sr_st_exact-aware-popularity-rank
Brain Drops,https://www.amazon.com/s?k=Brain+Drops&i=hpc&s=exact-aware-popularity-rank&ref=sr_st_exact-aware-popularity-rank
NADH Supplements,https://www.amazon.com/s?k=NADH+Supplements&i=hpc&s=exact-aware-popularity-rank&ref=sr_st_exact-aware-popularity-rank
Omega 3 Supplements,https://www.amazon.com/s?k=Omega+3+Supplements&i=hpc&s=exact-aware-popularity-rank&ref=sr_st_exact-aware-popularity-rank
Cognitive Pills,https://www.amazon.com/s?k=Cognitive+Pills&i=hpc&s=exact-aware-popularity-rank&ref=sr_st_exact-aware-popularity-rank
L-Ergothioneine Supplement,https://www.amazon.com/s?k=L-Ergothioneine+Supplement&i=hpc&s=exact-aware-popularity-rank&ref=sr_st_exact-aware-popularity-rank
Shilajit Drink,https://www.amazon.com/s?k=Shilajit+Drink&i=hpc&s=exact-aware-popularity-rank&ref=sr_st_exact-aware-popularity-rank
Inositol Powder,https://www.amazon.com/s?k=Inositol+Powder&i=hpc&s=exact-aware-popularity-rank&ref=sr_st_exact-aware-popularity-rank
Mushroom Boost,https://www.amazon.com/s?k=Mushroom+Boost&i=hpc&s=exact-aware-popularity-rank&ref=sr_st_exact-aware-popularity-rank
Mind Gummies,https://www.amazon.com/s?k=Mind+Gummies&i=hpc&s=exact-aware-popularity-rank&ref=sr_st_exact-aware-popularity-rank
Brain Fuel,https://www.amazon.com/s?k=Brain+Fuel&i=hpc&s=exact-aware-popularity-rank&ref=sr_st_exact-aware-popularity-rank
Mushroom Memory,https://www.amazon.com/s?k=Mushroom+Memory&i=hpc&s=exact-aware-popularity-rank&ref=sr_st_exact-aware-popularity-rank
Cognitive Booster,https://www.amazon.com/s?k=Cognitive+Booster&i=hpc&s=exact-aware-popularity-rank&ref=sr_st_exact-aware-popularity-rank
Energy candies,https://www.amazon.com/s?k=Energy+candies&i=hpc&s=exact-aware-popularity-rank&ref=sr_st_exact-aware-popularity-rank
Luteolin Powder,https://www.amazon.com/s?k=Luteolin+Powder&i=hpc&s=exact-aware-popularity-rank&ref=sr_st_exact-aware-popularity-rank
Brain formula,https://www.amazon.com/s?k=Brain+formula&i=hpc&s=exact-aware-popularity-rank&ref=sr_st_exact-aware-popularity-rank
Shankhapushpi Powder,https://www.amazon.com/s?k=Shankhapushpi+Powder&i=hpc&s=exact-aware-popularity-rank&ref=sr_st_exact-aware-popularity-rank
5HTP Supplement,https://www.amazon.com/s?k=5HTP+Supplement&i=hpc&s=exact-aware-popularity-rank&ref=sr_st_exact-aware-popularity-rank
Methylfolate Capsules,https://www.amazon.com/s?k=Methylfolate+Capsules&i=hpc&s=exact-aware-popularity-rank&ref=sr_st_exact-aware-popularity-rank
Broccoli Drops,https://www.amazon.com/s?k=Broccoli+Drops&i=hpc&s=exact-aware-popularity-rank&ref=sr_st_exact-aware-popularity-rank
Creatine Capsules,https://www.amazon.com/s?k=Creatine+Capsules&i=hpc&s=exact-aware-popularity-rank&ref=sr_st_exact-aware-popularity-rank
Nootropics Supplement,https://www.amazon.com/s?k=Nootropics+Supplement&i=hpc&s=exact-aware-popularity-rank&ref=sr_st_exact-aware-popularity-rank
Collagen Softgels,https://www.amazon.com/s?k=Collagen+Softgels&i=hpc&s=exact-aware-popularity-rank&ref=sr_st_exact-aware-popularity-rank
Biotin Supplement,https://www.amazon.com/s?k=Biotin+Supplement&i=hpc&s=exact-aware-popularity-rank&ref=sr_st_exact-aware-popularity-rank
Collagen Burner,https://www.amazon.com/s?k=Collagen+Burner&i=hpc&s=exact-aware-popularity-rank&ref=sr_st_exact-aware-popularity-rank
Hair gummies,https://www.amazon.com/s?k=Hair+gummies&i=hpc&s=exact-aware-popularity-rank&ref=sr_st_exact-aware-popularity-rank
Collagen Broth,https://www.amazon.com/s?k=Collagen+Broth&i=hpc&s=exact-aware-popularity-rank&ref=sr_st_exact-aware-popularity-rank
Collagen Detox,https://www.amazon.com/s?k=Collagen+Detox&i=hpc&s=exact-aware-popularity-rank&ref=sr_st_exact-aware-popularity-rank
High Potency Biotin,https://www.amazon.com/s?k=High+Potency+Biotin&i=hpc&s=exact-aware-popularity-rank&ref=sr_st_exact-aware-popularity-rank
Bone Collagen,https://www.amazon.com/s?k=Bone+Collagen&i=hpc&s=exact-aware-popularity-rank&ref=sr_st_exact-aware-popularity-rank
Gummies Supplement,https://www.amazon.com/s?k=Gummies+Supplement&i=hpc&s=exact-aware-popularity-rank&ref=sr_st_exact-aware-popularity-rank
Vegan Collagen,https://www.amazon.com/s?k=Vegan+Collagen&i=hpc&s=exact-aware-popularity-rank&ref=sr_st_exact-aware-popularity-rank
Collagen Booster,https://www.amazon.com/s?k=Collagen+Booster&i=hpc&s=exact-aware-popularity-rank&ref=sr_st_exact-aware-popularity-rank
Bovine Collagen,https://www.amazon.com/s?k=Bovine+Collagen&i=hpc&s=exact-aware-popularity-rank&ref=sr_st_exact-aware-popularity-rank
Multi Collagen,https://www.amazon.com/s?k=Multi+Collagen&i=hpc&s=exact-aware-popularity-rank&ref=sr_st_exact-aware-popularity-rank
Collagen Gummy,https://www.amazon.com/s?k=Collagen+Gummy&i=hpc&s=exact-aware-popularity-rank&ref=sr_st_exact-aware-popularity-rank
Wrinkle Formula,https://www.amazon.com/s?k=Wrinkle+Formula&i=hpc&s=exact-aware-popularity-rank&ref=sr_st_exact-aware-popularity-rank
Liquid Collagen,https://www.amazon.com/s?k=Liquid+Collagen&i=hpc&s=exact-aware-popularity-rank&ref=sr_st_exact-aware-popularity-rank
Hyaluronic Supplement,https://www.amazon.com/s?k=Hyaluronic+Supplement&i=hpc&s=exact-aware-popularity-rank&ref=sr_st_exact-aware-popularity-rank
Biotin Capsules,https://www.amazon.com/s?k=Biotin+Capsules&i=hpc&s=exact-aware-popularity-rank&ref=sr_st_exact-aware-popularity-rank
Vegan Lysine,https://www.amazon.com/s?k=Vegan+Lysine&i=hpc&s=exact-aware-popularity-rank&ref=sr_st_exact-aware-popularity-rank
Liquid Biotin,https://www.amazon.com/s?k=Liquid+Biotin&i=hpc&s=exact-aware-popularity-rank&ref=sr_st_exact-aware-popularity-rank
Beef Collagen,https://www.amazon.com/s?k=Beef+Collagen&i=hpc&s=exact-aware-popularity-rank&ref=sr_st_exact-aware-popularity-rank
Collagen Complex,https://www.amazon.com/s?k=Collagen+Complex&i=hpc&s=exact-aware-popularity-rank&ref=sr_st_exact-aware-popularity-rank
Collagen Chocolate,https://www.amazon.com/s?k=Collagen+Chocolate&i=hpc&s=exact-aware-popularity-rank&ref=sr_st_exact-aware-popularity-rank
Collagen Builder,https://www.amazon.com/s?k=Collagen+Builder&i=hpc&s=exact-aware-popularity-rank&ref=sr_st_exact-aware-popularity-rank
Biotin Drops,https://www.amazon.com/s?k=Biotin+Drops&i=hpc&s=exact-aware-popularity-rank&ref=sr_st_exact-aware-popularity-rank
Skin supplement,https://www.amazon.com/s?k=Skin+supplement&i=hpc&s=exact-aware-popularity-rank&ref=sr_st_exact-aware-popularity-rank
