Keyword,Links
Kids Brain,https://www.ebay.com/sch/i.html?_from=R40&_nkw=Kids+Brain&_sacat=26395&rt=nc&LH_ItemCondition=3&LH_BIN=1&rt=nc&LH_PrefLoc=1
Beauty tea,https://www.ebay.com/sch/i.html?_from=R40&_nkw=Beauty+tea&_sacat=26395&rt=nc&LH_ItemCondition=3&LH_BIN=1&rt=nc&LH_PrefLoc=1
Cognitive Boost,https://www.ebay.com/sch/i.html?_from=R40&_nkw=Cognitive+Boost&_sacat=26395&rt=nc&LH_ItemCondition=3&LH_BIN=1&rt=nc&LH_PrefLoc=1
Brain Drops,https://www.ebay.com/sch/i.html?_from=R40&_nkw=Brain+Drops&_sacat=26395&rt=nc&LH_ItemCondition=3&LH_BIN=1&rt=nc&LH_PrefLoc=1
NADH Supplements,https://www.ebay.com/sch/i.html?_from=R40&_nkw=NADH+Supplements&_sacat=26395&rt=nc&LH_ItemCondition=3&LH_BIN=1&rt=nc&LH_PrefLoc=1
Omega 3 Supplements,https://www.ebay.com/sch/i.html?_from=R40&_nkw=Omega+3+Supplements&_sacat=26395&rt=nc&LH_ItemCondition=3&LH_BIN=1&rt=nc&LH_PrefLoc=1
Cognitive Pills,https://www.ebay.com/sch/i.html?_from=R40&_nkw=Cognitive+Pills&_sacat=26395&rt=nc&LH_ItemCondition=3&LH_BIN=1&rt=nc&LH_PrefLoc=1
L-Ergothioneine Supplement,https://www.ebay.com/sch/i.html?_from=R40&_nkw=L-Ergothioneine+Supplement&_sacat=26395&rt=nc&LH_ItemCondition=3&LH_BIN=1&rt=nc&LH_PrefLoc=1
Shilajit Drink,https://www.ebay.com/sch/i.html?_from=R40&_nkw=Shilajit+Drink&_sacat=26395&rt=nc&LH_ItemCondition=3&LH_BIN=1&rt=nc&LH_PrefLoc=1
Inositol Powder,https://www.ebay.com/sch/i.html?_from=R40&_nkw=Inositol+Powder&_sacat=26395&rt=nc&LH_ItemCondition=3&LH_BIN=1&rt=nc&LH_PrefLoc=1
Mushroom Boost,https://www.ebay.com/sch/i.html?_from=R40&_nkw=Mushroom+Boost&_sacat=26395&rt=nc&LH_ItemCondition=3&LH_BIN=1&rt=nc&LH_PrefLoc=1
Mind Gummies,https://www.ebay.com/sch/i.html?_from=R40&_nkw=Mind+Gummies&_sacat=26395&rt=nc&LH_ItemCondition=3&LH_BIN=1&rt=nc&LH_PrefLoc=1
Brain Fuel,https://www.ebay.com/sch/i.html?_from=R40&_nkw=Brain+Fuel&_sacat=26395&rt=nc&LH_ItemCondition=3&LH_BIN=1&rt=nc&LH_PrefLoc=1
Mushroom Memory,https://www.ebay.com/sch/i.html?_from=R40&_nkw=Mushroom+Memory&_sacat=26395&rt=nc&LH_ItemCondition=3&LH_BIN=1&rt=nc&LH_PrefLoc=1
Cognitive Booster,https://www.ebay.com/sch/i.html?_from=R40&_nkw=Cognitive+Booster&_sacat=26395&rt=nc&LH_ItemCondition=3&LH_BIN=1&rt=nc&LH_PrefLoc=1
Energy candies,https://www.ebay.com/sch/i.html?_from=R40&_nkw=Energy+candies&_sacat=26395&rt=nc&LH_ItemCondition=3&LH_BIN=1&rt=nc&LH_PrefLoc=1
Luteolin Powder,https://www.ebay.com/sch/i.html?_from=R40&_nkw=Luteolin+Powder&_sacat=26395&rt=nc&LH_ItemCondition=3&LH_BIN=1&rt=nc&LH_PrefLoc=1
Brain formula,https://www.ebay.com/sch/i.html?_from=R40&_nkw=Brain+formula&_sacat=26395&rt=nc&LH_ItemCondition=3&LH_BIN=1&rt=nc&LH_PrefLoc=1
Shankhapushpi Powder,https://www.ebay.com/sch/i.html?_from=R40&_nkw=Shankhapushpi+Powder&_sacat=26395&rt=nc&LH_ItemCondition=3&LH_BIN=1&rt=nc&LH_PrefLoc=1
5HTP Supplement,https://www.ebay.com/sch/i.html?_from=R40&_nkw=5HTP+Supplement&_sacat=26395&rt=nc&LH_ItemCondition=3&LH_BIN=1&rt=nc&LH_PrefLoc=1
Methylfolate Capsules,https://www.ebay.com/sch/i.html?_from=R40&_nkw=Methylfolate+Capsules&_sacat=26395&rt=nc&LH_ItemCondition=3&LH_BIN=1&rt=nc&LH_PrefLoc=1
Broccoli Drops,https://www.ebay.com/sch/i.html?_from=R40&_nkw=Broccoli+Drops&_sacat=26395&rt=nc&LH_ItemCondition=3&LH_BIN=1&rt=nc&LH_PrefLoc=1
Creatine Capsules,https://www.ebay.com/sch/i.html?_from=R40&_nkw=Creatine+Capsules&_sacat=26395&rt=nc&LH_ItemCondition=3&LH_BIN=1&rt=nc&LH_PrefLoc=1
Nootropics Supplement,https://www.ebay.com/sch/i.html?_from=R40&_nkw=Nootropics+Supplement&_sacat=26395&rt=nc&LH_ItemCondition=3&LH_BIN=1&rt=nc&LH_PrefLoc=1
Collagen Softgels,https://www.ebay.com/sch/i.html?_from=R40&_nkw=Collagen+Softgels&_sacat=26395&rt=nc&LH_ItemCondition=3&LH_BIN=1&rt=nc&LH_PrefLoc=1
Biotin Supplement,https://www.ebay.com/sch/i.html?_from=R40&_nkw=Biotin+Supplement&_sacat=26395&rt=nc&LH_ItemCondition=3&LH_BIN=1&rt=nc&LH_PrefLoc=1
Collagen Burner,https://www.ebay.com/sch/i.html?_from=R40&_nkw=Collagen+Burner&_sacat=26395&rt=nc&LH_ItemCondition=3&LH_BIN=1&rt=nc&LH_PrefLoc=1
Hair gummies,https://www.ebay.com/sch/i.html?_from=R40&_nkw=Hair+gummies&_sacat=26395&rt=nc&LH_ItemCondition=3&LH_BIN=1&rt=nc&LH_PrefLoc=1
Collagen Broth,https://www.ebay.com/sch/i.html?_from=R40&_nkw=Collagen+Broth&_sacat=26395&rt=nc&LH_ItemCondition=3&LH_BIN=1&rt=nc&LH_PrefLoc=1
Collagen Detox,https://www.ebay.com/sch/i.html?_from=R40&_nkw=Collagen+Detox&_sacat=26395&rt=nc&LH_ItemCondition=3&LH_BIN=1&rt=nc&LH_PrefLoc=1
High Potency Biotin,https://www.ebay.com/sch/i.html?_from=R40&_nkw=High+Potency+Biotin&_sacat=26395&rt=nc&LH_ItemCondition=3&LH_BIN=1&rt=nc&LH_PrefLoc=1
Bone Collagen,https://www.ebay.com/sch/i.html?_from=R40&_nkw=Bone+Collagen&_sacat=26395&rt=nc&LH_ItemCondition=3&LH_BIN=1&rt=nc&LH_PrefLoc=1
Gummies Supplement,https://www.ebay.com/sch/i.html?_from=R40&_nkw=Gummies+Supplement&_sacat=26395&rt=nc&LH_ItemCondition=3&LH_BIN=1&rt=nc&LH_PrefLoc=1
Vegan Collagen,https://www.ebay.com/sch/i.html?_from=R40&_nkw=Vegan+Collagen&_sacat=26395&rt=nc&LH_ItemCondition=3&LH_BIN=1&rt=nc&LH_PrefLoc=1
Collagen Booster,https://www.ebay.com/sch/i.html?_from=R40&_nkw=Collagen+Booster&_sacat=26395&rt=nc&LH_ItemCondition=3&LH_BIN=1&rt=nc&LH_PrefLoc=1
Bovine Collagen,https://www.ebay.com/sch/i.html?_from=R40&_nkw=Bovine+Collagen&_sacat=26395&rt=nc&LH_ItemCondition=3&LH_BIN=1&rt=nc&LH_PrefLoc=1
Multi Collagen,https://www.ebay.com/sch/i.html?_from=R40&_nkw=Multi+Collagen&_sacat=26395&rt=nc&LH_ItemCondition=3&LH_BIN=1&rt=nc&LH_PrefLoc=1
Collagen Gummy,https://www.ebay.com/sch/i.html?_from=R40&_nkw=Collagen+Gummy&_sacat=26395&rt=nc&LH_ItemCondition=3&LH_BIN=1&rt=nc&LH_PrefLoc=1
Wrinkle Formula,https://www.ebay.com/sch/i.html?_from=R40&_nkw=Wrinkle+Formula&_sacat=26395&rt=nc&LH_ItemCondition=3&LH_BIN=1&rt=nc&LH_PrefLoc=1
Liquid Collagen,https://www.ebay.com/sch/i.html?_from=R40&_nkw=Liquid+Collagen&_sacat=26395&rt=nc&LH_ItemCondition=3&LH_BIN=1&rt=nc&LH_PrefLoc=1
Hyaluronic Supplement,https://www.ebay.com/sch/i.html?_from=R40&_nkw=Hyaluronic+Supplement&_sacat=26395&rt=nc&LH_ItemCondition=3&LH_BIN=1&rt=nc&LH_PrefLoc=1
Biotin Capsules,https://www.ebay.com/sch/i.html?_from=R40&_nkw=Biotin+Capsules&_sacat=26395&rt=nc&LH_ItemCondition=3&LH_BIN=1&rt=nc&LH_PrefLoc=1
Vegan Lysine,https://www.ebay.com/sch/i.html?_from=R40&_nkw=Vegan+Lysine&_sacat=26395&rt=nc&LH_ItemCondition=3&LH_BIN=1&rt=nc&LH_PrefLoc=1
Liquid Biotin,https://www.ebay.com/sch/i.html?_from=R40&_nkw=Liquid+Biotin&_sacat=26395&rt=nc&LH_ItemCondition=3&LH_BIN=1&rt=nc&LH_PrefLoc=1
Beef Collagen,https://www.ebay.com/sch/i.html?_from=R40&_nkw=Beef+Collagen&_sacat=26395&rt=nc&LH_ItemCondition=3&LH_BIN=1&rt=nc&LH_PrefLoc=1
Collagen Complex,https://www.ebay.com/sch/i.html?_from=R40&_nkw=Collagen+Complex&_sacat=26395&rt=nc&LH_ItemCondition=3&LH_BIN=1&rt=nc&LH_PrefLoc=1
Collagen Chocolate,https://www.ebay.com/sch/i.html?_from=R40&_nkw=Collagen+Chocolate&_sacat=26395&rt=nc&LH_ItemCondition=3&LH_BIN=1&rt=nc&LH_PrefLoc=1
Collagen Builder,https://www.ebay.com/sch/i.html?_from=R40&_nkw=Collagen+Builder&_sacat=26395&rt=nc&LH_ItemCondition=3&LH_BIN=1&rt=nc&LH_PrefLoc=1
Biotin Drops,https://www.ebay.com/sch/i.html?_from=R40&_nkw=Biotin+Drops&_sacat=26395&rt=nc&LH_ItemCondition=3&LH_BIN=1&rt=nc&LH_PrefLoc=1
Skin supplement,https://www.ebay.com/sch/i.html?_from=R40&_nkw=Skin+supplement&_sacat=26395&rt=nc&LH_ItemCondition=3&LH_BIN=1&rt=nc&LH_PrefLoc=1
