Keyword,Links
Beeswax Jelly,https://www.ebay.com/sch/i.html?_from=R40&_nkw=Beeswax+Jelly&_sacat=26395&rt=nc&LH_ItemCondition=3&LH_BIN=1&rt=nc&LH_PrefLoc=1
Combing Cream,https://www.ebay.com/sch/i.html?_from=R40&_nkw=Combing+Cream&_sacat=26395&rt=nc&LH_ItemCondition=3&LH_BIN=1&rt=nc&LH_PrefLoc=1
Activator Gel,https://www.ebay.com/sch/i.html?_from=R40&_nkw=Activator+Gel&_sacat=26395&rt=nc&LH_ItemCondition=3&LH_BIN=1&rt=nc&LH_PrefLoc=1
Edge pomade,https://www.ebay.com/sch/i.html?_from=R40&_nkw=Edge+pomade&_sacat=26395&rt=nc&LH_ItemCondition=3&LH_BIN=1&rt=nc&LH_PrefLoc=1
Style mousse,https://www.ebay.com/sch/i.html?_from=R40&_nkw=Style+mousse&_sacat=26395&rt=nc&LH_ItemCondition=3&LH_BIN=1&rt=nc&LH_PrefLoc=1
Volume Spritz,https://www.ebay.com/sch/i.html?_from=R40&_nkw=Volume+Spritz&_sacat=26395&rt=nc&LH_ItemCondition=3&LH_BIN=1&rt=nc&LH_PrefLoc=1
Liquid gel,https://www.ebay.com/sch/i.html?_from=R40&_nkw=Liquid+gel&_sacat=26395&rt=nc&LH_ItemCondition=3&LH_BIN=1&rt=nc&LH_PrefLoc=1
Loc setting,https://www.ebay.com/sch/i.html?_from=R40&_nkw=Loc+setting&_sacat=26395&rt=nc&LH_ItemCondition=3&LH_BIN=1&rt=nc&LH_PrefLoc=1
Curl definition,https://www.ebay.com/sch/i.html?_from=R40&_nkw=Curl+definition&_sacat=26395&rt=nc&LH_ItemCondition=3&LH_BIN=1&rt=nc&LH_PrefLoc=1
Texturizing Paste,https://www.ebay.com/sch/i.html?_from=R40&_nkw=Texturizing+Paste&_sacat=26395&rt=nc&LH_ItemCondition=3&LH_BIN=1&rt=nc&LH_PrefLoc=1
Cachos Definidos,https://www.ebay.com/sch/i.html?_from=R40&_nkw=Cachos+Definidos&_sacat=26395&rt=nc&LH_ItemCondition=3&LH_BIN=1&rt=nc&LH_PrefLoc=1
Beeswax Candle,https://www.ebay.com/sch/i.html?_from=R40&_nkw=Beeswax+Candle&_sacat=26395&rt=nc&LH_ItemCondition=3&LH_BIN=1&rt=nc&LH_PrefLoc=1
Shine Styler,https://www.ebay.com/sch/i.html?_from=R40&_nkw=Shine+Styler&_sacat=26395&rt=nc&LH_ItemCondition=3&LH_BIN=1&rt=nc&LH_PrefLoc=1
Curl uplifting,https://www.ebay.com/sch/i.html?_from=R40&_nkw=Curl+uplifting&_sacat=26395&rt=nc&LH_ItemCondition=3&LH_BIN=1&rt=nc&LH_PrefLoc=1
Shortlooks Gel,https://www.ebay.com/sch/i.html?_from=R40&_nkw=Shortlooks+Gel&_sacat=26395&rt=nc&LH_ItemCondition=3&LH_BIN=1&rt=nc&LH_PrefLoc=1
Coming soon,https://www.ebay.com/sch/i.html?_from=R40&_nkw=Coming+soon&_sacat=26395&rt=nc&LH_ItemCondition=3&LH_BIN=1&rt=nc&LH_PrefLoc=1
Curl creme,https://www.ebay.com/sch/i.html?_from=R40&_nkw=Curl+creme&_sacat=26395&rt=nc&LH_ItemCondition=3&LH_BIN=1&rt=nc&LH_PrefLoc=1
Curly Hair Gel,https://www.ebay.com/sch/i.html?_from=R40&_nkw=Curly+Hair+Gel&_sacat=26395&rt=nc&LH_ItemCondition=3&LH_BIN=1&rt=nc&LH_PrefLoc=1
Beach wave spray,https://www.ebay.com/sch/i.html?_from=R40&_nkw=Beach+wave+spray&_sacat=26395&rt=nc&LH_ItemCondition=3&LH_BIN=1&rt=nc&LH_PrefLoc=1
Curl trio,https://www.ebay.com/sch/i.html?_from=R40&_nkw=Curl+trio&_sacat=26395&rt=nc&LH_ItemCondition=3&LH_BIN=1&rt=nc&LH_PrefLoc=1
Extra Firm Hairspray,https://www.ebay.com/sch/i.html?_from=R40&_nkw=Extra+Firm+Hairspray&_sacat=26395&rt=nc&LH_ItemCondition=3&LH_BIN=1&rt=nc&LH_PrefLoc=1
Wave gel,https://www.ebay.com/sch/i.html?_from=R40&_nkw=Wave+gel&_sacat=26395&rt=nc&LH_ItemCondition=3&LH_BIN=1&rt=nc&LH_PrefLoc=1
Hydrating Spray,https://www.ebay.com/sch/i.html?_from=R40&_nkw=Hydrating+Spray&_sacat=26395&rt=nc&LH_ItemCondition=3&LH_BIN=1&rt=nc&LH_PrefLoc=1
Bold Control,https://www.ebay.com/sch/i.html?_from=R40&_nkw=Bold+Control&_sacat=26395&rt=nc&LH_ItemCondition=3&LH_BIN=1&rt=nc&LH_PrefLoc=1
Sculpting Paste,https://www.ebay.com/sch/i.html?_from=R40&_nkw=Sculpting+Paste&_sacat=26395&rt=nc&LH_ItemCondition=3&LH_BIN=1&rt=nc&LH_PrefLoc=1
Volume Powder,https://www.ebay.com/sch/i.html?_from=R40&_nkw=Volume+Powder&_sacat=26395&rt=nc&LH_ItemCondition=3&LH_BIN=1&rt=nc&LH_PrefLoc=1
Humectant Pomade,https://www.ebay.com/sch/i.html?_from=R40&_nkw=Humectant+Pomade&_sacat=26395&rt=nc&LH_ItemCondition=3&LH_BIN=1&rt=nc&LH_PrefLoc=1
Texturizing Hairspray,https://www.ebay.com/sch/i.html?_from=R40&_nkw=Texturizing+Hairspray&_sacat=26395&rt=nc&LH_ItemCondition=3&LH_BIN=1&rt=nc&LH_PrefLoc=1
Air Dry Whip,https://www.ebay.com/sch/i.html?_from=R40&_nkw=Air+Dry+Whip&_sacat=26395&rt=nc&LH_ItemCondition=3&LH_BIN=1&rt=nc&LH_PrefLoc=1
Fiber groom,https://www.ebay.com/sch/i.html?_from=R40&_nkw=Fiber+groom&_sacat=26395&rt=nc&LH_ItemCondition=3&LH_BIN=1&rt=nc&LH_PrefLoc=1
Define Sculpt,https://www.ebay.com/sch/i.html?_from=R40&_nkw=Define+Sculpt&_sacat=26395&rt=nc&LH_ItemCondition=3&LH_BIN=1&rt=nc&LH_PrefLoc=1
Curly Wax,https://www.ebay.com/sch/i.html?_from=R40&_nkw=Curly+Wax&_sacat=26395&rt=nc&LH_ItemCondition=3&LH_BIN=1&rt=nc&LH_PrefLoc=1
Strong hold gel,https://www.ebay.com/sch/i.html?_from=R40&_nkw=Strong+hold+gel&_sacat=26395&rt=nc&LH_ItemCondition=3&LH_BIN=1&rt=nc&LH_PrefLoc=1
Silk serum,https://www.ebay.com/sch/i.html?_from=R40&_nkw=Silk+serum&_sacat=26395&rt=nc&LH_ItemCondition=3&LH_BIN=1&rt=nc&LH_PrefLoc=1
Leave In Spray,https://www.ebay.com/sch/i.html?_from=R40&_nkw=Leave+In+Spray&_sacat=26395&rt=nc&LH_ItemCondition=3&LH_BIN=1&rt=nc&LH_PrefLoc=1
Texturizer Gel,https://www.ebay.com/sch/i.html?_from=R40&_nkw=Texturizer+Gel&_sacat=26395&rt=nc&LH_ItemCondition=3&LH_BIN=1&rt=nc&LH_PrefLoc=1
Guava Gel,https://www.ebay.com/sch/i.html?_from=R40&_nkw=Guava+Gel&_sacat=26395&rt=nc&LH_ItemCondition=3&LH_BIN=1&rt=nc&LH_PrefLoc=1
Curly Creme,https://www.ebay.com/sch/i.html?_from=R40&_nkw=Curly+Creme&_sacat=26395&rt=nc&LH_ItemCondition=3&LH_BIN=1&rt=nc&LH_PrefLoc=1
Grey hair pomade,https://www.ebay.com/sch/i.html?_from=R40&_nkw=Grey+hair+pomade&_sacat=26395&rt=nc&LH_ItemCondition=3&LH_BIN=1&rt=nc&LH_PrefLoc=1
Curls Pudding,https://www.ebay.com/sch/i.html?_from=R40&_nkw=Curls+Pudding&_sacat=26395&rt=nc&LH_ItemCondition=3&LH_BIN=1&rt=nc&LH_PrefLoc=1
Sea-Salt Hairspray,https://www.ebay.com/sch/i.html?_from=R40&_nkw=Sea-Salt+Hairspray&_sacat=26395&rt=nc&LH_ItemCondition=3&LH_BIN=1&rt=nc&LH_PrefLoc=1
Texturizer Lotion,https://www.ebay.com/sch/i.html?_from=R40&_nkw=Texturizer+Lotion&_sacat=26395&rt=nc&LH_ItemCondition=3&LH_BIN=1&rt=nc&LH_PrefLoc=1
Hair creme,https://www.ebay.com/sch/i.html?_from=R40&_nkw=Hair+creme&_sacat=26395&rt=nc&LH_ItemCondition=3&LH_BIN=1&rt=nc&LH_PrefLoc=1
Moisturizer Cream,https://www.ebay.com/sch/i.html?_from=R40&_nkw=Moisturizer+Cream&_sacat=26395&rt=nc&LH_ItemCondition=3&LH_BIN=1&rt=nc&LH_PrefLoc=1
Setting foam,https://www.ebay.com/sch/i.html?_from=R40&_nkw=Setting+foam&_sacat=26395&rt=nc&LH_ItemCondition=3&LH_BIN=1&rt=nc&LH_PrefLoc=1
Texture paste,https://www.ebay.com/sch/i.html?_from=R40&_nkw=Texture+paste&_sacat=26395&rt=nc&LH_ItemCondition=3&LH_BIN=1&rt=nc&LH_PrefLoc=1
Smoothing Gel,https://www.ebay.com/sch/i.html?_from=R40&_nkw=Smoothing+Gel&_sacat=26395&rt=nc&LH_ItemCondition=3&LH_BIN=1&rt=nc&LH_PrefLoc=1
Anti-Frizz Balm,https://www.ebay.com/sch/i.html?_from=R40&_nkw=Anti-Frizz+Balm&_sacat=26395&rt=nc&LH_ItemCondition=3&LH_BIN=1&rt=nc&LH_PrefLoc=1
Curl reactivator,https://www.ebay.com/sch/i.html?_from=R40&_nkw=Curl+reactivator&_sacat=26395&rt=nc&LH_ItemCondition=3&LH_BIN=1&rt=nc&LH_PrefLoc=1
Curl styling,https://www.ebay.com/sch/i.html?_from=R40&_nkw=Curl+styling&_sacat=26395&rt=nc&LH_ItemCondition=3&LH_BIN=1&rt=nc&LH_PrefLoc=1
