Keyword,Links
Prenatal Folic Acid,https://www.amazon.com/s?k=Prenatal+Folic+Acid&i=hpc&s=exact-aware-popularity-rank&ref=sr_st_exact-aware-popularity-rank
Prenatal Multivitamins,https://www.amazon.com/s?k=Prenatal+Multivitamins&i=hpc&s=exact-aware-popularity-rank&ref=sr_st_exact-aware-popularity-rank
Male Fertility,https://www.amazon.com/s?k=Male+Fertility&i=hpc&s=exact-aware-popularity-rank&ref=sr_st_exact-aware-popularity-rank
Prenatal Multi,https://www.amazon.com/s?k=Prenatal+Multi&i=hpc&s=exact-aware-popularity-rank&ref=sr_st_exact-aware-popularity-rank
Folic Gummies,https://www.amazon.com/s?k=Folic+Gummies&i=hpc&s=exact-aware-popularity-rank&ref=sr_st_exact-aware-popularity-rank
Prenatal Softgels,https://www.amazon.com/s?k=Prenatal+Softgels&i=hpc&s=exact-aware-popularity-rank&ref=sr_st_exact-aware-popularity-rank
Prenatal Capsules,https://www.amazon.com/s?k=Prenatal+Capsules&i=hpc&s=exact-aware-popularity-rank&ref=sr_st_exact-aware-popularity-rank
Prenatal Caps,https://www.amazon.com/s?k=Prenatal+Caps&i=hpc&s=exact-aware-popularity-rank&ref=sr_st_exact-aware-popularity-rank
Prenatal Vitamin,https://www.amazon.com/s?k=Prenatal+Vitamin&i=hpc&s=exact-aware-popularity-rank&ref=sr_st_exact-aware-popularity-rank
Prenatal Probiotics,https://www.amazon.com/s?k=Prenatal+Probiotics&i=hpc&s=exact-aware-popularity-rank&ref=sr_st_exact-aware-popularity-rank
Prenatal Formula,https://www.amazon.com/s?k=Prenatal+Formula&i=hpc&s=exact-aware-popularity-rank&ref=sr_st_exact-aware-popularity-rank
Fertility Drink,https://www.amazon.com/s?k=Fertility+Drink&i=hpc&s=exact-aware-popularity-rank&ref=sr_st_exact-aware-popularity-rank
Fertility Supplements,https://www.amazon.com/s?k=Fertility+Supplements&i=hpc&s=exact-aware-popularity-rank&ref=sr_st_exact-aware-popularity-rank
Pre-Natal Capsules,https://www.amazon.com/s?k=Pre-Natal+Capsules&i=hpc&s=exact-aware-popularity-rank&ref=sr_st_exact-aware-popularity-rank
Prenatal Relief,https://www.amazon.com/s?k=Prenatal+Relief&i=hpc&s=exact-aware-popularity-rank&ref=sr_st_exact-aware-popularity-rank
Folic Acid,https://www.amazon.com/s?k=Folic+Acid&i=hpc&s=exact-aware-popularity-rank&ref=sr_st_exact-aware-popularity-rank
Postnatal Vitamins,https://www.amazon.com/s?k=Postnatal+Vitamins&i=hpc&s=exact-aware-popularity-rank&ref=sr_st_exact-aware-popularity-rank
Prenatal Chewables,https://www.amazon.com/s?k=Prenatal+Chewables&i=hpc&s=exact-aware-popularity-rank&ref=sr_st_exact-aware-popularity-rank
Gripe Water,https://www.amazon.com/s?k=Gripe+Water&i=hpc&s=exact-aware-popularity-rank&ref=sr_st_exact-aware-popularity-rank
Vegan Prenatal,https://www.amazon.com/s?k=Vegan+Prenatal&i=hpc&s=exact-aware-popularity-rank&ref=sr_st_exact-aware-popularity-rank
Vitamin D Drops,https://www.amazon.com/s?k=Vitamin+D+Drops&i=hpc&s=exact-aware-popularity-rank&ref=sr_st_exact-aware-popularity-rank
Prenatal Support,https://www.amazon.com/s?k=Prenatal+Support&i=hpc&s=exact-aware-popularity-rank&ref=sr_st_exact-aware-popularity-rank
Liquid Folate,https://www.amazon.com/s?k=Liquid+Folate&i=hpc&s=exact-aware-popularity-rank&ref=sr_st_exact-aware-popularity-rank
Methylfolate Tablets,https://www.amazon.com/s?k=Methylfolate+Tablets&i=hpc&s=exact-aware-popularity-rank&ref=sr_st_exact-aware-popularity-rank
Choline Bitartrate,https://www.amazon.com/s?k=Choline+Bitartrate&i=hpc&s=exact-aware-popularity-rank&ref=sr_st_exact-aware-popularity-rank
Bariatric Prenatal,https://www.amazon.com/s?k=Bariatric+Prenatal&i=hpc&s=exact-aware-popularity-rank&ref=sr_st_exact-aware-popularity-rank
Prenatal Probiotic,https://www.amazon.com/s?k=Prenatal+Probiotic&i=hpc&s=exact-aware-popularity-rank&ref=sr_st_exact-aware-popularity-rank
Prenatal Tablets,https://www.amazon.com/s?k=Prenatal+Tablets&i=hpc&s=exact-aware-popularity-rank&ref=sr_st_exact-aware-popularity-rank
Pregnancy Relief,https://www.amazon.com/s?k=Pregnancy+Relief&i=hpc&s=exact-aware-popularity-rank&ref=sr_st_exact-aware-popularity-rank
Vegan Iron,https://www.amazon.com/s?k=Vegan+Iron&i=hpc&s=exact-aware-popularity-rank&ref=sr_st_exact-aware-popularity-rank
Pregnancy Multivitamin,https://www.amazon.com/s?k=Pregnancy+Multivitamin&i=hpc&s=exact-aware-popularity-rank&ref=sr_st_exact-aware-popularity-rank
Prenatal Liquid,https://www.amazon.com/s?k=Prenatal+Liquid&i=hpc&s=exact-aware-popularity-rank&ref=sr_st_exact-aware-popularity-rank
Prenatal Chews,https://www.amazon.com/s?k=Prenatal+Chews&i=hpc&s=exact-aware-popularity-rank&ref=sr_st_exact-aware-popularity-rank
Prenatal Packs,https://www.amazon.com/s?k=Prenatal+Packs&i=hpc&s=exact-aware-popularity-rank&ref=sr_st_exact-aware-popularity-rank
Caramel Macchiato,https://www.amazon.com/s?k=Caramel+Macchiato&i=hpc&s=exact-aware-popularity-rank&ref=sr_st_exact-aware-popularity-rank
Prenatal Hair,https://www.amazon.com/s?k=Prenatal+Hair&i=hpc&s=exact-aware-popularity-rank&ref=sr_st_exact-aware-popularity-rank
Fertility Support,https://www.amazon.com/s?k=Fertility+Support&i=hpc&s=exact-aware-popularity-rank&ref=sr_st_exact-aware-popularity-rank
Weight Gain,https://www.amazon.com/s?k=Weight+Gain&i=hpc&s=exact-aware-popularity-rank&ref=sr_st_exact-aware-popularity-rank
Memory support,https://www.amazon.com/s?k=Memory+support&i=hpc&s=exact-aware-popularity-rank&ref=sr_st_exact-aware-popularity-rank
Vitamin K2 D3,https://www.amazon.com/s?k=Vitamin+K2+D3&i=hpc&s=exact-aware-popularity-rank&ref=sr_st_exact-aware-popularity-rank
B12 Melts,https://www.amazon.com/s?k=B12+Melts&i=hpc&s=exact-aware-popularity-rank&ref=sr_st_exact-aware-popularity-rank
Vitamin K2,https://www.amazon.com/s?k=Vitamin+K2&i=hpc&s=exact-aware-popularity-rank&ref=sr_st_exact-aware-popularity-rank
Energy Gummies,https://www.amazon.com/s?k=Energy+Gummies&i=hpc&s=exact-aware-popularity-rank&ref=sr_st_exact-aware-popularity-rank
B12 Gummies,https://www.amazon.com/s?k=B12+Gummies&i=hpc&s=exact-aware-popularity-rank&ref=sr_st_exact-aware-popularity-rank
Coated Tablets,https://www.amazon.com/s?k=Coated+Tablets&i=hpc&s=exact-aware-popularity-rank&ref=sr_st_exact-aware-popularity-rank
Collagen Factor,https://www.amazon.com/s?k=Collagen+Factor&i=hpc&s=exact-aware-popularity-rank&ref=sr_st_exact-aware-popularity-rank
Immune Drops,https://www.amazon.com/s?k=Immune+Drops&i=hpc&s=exact-aware-popularity-rank&ref=sr_st_exact-aware-popularity-rank
Vitamin B12 Gummies,https://www.amazon.com/s?k=Vitamin+B12+Gummies&i=hpc&s=exact-aware-popularity-rank&ref=sr_st_exact-aware-popularity-rank
B Vitamin,https://www.amazon.com/s?k=B+Vitamin&i=hpc&s=exact-aware-popularity-rank&ref=sr_st_exact-aware-popularity-rank
Stress Complex,https://www.amazon.com/s?k=Stress+Complex&i=hpc&s=exact-aware-popularity-rank&ref=sr_st_exact-aware-popularity-rank
