Keyword,Links
Prenatal Folic Acid,https://www.ebay.com/sch/i.html?_from=R40&_nkw=Prenatal+Folic+Acid&_sacat=26395&rt=nc&LH_ItemCondition=3&LH_BIN=1&rt=nc&LH_PrefLoc=1
Prenatal Multivitamins,https://www.ebay.com/sch/i.html?_from=R40&_nkw=Prenatal+Multivitamins&_sacat=26395&rt=nc&LH_ItemCondition=3&LH_BIN=1&rt=nc&LH_PrefLoc=1
Male Fertility,https://www.ebay.com/sch/i.html?_from=R40&_nkw=Male+Fertility&_sacat=26395&rt=nc&LH_ItemCondition=3&LH_BIN=1&rt=nc&LH_PrefLoc=1
Prenatal Multi,https://www.ebay.com/sch/i.html?_from=R40&_nkw=Prenatal+Multi&_sacat=26395&rt=nc&LH_ItemCondition=3&LH_BIN=1&rt=nc&LH_PrefLoc=1
Folic Gummies,https://www.ebay.com/sch/i.html?_from=R40&_nkw=Folic+Gummies&_sacat=26395&rt=nc&LH_ItemCondition=3&LH_BIN=1&rt=nc&LH_PrefLoc=1
Prenatal Softgels,https://www.ebay.com/sch/i.html?_from=R40&_nkw=Prenatal+Softgels&_sacat=26395&rt=nc&LH_ItemCondition=3&LH_BIN=1&rt=nc&LH_PrefLoc=1
Prenatal Capsules,https://www.ebay.com/sch/i.html?_from=R40&_nkw=Prenatal+Capsules&_sacat=26395&rt=nc&LH_ItemCondition=3&LH_BIN=1&rt=nc&LH_PrefLoc=1
Prenatal Caps,https://www.ebay.com/sch/i.html?_from=R40&_nkw=Prenatal+Caps&_sacat=26395&rt=nc&LH_ItemCondition=3&LH_BIN=1&rt=nc&LH_PrefLoc=1
Prenatal Vitamin,https://www.ebay.com/sch/i.html?_from=R40&_nkw=Prenatal+Vitamin&_sacat=26395&rt=nc&LH_ItemCondition=3&LH_BIN=1&rt=nc&LH_PrefLoc=1
Prenatal Probiotics,https://www.ebay.com/sch/i.html?_from=R40&_nkw=Prenatal+Probiotics&_sacat=26395&rt=nc&LH_ItemCondition=3&LH_BIN=1&rt=nc&LH_PrefLoc=1
Prenatal Formula,https://www.ebay.com/sch/i.html?_from=R40&_nkw=Prenatal+Formula&_sacat=26395&rt=nc&LH_ItemCondition=3&LH_BIN=1&rt=nc&LH_PrefLoc=1
Fertility Drink,https://www.ebay.com/sch/i.html?_from=R40&_nkw=Fertility+Drink&_sacat=26395&rt=nc&LH_ItemCondition=3&LH_BIN=1&rt=nc&LH_PrefLoc=1
Fertility Supplements,https://www.ebay.com/sch/i.html?_from=R40&_nkw=Fertility+Supplements&_sacat=26395&rt=nc&LH_ItemCondition=3&LH_BIN=1&rt=nc&LH_PrefLoc=1
Pre-Natal Capsules,https://www.ebay.com/sch/i.html?_from=R40&_nkw=Pre-Natal+Capsules&_sacat=26395&rt=nc&LH_ItemCondition=3&LH_BIN=1&rt=nc&LH_PrefLoc=1
Prenatal Relief,https://www.ebay.com/sch/i.html?_from=R40&_nkw=Prenatal+Relief&_sacat=26395&rt=nc&LH_ItemCondition=3&LH_BIN=1&rt=nc&LH_PrefLoc=1
Folic Acid,https://www.ebay.com/sch/i.html?_from=R40&_nkw=Folic+Acid&_sacat=26395&rt=nc&LH_ItemCondition=3&LH_BIN=1&rt=nc&LH_PrefLoc=1
Postnatal Vitamins,https://www.ebay.com/sch/i.html?_from=R40&_nkw=Postnatal+Vitamins&_sacat=26395&rt=nc&LH_ItemCondition=3&LH_BIN=1&rt=nc&LH_PrefLoc=1
Prenatal Chewables,https://www.ebay.com/sch/i.html?_from=R40&_nkw=Prenatal+Chewables&_sacat=26395&rt=nc&LH_ItemCondition=3&LH_BIN=1&rt=nc&LH_PrefLoc=1
Gripe Water,https://www.ebay.com/sch/i.html?_from=R40&_nkw=Gripe+Water&_sacat=26395&rt=nc&LH_ItemCondition=3&LH_BIN=1&rt=nc&LH_PrefLoc=1
Vegan Prenatal,https://www.ebay.com/sch/i.html?_from=R40&_nkw=Vegan+Prenatal&_sacat=26395&rt=nc&LH_ItemCondition=3&LH_BIN=1&rt=nc&LH_PrefLoc=1
Vitamin D Drops,https://www.ebay.com/sch/i.html?_from=R40&_nkw=Vitamin+D+Drops&_sacat=26395&rt=nc&LH_ItemCondition=3&LH_BIN=1&rt=nc&LH_PrefLoc=1
Prenatal Support,https://www.ebay.com/sch/i.html?_from=R40&_nkw=Prenatal+Support&_sacat=26395&rt=nc&LH_ItemCondition=3&LH_BIN=1&rt=nc&LH_PrefLoc=1
Liquid Folate,https://www.ebay.com/sch/i.html?_from=R40&_nkw=Liquid+Folate&_sacat=26395&rt=nc&LH_ItemCondition=3&LH_BIN=1&rt=nc&LH_PrefLoc=1
Methylfolate Tablets,https://www.ebay.com/sch/i.html?_from=R40&_nkw=Methylfolate+Tablets&_sacat=26395&rt=nc&LH_ItemCondition=3&LH_BIN=1&rt=nc&LH_PrefLoc=1
Choline Bitartrate,https://www.ebay.com/sch/i.html?_from=R40&_nkw=Choline+Bitartrate&_sacat=26395&rt=nc&LH_ItemCondition=3&LH_BIN=1&rt=nc&LH_PrefLoc=1
Bariatric Prenatal,https://www.ebay.com/sch/i.html?_from=R40&_nkw=Bariatric+Prenatal&_sacat=26395&rt=nc&LH_ItemCondition=3&LH_BIN=1&rt=nc&LH_PrefLoc=1
Prenatal Probiotic,https://www.ebay.com/sch/i.html?_from=R40&_nkw=Prenatal+Probiotic&_sacat=26395&rt=nc&LH_ItemCondition=3&LH_BIN=1&rt=nc&LH_PrefLoc=1
Prenatal Tablets,https://www.ebay.com/sch/i.html?_from=R40&_nkw=Prenatal+Tablets&_sacat=26395&rt=nc&LH_ItemCondition=3&LH_BIN=1&rt=nc&LH_PrefLoc=1
Pregnancy Relief,https://www.ebay.com/sch/i.html?_from=R40&_nkw=Pregnancy+Relief&_sacat=26395&rt=nc&LH_ItemCondition=3&LH_BIN=1&rt=nc&LH_PrefLoc=1
Vegan Iron,https://www.ebay.com/sch/i.html?_from=R40&_nkw=Vegan+Iron&_sacat=26395&rt=nc&LH_ItemCondition=3&LH_BIN=1&rt=nc&LH_PrefLoc=1
Pregnancy Multivitamin,https://www.ebay.com/sch/i.html?_from=R40&_nkw=Pregnancy+Multivitamin&_sacat=26395&rt=nc&LH_ItemCondition=3&LH_BIN=1&rt=nc&LH_PrefLoc=1
Prenatal Liquid,https://www.ebay.com/sch/i.html?_from=R40&_nkw=Prenatal+Liquid&_sacat=26395&rt=nc&LH_ItemCondition=3&LH_BIN=1&rt=nc&LH_PrefLoc=1
Prenatal Chews,https://www.ebay.com/sch/i.html?_from=R40&_nkw=Prenatal+Chews&_sacat=26395&rt=nc&LH_ItemCondition=3&LH_BIN=1&rt=nc&LH_PrefLoc=1
Prenatal Packs,https://www.ebay.com/sch/i.html?_from=R40&_nkw=Prenatal+Packs&_sacat=26395&rt=nc&LH_ItemCondition=3&LH_BIN=1&rt=nc&LH_PrefLoc=1
Caramel Macchiato,https://www.ebay.com/sch/i.html?_from=R40&_nkw=Caramel+Macchiato&_sacat=26395&rt=nc&LH_ItemCondition=3&LH_BIN=1&rt=nc&LH_PrefLoc=1
Prenatal Hair,https://www.ebay.com/sch/i.html?_from=R40&_nkw=Prenatal+Hair&_sacat=26395&rt=nc&LH_ItemCondition=3&LH_BIN=1&rt=nc&LH_PrefLoc=1
Fertility Support,https://www.ebay.com/sch/i.html?_from=R40&_nkw=Fertility+Support&_sacat=26395&rt=nc&LH_ItemCondition=3&LH_BIN=1&rt=nc&LH_PrefLoc=1
Weight Gain,https://www.ebay.com/sch/i.html?_from=R40&_nkw=Weight+Gain&_sacat=26395&rt=nc&LH_ItemCondition=3&LH_BIN=1&rt=nc&LH_PrefLoc=1
Memory support,https://www.ebay.com/sch/i.html?_from=R40&_nkw=Memory+support&_sacat=26395&rt=nc&LH_ItemCondition=3&LH_BIN=1&rt=nc&LH_PrefLoc=1
Vitamin K2 D3,https://www.ebay.com/sch/i.html?_from=R40&_nkw=Vitamin+K2+D3&_sacat=26395&rt=nc&LH_ItemCondition=3&LH_BIN=1&rt=nc&LH_PrefLoc=1
B12 Melts,https://www.ebay.com/sch/i.html?_from=R40&_nkw=B12+Melts&_sacat=26395&rt=nc&LH_ItemCondition=3&LH_BIN=1&rt=nc&LH_PrefLoc=1
Vitamin K2,https://www.ebay.com/sch/i.html?_from=R40&_nkw=Vitamin+K2&_sacat=26395&rt=nc&LH_ItemCondition=3&LH_BIN=1&rt=nc&LH_PrefLoc=1
Energy Gummies,https://www.ebay.com/sch/i.html?_from=R40&_nkw=Energy+Gummies&_sacat=26395&rt=nc&LH_ItemCondition=3&LH_BIN=1&rt=nc&LH_PrefLoc=1
B12 Gummies,https://www.ebay.com/sch/i.html?_from=R40&_nkw=B12+Gummies&_sacat=26395&rt=nc&LH_ItemCondition=3&LH_BIN=1&rt=nc&LH_PrefLoc=1
Coated Tablets,https://www.ebay.com/sch/i.html?_from=R40&_nkw=Coated+Tablets&_sacat=26395&rt=nc&LH_ItemCondition=3&LH_BIN=1&rt=nc&LH_PrefLoc=1
Collagen Factor,https://www.ebay.com/sch/i.html?_from=R40&_nkw=Collagen+Factor&_sacat=26395&rt=nc&LH_ItemCondition=3&LH_BIN=1&rt=nc&LH_PrefLoc=1
Immune Drops,https://www.ebay.com/sch/i.html?_from=R40&_nkw=Immune+Drops&_sacat=26395&rt=nc&LH_ItemCondition=3&LH_BIN=1&rt=nc&LH_PrefLoc=1
Vitamin B12 Gummies,https://www.ebay.com/sch/i.html?_from=R40&_nkw=Vitamin+B12+Gummies&_sacat=26395&rt=nc&LH_ItemCondition=3&LH_BIN=1&rt=nc&LH_PrefLoc=1
B Vitamin,https://www.ebay.com/sch/i.html?_from=R40&_nkw=B+Vitamin&_sacat=26395&rt=nc&LH_ItemCondition=3&LH_BIN=1&rt=nc&LH_PrefLoc=1
Stress Complex,https://www.ebay.com/sch/i.html?_from=R40&_nkw=Stress+Complex&_sacat=26395&rt=nc&LH_ItemCondition=3&LH_BIN=1&rt=nc&LH_PrefLoc=1
