Keyword,Links
Hair thinning,https://www.amazon.com/s?k=Hair+thinning&i=beauty&s=exact-aware-popularity-rank&ref=sr_st_exact-aware-popularity-rank
Colored Hair Kit,https://www.amazon.com/s?k=Colored+Hair+Kit&i=beauty&s=exact-aware-popularity-rank&ref=sr_st_exact-aware-popularity-rank
Flake Relief,https://www.amazon.com/s?k=Flake+Relief&i=beauty&s=exact-aware-popularity-rank&ref=sr_st_exact-aware-popularity-rank
Hair Cleanse,https://www.amazon.com/s?k=Hair+Cleanse&i=beauty&s=exact-aware-popularity-rank&ref=sr_st_exact-aware-popularity-rank
Hair scrub,https://www.amazon.com/s?k=Hair+scrub&i=beauty&s=exact-aware-popularity-rank&ref=sr_st_exact-aware-popularity-rank
Facial Spray,https://www.amazon.com/s?k=Facial+Spray&i=beauty&s=exact-aware-popularity-rank&ref=sr_st_exact-aware-popularity-rank
Moisturizer Repair,https://www.amazon.com/s?k=Moisturizer+Repair&i=beauty&s=exact-aware-popularity-rank&ref=sr_st_exact-aware-popularity-rank
Under Eye Mask,https://www.amazon.com/s?k=Under+Eye+Mask&i=beauty&s=exact-aware-popularity-rank&ref=sr_st_exact-aware-popularity-rank
Face moisturizer,https://www.amazon.com/s?k=Face+moisturizer&i=beauty&s=exact-aware-popularity-rank&ref=sr_st_exact-aware-popularity-rank
Body lotion,https://www.amazon.com/s?k=Body+lotion&i=beauty&s=exact-aware-popularity-rank&ref=sr_st_exact-aware-popularity-rank
Eye cream,https://www.amazon.com/s?k=Eye+cream&i=beauty&s=exact-aware-popularity-rank&ref=sr_st_exact-aware-popularity-rank
Ice Face Mask,https://www.amazon.com/s?k=Ice+Face+Mask&i=beauty&s=exact-aware-popularity-rank&ref=sr_st_exact-aware-popularity-rank
Eye serum,https://www.amazon.com/s?k=Eye+serum&i=beauty&s=exact-aware-popularity-rank&ref=sr_st_exact-aware-popularity-rank
Sunscreen Mist,https://www.amazon.com/s?k=Sunscreen+Mist&i=beauty&s=exact-aware-popularity-rank&ref=sr_st_exact-aware-popularity-rank
Gloss treatment,https://www.amazon.com/s?k=Gloss+treatment&i=beauty&s=exact-aware-popularity-rank&ref=sr_st_exact-aware-popularity-rank
Brightening Kit,https://www.amazon.com/s?k=Brightening+Kit&i=beauty&s=exact-aware-popularity-rank&ref=sr_st_exact-aware-popularity-rank
Snail Kit,https://www.amazon.com/s?k=Snail+Kit&i=beauty&s=exact-aware-popularity-rank&ref=sr_st_exact-aware-popularity-rank
Acne Toner,https://www.amazon.com/s?k=Acne+Toner&i=beauty&s=exact-aware-popularity-rank&ref=sr_st_exact-aware-popularity-rank
Oily Moisturizer,https://www.amazon.com/s?k=Oily+Moisturizer&i=beauty&s=exact-aware-popularity-rank&ref=sr_st_exact-aware-popularity-rank
Dark Spot Serum,https://www.amazon.com/s?k=Dark+Spot+Serum&i=beauty&s=exact-aware-popularity-rank&ref=sr_st_exact-aware-popularity-rank
Skin protectant,https://www.amazon.com/s?k=Skin+protectant&i=beauty&s=exact-aware-popularity-rank&ref=sr_st_exact-aware-popularity-rank
Hyaluronic Eye Cream,https://www.amazon.com/s?k=Hyaluronic+Eye+Cream&i=beauty&s=exact-aware-popularity-rank&ref=sr_st_exact-aware-popularity-rank
Niacinamide Serum,https://www.amazon.com/s?k=Niacinamide+Serum&i=beauty&s=exact-aware-popularity-rank&ref=sr_st_exact-aware-popularity-rank
Peptide Serum,https://www.amazon.com/s?k=Peptide+Serum&i=beauty&s=exact-aware-popularity-rank&ref=sr_st_exact-aware-popularity-rank
Antioxidant Sunscreen,https://www.amazon.com/s?k=Antioxidant+Sunscreen&i=beauty&s=exact-aware-popularity-rank&ref=sr_st_exact-aware-popularity-rank
Lip balm,https://www.amazon.com/s?k=Lip+balm&i=beauty&s=exact-aware-popularity-rank&ref=sr_st_exact-aware-popularity-rank
Vitamin C Serum,https://www.amazon.com/s?k=Vitamin+C+Serum&i=beauty&s=exact-aware-popularity-rank&ref=sr_st_exact-aware-popularity-rank
Lip repair,https://www.amazon.com/s?k=Lip+repair&i=beauty&s=exact-aware-popularity-rank&ref=sr_st_exact-aware-popularity-rank
Matte Moisturizer,https://www.amazon.com/s?k=Matte+Moisturizer&i=beauty&s=exact-aware-popularity-rank&ref=sr_st_exact-aware-popularity-rank
Tinted Lip Treatment,https://www.amazon.com/s?k=Tinted+Lip+Treatment&i=beauty&s=exact-aware-popularity-rank&ref=sr_st_exact-aware-popularity-rank
Eye gel,https://www.amazon.com/s?k=Eye+gel&i=beauty&s=exact-aware-popularity-rank&ref=sr_st_exact-aware-popularity-rank
Exfoliating Face Wash,https://www.amazon.com/s?k=Exfoliating+Face+Wash&i=beauty&s=exact-aware-popularity-rank&ref=sr_st_exact-aware-popularity-rank
Mineral Sunscreen,https://www.amazon.com/s?k=Mineral+Sunscreen&i=beauty&s=exact-aware-popularity-rank&ref=sr_st_exact-aware-popularity-rank
Snail Eye Patch,https://www.amazon.com/s?k=Snail+Eye+Patch&i=beauty&s=exact-aware-popularity-rank&ref=sr_st_exact-aware-popularity-rank
Tinted Sunscreen,https://www.amazon.com/s?k=Tinted+Sunscreen&i=beauty&s=exact-aware-popularity-rank&ref=sr_st_exact-aware-popularity-rank
Snail Essence,https://www.amazon.com/s?k=Snail+Essence&i=beauty&s=exact-aware-popularity-rank&ref=sr_st_exact-aware-popularity-rank
Eye Makeup Remover,https://www.amazon.com/s?k=Eye+Makeup+Remover&i=beauty&s=exact-aware-popularity-rank&ref=sr_st_exact-aware-popularity-rank
Micro-Filler Mask,https://www.amazon.com/s?k=Micro-Filler+Mask&i=beauty&s=exact-aware-popularity-rank&ref=sr_st_exact-aware-popularity-rank
Snail Cleanser,https://www.amazon.com/s?k=Snail+Cleanser&i=beauty&s=exact-aware-popularity-rank&ref=sr_st_exact-aware-popularity-rank
Emu Apple Mask,https://www.amazon.com/s?k=Emu+Apple+Mask&i=beauty&s=exact-aware-popularity-rank&ref=sr_st_exact-aware-popularity-rank
Hyaluronic Therapy,https://www.amazon.com/s?k=Hyaluronic+Therapy&i=beauty&s=exact-aware-popularity-rank&ref=sr_st_exact-aware-popularity-rank
Microdermabrasion Remover,https://www.amazon.com/s?k=Microdermabrasion+Remover&i=beauty&s=exact-aware-popularity-rank&ref=sr_st_exact-aware-popularity-rank
Face treats,https://www.amazon.com/s?k=Face+treats&i=beauty&s=exact-aware-popularity-rank&ref=sr_st_exact-aware-popularity-rank
Purifying Cleanser,https://www.amazon.com/s?k=Purifying+Cleanser&i=beauty&s=exact-aware-popularity-rank&ref=sr_st_exact-aware-popularity-rank
Cleansing Water,https://www.amazon.com/s?k=Cleansing+Water&i=beauty&s=exact-aware-popularity-rank&ref=sr_st_exact-aware-popularity-rank
Glow masks,https://www.amazon.com/s?k=Glow+masks&i=beauty&s=exact-aware-popularity-rank&ref=sr_st_exact-aware-popularity-rank
Cleansing Bar,https://www.amazon.com/s?k=Cleansing+Bar&i=beauty&s=exact-aware-popularity-rank&ref=sr_st_exact-aware-popularity-rank
Lip Care,https://www.amazon.com/s?k=Lip+Care&i=beauty&s=exact-aware-popularity-rank&ref=sr_st_exact-aware-popularity-rank
Illuminating Gift,https://www.amazon.com/s?k=Illuminating+Gift&i=beauty&s=exact-aware-popularity-rank&ref=sr_st_exact-aware-popularity-rank
Night Moisturizer,https://www.amazon.com/s?k=Night+Moisturizer&i=beauty&s=exact-aware-popularity-rank&ref=sr_st_exact-aware-popularity-rank
