Keyword,Links
Minoxidil Solution,https://www.amazon.com/s?k=Minoxidil+Solution&i=beauty&s=exact-aware-popularity-rank&ref=sr_st_exact-aware-popularity-rank
Halloween accessories,https://www.amazon.com/s?k=Halloween+accessories&i=beauty&s=exact-aware-popularity-rank&ref=sr_st_exact-aware-popularity-rank
Classic Shampoo,https://www.amazon.com/s?k=Classic+Shampoo&i=beauty&s=exact-aware-popularity-rank&ref=sr_st_exact-aware-popularity-rank
Styling Glaze,https://www.amazon.com/s?k=Styling+Glaze&i=beauty&s=exact-aware-popularity-rank&ref=sr_st_exact-aware-popularity-rank
Creme Bleach,https://www.amazon.com/s?k=Creme+Bleach&i=beauty&s=exact-aware-popularity-rank&ref=sr_st_exact-aware-popularity-rank
Fall headband,https://www.amazon.com/s?k=Fall+headband&i=beauty&s=exact-aware-popularity-rank&ref=sr_st_exact-aware-popularity-rank
Boost Spray,https://www.amazon.com/s?k=Boost+Spray&i=beauty&s=exact-aware-popularity-rank&ref=sr_st_exact-aware-popularity-rank
Heart Claw Clip,https://www.amazon.com/s?k=Heart+Claw+Clip&i=beauty&s=exact-aware-popularity-rank&ref=sr_st_exact-aware-popularity-rank
Moist Repair,https://www.amazon.com/s?k=Moist+Repair&i=beauty&s=exact-aware-popularity-rank&ref=sr_st_exact-aware-popularity-rank
Silkening Fluid,https://www.amazon.com/s?k=Silkening+Fluid&i=beauty&s=exact-aware-popularity-rank&ref=sr_st_exact-aware-popularity-rank
Keratin Repair,https://www.amazon.com/s?k=Keratin+Repair&i=beauty&s=exact-aware-popularity-rank&ref=sr_st_exact-aware-popularity-rank
Mini Detangler,https://www.amazon.com/s?k=Mini+Detangler&i=beauty&s=exact-aware-popularity-rank&ref=sr_st_exact-aware-popularity-rank
Shea Butter,https://www.amazon.com/s?k=Shea+Butter&i=beauty&s=exact-aware-popularity-rank&ref=sr_st_exact-aware-popularity-rank
Scalp Brush,https://www.amazon.com/s?k=Scalp+Brush&i=beauty&s=exact-aware-popularity-rank&ref=sr_st_exact-aware-popularity-rank
Debrass Shampoo,https://www.amazon.com/s?k=Debrass+Shampoo&i=beauty&s=exact-aware-popularity-rank&ref=sr_st_exact-aware-popularity-rank
Bow Hair Clip,https://www.amazon.com/s?k=Bow+Hair+Clip&i=beauty&s=exact-aware-popularity-rank&ref=sr_st_exact-aware-popularity-rank
Spiderweb Headband,https://www.amazon.com/s?k=Spiderweb+Headband&i=beauty&s=exact-aware-popularity-rank&ref=sr_st_exact-aware-popularity-rank
Foaming Lotion,https://www.amazon.com/s?k=Foaming+Lotion&i=beauty&s=exact-aware-popularity-rank&ref=sr_st_exact-aware-popularity-rank
Clay pomade,https://www.amazon.com/s?k=Clay+pomade&i=beauty&s=exact-aware-popularity-rank&ref=sr_st_exact-aware-popularity-rank
Edge Tamer,https://www.amazon.com/s?k=Edge+Tamer&i=beauty&s=exact-aware-popularity-rank&ref=sr_st_exact-aware-popularity-rank
Jessie Hairbow,https://www.amazon.com/s?k=Jessie+Hairbow&i=beauty&s=exact-aware-popularity-rank&ref=sr_st_exact-aware-popularity-rank
Milk Shake,https://www.amazon.com/s?k=Milk+Shake&i=beauty&s=exact-aware-popularity-rank&ref=sr_st_exact-aware-popularity-rank
Daily Shampoo,https://www.amazon.com/s?k=Daily+Shampoo&i=beauty&s=exact-aware-popularity-rank&ref=sr_st_exact-aware-popularity-rank
Wrap foam,https://www.amazon.com/s?k=Wrap+foam&i=beauty&s=exact-aware-popularity-rank&ref=sr_st_exact-aware-popularity-rank
Hair milk,https://www.amazon.com/s?k=Hair+milk&i=beauty&s=exact-aware-popularity-rank&ref=sr_st_exact-aware-popularity-rank
Finishing Hairspray,https://www.amazon.com/s?k=Finishing+Hairspray&i=beauty&s=exact-aware-popularity-rank&ref=sr_st_exact-aware-popularity-rank
Gray hair,https://www.amazon.com/s?k=Gray+hair&i=beauty&s=exact-aware-popularity-rank&ref=sr_st_exact-aware-popularity-rank
Argan Conditioner,https://www.amazon.com/s?k=Argan+Conditioner&i=beauty&s=exact-aware-popularity-rank&ref=sr_st_exact-aware-popularity-rank
Glossy Shampoo,https://www.amazon.com/s?k=Glossy+Shampoo&i=beauty&s=exact-aware-popularity-rank&ref=sr_st_exact-aware-popularity-rank
Bouncy Curls,https://www.amazon.com/s?k=Bouncy+Curls&i=beauty&s=exact-aware-popularity-rank&ref=sr_st_exact-aware-popularity-rank
Flaky Scalp,https://www.amazon.com/s?k=Flaky+Scalp&i=beauty&s=exact-aware-popularity-rank&ref=sr_st_exact-aware-popularity-rank
Moisture Creme,https://www.amazon.com/s?k=Moisture+Creme&i=beauty&s=exact-aware-popularity-rank&ref=sr_st_exact-aware-popularity-rank
Moisture Mask,https://www.amazon.com/s?k=Moisture+Mask&i=beauty&s=exact-aware-popularity-rank&ref=sr_st_exact-aware-popularity-rank
Mega Hold,https://www.amazon.com/s?k=Mega+Hold&i=beauty&s=exact-aware-popularity-rank&ref=sr_st_exact-aware-popularity-rank
Argan Oil Conditioner,https://www.amazon.com/s?k=Argan+Oil+Conditioner&i=beauty&s=exact-aware-popularity-rank&ref=sr_st_exact-aware-popularity-rank
Hair color,https://www.amazon.com/s?k=Hair+color&i=beauty&s=exact-aware-popularity-rank&ref=sr_st_exact-aware-popularity-rank
Beard Wash,https://www.amazon.com/s?k=Beard+Wash&i=beauty&s=exact-aware-popularity-rank&ref=sr_st_exact-aware-popularity-rank
Velvet Hair Bows,https://www.amazon.com/s?k=Velvet+Hair+Bows&i=beauty&s=exact-aware-popularity-rank&ref=sr_st_exact-aware-popularity-rank
Thickening Hairspray,https://www.amazon.com/s?k=Thickening+Hairspray&i=beauty&s=exact-aware-popularity-rank&ref=sr_st_exact-aware-popularity-rank
Curly Shampoo,https://www.amazon.com/s?k=Curly+Shampoo&i=beauty&s=exact-aware-popularity-rank&ref=sr_st_exact-aware-popularity-rank
Bonding Oil,https://www.amazon.com/s?k=Bonding+Oil&i=beauty&s=exact-aware-popularity-rank&ref=sr_st_exact-aware-popularity-rank
Silver Shampoo,https://www.amazon.com/s?k=Silver+Shampoo&i=beauty&s=exact-aware-popularity-rank&ref=sr_st_exact-aware-popularity-rank
Beard Coloring,https://www.amazon.com/s?k=Beard+Coloring&i=beauty&s=exact-aware-popularity-rank&ref=sr_st_exact-aware-popularity-rank
Money Masque,https://www.amazon.com/s?k=Money+Masque&i=beauty&s=exact-aware-popularity-rank&ref=sr_st_exact-aware-popularity-rank
Dermo-Calm Shampoo,https://www.amazon.com/s?k=Dermo-Calm+Shampoo&i=beauty&s=exact-aware-popularity-rank&ref=sr_st_exact-aware-popularity-rank
Hair Accessories,https://www.amazon.com/s?k=Hair+Accessories&i=beauty&s=exact-aware-popularity-rank&ref=sr_st_exact-aware-popularity-rank
Chebe Shampoo,https://www.amazon.com/s?k=Chebe+Shampoo&i=beauty&s=exact-aware-popularity-rank&ref=sr_st_exact-aware-popularity-rank
Avocado Oil,https://www.amazon.com/s?k=Avocado+Oil&i=beauty&s=exact-aware-popularity-rank&ref=sr_st_exact-aware-popularity-rank
Lifting Conditioner,https://www.amazon.com/s?k=Lifting+Conditioner&i=beauty&s=exact-aware-popularity-rank&ref=sr_st_exact-aware-popularity-rank
Protective fluid,https://www.amazon.com/s?k=Protective+fluid&i=beauty&s=exact-aware-popularity-rank&ref=sr_st_exact-aware-popularity-rank
