Keyword,Links
Minoxidil Solution,https://www.ebay.com/sch/i.html?_from=R40&_nkw=Minoxidil+Solution&_sacat=26395&rt=nc&LH_ItemCondition=3&LH_BIN=1&rt=nc&LH_PrefLoc=1
Halloween accessories,https://www.ebay.com/sch/i.html?_from=R40&_nkw=Halloween+accessories&_sacat=26395&rt=nc&LH_ItemCondition=3&LH_BIN=1&rt=nc&LH_PrefLoc=1
Classic Shampoo,https://www.ebay.com/sch/i.html?_from=R40&_nkw=Classic+Shampoo&_sacat=26395&rt=nc&LH_ItemCondition=3&LH_BIN=1&rt=nc&LH_PrefLoc=1
Styling Glaze,https://www.ebay.com/sch/i.html?_from=R40&_nkw=Styling+Glaze&_sacat=26395&rt=nc&LH_ItemCondition=3&LH_BIN=1&rt=nc&LH_PrefLoc=1
Creme Bleach,https://www.ebay.com/sch/i.html?_from=R40&_nkw=Creme+Bleach&_sacat=26395&rt=nc&LH_ItemCondition=3&LH_BIN=1&rt=nc&LH_PrefLoc=1
Fall headband,https://www.ebay.com/sch/i.html?_from=R40&_nkw=Fall+headband&_sacat=26395&rt=nc&LH_ItemCondition=3&LH_BIN=1&rt=nc&LH_PrefLoc=1
Boost Spray,https://www.ebay.com/sch/i.html?_from=R40&_nkw=Boost+Spray&_sacat=26395&rt=nc&LH_ItemCondition=3&LH_BIN=1&rt=nc&LH_PrefLoc=1
Heart Claw Clip,https://www.ebay.com/sch/i.html?_from=R40&_nkw=Heart+Claw+Clip&_sacat=26395&rt=nc&LH_ItemCondition=3&LH_BIN=1&rt=nc&LH_PrefLoc=1
Moist Repair,https://www.ebay.com/sch/i.html?_from=R40&_nkw=Moist+Repair&_sacat=26395&rt=nc&LH_ItemCondition=3&LH_BIN=1&rt=nc&LH_PrefLoc=1
Silkening Fluid,https://www.ebay.com/sch/i.html?_from=R40&_nkw=Silkening+Fluid&_sacat=26395&rt=nc&LH_ItemCondition=3&LH_BIN=1&rt=nc&LH_PrefLoc=1
Keratin Repair,https://www.ebay.com/sch/i.html?_from=R40&_nkw=Keratin+Repair&_sacat=26395&rt=nc&LH_ItemCondition=3&LH_BIN=1&rt=nc&LH_PrefLoc=1
Mini Detangler,https://www.ebay.com/sch/i.html?_from=R40&_nkw=Mini+Detangler&_sacat=26395&rt=nc&LH_ItemCondition=3&LH_BIN=1&rt=nc&LH_PrefLoc=1
Shea Butter,https://www.ebay.com/sch/i.html?_from=R40&_nkw=Shea+Butter&_sacat=26395&rt=nc&LH_ItemCondition=3&LH_BIN=1&rt=nc&LH_PrefLoc=1
Scalp Brush,https://www.ebay.com/sch/i.html?_from=R40&_nkw=Scalp+Brush&_sacat=26395&rt=nc&LH_ItemCondition=3&LH_BIN=1&rt=nc&LH_PrefLoc=1
Debrass Shampoo,https://www.ebay.com/sch/i.html?_from=R40&_nkw=Debrass+Shampoo&_sacat=26395&rt=nc&LH_ItemCondition=3&LH_BIN=1&rt=nc&LH_PrefLoc=1
Bow Hair Clip,https://www.ebay.com/sch/i.html?_from=R40&_nkw=Bow+Hair+Clip&_sacat=26395&rt=nc&LH_ItemCondition=3&LH_BIN=1&rt=nc&LH_PrefLoc=1
Spiderweb Headband,https://www.ebay.com/sch/i.html?_from=R40&_nkw=Spiderweb+Headband&_sacat=26395&rt=nc&LH_ItemCondition=3&LH_BIN=1&rt=nc&LH_PrefLoc=1
Foaming Lotion,https://www.ebay.com/sch/i.html?_from=R40&_nkw=Foaming+Lotion&_sacat=26395&rt=nc&LH_ItemCondition=3&LH_BIN=1&rt=nc&LH_PrefLoc=1
Clay pomade,https://www.ebay.com/sch/i.html?_from=R40&_nkw=Clay+pomade&_sacat=26395&rt=nc&LH_ItemCondition=3&LH_BIN=1&rt=nc&LH_PrefLoc=1
Edge Tamer,https://www.ebay.com/sch/i.html?_from=R40&_nkw=Edge+Tamer&_sacat=26395&rt=nc&LH_ItemCondition=3&LH_BIN=1&rt=nc&LH_PrefLoc=1
Jessie Hairbow,https://www.ebay.com/sch/i.html?_from=R40&_nkw=Jessie+Hairbow&_sacat=26395&rt=nc&LH_ItemCondition=3&LH_BIN=1&rt=nc&LH_PrefLoc=1
Milk Shake,https://www.ebay.com/sch/i.html?_from=R40&_nkw=Milk+Shake&_sacat=26395&rt=nc&LH_ItemCondition=3&LH_BIN=1&rt=nc&LH_PrefLoc=1
Daily Shampoo,https://www.ebay.com/sch/i.html?_from=R40&_nkw=Daily+Shampoo&_sacat=26395&rt=nc&LH_ItemCondition=3&LH_BIN=1&rt=nc&LH_PrefLoc=1
Wrap foam,https://www.ebay.com/sch/i.html?_from=R40&_nkw=Wrap+foam&_sacat=26395&rt=nc&LH_ItemCondition=3&LH_BIN=1&rt=nc&LH_PrefLoc=1
Hair milk,https://www.ebay.com/sch/i.html?_from=R40&_nkw=Hair+milk&_sacat=26395&rt=nc&LH_ItemCondition=3&LH_BIN=1&rt=nc&LH_PrefLoc=1
Finishing Hairspray,https://www.ebay.com/sch/i.html?_from=R40&_nkw=Finishing+Hairspray&_sacat=26395&rt=nc&LH_ItemCondition=3&LH_BIN=1&rt=nc&LH_PrefLoc=1
Gray hair,https://www.ebay.com/sch/i.html?_from=R40&_nkw=Gray+hair&_sacat=26395&rt=nc&LH_ItemCondition=3&LH_BIN=1&rt=nc&LH_PrefLoc=1
Argan Conditioner,https://www.ebay.com/sch/i.html?_from=R40&_nkw=Argan+Conditioner&_sacat=26395&rt=nc&LH_ItemCondition=3&LH_BIN=1&rt=nc&LH_PrefLoc=1
Glossy Shampoo,https://www.ebay.com/sch/i.html?_from=R40&_nkw=Glossy+Shampoo&_sacat=26395&rt=nc&LH_ItemCondition=3&LH_BIN=1&rt=nc&LH_PrefLoc=1
Bouncy Curls,https://www.ebay.com/sch/i.html?_from=R40&_nkw=Bouncy+Curls&_sacat=26395&rt=nc&LH_ItemCondition=3&LH_BIN=1&rt=nc&LH_PrefLoc=1
Flaky Scalp,https://www.ebay.com/sch/i.html?_from=R40&_nkw=Flaky+Scalp&_sacat=26395&rt=nc&LH_ItemCondition=3&LH_BIN=1&rt=nc&LH_PrefLoc=1
Moisture Creme,https://www.ebay.com/sch/i.html?_from=R40&_nkw=Moisture+Creme&_sacat=26395&rt=nc&LH_ItemCondition=3&LH_BIN=1&rt=nc&LH_PrefLoc=1
Moisture Mask,https://www.ebay.com/sch/i.html?_from=R40&_nkw=Moisture+Mask&_sacat=26395&rt=nc&LH_ItemCondition=3&LH_BIN=1&rt=nc&LH_PrefLoc=1
Mega Hold,https://www.ebay.com/sch/i.html?_from=R40&_nkw=Mega+Hold&_sacat=26395&rt=nc&LH_ItemCondition=3&LH_BIN=1&rt=nc&LH_PrefLoc=1
Argan Oil Conditioner,https://www.ebay.com/sch/i.html?_from=R40&_nkw=Argan+Oil+Conditioner&_sacat=26395&rt=nc&LH_ItemCondition=3&LH_BIN=1&rt=nc&LH_PrefLoc=1
Hair color,https://www.ebay.com/sch/i.html?_from=R40&_nkw=Hair+color&_sacat=26395&rt=nc&LH_ItemCondition=3&LH_BIN=1&rt=nc&LH_PrefLoc=1
Beard Wash,https://www.ebay.com/sch/i.html?_from=R40&_nkw=Beard+Wash&_sacat=26395&rt=nc&LH_ItemCondition=3&LH_BIN=1&rt=nc&LH_PrefLoc=1
Velvet Hair Bows,https://www.ebay.com/sch/i.html?_from=R40&_nkw=Velvet+Hair+Bows&_sacat=26395&rt=nc&LH_ItemCondition=3&LH_BIN=1&rt=nc&LH_PrefLoc=1
Thickening Hairspray,https://www.ebay.com/sch/i.html?_from=R40&_nkw=Thickening+Hairspray&_sacat=26395&rt=nc&LH_ItemCondition=3&LH_BIN=1&rt=nc&LH_PrefLoc=1
Curly Shampoo,https://www.ebay.com/sch/i.html?_from=R40&_nkw=Curly+Shampoo&_sacat=26395&rt=nc&LH_ItemCondition=3&LH_BIN=1&rt=nc&LH_PrefLoc=1
Bonding Oil,https://www.ebay.com/sch/i.html?_from=R40&_nkw=Bonding+Oil&_sacat=26395&rt=nc&LH_ItemCondition=3&LH_BIN=1&rt=nc&LH_PrefLoc=1
Silver Shampoo,https://www.ebay.com/sch/i.html?_from=R40&_nkw=Silver+Shampoo&_sacat=26395&rt=nc&LH_ItemCondition=3&LH_BIN=1&rt=nc&LH_PrefLoc=1
Beard Coloring,https://www.ebay.com/sch/i.html?_from=R40&_nkw=Beard+Coloring&_sacat=26395&rt=nc&LH_ItemCondition=3&LH_BIN=1&rt=nc&LH_PrefLoc=1
Money Masque,https://www.ebay.com/sch/i.html?_from=R40&_nkw=Money+Masque&_sacat=26395&rt=nc&LH_ItemCondition=3&LH_BIN=1&rt=nc&LH_PrefLoc=1
Dermo-Calm Shampoo,https://www.ebay.com/sch/i.html?_from=R40&_nkw=Dermo-Calm+Shampoo&_sacat=26395&rt=nc&LH_ItemCondition=3&LH_BIN=1&rt=nc&LH_PrefLoc=1
Hair Accessories,https://www.ebay.com/sch/i.html?_from=R40&_nkw=Hair+Accessories&_sacat=26395&rt=nc&LH_ItemCondition=3&LH_BIN=1&rt=nc&LH_PrefLoc=1
Chebe Shampoo,https://www.ebay.com/sch/i.html?_from=R40&_nkw=Chebe+Shampoo&_sacat=26395&rt=nc&LH_ItemCondition=3&LH_BIN=1&rt=nc&LH_PrefLoc=1
Avocado Oil,https://www.ebay.com/sch/i.html?_from=R40&_nkw=Avocado+Oil&_sacat=26395&rt=nc&LH_ItemCondition=3&LH_BIN=1&rt=nc&LH_PrefLoc=1
Lifting Conditioner,https://www.ebay.com/sch/i.html?_from=R40&_nkw=Lifting+Conditioner&_sacat=26395&rt=nc&LH_ItemCondition=3&LH_BIN=1&rt=nc&LH_PrefLoc=1
Protective fluid,https://www.ebay.com/sch/i.html?_from=R40&_nkw=Protective+fluid&_sacat=26395&rt=nc&LH_ItemCondition=3&LH_BIN=1&rt=nc&LH_PrefLoc=1
