Keyword,Links
Protein smoothie,https://www.amazon.com/s?k=Protein+smoothie&i=hpc&s=exact-aware-popularity-rank&ref=sr_st_exact-aware-popularity-rank
Adult nutrition,https://www.amazon.com/s?k=Adult+nutrition&i=hpc&s=exact-aware-popularity-rank&ref=sr_st_exact-aware-popularity-rank
Salted Caramel,https://www.amazon.com/s?k=Salted+Caramel&i=hpc&s=exact-aware-popularity-rank&ref=sr_st_exact-aware-popularity-rank
Strawberry Drink,https://www.amazon.com/s?k=Strawberry+Drink&i=hpc&s=exact-aware-popularity-rank&ref=sr_st_exact-aware-popularity-rank
Water pills,https://www.amazon.com/s?k=Water+pills&i=hpc&s=exact-aware-popularity-rank&ref=sr_st_exact-aware-popularity-rank
CLA Softgels,https://www.amazon.com/s?k=CLA+Softgels&i=hpc&s=exact-aware-popularity-rank&ref=sr_st_exact-aware-popularity-rank
Pecan Clusters,https://www.amazon.com/s?k=Pecan+Clusters&i=hpc&s=exact-aware-popularity-rank&ref=sr_st_exact-aware-popularity-rank
Glucose Support,https://www.amazon.com/s?k=Glucose+Support&i=hpc&s=exact-aware-popularity-rank&ref=sr_st_exact-aware-popularity-rank
High Calorie,https://www.amazon.com/s?k=High+Calorie&i=hpc&s=exact-aware-popularity-rank&ref=sr_st_exact-aware-popularity-rank
Plant Nutrition,https://www.amazon.com/s?k=Plant+Nutrition&i=hpc&s=exact-aware-popularity-rank&ref=sr_st_exact-aware-popularity-rank
Nutrition Shake,https://www.amazon.com/s?k=Nutrition+Shake&i=hpc&s=exact-aware-popularity-rank&ref=sr_st_exact-aware-popularity-rank
Nutrition drink,https://www.amazon.com/s?k=Nutrition+drink&i=hpc&s=exact-aware-popularity-rank&ref=sr_st_exact-aware-popularity-rank
Diabetes Nutrition,https://www.amazon.com/s?k=Diabetes+Nutrition&i=hpc&s=exact-aware-popularity-rank&ref=sr_st_exact-aware-popularity-rank
Keto Clusters,https://www.amazon.com/s?k=Keto+Clusters&i=hpc&s=exact-aware-popularity-rank&ref=sr_st_exact-aware-popularity-rank
Appetite Suppressant,https://www.amazon.com/s?k=Appetite+Suppressant&i=hpc&s=exact-aware-popularity-rank&ref=sr_st_exact-aware-popularity-rank
Diet plan,https://www.amazon.com/s?k=Diet+plan&i=hpc&s=exact-aware-popularity-rank&ref=sr_st_exact-aware-popularity-rank
Granola Bars,https://www.amazon.com/s?k=Granola+Bars&i=hpc&s=exact-aware-popularity-rank&ref=sr_st_exact-aware-popularity-rank
Protein latte,https://www.amazon.com/s?k=Protein+latte&i=hpc&s=exact-aware-popularity-rank&ref=sr_st_exact-aware-popularity-rank
Nutrition shakes,https://www.amazon.com/s?k=Nutrition+shakes&i=hpc&s=exact-aware-popularity-rank&ref=sr_st_exact-aware-popularity-rank
Ginger Chews,https://www.amazon.com/s?k=Ginger+Chews&i=hpc&s=exact-aware-popularity-rank&ref=sr_st_exact-aware-popularity-rank
Brownie mix,https://www.amazon.com/s?k=Brownie+mix&i=hpc&s=exact-aware-popularity-rank&ref=sr_st_exact-aware-popularity-rank
Protein drink,https://www.amazon.com/s?k=Protein+drink&i=hpc&s=exact-aware-popularity-rank&ref=sr_st_exact-aware-popularity-rank
Cookie Dough,https://www.amazon.com/s?k=Cookie+Dough&i=hpc&s=exact-aware-popularity-rank&ref=sr_st_exact-aware-popularity-rank
High-Protein Powder,https://www.amazon.com/s?k=High-Protein+Powder&i=hpc&s=exact-aware-popularity-rank&ref=sr_st_exact-aware-popularity-rank
Organic nutrition,https://www.amazon.com/s?k=Organic+nutrition&i=hpc&s=exact-aware-popularity-rank&ref=sr_st_exact-aware-popularity-rank
Energy chew,https://www.amazon.com/s?k=Energy+chew&i=hpc&s=exact-aware-popularity-rank&ref=sr_st_exact-aware-popularity-rank
Incontinence Pads,https://www.amazon.com/s?k=Incontinence+Pads&i=hpc&s=exact-aware-popularity-rank&ref=sr_st_exact-aware-popularity-rank
Diabetic shakes,https://www.amazon.com/s?k=Diabetic+shakes&i=hpc&s=exact-aware-popularity-rank&ref=sr_st_exact-aware-popularity-rank
Chocolate Chip,https://www.amazon.com/s?k=Chocolate+Chip&i=hpc&s=exact-aware-popularity-rank&ref=sr_st_exact-aware-popularity-rank
Chocolate peanut butter,https://www.amazon.com/s?k=Chocolate+peanut+butter&i=hpc&s=exact-aware-popularity-rank&ref=sr_st_exact-aware-popularity-rank
Keto Candies,https://www.amazon.com/s?k=Keto+Candies&i=hpc&s=exact-aware-popularity-rank&ref=sr_st_exact-aware-popularity-rank
Liquid protein,https://www.amazon.com/s?k=Liquid+protein&i=hpc&s=exact-aware-popularity-rank&ref=sr_st_exact-aware-popularity-rank
Apple Nectar,https://www.amazon.com/s?k=Apple+Nectar&i=hpc&s=exact-aware-popularity-rank&ref=sr_st_exact-aware-popularity-rank
Mocha Latte,https://www.amazon.com/s?k=Mocha+Latte&i=hpc&s=exact-aware-popularity-rank&ref=sr_st_exact-aware-popularity-rank
Protein cookie,https://www.amazon.com/s?k=Protein+cookie&i=hpc&s=exact-aware-popularity-rank&ref=sr_st_exact-aware-popularity-rank
Iced Coffee,https://www.amazon.com/s?k=Iced+Coffee&i=hpc&s=exact-aware-popularity-rank&ref=sr_st_exact-aware-popularity-rank
Detox Drink,https://www.amazon.com/s?k=Detox+Drink&i=hpc&s=exact-aware-popularity-rank&ref=sr_st_exact-aware-popularity-rank
Diabetic Shake,https://www.amazon.com/s?k=Diabetic+Shake&i=hpc&s=exact-aware-popularity-rank&ref=sr_st_exact-aware-popularity-rank
Colon Flush,https://www.amazon.com/s?k=Colon+Flush&i=hpc&s=exact-aware-popularity-rank&ref=sr_st_exact-aware-popularity-rank
Chocolate bars,https://www.amazon.com/s?k=Chocolate+bars&i=hpc&s=exact-aware-popularity-rank&ref=sr_st_exact-aware-popularity-rank
Amino Energy,https://www.amazon.com/s?k=Amino+Energy&i=hpc&s=exact-aware-popularity-rank&ref=sr_st_exact-aware-popularity-rank
Whey Hydration,https://www.amazon.com/s?k=Whey+Hydration&i=hpc&s=exact-aware-popularity-rank&ref=sr_st_exact-aware-popularity-rank
Peanut Butter Cups,https://www.amazon.com/s?k=Peanut+Butter+Cups&i=hpc&s=exact-aware-popularity-rank&ref=sr_st_exact-aware-popularity-rank
Peanut Butter Cookie,https://www.amazon.com/s?k=Peanut+Butter+Cookie&i=hpc&s=exact-aware-popularity-rank&ref=sr_st_exact-aware-popularity-rank
Chocolate drink,https://www.amazon.com/s?k=Chocolate+drink&i=hpc&s=exact-aware-popularity-rank&ref=sr_st_exact-aware-popularity-rank
Garcinia Weight Loss,https://www.amazon.com/s?k=Garcinia+Weight+Loss&i=hpc&s=exact-aware-popularity-rank&ref=sr_st_exact-aware-popularity-rank
Protein Chips,https://www.amazon.com/s?k=Protein+Chips&i=hpc&s=exact-aware-popularity-rank&ref=sr_st_exact-aware-popularity-rank
Immune Snacks,https://www.amazon.com/s?k=Immune+Snacks&i=hpc&s=exact-aware-popularity-rank&ref=sr_st_exact-aware-popularity-rank
Cheese Crisps,https://www.amazon.com/s?k=Cheese+Crisps&i=hpc&s=exact-aware-popularity-rank&ref=sr_st_exact-aware-popularity-rank
Fruit bars,https://www.amazon.com/s?k=Fruit+bars&i=hpc&s=exact-aware-popularity-rank&ref=sr_st_exact-aware-popularity-rank
