Keyword,Links
Protein smoothie,https://www.ebay.com/sch/i.html?_from=R40&_nkw=Protein+smoothie&_sacat=26395&rt=nc&LH_ItemCondition=3&LH_BIN=1&rt=nc&LH_PrefLoc=1
Adult nutrition,https://www.ebay.com/sch/i.html?_from=R40&_nkw=Adult+nutrition&_sacat=26395&rt=nc&LH_ItemCondition=3&LH_BIN=1&rt=nc&LH_PrefLoc=1
Salted Caramel,https://www.ebay.com/sch/i.html?_from=R40&_nkw=Salted+Caramel&_sacat=26395&rt=nc&LH_ItemCondition=3&LH_BIN=1&rt=nc&LH_PrefLoc=1
Strawberry Drink,https://www.ebay.com/sch/i.html?_from=R40&_nkw=Strawberry+Drink&_sacat=26395&rt=nc&LH_ItemCondition=3&LH_BIN=1&rt=nc&LH_PrefLoc=1
Water pills,https://www.ebay.com/sch/i.html?_from=R40&_nkw=Water+pills&_sacat=26395&rt=nc&LH_ItemCondition=3&LH_BIN=1&rt=nc&LH_PrefLoc=1
CLA Softgels,https://www.ebay.com/sch/i.html?_from=R40&_nkw=CLA+Softgels&_sacat=26395&rt=nc&LH_ItemCondition=3&LH_BIN=1&rt=nc&LH_PrefLoc=1
Pecan Clusters,https://www.ebay.com/sch/i.html?_from=R40&_nkw=Pecan+Clusters&_sacat=26395&rt=nc&LH_ItemCondition=3&LH_BIN=1&rt=nc&LH_PrefLoc=1
Glucose Support,https://www.ebay.com/sch/i.html?_from=R40&_nkw=Glucose+Support&_sacat=26395&rt=nc&LH_ItemCondition=3&LH_BIN=1&rt=nc&LH_PrefLoc=1
High Calorie,https://www.ebay.com/sch/i.html?_from=R40&_nkw=High+Calorie&_sacat=26395&rt=nc&LH_ItemCondition=3&LH_BIN=1&rt=nc&LH_PrefLoc=1
Plant Nutrition,https://www.ebay.com/sch/i.html?_from=R40&_nkw=Plant+Nutrition&_sacat=26395&rt=nc&LH_ItemCondition=3&LH_BIN=1&rt=nc&LH_PrefLoc=1
Nutrition Shake,https://www.ebay.com/sch/i.html?_from=R40&_nkw=Nutrition+Shake&_sacat=26395&rt=nc&LH_ItemCondition=3&LH_BIN=1&rt=nc&LH_PrefLoc=1
Nutrition drink,https://www.ebay.com/sch/i.html?_from=R40&_nkw=Nutrition+drink&_sacat=26395&rt=nc&LH_ItemCondition=3&LH_BIN=1&rt=nc&LH_PrefLoc=1
Diabetes Nutrition,https://www.ebay.com/sch/i.html?_from=R40&_nkw=Diabetes+Nutrition&_sacat=26395&rt=nc&LH_ItemCondition=3&LH_BIN=1&rt=nc&LH_PrefLoc=1
Keto Clusters,https://www.ebay.com/sch/i.html?_from=R40&_nkw=Keto+Clusters&_sacat=26395&rt=nc&LH_ItemCondition=3&LH_BIN=1&rt=nc&LH_PrefLoc=1
Appetite Suppressant,https://www.ebay.com/sch/i.html?_from=R40&_nkw=Appetite+Suppressant&_sacat=26395&rt=nc&LH_ItemCondition=3&LH_BIN=1&rt=nc&LH_PrefLoc=1
Diet plan,https://www.ebay.com/sch/i.html?_from=R40&_nkw=Diet+plan&_sacat=26395&rt=nc&LH_ItemCondition=3&LH_BIN=1&rt=nc&LH_PrefLoc=1
Granola Bars,https://www.ebay.com/sch/i.html?_from=R40&_nkw=Granola+Bars&_sacat=26395&rt=nc&LH_ItemCondition=3&LH_BIN=1&rt=nc&LH_PrefLoc=1
Protein latte,https://www.ebay.com/sch/i.html?_from=R40&_nkw=Protein+latte&_sacat=26395&rt=nc&LH_ItemCondition=3&LH_BIN=1&rt=nc&LH_PrefLoc=1
Nutrition shakes,https://www.ebay.com/sch/i.html?_from=R40&_nkw=Nutrition+shakes&_sacat=26395&rt=nc&LH_ItemCondition=3&LH_BIN=1&rt=nc&LH_PrefLoc=1
Ginger Chews,https://www.ebay.com/sch/i.html?_from=R40&_nkw=Ginger+Chews&_sacat=26395&rt=nc&LH_ItemCondition=3&LH_BIN=1&rt=nc&LH_PrefLoc=1
Brownie mix,https://www.ebay.com/sch/i.html?_from=R40&_nkw=Brownie+mix&_sacat=26395&rt=nc&LH_ItemCondition=3&LH_BIN=1&rt=nc&LH_PrefLoc=1
Protein drink,https://www.ebay.com/sch/i.html?_from=R40&_nkw=Protein+drink&_sacat=26395&rt=nc&LH_ItemCondition=3&LH_BIN=1&rt=nc&LH_PrefLoc=1
Cookie Dough,https://www.ebay.com/sch/i.html?_from=R40&_nkw=Cookie+Dough&_sacat=26395&rt=nc&LH_ItemCondition=3&LH_BIN=1&rt=nc&LH_PrefLoc=1
High-Protein Powder,https://www.ebay.com/sch/i.html?_from=R40&_nkw=High-Protein+Powder&_sacat=26395&rt=nc&LH_ItemCondition=3&LH_BIN=1&rt=nc&LH_PrefLoc=1
Organic nutrition,https://www.ebay.com/sch/i.html?_from=R40&_nkw=Organic+nutrition&_sacat=26395&rt=nc&LH_ItemCondition=3&LH_BIN=1&rt=nc&LH_PrefLoc=1
Energy chew,https://www.ebay.com/sch/i.html?_from=R40&_nkw=Energy+chew&_sacat=26395&rt=nc&LH_ItemCondition=3&LH_BIN=1&rt=nc&LH_PrefLoc=1
Incontinence Pads,https://www.ebay.com/sch/i.html?_from=R40&_nkw=Incontinence+Pads&_sacat=26395&rt=nc&LH_ItemCondition=3&LH_BIN=1&rt=nc&LH_PrefLoc=1
Diabetic shakes,https://www.ebay.com/sch/i.html?_from=R40&_nkw=Diabetic+shakes&_sacat=26395&rt=nc&LH_ItemCondition=3&LH_BIN=1&rt=nc&LH_PrefLoc=1
Chocolate Chip,https://www.ebay.com/sch/i.html?_from=R40&_nkw=Chocolate+Chip&_sacat=26395&rt=nc&LH_ItemCondition=3&LH_BIN=1&rt=nc&LH_PrefLoc=1
Chocolate peanut butter,https://www.ebay.com/sch/i.html?_from=R40&_nkw=Chocolate+peanut+butter&_sacat=26395&rt=nc&LH_ItemCondition=3&LH_BIN=1&rt=nc&LH_PrefLoc=1
Keto Candies,https://www.ebay.com/sch/i.html?_from=R40&_nkw=Keto+Candies&_sacat=26395&rt=nc&LH_ItemCondition=3&LH_BIN=1&rt=nc&LH_PrefLoc=1
Liquid protein,https://www.ebay.com/sch/i.html?_from=R40&_nkw=Liquid+protein&_sacat=26395&rt=nc&LH_ItemCondition=3&LH_BIN=1&rt=nc&LH_PrefLoc=1
Apple Nectar,https://www.ebay.com/sch/i.html?_from=R40&_nkw=Apple+Nectar&_sacat=26395&rt=nc&LH_ItemCondition=3&LH_BIN=1&rt=nc&LH_PrefLoc=1
Mocha Latte,https://www.ebay.com/sch/i.html?_from=R40&_nkw=Mocha+Latte&_sacat=26395&rt=nc&LH_ItemCondition=3&LH_BIN=1&rt=nc&LH_PrefLoc=1
Protein cookie,https://www.ebay.com/sch/i.html?_from=R40&_nkw=Protein+cookie&_sacat=26395&rt=nc&LH_ItemCondition=3&LH_BIN=1&rt=nc&LH_PrefLoc=1
Iced Coffee,https://www.ebay.com/sch/i.html?_from=R40&_nkw=Iced+Coffee&_sacat=26395&rt=nc&LH_ItemCondition=3&LH_BIN=1&rt=nc&LH_PrefLoc=1
Detox Drink,https://www.ebay.com/sch/i.html?_from=R40&_nkw=Detox+Drink&_sacat=26395&rt=nc&LH_ItemCondition=3&LH_BIN=1&rt=nc&LH_PrefLoc=1
Diabetic Shake,https://www.ebay.com/sch/i.html?_from=R40&_nkw=Diabetic+Shake&_sacat=26395&rt=nc&LH_ItemCondition=3&LH_BIN=1&rt=nc&LH_PrefLoc=1
Colon Flush,https://www.ebay.com/sch/i.html?_from=R40&_nkw=Colon+Flush&_sacat=26395&rt=nc&LH_ItemCondition=3&LH_BIN=1&rt=nc&LH_PrefLoc=1
Chocolate bars,https://www.ebay.com/sch/i.html?_from=R40&_nkw=Chocolate+bars&_sacat=26395&rt=nc&LH_ItemCondition=3&LH_BIN=1&rt=nc&LH_PrefLoc=1
Amino Energy,https://www.ebay.com/sch/i.html?_from=R40&_nkw=Amino+Energy&_sacat=26395&rt=nc&LH_ItemCondition=3&LH_BIN=1&rt=nc&LH_PrefLoc=1
Whey Hydration,https://www.ebay.com/sch/i.html?_from=R40&_nkw=Whey+Hydration&_sacat=26395&rt=nc&LH_ItemCondition=3&LH_BIN=1&rt=nc&LH_PrefLoc=1
Peanut Butter Cups,https://www.ebay.com/sch/i.html?_from=R40&_nkw=Peanut+Butter+Cups&_sacat=26395&rt=nc&LH_ItemCondition=3&LH_BIN=1&rt=nc&LH_PrefLoc=1
Peanut Butter Cookie,https://www.ebay.com/sch/i.html?_from=R40&_nkw=Peanut+Butter+Cookie&_sacat=26395&rt=nc&LH_ItemCondition=3&LH_BIN=1&rt=nc&LH_PrefLoc=1
Chocolate drink,https://www.ebay.com/sch/i.html?_from=R40&_nkw=Chocolate+drink&_sacat=26395&rt=nc&LH_ItemCondition=3&LH_BIN=1&rt=nc&LH_PrefLoc=1
Garcinia Weight Loss,https://www.ebay.com/sch/i.html?_from=R40&_nkw=Garcinia+Weight+Loss&_sacat=26395&rt=nc&LH_ItemCondition=3&LH_BIN=1&rt=nc&LH_PrefLoc=1
Protein Chips,https://www.ebay.com/sch/i.html?_from=R40&_nkw=Protein+Chips&_sacat=26395&rt=nc&LH_ItemCondition=3&LH_BIN=1&rt=nc&LH_PrefLoc=1
Immune Snacks,https://www.ebay.com/sch/i.html?_from=R40&_nkw=Immune+Snacks&_sacat=26395&rt=nc&LH_ItemCondition=3&LH_BIN=1&rt=nc&LH_PrefLoc=1
Cheese Crisps,https://www.ebay.com/sch/i.html?_from=R40&_nkw=Cheese+Crisps&_sacat=26395&rt=nc&LH_ItemCondition=3&LH_BIN=1&rt=nc&LH_PrefLoc=1
Fruit bars,https://www.ebay.com/sch/i.html?_from=R40&_nkw=Fruit+bars&_sacat=26395&rt=nc&LH_ItemCondition=3&LH_BIN=1&rt=nc&LH_PrefLoc=1
