Keyword,Links
Matte Texturizer,https://www.amazon.com/s?k=Matte+Texturizer&i=beauty&s=exact-aware-popularity-rank&ref=sr_st_exact-aware-popularity-rank
Hair dress,https://www.amazon.com/s?k=Hair+dress&i=beauty&s=exact-aware-popularity-rank&ref=sr_st_exact-aware-popularity-rank
Soft Curls,https://www.amazon.com/s?k=Soft+Curls&i=beauty&s=exact-aware-popularity-rank&ref=sr_st_exact-aware-popularity-rank
Hair styling cream,https://www.amazon.com/s?k=Hair+styling+cream&i=beauty&s=exact-aware-popularity-rank&ref=sr_st_exact-aware-popularity-rank
Press cream,https://www.amazon.com/s?k=Press+cream&i=beauty&s=exact-aware-popularity-rank&ref=sr_st_exact-aware-popularity-rank
Curl primer,https://www.amazon.com/s?k=Curl+primer&i=beauty&s=exact-aware-popularity-rank&ref=sr_st_exact-aware-popularity-rank
Wave foam,https://www.amazon.com/s?k=Wave+foam&i=beauty&s=exact-aware-popularity-rank&ref=sr_st_exact-aware-popularity-rank
Styling Snot,https://www.amazon.com/s?k=Styling+Snot&i=beauty&s=exact-aware-popularity-rank&ref=sr_st_exact-aware-popularity-rank
Loc Moisturizer,https://www.amazon.com/s?k=Loc+Moisturizer&i=beauty&s=exact-aware-popularity-rank&ref=sr_st_exact-aware-popularity-rank
Flaxseed Gel,https://www.amazon.com/s?k=Flaxseed+Gel&i=beauty&s=exact-aware-popularity-rank&ref=sr_st_exact-aware-popularity-rank
Natural hair lock,https://www.amazon.com/s?k=Natural+hair+lock&i=beauty&s=exact-aware-popularity-rank&ref=sr_st_exact-aware-popularity-rank
Style cream,https://www.amazon.com/s?k=Style+cream&i=beauty&s=exact-aware-popularity-rank&ref=sr_st_exact-aware-popularity-rank
Smoothing Milk,https://www.amazon.com/s?k=Smoothing+Milk&i=beauty&s=exact-aware-popularity-rank&ref=sr_st_exact-aware-popularity-rank
Blowout Cream,https://www.amazon.com/s?k=Blowout+Cream&i=beauty&s=exact-aware-popularity-rank&ref=sr_st_exact-aware-popularity-rank
Curl sculpt,https://www.amazon.com/s?k=Curl+sculpt&i=beauty&s=exact-aware-popularity-rank&ref=sr_st_exact-aware-popularity-rank
Hair pudding,https://www.amazon.com/s?k=Hair+pudding&i=beauty&s=exact-aware-popularity-rank&ref=sr_st_exact-aware-popularity-rank
Scalp Gel,https://www.amazon.com/s?k=Scalp+Gel&i=beauty&s=exact-aware-popularity-rank&ref=sr_st_exact-aware-popularity-rank
High Hold,https://www.amazon.com/s?k=High+Hold&i=beauty&s=exact-aware-popularity-rank&ref=sr_st_exact-aware-popularity-rank
Texture gel,https://www.amazon.com/s?k=Texture+gel&i=beauty&s=exact-aware-popularity-rank&ref=sr_st_exact-aware-popularity-rank
Texturizer Spray,https://www.amazon.com/s?k=Texturizer+Spray&i=beauty&s=exact-aware-popularity-rank&ref=sr_st_exact-aware-popularity-rank
Collagen Cream,https://www.amazon.com/s?k=Collagen+Cream&i=beauty&s=exact-aware-popularity-rank&ref=sr_st_exact-aware-popularity-rank
Deep Wave Pomade,https://www.amazon.com/s?k=Deep+Wave+Pomade&i=beauty&s=exact-aware-popularity-rank&ref=sr_st_exact-aware-popularity-rank
Smoothing Butter,https://www.amazon.com/s?k=Smoothing+Butter&i=beauty&s=exact-aware-popularity-rank&ref=sr_st_exact-aware-popularity-rank
Curl Gelatin,https://www.amazon.com/s?k=Curl+Gelatin&i=beauty&s=exact-aware-popularity-rank&ref=sr_st_exact-aware-popularity-rank
Mousse Forte,https://www.amazon.com/s?k=Mousse+Forte&i=beauty&s=exact-aware-popularity-rank&ref=sr_st_exact-aware-popularity-rank
Wave pomade,https://www.amazon.com/s?k=Wave+pomade&i=beauty&s=exact-aware-popularity-rank&ref=sr_st_exact-aware-popularity-rank
Ghost prep,https://www.amazon.com/s?k=Ghost+prep&i=beauty&s=exact-aware-popularity-rank&ref=sr_st_exact-aware-popularity-rank
Curl reconstructor,https://www.amazon.com/s?k=Curl+reconstructor&i=beauty&s=exact-aware-popularity-rank&ref=sr_st_exact-aware-popularity-rank
Curl stretcher,https://www.amazon.com/s?k=Curl+stretcher&i=beauty&s=exact-aware-popularity-rank&ref=sr_st_exact-aware-popularity-rank
Creative Gel,https://www.amazon.com/s?k=Creative+Gel&i=beauty&s=exact-aware-popularity-rank&ref=sr_st_exact-aware-popularity-rank
Shaping Gel,https://www.amazon.com/s?k=Shaping+Gel&i=beauty&s=exact-aware-popularity-rank&ref=sr_st_exact-aware-popularity-rank
Twist Lock,https://www.amazon.com/s?k=Twist+Lock&i=beauty&s=exact-aware-popularity-rank&ref=sr_st_exact-aware-popularity-rank
Hair Spritz,https://www.amazon.com/s?k=Hair+Spritz&i=beauty&s=exact-aware-popularity-rank&ref=sr_st_exact-aware-popularity-rank
Bouncy Cream,https://www.amazon.com/s?k=Bouncy+Cream&i=beauty&s=exact-aware-popularity-rank&ref=sr_st_exact-aware-popularity-rank
Conditioning hairdress,https://www.amazon.com/s?k=Conditioning+hairdress&i=beauty&s=exact-aware-popularity-rank&ref=sr_st_exact-aware-popularity-rank
Curl glaze,https://www.amazon.com/s?k=Curl+glaze&i=beauty&s=exact-aware-popularity-rank&ref=sr_st_exact-aware-popularity-rank
curl dream,https://www.amazon.com/s?k=curl+dream&i=beauty&s=exact-aware-popularity-rank&ref=sr_st_exact-aware-popularity-rank
Flat Iron Spray,https://www.amazon.com/s?k=Flat+Iron+Spray&i=beauty&s=exact-aware-popularity-rank&ref=sr_st_exact-aware-popularity-rank
Gel activator,https://www.amazon.com/s?k=Gel+activator&i=beauty&s=exact-aware-popularity-rank&ref=sr_st_exact-aware-popularity-rank
Frizz cream,https://www.amazon.com/s?k=Frizz+cream&i=beauty&s=exact-aware-popularity-rank&ref=sr_st_exact-aware-popularity-rank
Curl amplifier,https://www.amazon.com/s?k=Curl+amplifier&i=beauty&s=exact-aware-popularity-rank&ref=sr_st_exact-aware-popularity-rank
Sensitive Conditioner,https://www.amazon.com/s?k=Sensitive+Conditioner&i=beauty&s=exact-aware-popularity-rank&ref=sr_st_exact-aware-popularity-rank
Texturizing Balm,https://www.amazon.com/s?k=Texturizing+Balm&i=beauty&s=exact-aware-popularity-rank&ref=sr_st_exact-aware-popularity-rank
Sheen Mist,https://www.amazon.com/s?k=Sheen+Mist&i=beauty&s=exact-aware-popularity-rank&ref=sr_st_exact-aware-popularity-rank
Curling custard,https://www.amazon.com/s?k=Curling+custard&i=beauty&s=exact-aware-popularity-rank&ref=sr_st_exact-aware-popularity-rank
Mousse Foam,https://www.amazon.com/s?k=Mousse+Foam&i=beauty&s=exact-aware-popularity-rank&ref=sr_st_exact-aware-popularity-rank
Curl Souffle,https://www.amazon.com/s?k=Curl+Souffle&i=beauty&s=exact-aware-popularity-rank&ref=sr_st_exact-aware-popularity-rank
Curl enhancing,https://www.amazon.com/s?k=Curl+enhancing&i=beauty&s=exact-aware-popularity-rank&ref=sr_st_exact-aware-popularity-rank
Sheen Hairspray,https://www.amazon.com/s?k=Sheen+Hairspray&i=beauty&s=exact-aware-popularity-rank&ref=sr_st_exact-aware-popularity-rank
Shine Drops,https://www.amazon.com/s?k=Shine+Drops&i=beauty&s=exact-aware-popularity-rank&ref=sr_st_exact-aware-popularity-rank
