Keyword,Links
Matte Texturizer,https://www.ebay.com/sch/i.html?_from=R40&_nkw=Matte+Texturizer&_sacat=26395&rt=nc&LH_ItemCondition=3&LH_BIN=1&rt=nc&LH_PrefLoc=1
Hair dress,https://www.ebay.com/sch/i.html?_from=R40&_nkw=Hair+dress&_sacat=26395&rt=nc&LH_ItemCondition=3&LH_BIN=1&rt=nc&LH_PrefLoc=1
Soft Curls,https://www.ebay.com/sch/i.html?_from=R40&_nkw=Soft+Curls&_sacat=26395&rt=nc&LH_ItemCondition=3&LH_BIN=1&rt=nc&LH_PrefLoc=1
Hair styling cream,https://www.ebay.com/sch/i.html?_from=R40&_nkw=Hair+styling+cream&_sacat=26395&rt=nc&LH_ItemCondition=3&LH_BIN=1&rt=nc&LH_PrefLoc=1
Press cream,https://www.ebay.com/sch/i.html?_from=R40&_nkw=Press+cream&_sacat=26395&rt=nc&LH_ItemCondition=3&LH_BIN=1&rt=nc&LH_PrefLoc=1
Curl primer,https://www.ebay.com/sch/i.html?_from=R40&_nkw=Curl+primer&_sacat=26395&rt=nc&LH_ItemCondition=3&LH_BIN=1&rt=nc&LH_PrefLoc=1
Wave foam,https://www.ebay.com/sch/i.html?_from=R40&_nkw=Wave+foam&_sacat=26395&rt=nc&LH_ItemCondition=3&LH_BIN=1&rt=nc&LH_PrefLoc=1
Styling Snot,https://www.ebay.com/sch/i.html?_from=R40&_nkw=Styling+Snot&_sacat=26395&rt=nc&LH_ItemCondition=3&LH_BIN=1&rt=nc&LH_PrefLoc=1
Loc Moisturizer,https://www.ebay.com/sch/i.html?_from=R40&_nkw=Loc+Moisturizer&_sacat=26395&rt=nc&LH_ItemCondition=3&LH_BIN=1&rt=nc&LH_PrefLoc=1
Flaxseed Gel,https://www.ebay.com/sch/i.html?_from=R40&_nkw=Flaxseed+Gel&_sacat=26395&rt=nc&LH_ItemCondition=3&LH_BIN=1&rt=nc&LH_PrefLoc=1
Natural hair lock,https://www.ebay.com/sch/i.html?_from=R40&_nkw=Natural+hair+lock&_sacat=26395&rt=nc&LH_ItemCondition=3&LH_BIN=1&rt=nc&LH_PrefLoc=1
Style cream,https://www.ebay.com/sch/i.html?_from=R40&_nkw=Style+cream&_sacat=26395&rt=nc&LH_ItemCondition=3&LH_BIN=1&rt=nc&LH_PrefLoc=1
Smoothing Milk,https://www.ebay.com/sch/i.html?_from=R40&_nkw=Smoothing+Milk&_sacat=26395&rt=nc&LH_ItemCondition=3&LH_BIN=1&rt=nc&LH_PrefLoc=1
Blowout Cream,https://www.ebay.com/sch/i.html?_from=R40&_nkw=Blowout+Cream&_sacat=26395&rt=nc&LH_ItemCondition=3&LH_BIN=1&rt=nc&LH_PrefLoc=1
Curl sculpt,https://www.ebay.com/sch/i.html?_from=R40&_nkw=Curl+sculpt&_sacat=26395&rt=nc&LH_ItemCondition=3&LH_BIN=1&rt=nc&LH_PrefLoc=1
Hair pudding,https://www.ebay.com/sch/i.html?_from=R40&_nkw=Hair+pudding&_sacat=26395&rt=nc&LH_ItemCondition=3&LH_BIN=1&rt=nc&LH_PrefLoc=1
Scalp Gel,https://www.ebay.com/sch/i.html?_from=R40&_nkw=Scalp+Gel&_sacat=26395&rt=nc&LH_ItemCondition=3&LH_BIN=1&rt=nc&LH_PrefLoc=1
High Hold,https://www.ebay.com/sch/i.html?_from=R40&_nkw=High+Hold&_sacat=26395&rt=nc&LH_ItemCondition=3&LH_BIN=1&rt=nc&LH_PrefLoc=1
Texture gel,https://www.ebay.com/sch/i.html?_from=R40&_nkw=Texture+gel&_sacat=26395&rt=nc&LH_ItemCondition=3&LH_BIN=1&rt=nc&LH_PrefLoc=1
Texturizer Spray,https://www.ebay.com/sch/i.html?_from=R40&_nkw=Texturizer+Spray&_sacat=26395&rt=nc&LH_ItemCondition=3&LH_BIN=1&rt=nc&LH_PrefLoc=1
Collagen Cream,https://www.ebay.com/sch/i.html?_from=R40&_nkw=Collagen+Cream&_sacat=26395&rt=nc&LH_ItemCondition=3&LH_BIN=1&rt=nc&LH_PrefLoc=1
Deep Wave Pomade,https://www.ebay.com/sch/i.html?_from=R40&_nkw=Deep+Wave+Pomade&_sacat=26395&rt=nc&LH_ItemCondition=3&LH_BIN=1&rt=nc&LH_PrefLoc=1
Smoothing Butter,https://www.ebay.com/sch/i.html?_from=R40&_nkw=Smoothing+Butter&_sacat=26395&rt=nc&LH_ItemCondition=3&LH_BIN=1&rt=nc&LH_PrefLoc=1
Curl Gelatin,https://www.ebay.com/sch/i.html?_from=R40&_nkw=Curl+Gelatin&_sacat=26395&rt=nc&LH_ItemCondition=3&LH_BIN=1&rt=nc&LH_PrefLoc=1
Mousse Forte,https://www.ebay.com/sch/i.html?_from=R40&_nkw=Mousse+Forte&_sacat=26395&rt=nc&LH_ItemCondition=3&LH_BIN=1&rt=nc&LH_PrefLoc=1
Wave pomade,https://www.ebay.com/sch/i.html?_from=R40&_nkw=Wave+pomade&_sacat=26395&rt=nc&LH_ItemCondition=3&LH_BIN=1&rt=nc&LH_PrefLoc=1
Ghost prep,https://www.ebay.com/sch/i.html?_from=R40&_nkw=Ghost+prep&_sacat=26395&rt=nc&LH_ItemCondition=3&LH_BIN=1&rt=nc&LH_PrefLoc=1
Curl reconstructor,https://www.ebay.com/sch/i.html?_from=R40&_nkw=Curl+reconstructor&_sacat=26395&rt=nc&LH_ItemCondition=3&LH_BIN=1&rt=nc&LH_PrefLoc=1
Curl stretcher,https://www.ebay.com/sch/i.html?_from=R40&_nkw=Curl+stretcher&_sacat=26395&rt=nc&LH_ItemCondition=3&LH_BIN=1&rt=nc&LH_PrefLoc=1
Creative Gel,https://www.ebay.com/sch/i.html?_from=R40&_nkw=Creative+Gel&_sacat=26395&rt=nc&LH_ItemCondition=3&LH_BIN=1&rt=nc&LH_PrefLoc=1
Shaping Gel,https://www.ebay.com/sch/i.html?_from=R40&_nkw=Shaping+Gel&_sacat=26395&rt=nc&LH_ItemCondition=3&LH_BIN=1&rt=nc&LH_PrefLoc=1
Twist Lock,https://www.ebay.com/sch/i.html?_from=R40&_nkw=Twist+Lock&_sacat=26395&rt=nc&LH_ItemCondition=3&LH_BIN=1&rt=nc&LH_PrefLoc=1
Hair Spritz,https://www.ebay.com/sch/i.html?_from=R40&_nkw=Hair+Spritz&_sacat=26395&rt=nc&LH_ItemCondition=3&LH_BIN=1&rt=nc&LH_PrefLoc=1
Bouncy Cream,https://www.ebay.com/sch/i.html?_from=R40&_nkw=Bouncy+Cream&_sacat=26395&rt=nc&LH_ItemCondition=3&LH_BIN=1&rt=nc&LH_PrefLoc=1
Conditioning hairdress,https://www.ebay.com/sch/i.html?_from=R40&_nkw=Conditioning+hairdress&_sacat=26395&rt=nc&LH_ItemCondition=3&LH_BIN=1&rt=nc&LH_PrefLoc=1
Curl glaze,https://www.ebay.com/sch/i.html?_from=R40&_nkw=Curl+glaze&_sacat=26395&rt=nc&LH_ItemCondition=3&LH_BIN=1&rt=nc&LH_PrefLoc=1
curl dream,https://www.ebay.com/sch/i.html?_from=R40&_nkw=curl+dream&_sacat=26395&rt=nc&LH_ItemCondition=3&LH_BIN=1&rt=nc&LH_PrefLoc=1
Flat Iron Spray,https://www.ebay.com/sch/i.html?_from=R40&_nkw=Flat+Iron+Spray&_sacat=26395&rt=nc&LH_ItemCondition=3&LH_BIN=1&rt=nc&LH_PrefLoc=1
Gel activator,https://www.ebay.com/sch/i.html?_from=R40&_nkw=Gel+activator&_sacat=26395&rt=nc&LH_ItemCondition=3&LH_BIN=1&rt=nc&LH_PrefLoc=1
Frizz cream,https://www.ebay.com/sch/i.html?_from=R40&_nkw=Frizz+cream&_sacat=26395&rt=nc&LH_ItemCondition=3&LH_BIN=1&rt=nc&LH_PrefLoc=1
Curl amplifier,https://www.ebay.com/sch/i.html?_from=R40&_nkw=Curl+amplifier&_sacat=26395&rt=nc&LH_ItemCondition=3&LH_BIN=1&rt=nc&LH_PrefLoc=1
Sensitive Conditioner,https://www.ebay.com/sch/i.html?_from=R40&_nkw=Sensitive+Conditioner&_sacat=26395&rt=nc&LH_ItemCondition=3&LH_BIN=1&rt=nc&LH_PrefLoc=1
Texturizing Balm,https://www.ebay.com/sch/i.html?_from=R40&_nkw=Texturizing+Balm&_sacat=26395&rt=nc&LH_ItemCondition=3&LH_BIN=1&rt=nc&LH_PrefLoc=1
Sheen Mist,https://www.ebay.com/sch/i.html?_from=R40&_nkw=Sheen+Mist&_sacat=26395&rt=nc&LH_ItemCondition=3&LH_BIN=1&rt=nc&LH_PrefLoc=1
Curling custard,https://www.ebay.com/sch/i.html?_from=R40&_nkw=Curling+custard&_sacat=26395&rt=nc&LH_ItemCondition=3&LH_BIN=1&rt=nc&LH_PrefLoc=1
Mousse Foam,https://www.ebay.com/sch/i.html?_from=R40&_nkw=Mousse+Foam&_sacat=26395&rt=nc&LH_ItemCondition=3&LH_BIN=1&rt=nc&LH_PrefLoc=1
Curl Souffle,https://www.ebay.com/sch/i.html?_from=R40&_nkw=Curl+Souffle&_sacat=26395&rt=nc&LH_ItemCondition=3&LH_BIN=1&rt=nc&LH_PrefLoc=1
Curl enhancing,https://www.ebay.com/sch/i.html?_from=R40&_nkw=Curl+enhancing&_sacat=26395&rt=nc&LH_ItemCondition=3&LH_BIN=1&rt=nc&LH_PrefLoc=1
Sheen Hairspray,https://www.ebay.com/sch/i.html?_from=R40&_nkw=Sheen+Hairspray&_sacat=26395&rt=nc&LH_ItemCondition=3&LH_BIN=1&rt=nc&LH_PrefLoc=1
Shine Drops,https://www.ebay.com/sch/i.html?_from=R40&_nkw=Shine+Drops&_sacat=26395&rt=nc&LH_ItemCondition=3&LH_BIN=1&rt=nc&LH_PrefLoc=1
