Keyword,Links
Wave spray,https://www.amazon.com/s?k=Wave+spray&i=beauty&s=exact-aware-popularity-rank&ref=sr_st_exact-aware-popularity-rank
Nutritive Cleanser,https://www.amazon.com/s?k=Nutritive+Cleanser&i=beauty&s=exact-aware-popularity-rank&ref=sr_st_exact-aware-popularity-rank
Super-Charged Treatment,https://www.amazon.com/s?k=Super-Charged+Treatment&i=beauty&s=exact-aware-popularity-rank&ref=sr_st_exact-aware-popularity-rank
Volumizing Foam,https://www.amazon.com/s?k=Volumizing+Foam&i=beauty&s=exact-aware-popularity-rank&ref=sr_st_exact-aware-popularity-rank
Hydrate Primer,https://www.amazon.com/s?k=Hydrate+Primer&i=beauty&s=exact-aware-popularity-rank&ref=sr_st_exact-aware-popularity-rank
Plumping Lipstick,https://www.amazon.com/s?k=Plumping+Lipstick&i=beauty&s=exact-aware-popularity-rank&ref=sr_st_exact-aware-popularity-rank
Root Touch-Up,https://www.amazon.com/s?k=Root+Touch-Up&i=beauty&s=exact-aware-popularity-rank&ref=sr_st_exact-aware-popularity-rank
Styling Clay,https://www.amazon.com/s?k=Styling+Clay&i=beauty&s=exact-aware-popularity-rank&ref=sr_st_exact-aware-popularity-rank
Cleansing Brush,https://www.amazon.com/s?k=Cleansing+Brush&i=beauty&s=exact-aware-popularity-rank&ref=sr_st_exact-aware-popularity-rank
Retinol Moisturizer,https://www.amazon.com/s?k=Retinol+Moisturizer&i=beauty&s=exact-aware-popularity-rank&ref=sr_st_exact-aware-popularity-rank
Anti-Frizz Shampoo,https://www.amazon.com/s?k=Anti-Frizz+Shampoo&i=beauty&s=exact-aware-popularity-rank&ref=sr_st_exact-aware-popularity-rank
Lipstick Pink,https://www.amazon.com/s?k=Lipstick+Pink&i=beauty&s=exact-aware-popularity-rank&ref=sr_st_exact-aware-popularity-rank
Blonzer Rose,https://www.amazon.com/s?k=Blonzer+Rose&i=beauty&s=exact-aware-popularity-rank&ref=sr_st_exact-aware-popularity-rank
Complexion Stick,https://www.amazon.com/s?k=Complexion+Stick&i=beauty&s=exact-aware-popularity-rank&ref=sr_st_exact-aware-popularity-rank
Hydration Serum,https://www.amazon.com/s?k=Hydration+Serum&i=beauty&s=exact-aware-popularity-rank&ref=sr_st_exact-aware-popularity-rank
Plumping Lip Gloss,https://www.amazon.com/s?k=Plumping+Lip+Gloss&i=beauty&s=exact-aware-popularity-rank&ref=sr_st_exact-aware-popularity-rank
Blow Dry Hairspray,https://www.amazon.com/s?k=Blow+Dry+Hairspray&i=beauty&s=exact-aware-popularity-rank&ref=sr_st_exact-aware-popularity-rank
Ceramic Hair Tools,https://www.amazon.com/s?k=Ceramic+Hair+Tools&i=beauty&s=exact-aware-popularity-rank&ref=sr_st_exact-aware-popularity-rank
Volumizing Mascara,https://www.amazon.com/s?k=Volumizing+Mascara&i=beauty&s=exact-aware-popularity-rank&ref=sr_st_exact-aware-popularity-rank
Blowout Spray,https://www.amazon.com/s?k=Blowout+Spray&i=beauty&s=exact-aware-popularity-rank&ref=sr_st_exact-aware-popularity-rank
Pressed Veil,https://www.amazon.com/s?k=Pressed+Veil&i=beauty&s=exact-aware-popularity-rank&ref=sr_st_exact-aware-popularity-rank
Matte Lipstick,https://www.amazon.com/s?k=Matte+Lipstick&i=beauty&s=exact-aware-popularity-rank&ref=sr_st_exact-aware-popularity-rank
Lip gloss,https://www.amazon.com/s?k=Lip+gloss&i=beauty&s=exact-aware-popularity-rank&ref=sr_st_exact-aware-popularity-rank
Root Touch Up,https://www.amazon.com/s?k=Root+Touch+Up&i=beauty&s=exact-aware-popularity-rank&ref=sr_st_exact-aware-popularity-rank
Bond Shampoo,https://www.amazon.com/s?k=Bond+Shampoo&i=beauty&s=exact-aware-popularity-rank&ref=sr_st_exact-aware-popularity-rank
Daily Moisturizer,https://www.amazon.com/s?k=Daily+Moisturizer&i=beauty&s=exact-aware-popularity-rank&ref=sr_st_exact-aware-popularity-rank
Massaging Brush,https://www.amazon.com/s?k=Massaging+Brush&i=beauty&s=exact-aware-popularity-rank&ref=sr_st_exact-aware-popularity-rank
Fast Form,https://www.amazon.com/s?k=Fast+Form&i=beauty&s=exact-aware-popularity-rank&ref=sr_st_exact-aware-popularity-rank
Climate Control,https://www.amazon.com/s?k=Climate+Control&i=beauty&s=exact-aware-popularity-rank&ref=sr_st_exact-aware-popularity-rank
Rejuvenating Moisturizer,https://www.amazon.com/s?k=Rejuvenating+Moisturizer&i=beauty&s=exact-aware-popularity-rank&ref=sr_st_exact-aware-popularity-rank
Redness Primer,https://www.amazon.com/s?k=Redness+Primer&i=beauty&s=exact-aware-popularity-rank&ref=sr_st_exact-aware-popularity-rank
Shaping Balm,https://www.amazon.com/s?k=Shaping+Balm&i=beauty&s=exact-aware-popularity-rank&ref=sr_st_exact-aware-popularity-rank
Shaping Paste,https://www.amazon.com/s?k=Shaping+Paste&i=beauty&s=exact-aware-popularity-rank&ref=sr_st_exact-aware-popularity-rank
Flexible gel,https://www.amazon.com/s?k=Flexible+gel&i=beauty&s=exact-aware-popularity-rank&ref=sr_st_exact-aware-popularity-rank
Intensive Treatment,https://www.amazon.com/s?k=Intensive+Treatment&i=beauty&s=exact-aware-popularity-rank&ref=sr_st_exact-aware-popularity-rank
UFO Masks,https://www.amazon.com/s?k=UFO+Masks&i=beauty&s=exact-aware-popularity-rank&ref=sr_st_exact-aware-popularity-rank
Cooling Eye Balm,https://www.amazon.com/s?k=Cooling+Eye+Balm&i=beauty&s=exact-aware-popularity-rank&ref=sr_st_exact-aware-popularity-rank
Conductive Gel,https://www.amazon.com/s?k=Conductive+Gel&i=beauty&s=exact-aware-popularity-rank&ref=sr_st_exact-aware-popularity-rank
Resurfacing Pads,https://www.amazon.com/s?k=Resurfacing+Pads&i=beauty&s=exact-aware-popularity-rank&ref=sr_st_exact-aware-popularity-rank
Matte Concealer,https://www.amazon.com/s?k=Matte+Concealer&i=beauty&s=exact-aware-popularity-rank&ref=sr_st_exact-aware-popularity-rank
Blonzer Copper,https://www.amazon.com/s?k=Blonzer+Copper&i=beauty&s=exact-aware-popularity-rank&ref=sr_st_exact-aware-popularity-rank
Translucent Powder,https://www.amazon.com/s?k=Translucent+Powder&i=beauty&s=exact-aware-popularity-rank&ref=sr_st_exact-aware-popularity-rank
Am Rejuvenation,https://www.amazon.com/s?k=Am+Rejuvenation&i=beauty&s=exact-aware-popularity-rank&ref=sr_st_exact-aware-popularity-rank
Liquid Blonzer,https://www.amazon.com/s?k=Liquid+Blonzer&i=beauty&s=exact-aware-popularity-rank&ref=sr_st_exact-aware-popularity-rank
Curl machine,https://www.amazon.com/s?k=Curl+machine&i=beauty&s=exact-aware-popularity-rank&ref=sr_st_exact-aware-popularity-rank
Good Vibes,https://www.amazon.com/s?k=Good+Vibes&i=beauty&s=exact-aware-popularity-rank&ref=sr_st_exact-aware-popularity-rank
Dewy Lip Balm,https://www.amazon.com/s?k=Dewy+Lip+Balm&i=beauty&s=exact-aware-popularity-rank&ref=sr_st_exact-aware-popularity-rank
Skin cleanser,https://www.amazon.com/s?k=Skin+cleanser&i=beauty&s=exact-aware-popularity-rank&ref=sr_st_exact-aware-popularity-rank
Frizz-Fighting Shampoo,https://www.amazon.com/s?k=Frizz-Fighting+Shampoo&i=beauty&s=exact-aware-popularity-rank&ref=sr_st_exact-aware-popularity-rank
Lash Mascara,https://www.amazon.com/s?k=Lash+Mascara&i=beauty&s=exact-aware-popularity-rank&ref=sr_st_exact-aware-popularity-rank
