Keyword,Links
Exfoliating Brush,https://www.amazon.com/s?k=Exfoliating+Brush&i=beauty&s=exact-aware-popularity-rank&ref=sr_st_exact-aware-popularity-rank
Jade Gua Sha,https://www.amazon.com/s?k=Jade+Gua+Sha&i=beauty&s=exact-aware-popularity-rank&ref=sr_st_exact-aware-popularity-rank
Complexion Brush,https://www.amazon.com/s?k=Complexion+Brush&i=beauty&s=exact-aware-popularity-rank&ref=sr_st_exact-aware-popularity-rank
Puff Pastry,https://www.amazon.com/s?k=Puff+Pastry&i=beauty&s=exact-aware-popularity-rank&ref=sr_st_exact-aware-popularity-rank
Ultralight Diffuser,https://www.amazon.com/s?k=Ultralight+Diffuser&i=beauty&s=exact-aware-popularity-rank&ref=sr_st_exact-aware-popularity-rank
Pencil Sharpener,https://www.amazon.com/s?k=Pencil+Sharpener&i=beauty&s=exact-aware-popularity-rank&ref=sr_st_exact-aware-popularity-rank
Wand Brushes,https://www.amazon.com/s?k=Wand+Brushes&i=beauty&s=exact-aware-popularity-rank&ref=sr_st_exact-aware-popularity-rank
Diamond Tweezer,https://www.amazon.com/s?k=Diamond+Tweezer&i=beauty&s=exact-aware-popularity-rank&ref=sr_st_exact-aware-popularity-rank
Bamboo Organizer,https://www.amazon.com/s?k=Bamboo+Organizer&i=beauty&s=exact-aware-popularity-rank&ref=sr_st_exact-aware-popularity-rank
Kabuki Brush,https://www.amazon.com/s?k=Kabuki+Brush&i=beauty&s=exact-aware-popularity-rank&ref=sr_st_exact-aware-popularity-rank
Body Puff,https://www.amazon.com/s?k=Body+Puff&i=beauty&s=exact-aware-popularity-rank&ref=sr_st_exact-aware-popularity-rank
Hair Styler,https://www.amazon.com/s?k=Hair+Styler&i=beauty&s=exact-aware-popularity-rank&ref=sr_st_exact-aware-popularity-rank
Lice Combs,https://www.amazon.com/s?k=Lice+Combs&i=beauty&s=exact-aware-popularity-rank&ref=sr_st_exact-aware-popularity-rank
Eye makeup brushes,https://www.amazon.com/s?k=Eye+makeup+brushes&i=beauty&s=exact-aware-popularity-rank&ref=sr_st_exact-aware-popularity-rank
Facial Scissors,https://www.amazon.com/s?k=Facial+Scissors&i=beauty&s=exact-aware-popularity-rank&ref=sr_st_exact-aware-popularity-rank
Safety swabs,https://www.amazon.com/s?k=Safety+swabs&i=beauty&s=exact-aware-popularity-rank&ref=sr_st_exact-aware-popularity-rank
Heated Brush,https://www.amazon.com/s?k=Heated+Brush&i=beauty&s=exact-aware-popularity-rank&ref=sr_st_exact-aware-popularity-rank
Lighted Mirror,https://www.amazon.com/s?k=Lighted+Mirror&i=beauty&s=exact-aware-popularity-rank&ref=sr_st_exact-aware-popularity-rank
LED Rejuvenation,https://www.amazon.com/s?k=LED+Rejuvenation&i=beauty&s=exact-aware-popularity-rank&ref=sr_st_exact-aware-popularity-rank
Eye Brush,https://www.amazon.com/s?k=Eye+Brush&i=beauty&s=exact-aware-popularity-rank&ref=sr_st_exact-aware-popularity-rank
Cosmetic Brushes,https://www.amazon.com/s?k=Cosmetic+Brushes&i=beauty&s=exact-aware-popularity-rank&ref=sr_st_exact-aware-popularity-rank
Eyebrow Tweezers,https://www.amazon.com/s?k=Eyebrow+Tweezers&i=beauty&s=exact-aware-popularity-rank&ref=sr_st_exact-aware-popularity-rank
Facial Brush,https://www.amazon.com/s?k=Facial+Brush&i=beauty&s=exact-aware-popularity-rank&ref=sr_st_exact-aware-popularity-rank
Makeup Box,https://www.amazon.com/s?k=Makeup+Box&i=beauty&s=exact-aware-popularity-rank&ref=sr_st_exact-aware-popularity-rank
Halloween Makeup,https://www.amazon.com/s?k=Halloween+Makeup&i=beauty&s=exact-aware-popularity-rank&ref=sr_st_exact-aware-popularity-rank
Makeup Bag,https://www.amazon.com/s?k=Makeup+Bag&i=beauty&s=exact-aware-popularity-rank&ref=sr_st_exact-aware-popularity-rank
Cotton Tips,https://www.amazon.com/s?k=Cotton+Tips&i=beauty&s=exact-aware-popularity-rank&ref=sr_st_exact-aware-popularity-rank
Hello Kitty Brushes,https://www.amazon.com/s?k=Hello+Kitty+Brushes&i=beauty&s=exact-aware-popularity-rank&ref=sr_st_exact-aware-popularity-rank
Lilo Stitch Keychain,https://www.amazon.com/s?k=Lilo+Stitch+Keychain&i=beauty&s=exact-aware-popularity-rank&ref=sr_st_exact-aware-popularity-rank
Glitter Mascara,https://www.amazon.com/s?k=Glitter+Mascara&i=beauty&s=exact-aware-popularity-rank&ref=sr_st_exact-aware-popularity-rank
Cosmetic Bag,https://www.amazon.com/s?k=Cosmetic+Bag&i=beauty&s=exact-aware-popularity-rank&ref=sr_st_exact-aware-popularity-rank
Eyeliner Brush,https://www.amazon.com/s?k=Eyeliner+Brush&i=beauty&s=exact-aware-popularity-rank&ref=sr_st_exact-aware-popularity-rank
Jade Roller,https://www.amazon.com/s?k=Jade+Roller&i=beauty&s=exact-aware-popularity-rank&ref=sr_st_exact-aware-popularity-rank
Cheetos Brushes,https://www.amazon.com/s?k=Cheetos+Brushes&i=beauty&s=exact-aware-popularity-rank&ref=sr_st_exact-aware-popularity-rank
Nemo Sponge,https://www.amazon.com/s?k=Nemo+Sponge&i=beauty&s=exact-aware-popularity-rank&ref=sr_st_exact-aware-popularity-rank
Detox Pads,https://www.amazon.com/s?k=Detox+Pads&i=beauty&s=exact-aware-popularity-rank&ref=sr_st_exact-aware-popularity-rank
Contouring Brush,https://www.amazon.com/s?k=Contouring+Brush&i=beauty&s=exact-aware-popularity-rank&ref=sr_st_exact-aware-popularity-rank
Light Up Mirror,https://www.amazon.com/s?k=Light+Up+Mirror&i=beauty&s=exact-aware-popularity-rank&ref=sr_st_exact-aware-popularity-rank
Brush set,https://www.amazon.com/s?k=Brush+set&i=beauty&s=exact-aware-popularity-rank&ref=sr_st_exact-aware-popularity-rank
Thermal Curler,https://www.amazon.com/s?k=Thermal+Curler&i=beauty&s=exact-aware-popularity-rank&ref=sr_st_exact-aware-popularity-rank
Facial Exfoliators,https://www.amazon.com/s?k=Facial+Exfoliators&i=beauty&s=exact-aware-popularity-rank&ref=sr_st_exact-aware-popularity-rank
PVC Bag Set,https://www.amazon.com/s?k=PVC+Bag+Set&i=beauty&s=exact-aware-popularity-rank&ref=sr_st_exact-aware-popularity-rank
Gold Curling Iron,https://www.amazon.com/s?k=Gold+Curling+Iron&i=beauty&s=exact-aware-popularity-rank&ref=sr_st_exact-aware-popularity-rank
LED Facial Mask,https://www.amazon.com/s?k=LED+Facial+Mask&i=beauty&s=exact-aware-popularity-rank&ref=sr_st_exact-aware-popularity-rank
Rose Gold Brushes,https://www.amazon.com/s?k=Rose+Gold+Brushes&i=beauty&s=exact-aware-popularity-rank&ref=sr_st_exact-aware-popularity-rank
Travel Flat Iron,https://www.amazon.com/s?k=Travel+Flat+Iron&i=beauty&s=exact-aware-popularity-rank&ref=sr_st_exact-aware-popularity-rank
Smudge Brush,https://www.amazon.com/s?k=Smudge+Brush&i=beauty&s=exact-aware-popularity-rank&ref=sr_st_exact-aware-popularity-rank
Vanity Light,https://www.amazon.com/s?k=Vanity+Light&i=beauty&s=exact-aware-popularity-rank&ref=sr_st_exact-aware-popularity-rank
Facial Grooming,https://www.amazon.com/s?k=Facial+Grooming&i=beauty&s=exact-aware-popularity-rank&ref=sr_st_exact-aware-popularity-rank
Cosmetics Bag,https://www.amazon.com/s?k=Cosmetics+Bag&i=beauty&s=exact-aware-popularity-rank&ref=sr_st_exact-aware-popularity-rank
