Keyword,Links
Exfoliating Brush,https://www.ebay.com/sch/i.html?_from=R40&_nkw=Exfoliating+Brush&_sacat=26395&rt=nc&LH_ItemCondition=3&LH_BIN=1&rt=nc&LH_PrefLoc=1
Jade Gua Sha,https://www.ebay.com/sch/i.html?_from=R40&_nkw=Jade+Gua+Sha&_sacat=26395&rt=nc&LH_ItemCondition=3&LH_BIN=1&rt=nc&LH_PrefLoc=1
Complexion Brush,https://www.ebay.com/sch/i.html?_from=R40&_nkw=Complexion+Brush&_sacat=26395&rt=nc&LH_ItemCondition=3&LH_BIN=1&rt=nc&LH_PrefLoc=1
Puff Pastry,https://www.ebay.com/sch/i.html?_from=R40&_nkw=Puff+Pastry&_sacat=26395&rt=nc&LH_ItemCondition=3&LH_BIN=1&rt=nc&LH_PrefLoc=1
Ultralight Diffuser,https://www.ebay.com/sch/i.html?_from=R40&_nkw=Ultralight+Diffuser&_sacat=26395&rt=nc&LH_ItemCondition=3&LH_BIN=1&rt=nc&LH_PrefLoc=1
Pencil Sharpener,https://www.ebay.com/sch/i.html?_from=R40&_nkw=Pencil+Sharpener&_sacat=26395&rt=nc&LH_ItemCondition=3&LH_BIN=1&rt=nc&LH_PrefLoc=1
Wand Brushes,https://www.ebay.com/sch/i.html?_from=R40&_nkw=Wand+Brushes&_sacat=26395&rt=nc&LH_ItemCondition=3&LH_BIN=1&rt=nc&LH_PrefLoc=1
Diamond Tweezer,https://www.ebay.com/sch/i.html?_from=R40&_nkw=Diamond+Tweezer&_sacat=26395&rt=nc&LH_ItemCondition=3&LH_BIN=1&rt=nc&LH_PrefLoc=1
Bamboo Organizer,https://www.ebay.com/sch/i.html?_from=R40&_nkw=Bamboo+Organizer&_sacat=26395&rt=nc&LH_ItemCondition=3&LH_BIN=1&rt=nc&LH_PrefLoc=1
Kabuki Brush,https://www.ebay.com/sch/i.html?_from=R40&_nkw=Kabuki+Brush&_sacat=26395&rt=nc&LH_ItemCondition=3&LH_BIN=1&rt=nc&LH_PrefLoc=1
Body Puff,https://www.ebay.com/sch/i.html?_from=R40&_nkw=Body+Puff&_sacat=26395&rt=nc&LH_ItemCondition=3&LH_BIN=1&rt=nc&LH_PrefLoc=1
Hair Styler,https://www.ebay.com/sch/i.html?_from=R40&_nkw=Hair+Styler&_sacat=26395&rt=nc&LH_ItemCondition=3&LH_BIN=1&rt=nc&LH_PrefLoc=1
Lice Combs,https://www.ebay.com/sch/i.html?_from=R40&_nkw=Lice+Combs&_sacat=26395&rt=nc&LH_ItemCondition=3&LH_BIN=1&rt=nc&LH_PrefLoc=1
Eye makeup brushes,https://www.ebay.com/sch/i.html?_from=R40&_nkw=Eye+makeup+brushes&_sacat=26395&rt=nc&LH_ItemCondition=3&LH_BIN=1&rt=nc&LH_PrefLoc=1
Facial Scissors,https://www.ebay.com/sch/i.html?_from=R40&_nkw=Facial+Scissors&_sacat=26395&rt=nc&LH_ItemCondition=3&LH_BIN=1&rt=nc&LH_PrefLoc=1
Safety swabs,https://www.ebay.com/sch/i.html?_from=R40&_nkw=Safety+swabs&_sacat=26395&rt=nc&LH_ItemCondition=3&LH_BIN=1&rt=nc&LH_PrefLoc=1
Heated Brush,https://www.ebay.com/sch/i.html?_from=R40&_nkw=Heated+Brush&_sacat=26395&rt=nc&LH_ItemCondition=3&LH_BIN=1&rt=nc&LH_PrefLoc=1
Lighted Mirror,https://www.ebay.com/sch/i.html?_from=R40&_nkw=Lighted+Mirror&_sacat=26395&rt=nc&LH_ItemCondition=3&LH_BIN=1&rt=nc&LH_PrefLoc=1
LED Rejuvenation,https://www.ebay.com/sch/i.html?_from=R40&_nkw=LED+Rejuvenation&_sacat=26395&rt=nc&LH_ItemCondition=3&LH_BIN=1&rt=nc&LH_PrefLoc=1
Eye Brush,https://www.ebay.com/sch/i.html?_from=R40&_nkw=Eye+Brush&_sacat=26395&rt=nc&LH_ItemCondition=3&LH_BIN=1&rt=nc&LH_PrefLoc=1
Cosmetic Brushes,https://www.ebay.com/sch/i.html?_from=R40&_nkw=Cosmetic+Brushes&_sacat=26395&rt=nc&LH_ItemCondition=3&LH_BIN=1&rt=nc&LH_PrefLoc=1
Eyebrow Tweezers,https://www.ebay.com/sch/i.html?_from=R40&_nkw=Eyebrow+Tweezers&_sacat=26395&rt=nc&LH_ItemCondition=3&LH_BIN=1&rt=nc&LH_PrefLoc=1
Facial Brush,https://www.ebay.com/sch/i.html?_from=R40&_nkw=Facial+Brush&_sacat=26395&rt=nc&LH_ItemCondition=3&LH_BIN=1&rt=nc&LH_PrefLoc=1
Makeup Box,https://www.ebay.com/sch/i.html?_from=R40&_nkw=Makeup+Box&_sacat=26395&rt=nc&LH_ItemCondition=3&LH_BIN=1&rt=nc&LH_PrefLoc=1
Halloween Makeup,https://www.ebay.com/sch/i.html?_from=R40&_nkw=Halloween+Makeup&_sacat=26395&rt=nc&LH_ItemCondition=3&LH_BIN=1&rt=nc&LH_PrefLoc=1
Makeup Bag,https://www.ebay.com/sch/i.html?_from=R40&_nkw=Makeup+Bag&_sacat=26395&rt=nc&LH_ItemCondition=3&LH_BIN=1&rt=nc&LH_PrefLoc=1
Cotton Tips,https://www.ebay.com/sch/i.html?_from=R40&_nkw=Cotton+Tips&_sacat=26395&rt=nc&LH_ItemCondition=3&LH_BIN=1&rt=nc&LH_PrefLoc=1
Hello Kitty Brushes,https://www.ebay.com/sch/i.html?_from=R40&_nkw=Hello+Kitty+Brushes&_sacat=26395&rt=nc&LH_ItemCondition=3&LH_BIN=1&rt=nc&LH_PrefLoc=1
Lilo Stitch Keychain,https://www.ebay.com/sch/i.html?_from=R40&_nkw=Lilo+Stitch+Keychain&_sacat=26395&rt=nc&LH_ItemCondition=3&LH_BIN=1&rt=nc&LH_PrefLoc=1
Glitter Mascara,https://www.ebay.com/sch/i.html?_from=R40&_nkw=Glitter+Mascara&_sacat=26395&rt=nc&LH_ItemCondition=3&LH_BIN=1&rt=nc&LH_PrefLoc=1
Cosmetic Bag,https://www.ebay.com/sch/i.html?_from=R40&_nkw=Cosmetic+Bag&_sacat=26395&rt=nc&LH_ItemCondition=3&LH_BIN=1&rt=nc&LH_PrefLoc=1
Eyeliner Brush,https://www.ebay.com/sch/i.html?_from=R40&_nkw=Eyeliner+Brush&_sacat=26395&rt=nc&LH_ItemCondition=3&LH_BIN=1&rt=nc&LH_PrefLoc=1
Jade Roller,https://www.ebay.com/sch/i.html?_from=R40&_nkw=Jade+Roller&_sacat=26395&rt=nc&LH_ItemCondition=3&LH_BIN=1&rt=nc&LH_PrefLoc=1
Cheetos Brushes,https://www.ebay.com/sch/i.html?_from=R40&_nkw=Cheetos+Brushes&_sacat=26395&rt=nc&LH_ItemCondition=3&LH_BIN=1&rt=nc&LH_PrefLoc=1
Nemo Sponge,https://www.ebay.com/sch/i.html?_from=R40&_nkw=Nemo+Sponge&_sacat=26395&rt=nc&LH_ItemCondition=3&LH_BIN=1&rt=nc&LH_PrefLoc=1
Detox Pads,https://www.ebay.com/sch/i.html?_from=R40&_nkw=Detox+Pads&_sacat=26395&rt=nc&LH_ItemCondition=3&LH_BIN=1&rt=nc&LH_PrefLoc=1
Contouring Brush,https://www.ebay.com/sch/i.html?_from=R40&_nkw=Contouring+Brush&_sacat=26395&rt=nc&LH_ItemCondition=3&LH_BIN=1&rt=nc&LH_PrefLoc=1
Light Up Mirror,https://www.ebay.com/sch/i.html?_from=R40&_nkw=Light+Up+Mirror&_sacat=26395&rt=nc&LH_ItemCondition=3&LH_BIN=1&rt=nc&LH_PrefLoc=1
Brush set,https://www.ebay.com/sch/i.html?_from=R40&_nkw=Brush+set&_sacat=26395&rt=nc&LH_ItemCondition=3&LH_BIN=1&rt=nc&LH_PrefLoc=1
Thermal Curler,https://www.ebay.com/sch/i.html?_from=R40&_nkw=Thermal+Curler&_sacat=26395&rt=nc&LH_ItemCondition=3&LH_BIN=1&rt=nc&LH_PrefLoc=1
Facial Exfoliators,https://www.ebay.com/sch/i.html?_from=R40&_nkw=Facial+Exfoliators&_sacat=26395&rt=nc&LH_ItemCondition=3&LH_BIN=1&rt=nc&LH_PrefLoc=1
PVC Bag Set,https://www.ebay.com/sch/i.html?_from=R40&_nkw=PVC+Bag+Set&_sacat=26395&rt=nc&LH_ItemCondition=3&LH_BIN=1&rt=nc&LH_PrefLoc=1
Gold Curling Iron,https://www.ebay.com/sch/i.html?_from=R40&_nkw=Gold+Curling+Iron&_sacat=26395&rt=nc&LH_ItemCondition=3&LH_BIN=1&rt=nc&LH_PrefLoc=1
LED Facial Mask,https://www.ebay.com/sch/i.html?_from=R40&_nkw=LED+Facial+Mask&_sacat=26395&rt=nc&LH_ItemCondition=3&LH_BIN=1&rt=nc&LH_PrefLoc=1
Rose Gold Brushes,https://www.ebay.com/sch/i.html?_from=R40&_nkw=Rose+Gold+Brushes&_sacat=26395&rt=nc&LH_ItemCondition=3&LH_BIN=1&rt=nc&LH_PrefLoc=1
Travel Flat Iron,https://www.ebay.com/sch/i.html?_from=R40&_nkw=Travel+Flat+Iron&_sacat=26395&rt=nc&LH_ItemCondition=3&LH_BIN=1&rt=nc&LH_PrefLoc=1
Smudge Brush,https://www.ebay.com/sch/i.html?_from=R40&_nkw=Smudge+Brush&_sacat=26395&rt=nc&LH_ItemCondition=3&LH_BIN=1&rt=nc&LH_PrefLoc=1
Vanity Light,https://www.ebay.com/sch/i.html?_from=R40&_nkw=Vanity+Light&_sacat=26395&rt=nc&LH_ItemCondition=3&LH_BIN=1&rt=nc&LH_PrefLoc=1
Facial Grooming,https://www.ebay.com/sch/i.html?_from=R40&_nkw=Facial+Grooming&_sacat=26395&rt=nc&LH_ItemCondition=3&LH_BIN=1&rt=nc&LH_PrefLoc=1
Cosmetics Bag,https://www.ebay.com/sch/i.html?_from=R40&_nkw=Cosmetics+Bag&_sacat=26395&rt=nc&LH_ItemCondition=3&LH_BIN=1&rt=nc&LH_PrefLoc=1
