Keyword,Links
Acrylic Nail Tips,https://www.amazon.com/s?k=Acrylic+Nail+Tips&i=beauty&s=exact-aware-popularity-rank&ref=sr_st_exact-aware-popularity-rank
Acrylic Practice,https://www.amazon.com/s?k=Acrylic+Practice&i=beauty&s=exact-aware-popularity-rank&ref=sr_st_exact-aware-popularity-rank
Manicure Hand,https://www.amazon.com/s?k=Manicure+Hand&i=beauty&s=exact-aware-popularity-rank&ref=sr_st_exact-aware-popularity-rank
Good Glinda,https://www.amazon.com/s?k=Good+Glinda&i=beauty&s=exact-aware-popularity-rank&ref=sr_st_exact-aware-popularity-rank
Green press-ons,https://www.amazon.com/s?k=Green+press-ons&i=beauty&s=exact-aware-popularity-rank&ref=sr_st_exact-aware-popularity-rank
Blackberry Gel,https://www.amazon.com/s?k=Blackberry+Gel&i=beauty&s=exact-aware-popularity-rank&ref=sr_st_exact-aware-popularity-rank
Shimmery Nail Polish,https://www.amazon.com/s?k=Shimmery+Nail+Polish&i=beauty&s=exact-aware-popularity-rank&ref=sr_st_exact-aware-popularity-rank
Ergonomic Nail Clipper,https://www.amazon.com/s?k=Ergonomic+Nail+Clipper&i=beauty&s=exact-aware-popularity-rank&ref=sr_st_exact-aware-popularity-rank
Acrylic Nail,https://www.amazon.com/s?k=Acrylic+Nail&i=beauty&s=exact-aware-popularity-rank&ref=sr_st_exact-aware-popularity-rank
Nail Top Coat,https://www.amazon.com/s?k=Nail+Top+Coat&i=beauty&s=exact-aware-popularity-rank&ref=sr_st_exact-aware-popularity-rank
Brave Hearts,https://www.amazon.com/s?k=Brave+Hearts&i=beauty&s=exact-aware-popularity-rank&ref=sr_st_exact-aware-popularity-rank
Food tongs,https://www.amazon.com/s?k=Food+tongs&i=beauty&s=exact-aware-popularity-rank&ref=sr_st_exact-aware-popularity-rank
French Coffin,https://www.amazon.com/s?k=French+Coffin&i=beauty&s=exact-aware-popularity-rank&ref=sr_st_exact-aware-popularity-rank
Kids Nail Polish,https://www.amazon.com/s?k=Kids+Nail+Polish&i=beauty&s=exact-aware-popularity-rank&ref=sr_st_exact-aware-popularity-rank
Nail Bond,https://www.amazon.com/s?k=Nail+Bond&i=beauty&s=exact-aware-popularity-rank&ref=sr_st_exact-aware-popularity-rank
Polka Dot Nails,https://www.amazon.com/s?k=Polka+Dot+Nails&i=beauty&s=exact-aware-popularity-rank&ref=sr_st_exact-aware-popularity-rank
Manicure Kit,https://www.amazon.com/s?k=Manicure+Kit&i=beauty&s=exact-aware-popularity-rank&ref=sr_st_exact-aware-popularity-rank
Frosty Nails,https://www.amazon.com/s?k=Frosty+Nails&i=beauty&s=exact-aware-popularity-rank&ref=sr_st_exact-aware-popularity-rank
Halloween nail stickers,https://www.amazon.com/s?k=Halloween+nail+stickers&i=beauty&s=exact-aware-popularity-rank&ref=sr_st_exact-aware-popularity-rank
Dazzle Nails,https://www.amazon.com/s?k=Dazzle+Nails&i=beauty&s=exact-aware-popularity-rank&ref=sr_st_exact-aware-popularity-rank
Tokyo Nail,https://www.amazon.com/s?k=Tokyo+Nail&i=beauty&s=exact-aware-popularity-rank&ref=sr_st_exact-aware-popularity-rank
Soak-Off Polish,https://www.amazon.com/s?k=Soak-Off+Polish&i=beauty&s=exact-aware-popularity-rank&ref=sr_st_exact-aware-popularity-rank
Green nails,https://www.amazon.com/s?k=Green+nails&i=beauty&s=exact-aware-popularity-rank&ref=sr_st_exact-aware-popularity-rank
Nail Brushes,https://www.amazon.com/s?k=Nail+Brushes&i=beauty&s=exact-aware-popularity-rank&ref=sr_st_exact-aware-popularity-rank
Nail Grinder,https://www.amazon.com/s?k=Nail+Grinder&i=beauty&s=exact-aware-popularity-rank&ref=sr_st_exact-aware-popularity-rank
Champagne Polish,https://www.amazon.com/s?k=Champagne+Polish&i=beauty&s=exact-aware-popularity-rank&ref=sr_st_exact-aware-popularity-rank
Long Lasting,https://www.amazon.com/s?k=Long+Lasting&i=beauty&s=exact-aware-popularity-rank&ref=sr_st_exact-aware-popularity-rank
Plaid Nails,https://www.amazon.com/s?k=Plaid+Nails&i=beauty&s=exact-aware-popularity-rank&ref=sr_st_exact-aware-popularity-rank
Pink Fake Nails,https://www.amazon.com/s?k=Pink+Fake+Nails&i=beauty&s=exact-aware-popularity-rank&ref=sr_st_exact-aware-popularity-rank
Midnight Moscow,https://www.amazon.com/s?k=Midnight+Moscow&i=beauty&s=exact-aware-popularity-rank&ref=sr_st_exact-aware-popularity-rank
Chihuahua Nail,https://www.amazon.com/s?k=Chihuahua+Nail&i=beauty&s=exact-aware-popularity-rank&ref=sr_st_exact-aware-popularity-rank
Toe Nail Clippers,https://www.amazon.com/s?k=Toe+Nail+Clippers&i=beauty&s=exact-aware-popularity-rank&ref=sr_st_exact-aware-popularity-rank
Stiletto Nail Tips,https://www.amazon.com/s?k=Stiletto+Nail+Tips&i=beauty&s=exact-aware-popularity-rank&ref=sr_st_exact-aware-popularity-rank
Gel Top Coat,https://www.amazon.com/s?k=Gel+Top+Coat&i=beauty&s=exact-aware-popularity-rank&ref=sr_st_exact-aware-popularity-rank
Wonderfullest Nail,https://www.amazon.com/s?k=Wonderfullest+Nail&i=beauty&s=exact-aware-popularity-rank&ref=sr_st_exact-aware-popularity-rank
Pearl Nails,https://www.amazon.com/s?k=Pearl+Nails&i=beauty&s=exact-aware-popularity-rank&ref=sr_st_exact-aware-popularity-rank
Purple Daisy Nails,https://www.amazon.com/s?k=Purple+Daisy+Nails&i=beauty&s=exact-aware-popularity-rank&ref=sr_st_exact-aware-popularity-rank
Christmas Nails,https://www.amazon.com/s?k=Christmas+Nails&i=beauty&s=exact-aware-popularity-rank&ref=sr_st_exact-aware-popularity-rank
Unicorn Nails,https://www.amazon.com/s?k=Unicorn+Nails&i=beauty&s=exact-aware-popularity-rank&ref=sr_st_exact-aware-popularity-rank
Black Nail Polish,https://www.amazon.com/s?k=Black+Nail+Polish&i=beauty&s=exact-aware-popularity-rank&ref=sr_st_exact-aware-popularity-rank
Nail System,https://www.amazon.com/s?k=Nail+System&i=beauty&s=exact-aware-popularity-rank&ref=sr_st_exact-aware-popularity-rank
Toenail remover,https://www.amazon.com/s?k=Toenail+remover&i=beauty&s=exact-aware-popularity-rank&ref=sr_st_exact-aware-popularity-rank
French Stiletto,https://www.amazon.com/s?k=French+Stiletto&i=beauty&s=exact-aware-popularity-rank&ref=sr_st_exact-aware-popularity-rank
Heavy Duty Nail Clippers,https://www.amazon.com/s?k=Heavy+Duty+Nail+Clippers&i=beauty&s=exact-aware-popularity-rank&ref=sr_st_exact-aware-popularity-rank
Nail Sander,https://www.amazon.com/s?k=Nail+Sander&i=beauty&s=exact-aware-popularity-rank&ref=sr_st_exact-aware-popularity-rank
Quick Dry Topcoat,https://www.amazon.com/s?k=Quick+Dry+Topcoat&i=beauty&s=exact-aware-popularity-rank&ref=sr_st_exact-aware-popularity-rank
Press-On Toenails,https://www.amazon.com/s?k=Press-On+Toenails&i=beauty&s=exact-aware-popularity-rank&ref=sr_st_exact-aware-popularity-rank
Hydrating Filler,https://www.amazon.com/s?k=Hydrating+Filler&i=beauty&s=exact-aware-popularity-rank&ref=sr_st_exact-aware-popularity-rank
Witch Nail,https://www.amazon.com/s?k=Witch+Nail&i=beauty&s=exact-aware-popularity-rank&ref=sr_st_exact-aware-popularity-rank
Pegboard Organizer,https://www.amazon.com/s?k=Pegboard+Organizer&i=beauty&s=exact-aware-popularity-rank&ref=sr_st_exact-aware-popularity-rank
