Keyword,Links
Glow Makeup Brushes,https://www.ebay.com/sch/i.html?_from=R40&_nkw=Glow+Makeup+Brushes&_sacat=26395&rt=nc&LH_ItemCondition=3&LH_BIN=1&rt=nc&LH_PrefLoc=1
Travel dryer,https://www.ebay.com/sch/i.html?_from=R40&_nkw=Travel+dryer&_sacat=26395&rt=nc&LH_ItemCondition=3&LH_BIN=1&rt=nc&LH_PrefLoc=1
Blow Dryer,https://www.ebay.com/sch/i.html?_from=R40&_nkw=Blow+Dryer&_sacat=26395&rt=nc&LH_ItemCondition=3&LH_BIN=1&rt=nc&LH_PrefLoc=1
Microneedling Heads,https://www.ebay.com/sch/i.html?_from=R40&_nkw=Microneedling+Heads&_sacat=26395&rt=nc&LH_ItemCondition=3&LH_BIN=1&rt=nc&LH_PrefLoc=1
Blackhead Scraper,https://www.ebay.com/sch/i.html?_from=R40&_nkw=Blackhead+Scraper&_sacat=26395&rt=nc&LH_ItemCondition=3&LH_BIN=1&rt=nc&LH_PrefLoc=1
Angled Tweezers,https://www.ebay.com/sch/i.html?_from=R40&_nkw=Angled+Tweezers&_sacat=26395&rt=nc&LH_ItemCondition=3&LH_BIN=1&rt=nc&LH_PrefLoc=1
Complexion Sponge,https://www.ebay.com/sch/i.html?_from=R40&_nkw=Complexion+Sponge&_sacat=26395&rt=nc&LH_ItemCondition=3&LH_BIN=1&rt=nc&LH_PrefLoc=1
Eye lift,https://www.ebay.com/sch/i.html?_from=R40&_nkw=Eye+lift&_sacat=26395&rt=nc&LH_ItemCondition=3&LH_BIN=1&rt=nc&LH_PrefLoc=1
Blending Sponge,https://www.ebay.com/sch/i.html?_from=R40&_nkw=Blending+Sponge&_sacat=26395&rt=nc&LH_ItemCondition=3&LH_BIN=1&rt=nc&LH_PrefLoc=1
Stipple Brush,https://www.ebay.com/sch/i.html?_from=R40&_nkw=Stipple+Brush&_sacat=26395&rt=nc&LH_ItemCondition=3&LH_BIN=1&rt=nc&LH_PrefLoc=1
Vented Hairbrush,https://www.ebay.com/sch/i.html?_from=R40&_nkw=Vented+Hairbrush&_sacat=26395&rt=nc&LH_ItemCondition=3&LH_BIN=1&rt=nc&LH_PrefLoc=1
LED skin therapy,https://www.ebay.com/sch/i.html?_from=R40&_nkw=LED+skin+therapy&_sacat=26395&rt=nc&LH_ItemCondition=3&LH_BIN=1&rt=nc&LH_PrefLoc=1
Cleansing Bag,https://www.ebay.com/sch/i.html?_from=R40&_nkw=Cleansing+Bag&_sacat=26395&rt=nc&LH_ItemCondition=3&LH_BIN=1&rt=nc&LH_PrefLoc=1
Hot Air Curling,https://www.ebay.com/sch/i.html?_from=R40&_nkw=Hot+Air+Curling&_sacat=26395&rt=nc&LH_ItemCondition=3&LH_BIN=1&rt=nc&LH_PrefLoc=1
Haircut Kit,https://www.ebay.com/sch/i.html?_from=R40&_nkw=Haircut+Kit&_sacat=26395&rt=nc&LH_ItemCondition=3&LH_BIN=1&rt=nc&LH_PrefLoc=1
Galvanic Roller,https://www.ebay.com/sch/i.html?_from=R40&_nkw=Galvanic+Roller&_sacat=26395&rt=nc&LH_ItemCondition=3&LH_BIN=1&rt=nc&LH_PrefLoc=1
Microdermabrasion Kit,https://www.ebay.com/sch/i.html?_from=R40&_nkw=Microdermabrasion+Kit&_sacat=26395&rt=nc&LH_ItemCondition=3&LH_BIN=1&rt=nc&LH_PrefLoc=1
Side Comb,https://www.ebay.com/sch/i.html?_from=R40&_nkw=Side+Comb&_sacat=26395&rt=nc&LH_ItemCondition=3&LH_BIN=1&rt=nc&LH_PrefLoc=1
Ceramic Dryer,https://www.ebay.com/sch/i.html?_from=R40&_nkw=Ceramic+Dryer&_sacat=26395&rt=nc&LH_ItemCondition=3&LH_BIN=1&rt=nc&LH_PrefLoc=1
Gentle Brush,https://www.ebay.com/sch/i.html?_from=R40&_nkw=Gentle+Brush&_sacat=26395&rt=nc&LH_ItemCondition=3&LH_BIN=1&rt=nc&LH_PrefLoc=1
Replacement heads,https://www.ebay.com/sch/i.html?_from=R40&_nkw=Replacement+heads&_sacat=26395&rt=nc&LH_ItemCondition=3&LH_BIN=1&rt=nc&LH_PrefLoc=1
Leopard Bag,https://www.ebay.com/sch/i.html?_from=R40&_nkw=Leopard+Bag&_sacat=26395&rt=nc&LH_ItemCondition=3&LH_BIN=1&rt=nc&LH_PrefLoc=1
Neon Wand,https://www.ebay.com/sch/i.html?_from=R40&_nkw=Neon+Wand&_sacat=26395&rt=nc&LH_ItemCondition=3&LH_BIN=1&rt=nc&LH_PrefLoc=1
Lip Eye Attachment,https://www.ebay.com/sch/i.html?_from=R40&_nkw=Lip+Eye+Attachment&_sacat=26395&rt=nc&LH_ItemCondition=3&LH_BIN=1&rt=nc&LH_PrefLoc=1
Minnie Mouse Pouch,https://www.ebay.com/sch/i.html?_from=R40&_nkw=Minnie+Mouse+Pouch&_sacat=26395&rt=nc&LH_ItemCondition=3&LH_BIN=1&rt=nc&LH_PrefLoc=1
Hair Essentials,https://www.ebay.com/sch/i.html?_from=R40&_nkw=Hair+Essentials&_sacat=26395&rt=nc&LH_ItemCondition=3&LH_BIN=1&rt=nc&LH_PrefLoc=1
Gold Vanity,https://www.ebay.com/sch/i.html?_from=R40&_nkw=Gold+Vanity&_sacat=26395&rt=nc&LH_ItemCondition=3&LH_BIN=1&rt=nc&LH_PrefLoc=1
Diamond Microdermabrasion,https://www.ebay.com/sch/i.html?_from=R40&_nkw=Diamond+Microdermabrasion&_sacat=26395&rt=nc&LH_ItemCondition=3&LH_BIN=1&rt=nc&LH_PrefLoc=1
Cosmetic Set,https://www.ebay.com/sch/i.html?_from=R40&_nkw=Cosmetic+Set&_sacat=26395&rt=nc&LH_ItemCondition=3&LH_BIN=1&rt=nc&LH_PrefLoc=1
Foaming Peel,https://www.ebay.com/sch/i.html?_from=R40&_nkw=Foaming+Peel&_sacat=26395&rt=nc&LH_ItemCondition=3&LH_BIN=1&rt=nc&LH_PrefLoc=1
Beauty Bag,https://www.ebay.com/sch/i.html?_from=R40&_nkw=Beauty+Bag&_sacat=26395&rt=nc&LH_ItemCondition=3&LH_BIN=1&rt=nc&LH_PrefLoc=1
Volume Booster,https://www.ebay.com/sch/i.html?_from=R40&_nkw=Volume+Booster&_sacat=26395&rt=nc&LH_ItemCondition=3&LH_BIN=1&rt=nc&LH_PrefLoc=1
Infrared Hair Dryer,https://www.ebay.com/sch/i.html?_from=R40&_nkw=Infrared+Hair+Dryer&_sacat=26395&rt=nc&LH_ItemCondition=3&LH_BIN=1&rt=nc&LH_PrefLoc=1
Root booster,https://www.ebay.com/sch/i.html?_from=R40&_nkw=Root+booster&_sacat=26395&rt=nc&LH_ItemCondition=3&LH_BIN=1&rt=nc&LH_PrefLoc=1
Cotton Balls,https://www.ebay.com/sch/i.html?_from=R40&_nkw=Cotton+Balls&_sacat=26395&rt=nc&LH_ItemCondition=3&LH_BIN=1&rt=nc&LH_PrefLoc=1
Exfoliating Cotton,https://www.ebay.com/sch/i.html?_from=R40&_nkw=Exfoliating+Cotton&_sacat=26395&rt=nc&LH_ItemCondition=3&LH_BIN=1&rt=nc&LH_PrefLoc=1
Hair Curling,https://www.ebay.com/sch/i.html?_from=R40&_nkw=Hair+Curling&_sacat=26395&rt=nc&LH_ItemCondition=3&LH_BIN=1&rt=nc&LH_PrefLoc=1
Heat Curling Iron,https://www.ebay.com/sch/i.html?_from=R40&_nkw=Heat+Curling+Iron&_sacat=26395&rt=nc&LH_ItemCondition=3&LH_BIN=1&rt=nc&LH_PrefLoc=1
Automatic Curler,https://www.ebay.com/sch/i.html?_from=R40&_nkw=Automatic+Curler&_sacat=26395&rt=nc&LH_ItemCondition=3&LH_BIN=1&rt=nc&LH_PrefLoc=1
Straightening Comb,https://www.ebay.com/sch/i.html?_from=R40&_nkw=Straightening+Comb&_sacat=26395&rt=nc&LH_ItemCondition=3&LH_BIN=1&rt=nc&LH_PrefLoc=1
Shower Comb,https://www.ebay.com/sch/i.html?_from=R40&_nkw=Shower+Comb&_sacat=26395&rt=nc&LH_ItemCondition=3&LH_BIN=1&rt=nc&LH_PrefLoc=1
Bath storage,https://www.ebay.com/sch/i.html?_from=R40&_nkw=Bath+storage&_sacat=26395&rt=nc&LH_ItemCondition=3&LH_BIN=1&rt=nc&LH_PrefLoc=1
Shower Detangler,https://www.ebay.com/sch/i.html?_from=R40&_nkw=Shower+Detangler&_sacat=26395&rt=nc&LH_ItemCondition=3&LH_BIN=1&rt=nc&LH_PrefLoc=1
Coconut Flat Iron,https://www.ebay.com/sch/i.html?_from=R40&_nkw=Coconut+Flat+Iron&_sacat=26395&rt=nc&LH_ItemCondition=3&LH_BIN=1&rt=nc&LH_PrefLoc=1
Hot Air Styler,https://www.ebay.com/sch/i.html?_from=R40&_nkw=Hot+Air+Styler&_sacat=26395&rt=nc&LH_ItemCondition=3&LH_BIN=1&rt=nc&LH_PrefLoc=1
Hot Brush,https://www.ebay.com/sch/i.html?_from=R40&_nkw=Hot+Brush&_sacat=26395&rt=nc&LH_ItemCondition=3&LH_BIN=1&rt=nc&LH_PrefLoc=1
Ultra-Thin Straightener,https://www.ebay.com/sch/i.html?_from=R40&_nkw=Ultra-Thin+Straightener&_sacat=26395&rt=nc&LH_ItemCondition=3&LH_BIN=1&rt=nc&LH_PrefLoc=1
Vent brush,https://www.ebay.com/sch/i.html?_from=R40&_nkw=Vent+brush&_sacat=26395&rt=nc&LH_ItemCondition=3&LH_BIN=1&rt=nc&LH_PrefLoc=1
Iridescent Flat Iron,https://www.ebay.com/sch/i.html?_from=R40&_nkw=Iridescent+Flat+Iron&_sacat=26395&rt=nc&LH_ItemCondition=3&LH_BIN=1&rt=nc&LH_PrefLoc=1
Twist Comb,https://www.ebay.com/sch/i.html?_from=R40&_nkw=Twist+Comb&_sacat=26395&rt=nc&LH_ItemCondition=3&LH_BIN=1&rt=nc&LH_PrefLoc=1
