Keyword,Links
Vitamin C Gummies,https://www.ebay.com/sch/i.html?_from=R40&_nkw=Vitamin+C+Gummies&_sacat=26395&rt=nc&LH_ItemCondition=3&LH_BIN=1&rt=nc&LH_PrefLoc=1
Citrus Drops,https://www.ebay.com/sch/i.html?_from=R40&_nkw=Citrus+Drops&_sacat=26395&rt=nc&LH_ItemCondition=3&LH_BIN=1&rt=nc&LH_PrefLoc=1
Propolis Spray,https://www.ebay.com/sch/i.html?_from=R40&_nkw=Propolis+Spray&_sacat=26395&rt=nc&LH_ItemCondition=3&LH_BIN=1&rt=nc&LH_PrefLoc=1
Zinc Supplement,https://www.ebay.com/sch/i.html?_from=R40&_nkw=Zinc+Supplement&_sacat=26395&rt=nc&LH_ItemCondition=3&LH_BIN=1&rt=nc&LH_PrefLoc=1
Men's multivitamins,https://www.ebay.com/sch/i.html?_from=R40&_nkw=Men's+multivitamins&_sacat=26395&rt=nc&LH_ItemCondition=3&LH_BIN=1&rt=nc&LH_PrefLoc=1
Elderberry Relief,https://www.ebay.com/sch/i.html?_from=R40&_nkw=Elderberry+Relief&_sacat=26395&rt=nc&LH_ItemCondition=3&LH_BIN=1&rt=nc&LH_PrefLoc=1
Protein coffee,https://www.ebay.com/sch/i.html?_from=R40&_nkw=Protein+coffee&_sacat=26395&rt=nc&LH_ItemCondition=3&LH_BIN=1&rt=nc&LH_PrefLoc=1
Elderberry Gummies,https://www.ebay.com/sch/i.html?_from=R40&_nkw=Elderberry+Gummies&_sacat=26395&rt=nc&LH_ItemCondition=3&LH_BIN=1&rt=nc&LH_PrefLoc=1
Vitamin D3 Gummies,https://www.ebay.com/sch/i.html?_from=R40&_nkw=Vitamin+D3+Gummies&_sacat=26395&rt=nc&LH_ItemCondition=3&LH_BIN=1&rt=nc&LH_PrefLoc=1
Zinc Capsules,https://www.ebay.com/sch/i.html?_from=R40&_nkw=Zinc+Capsules&_sacat=26395&rt=nc&LH_ItemCondition=3&LH_BIN=1&rt=nc&LH_PrefLoc=1
Kids vitamins,https://www.ebay.com/sch/i.html?_from=R40&_nkw=Kids+vitamins&_sacat=26395&rt=nc&LH_ItemCondition=3&LH_BIN=1&rt=nc&LH_PrefLoc=1
Resveratrol Supplement,https://www.ebay.com/sch/i.html?_from=R40&_nkw=Resveratrol+Supplement&_sacat=26395&rt=nc&LH_ItemCondition=3&LH_BIN=1&rt=nc&LH_PrefLoc=1
Greens Powder,https://www.ebay.com/sch/i.html?_from=R40&_nkw=Greens+Powder&_sacat=26395&rt=nc&LH_ItemCondition=3&LH_BIN=1&rt=nc&LH_PrefLoc=1
Elderberry Extract,https://www.ebay.com/sch/i.html?_from=R40&_nkw=Elderberry+Extract&_sacat=26395&rt=nc&LH_ItemCondition=3&LH_BIN=1&rt=nc&LH_PrefLoc=1
Immunity Gummies,https://www.ebay.com/sch/i.html?_from=R40&_nkw=Immunity+Gummies&_sacat=26395&rt=nc&LH_ItemCondition=3&LH_BIN=1&rt=nc&LH_PrefLoc=1
Chewable Vitamin C,https://www.ebay.com/sch/i.html?_from=R40&_nkw=Chewable+Vitamin+C&_sacat=26395&rt=nc&LH_ItemCondition=3&LH_BIN=1&rt=nc&LH_PrefLoc=1
Vitamin C Chewables,https://www.ebay.com/sch/i.html?_from=R40&_nkw=Vitamin+C+Chewables&_sacat=26395&rt=nc&LH_ItemCondition=3&LH_BIN=1&rt=nc&LH_PrefLoc=1
Glutathione Supplement,https://www.ebay.com/sch/i.html?_from=R40&_nkw=Glutathione+Supplement&_sacat=26395&rt=nc&LH_ItemCondition=3&LH_BIN=1&rt=nc&LH_PrefLoc=1
B-Complex Stress,https://www.ebay.com/sch/i.html?_from=R40&_nkw=B-Complex+Stress&_sacat=26395&rt=nc&LH_ItemCondition=3&LH_BIN=1&rt=nc&LH_PrefLoc=1
Women's Multivitamins,https://www.ebay.com/sch/i.html?_from=R40&_nkw=Women's+Multivitamins&_sacat=26395&rt=nc&LH_ItemCondition=3&LH_BIN=1&rt=nc&LH_PrefLoc=1
Astragalus supplement,https://www.ebay.com/sch/i.html?_from=R40&_nkw=Astragalus+supplement&_sacat=26395&rt=nc&LH_ItemCondition=3&LH_BIN=1&rt=nc&LH_PrefLoc=1
Silver Hydrosol,https://www.ebay.com/sch/i.html?_from=R40&_nkw=Silver+Hydrosol&_sacat=26395&rt=nc&LH_ItemCondition=3&LH_BIN=1&rt=nc&LH_PrefLoc=1
NAC Capsules,https://www.ebay.com/sch/i.html?_from=R40&_nkw=NAC+Capsules&_sacat=26395&rt=nc&LH_ItemCondition=3&LH_BIN=1&rt=nc&LH_PrefLoc=1
Immune syrup,https://www.ebay.com/sch/i.html?_from=R40&_nkw=Immune+syrup&_sacat=26395&rt=nc&LH_ItemCondition=3&LH_BIN=1&rt=nc&LH_PrefLoc=1
Vitamin D3 K2,https://www.ebay.com/sch/i.html?_from=R40&_nkw=Vitamin+D3+K2&_sacat=26395&rt=nc&LH_ItemCondition=3&LH_BIN=1&rt=nc&LH_PrefLoc=1
Electrolyte Mix,https://www.ebay.com/sch/i.html?_from=R40&_nkw=Electrolyte+Mix&_sacat=26395&rt=nc&LH_ItemCondition=3&LH_BIN=1&rt=nc&LH_PrefLoc=1
Cranberry Gummies,https://www.ebay.com/sch/i.html?_from=R40&_nkw=Cranberry+Gummies&_sacat=26395&rt=nc&LH_ItemCondition=3&LH_BIN=1&rt=nc&LH_PrefLoc=1
Elderberry Support,https://www.ebay.com/sch/i.html?_from=R40&_nkw=Elderberry+Support&_sacat=26395&rt=nc&LH_ItemCondition=3&LH_BIN=1&rt=nc&LH_PrefLoc=1
Multivitamin Supplement,https://www.ebay.com/sch/i.html?_from=R40&_nkw=Multivitamin+Supplement&_sacat=26395&rt=nc&LH_ItemCondition=3&LH_BIN=1&rt=nc&LH_PrefLoc=1
Multivitamin Tablets,https://www.ebay.com/sch/i.html?_from=R40&_nkw=Multivitamin+Tablets&_sacat=26395&rt=nc&LH_ItemCondition=3&LH_BIN=1&rt=nc&LH_PrefLoc=1
Quercetin Bromelain,https://www.ebay.com/sch/i.html?_from=R40&_nkw=Quercetin+Bromelain&_sacat=26395&rt=nc&LH_ItemCondition=3&LH_BIN=1&rt=nc&LH_PrefLoc=1
Elderberry Syrup,https://www.ebay.com/sch/i.html?_from=R40&_nkw=Elderberry+Syrup&_sacat=26395&rt=nc&LH_ItemCondition=3&LH_BIN=1&rt=nc&LH_PrefLoc=1
NAC supplement,https://www.ebay.com/sch/i.html?_from=R40&_nkw=NAC+supplement&_sacat=26395&rt=nc&LH_ItemCondition=3&LH_BIN=1&rt=nc&LH_PrefLoc=1
Elderberry Concentrate,https://www.ebay.com/sch/i.html?_from=R40&_nkw=Elderberry+Concentrate&_sacat=26395&rt=nc&LH_ItemCondition=3&LH_BIN=1&rt=nc&LH_PrefLoc=1
Antibiotic Ointment,https://www.ebay.com/sch/i.html?_from=R40&_nkw=Antibiotic+Ointment&_sacat=26395&rt=nc&LH_ItemCondition=3&LH_BIN=1&rt=nc&LH_PrefLoc=1
Liposomal Glutathione,https://www.ebay.com/sch/i.html?_from=R40&_nkw=Liposomal+Glutathione&_sacat=26395&rt=nc&LH_ItemCondition=3&LH_BIN=1&rt=nc&LH_PrefLoc=1
Kids Gummies,https://www.ebay.com/sch/i.html?_from=R40&_nkw=Kids+Gummies&_sacat=26395&rt=nc&LH_ItemCondition=3&LH_BIN=1&rt=nc&LH_PrefLoc=1
Gummy Vitamins,https://www.ebay.com/sch/i.html?_from=R40&_nkw=Gummy+Vitamins&_sacat=26395&rt=nc&LH_ItemCondition=3&LH_BIN=1&rt=nc&LH_PrefLoc=1
Toddler Multivitamin,https://www.ebay.com/sch/i.html?_from=R40&_nkw=Toddler+Multivitamin&_sacat=26395&rt=nc&LH_ItemCondition=3&LH_BIN=1&rt=nc&LH_PrefLoc=1
BCAA Energy,https://www.ebay.com/sch/i.html?_from=R40&_nkw=BCAA+Energy&_sacat=26395&rt=nc&LH_ItemCondition=3&LH_BIN=1&rt=nc&LH_PrefLoc=1
Colostrum Powder,https://www.ebay.com/sch/i.html?_from=R40&_nkw=Colostrum+Powder&_sacat=26395&rt=nc&LH_ItemCondition=3&LH_BIN=1&rt=nc&LH_PrefLoc=1
C Gummy,https://www.ebay.com/sch/i.html?_from=R40&_nkw=C+Gummy&_sacat=26395&rt=nc&LH_ItemCondition=3&LH_BIN=1&rt=nc&LH_PrefLoc=1
Children's multivitamin,https://www.ebay.com/sch/i.html?_from=R40&_nkw=Children's+multivitamin&_sacat=26395&rt=nc&LH_ItemCondition=3&LH_BIN=1&rt=nc&LH_PrefLoc=1
Echinacea Capsules,https://www.ebay.com/sch/i.html?_from=R40&_nkw=Echinacea+Capsules&_sacat=26395&rt=nc&LH_ItemCondition=3&LH_BIN=1&rt=nc&LH_PrefLoc=1
Quercetin Zinc,https://www.ebay.com/sch/i.html?_from=R40&_nkw=Quercetin+Zinc&_sacat=26395&rt=nc&LH_ItemCondition=3&LH_BIN=1&rt=nc&LH_PrefLoc=1
Cranberry Softgels,https://www.ebay.com/sch/i.html?_from=R40&_nkw=Cranberry+Softgels&_sacat=26395&rt=nc&LH_ItemCondition=3&LH_BIN=1&rt=nc&LH_PrefLoc=1
Women multivitamin,https://www.ebay.com/sch/i.html?_from=R40&_nkw=Women+multivitamin&_sacat=26395&rt=nc&LH_ItemCondition=3&LH_BIN=1&rt=nc&LH_PrefLoc=1
Beet Capsules,https://www.ebay.com/sch/i.html?_from=R40&_nkw=Beet+Capsules&_sacat=26395&rt=nc&LH_ItemCondition=3&LH_BIN=1&rt=nc&LH_PrefLoc=1
Women multivitamins,https://www.ebay.com/sch/i.html?_from=R40&_nkw=Women+multivitamins&_sacat=26395&rt=nc&LH_ItemCondition=3&LH_BIN=1&rt=nc&LH_PrefLoc=1
Melatonin Gummies,https://www.ebay.com/sch/i.html?_from=R40&_nkw=Melatonin+Gummies&_sacat=26395&rt=nc&LH_ItemCondition=3&LH_BIN=1&rt=nc&LH_PrefLoc=1
