Keyword,Links
Pre-Shampoo Treatment,https://www.ebay.com/sch/i.html?_from=R40&_nkw=Pre-Shampoo+Treatment&_sacat=26395&rt=nc&LH_ItemCondition=3&LH_BIN=1&rt=nc&LH_PrefLoc=1
Minnie Ears,https://www.ebay.com/sch/i.html?_from=R40&_nkw=Minnie+Ears&_sacat=26395&rt=nc&LH_ItemCondition=3&LH_BIN=1&rt=nc&LH_PrefLoc=1
Repair Finish,https://www.ebay.com/sch/i.html?_from=R40&_nkw=Repair+Finish&_sacat=26395&rt=nc&LH_ItemCondition=3&LH_BIN=1&rt=nc&LH_PrefLoc=1
Butterfly Clips,https://www.ebay.com/sch/i.html?_from=R40&_nkw=Butterfly+Clips&_sacat=26395&rt=nc&LH_ItemCondition=3&LH_BIN=1&rt=nc&LH_PrefLoc=1
Cedarwood Hair Wash,https://www.ebay.com/sch/i.html?_from=R40&_nkw=Cedarwood+Hair+Wash&_sacat=26395&rt=nc&LH_ItemCondition=3&LH_BIN=1&rt=nc&LH_PrefLoc=1
Creaseless Hair Ties,https://www.ebay.com/sch/i.html?_from=R40&_nkw=Creaseless+Hair+Ties&_sacat=26395&rt=nc&LH_ItemCondition=3&LH_BIN=1&rt=nc&LH_PrefLoc=1
Lemon Headband,https://www.ebay.com/sch/i.html?_from=R40&_nkw=Lemon+Headband&_sacat=26395&rt=nc&LH_ItemCondition=3&LH_BIN=1&rt=nc&LH_PrefLoc=1
Damage Repair,https://www.ebay.com/sch/i.html?_from=R40&_nkw=Damage+Repair&_sacat=26395&rt=nc&LH_ItemCondition=3&LH_BIN=1&rt=nc&LH_PrefLoc=1
Herbal Hair Dye,https://www.ebay.com/sch/i.html?_from=R40&_nkw=Herbal+Hair+Dye&_sacat=26395&rt=nc&LH_ItemCondition=3&LH_BIN=1&rt=nc&LH_PrefLoc=1
Rainbow Hair Rings,https://www.ebay.com/sch/i.html?_from=R40&_nkw=Rainbow+Hair+Rings&_sacat=26395&rt=nc&LH_ItemCondition=3&LH_BIN=1&rt=nc&LH_PrefLoc=1
Color treatment,https://www.ebay.com/sch/i.html?_from=R40&_nkw=Color+treatment&_sacat=26395&rt=nc&LH_ItemCondition=3&LH_BIN=1&rt=nc&LH_PrefLoc=1
Hair Mist,https://www.ebay.com/sch/i.html?_from=R40&_nkw=Hair+Mist&_sacat=26395&rt=nc&LH_ItemCondition=3&LH_BIN=1&rt=nc&LH_PrefLoc=1
Styling Foam,https://www.ebay.com/sch/i.html?_from=R40&_nkw=Styling+Foam&_sacat=26395&rt=nc&LH_ItemCondition=3&LH_BIN=1&rt=nc&LH_PrefLoc=1
Weekender Set,https://www.ebay.com/sch/i.html?_from=R40&_nkw=Weekender+Set&_sacat=26395&rt=nc&LH_ItemCondition=3&LH_BIN=1&rt=nc&LH_PrefLoc=1
Christmas hair clips,https://www.ebay.com/sch/i.html?_from=R40&_nkw=Christmas+hair+clips&_sacat=26395&rt=nc&LH_ItemCondition=3&LH_BIN=1&rt=nc&LH_PrefLoc=1
Hair Strengthener,https://www.ebay.com/sch/i.html?_from=R40&_nkw=Hair+Strengthener&_sacat=26395&rt=nc&LH_ItemCondition=3&LH_BIN=1&rt=nc&LH_PrefLoc=1
Hair Combs,https://www.ebay.com/sch/i.html?_from=R40&_nkw=Hair+Combs&_sacat=26395&rt=nc&LH_ItemCondition=3&LH_BIN=1&rt=nc&LH_PrefLoc=1
Guava Conditioner,https://www.ebay.com/sch/i.html?_from=R40&_nkw=Guava+Conditioner&_sacat=26395&rt=nc&LH_ItemCondition=3&LH_BIN=1&rt=nc&LH_PrefLoc=1
Apple Cider,https://www.ebay.com/sch/i.html?_from=R40&_nkw=Apple+Cider&_sacat=26395&rt=nc&LH_ItemCondition=3&LH_BIN=1&rt=nc&LH_PrefLoc=1
Volumizing Dry Shampoo,https://www.ebay.com/sch/i.html?_from=R40&_nkw=Volumizing+Dry+Shampoo&_sacat=26395&rt=nc&LH_ItemCondition=3&LH_BIN=1&rt=nc&LH_PrefLoc=1
Curl treatment,https://www.ebay.com/sch/i.html?_from=R40&_nkw=Curl+treatment&_sacat=26395&rt=nc&LH_ItemCondition=3&LH_BIN=1&rt=nc&LH_PrefLoc=1
Curl Activator,https://www.ebay.com/sch/i.html?_from=R40&_nkw=Curl+Activator&_sacat=26395&rt=nc&LH_ItemCondition=3&LH_BIN=1&rt=nc&LH_PrefLoc=1
Silver hair conditioner,https://www.ebay.com/sch/i.html?_from=R40&_nkw=Silver+hair+conditioner&_sacat=26395&rt=nc&LH_ItemCondition=3&LH_BIN=1&rt=nc&LH_PrefLoc=1
Kids barrettes,https://www.ebay.com/sch/i.html?_from=R40&_nkw=Kids+barrettes&_sacat=26395&rt=nc&LH_ItemCondition=3&LH_BIN=1&rt=nc&LH_PrefLoc=1
Thermal setting,https://www.ebay.com/sch/i.html?_from=R40&_nkw=Thermal+setting&_sacat=26395&rt=nc&LH_ItemCondition=3&LH_BIN=1&rt=nc&LH_PrefLoc=1
Nourishing Cream,https://www.ebay.com/sch/i.html?_from=R40&_nkw=Nourishing+Cream&_sacat=26395&rt=nc&LH_ItemCondition=3&LH_BIN=1&rt=nc&LH_PrefLoc=1
Hair Nails,https://www.ebay.com/sch/i.html?_from=R40&_nkw=Hair+Nails&_sacat=26395&rt=nc&LH_ItemCondition=3&LH_BIN=1&rt=nc&LH_PrefLoc=1
Airbrush legs,https://www.ebay.com/sch/i.html?_from=R40&_nkw=Airbrush+legs&_sacat=26395&rt=nc&LH_ItemCondition=3&LH_BIN=1&rt=nc&LH_PrefLoc=1
Sandalwood Shampoo,https://www.ebay.com/sch/i.html?_from=R40&_nkw=Sandalwood+Shampoo&_sacat=26395&rt=nc&LH_ItemCondition=3&LH_BIN=1&rt=nc&LH_PrefLoc=1
Cypress Shampoo,https://www.ebay.com/sch/i.html?_from=R40&_nkw=Cypress+Shampoo&_sacat=26395&rt=nc&LH_ItemCondition=3&LH_BIN=1&rt=nc&LH_PrefLoc=1
Chicago Bears Headband,https://www.ebay.com/sch/i.html?_from=R40&_nkw=Chicago+Bears+Headband&_sacat=26395&rt=nc&LH_ItemCondition=3&LH_BIN=1&rt=nc&LH_PrefLoc=1
Halloween Ears,https://www.ebay.com/sch/i.html?_from=R40&_nkw=Halloween+Ears&_sacat=26395&rt=nc&LH_ItemCondition=3&LH_BIN=1&rt=nc&LH_PrefLoc=1
Beard Oil,https://www.ebay.com/sch/i.html?_from=R40&_nkw=Beard+Oil&_sacat=26395&rt=nc&LH_ItemCondition=3&LH_BIN=1&rt=nc&LH_PrefLoc=1
Anti-Chafing Gel,https://www.ebay.com/sch/i.html?_from=R40&_nkw=Anti-Chafing+Gel&_sacat=26395&rt=nc&LH_ItemCondition=3&LH_BIN=1&rt=nc&LH_PrefLoc=1
Hair Bows,https://www.ebay.com/sch/i.html?_from=R40&_nkw=Hair+Bows&_sacat=26395&rt=nc&LH_ItemCondition=3&LH_BIN=1&rt=nc&LH_PrefLoc=1
Wide headwrap,https://www.ebay.com/sch/i.html?_from=R40&_nkw=Wide+headwrap&_sacat=26395&rt=nc&LH_ItemCondition=3&LH_BIN=1&rt=nc&LH_PrefLoc=1
Fashion headband,https://www.ebay.com/sch/i.html?_from=R40&_nkw=Fashion+headband&_sacat=26395&rt=nc&LH_ItemCondition=3&LH_BIN=1&rt=nc&LH_PrefLoc=1
Herb Hair Dye,https://www.ebay.com/sch/i.html?_from=R40&_nkw=Herb+Hair+Dye&_sacat=26395&rt=nc&LH_ItemCondition=3&LH_BIN=1&rt=nc&LH_PrefLoc=1
Color conditioner,https://www.ebay.com/sch/i.html?_from=R40&_nkw=Color+conditioner&_sacat=26395&rt=nc&LH_ItemCondition=3&LH_BIN=1&rt=nc&LH_PrefLoc=1
Hair serum,https://www.ebay.com/sch/i.html?_from=R40&_nkw=Hair+serum&_sacat=26395&rt=nc&LH_ItemCondition=3&LH_BIN=1&rt=nc&LH_PrefLoc=1
Curl refresher,https://www.ebay.com/sch/i.html?_from=R40&_nkw=Curl+refresher&_sacat=26395&rt=nc&LH_ItemCondition=3&LH_BIN=1&rt=nc&LH_PrefLoc=1
Color Boost,https://www.ebay.com/sch/i.html?_from=R40&_nkw=Color+Boost&_sacat=26395&rt=nc&LH_ItemCondition=3&LH_BIN=1&rt=nc&LH_PrefLoc=1
Hair relaxer,https://www.ebay.com/sch/i.html?_from=R40&_nkw=Hair+relaxer&_sacat=26395&rt=nc&LH_ItemCondition=3&LH_BIN=1&rt=nc&LH_PrefLoc=1
Hot Air Brush,https://www.ebay.com/sch/i.html?_from=R40&_nkw=Hot+Air+Brush&_sacat=26395&rt=nc&LH_ItemCondition=3&LH_BIN=1&rt=nc&LH_PrefLoc=1
Kids conditioner,https://www.ebay.com/sch/i.html?_from=R40&_nkw=Kids+conditioner&_sacat=26395&rt=nc&LH_ItemCondition=3&LH_BIN=1&rt=nc&LH_PrefLoc=1
Harley Hair Ties,https://www.ebay.com/sch/i.html?_from=R40&_nkw=Harley+Hair+Ties&_sacat=26395&rt=nc&LH_ItemCondition=3&LH_BIN=1&rt=nc&LH_PrefLoc=1
Superfruit Conditioner,https://www.ebay.com/sch/i.html?_from=R40&_nkw=Superfruit+Conditioner&_sacat=26395&rt=nc&LH_ItemCondition=3&LH_BIN=1&rt=nc&LH_PrefLoc=1
Light Brown,https://www.ebay.com/sch/i.html?_from=R40&_nkw=Light+Brown&_sacat=26395&rt=nc&LH_ItemCondition=3&LH_BIN=1&rt=nc&LH_PrefLoc=1
Kids detangler,https://www.ebay.com/sch/i.html?_from=R40&_nkw=Kids+detangler&_sacat=26395&rt=nc&LH_ItemCondition=3&LH_BIN=1&rt=nc&LH_PrefLoc=1
Waves Gel,https://www.ebay.com/sch/i.html?_from=R40&_nkw=Waves+Gel&_sacat=26395&rt=nc&LH_ItemCondition=3&LH_BIN=1&rt=nc&LH_PrefLoc=1
