Keyword,Links
Bond Strength,https://www.ebay.com/sch/i.html?_from=R40&_nkw=Bond+Strength&_sacat=26395&rt=nc&LH_ItemCondition=3&LH_BIN=1&rt=nc&LH_PrefLoc=1
Dark Auburn,https://www.ebay.com/sch/i.html?_from=R40&_nkw=Dark+Auburn&_sacat=26395&rt=nc&LH_ItemCondition=3&LH_BIN=1&rt=nc&LH_PrefLoc=1
Argan Oil,https://www.ebay.com/sch/i.html?_from=R40&_nkw=Argan+Oil&_sacat=26395&rt=nc&LH_ItemCondition=3&LH_BIN=1&rt=nc&LH_PrefLoc=1
Moisture Conditioner,https://www.ebay.com/sch/i.html?_from=R40&_nkw=Moisture+Conditioner&_sacat=26395&rt=nc&LH_ItemCondition=3&LH_BIN=1&rt=nc&LH_PrefLoc=1
Glossing mask,https://www.ebay.com/sch/i.html?_from=R40&_nkw=Glossing+mask&_sacat=26395&rt=nc&LH_ItemCondition=3&LH_BIN=1&rt=nc&LH_PrefLoc=1
Curl mousse,https://www.ebay.com/sch/i.html?_from=R40&_nkw=Curl+mousse&_sacat=26395&rt=nc&LH_ItemCondition=3&LH_BIN=1&rt=nc&LH_PrefLoc=1
Paddle Detangler,https://www.ebay.com/sch/i.html?_from=R40&_nkw=Paddle+Detangler&_sacat=26395&rt=nc&LH_ItemCondition=3&LH_BIN=1&rt=nc&LH_PrefLoc=1
Moisture Shampoo,https://www.ebay.com/sch/i.html?_from=R40&_nkw=Moisture+Shampoo&_sacat=26395&rt=nc&LH_ItemCondition=3&LH_BIN=1&rt=nc&LH_PrefLoc=1
Heat protectant,https://www.ebay.com/sch/i.html?_from=R40&_nkw=Heat+protectant&_sacat=26395&rt=nc&LH_ItemCondition=3&LH_BIN=1&rt=nc&LH_PrefLoc=1
Whipped Oil,https://www.ebay.com/sch/i.html?_from=R40&_nkw=Whipped+Oil&_sacat=26395&rt=nc&LH_ItemCondition=3&LH_BIN=1&rt=nc&LH_PrefLoc=1
Curly Hair,https://www.ebay.com/sch/i.html?_from=R40&_nkw=Curly+Hair&_sacat=26395&rt=nc&LH_ItemCondition=3&LH_BIN=1&rt=nc&LH_PrefLoc=1
Repair Shampoo,https://www.ebay.com/sch/i.html?_from=R40&_nkw=Repair+Shampoo&_sacat=26395&rt=nc&LH_ItemCondition=3&LH_BIN=1&rt=nc&LH_PrefLoc=1
Cordless Straightener,https://www.ebay.com/sch/i.html?_from=R40&_nkw=Cordless+Straightener&_sacat=26395&rt=nc&LH_ItemCondition=3&LH_BIN=1&rt=nc&LH_PrefLoc=1
Ruby colorwash,https://www.ebay.com/sch/i.html?_from=R40&_nkw=Ruby+colorwash&_sacat=26395&rt=nc&LH_ItemCondition=3&LH_BIN=1&rt=nc&LH_PrefLoc=1
Amino Heat Spray,https://www.ebay.com/sch/i.html?_from=R40&_nkw=Amino+Heat+Spray&_sacat=26395&rt=nc&LH_ItemCondition=3&LH_BIN=1&rt=nc&LH_PrefLoc=1
Punk Hair Gel,https://www.ebay.com/sch/i.html?_from=R40&_nkw=Punk+Hair+Gel&_sacat=26395&rt=nc&LH_ItemCondition=3&LH_BIN=1&rt=nc&LH_PrefLoc=1
Straightening Spray,https://www.ebay.com/sch/i.html?_from=R40&_nkw=Straightening+Spray&_sacat=26395&rt=nc&LH_ItemCondition=3&LH_BIN=1&rt=nc&LH_PrefLoc=1
Men's hair care,https://www.ebay.com/sch/i.html?_from=R40&_nkw=Men's+hair+care&_sacat=26395&rt=nc&LH_ItemCondition=3&LH_BIN=1&rt=nc&LH_PrefLoc=1
Curl cream,https://www.ebay.com/sch/i.html?_from=R40&_nkw=Curl+cream&_sacat=26395&rt=nc&LH_ItemCondition=3&LH_BIN=1&rt=nc&LH_PrefLoc=1
Luminous Hairspray,https://www.ebay.com/sch/i.html?_from=R40&_nkw=Luminous+Hairspray&_sacat=26395&rt=nc&LH_ItemCondition=3&LH_BIN=1&rt=nc&LH_PrefLoc=1
Leave-In Conditioner,https://www.ebay.com/sch/i.html?_from=R40&_nkw=Leave-In+Conditioner&_sacat=26395&rt=nc&LH_ItemCondition=3&LH_BIN=1&rt=nc&LH_PrefLoc=1
Hair Mask,https://www.ebay.com/sch/i.html?_from=R40&_nkw=Hair+Mask&_sacat=26395&rt=nc&LH_ItemCondition=3&LH_BIN=1&rt=nc&LH_PrefLoc=1
Coconut Conditioner,https://www.ebay.com/sch/i.html?_from=R40&_nkw=Coconut+Conditioner&_sacat=26395&rt=nc&LH_ItemCondition=3&LH_BIN=1&rt=nc&LH_PrefLoc=1
Volume Shampoo,https://www.ebay.com/sch/i.html?_from=R40&_nkw=Volume+Shampoo&_sacat=26395&rt=nc&LH_ItemCondition=3&LH_BIN=1&rt=nc&LH_PrefLoc=1
Smooth Conditioner,https://www.ebay.com/sch/i.html?_from=R40&_nkw=Smooth+Conditioner&_sacat=26395&rt=nc&LH_ItemCondition=3&LH_BIN=1&rt=nc&LH_PrefLoc=1
Healthy Look,https://www.ebay.com/sch/i.html?_from=R40&_nkw=Healthy+Look&_sacat=26395&rt=nc&LH_ItemCondition=3&LH_BIN=1&rt=nc&LH_PrefLoc=1
Hair masque,https://www.ebay.com/sch/i.html?_from=R40&_nkw=Hair+masque&_sacat=26395&rt=nc&LH_ItemCondition=3&LH_BIN=1&rt=nc&LH_PrefLoc=1
Moisturizing lotion,https://www.ebay.com/sch/i.html?_from=R40&_nkw=Moisturizing+lotion&_sacat=26395&rt=nc&LH_ItemCondition=3&LH_BIN=1&rt=nc&LH_PrefLoc=1
Collagen treatment,https://www.ebay.com/sch/i.html?_from=R40&_nkw=Collagen+treatment&_sacat=26395&rt=nc&LH_ItemCondition=3&LH_BIN=1&rt=nc&LH_PrefLoc=1
Leave-in cream,https://www.ebay.com/sch/i.html?_from=R40&_nkw=Leave-in+cream&_sacat=26395&rt=nc&LH_ItemCondition=3&LH_BIN=1&rt=nc&LH_PrefLoc=1
Castor Oil,https://www.ebay.com/sch/i.html?_from=R40&_nkw=Castor+Oil&_sacat=26395&rt=nc&LH_ItemCondition=3&LH_BIN=1&rt=nc&LH_PrefLoc=1
Finishing Cream,https://www.ebay.com/sch/i.html?_from=R40&_nkw=Finishing+Cream&_sacat=26395&rt=nc&LH_ItemCondition=3&LH_BIN=1&rt=nc&LH_PrefLoc=1
Hair spray,https://www.ebay.com/sch/i.html?_from=R40&_nkw=Hair+spray&_sacat=26395&rt=nc&LH_ItemCondition=3&LH_BIN=1&rt=nc&LH_PrefLoc=1
Hydrate Combo,https://www.ebay.com/sch/i.html?_from=R40&_nkw=Hydrate+Combo&_sacat=26395&rt=nc&LH_ItemCondition=3&LH_BIN=1&rt=nc&LH_PrefLoc=1
Hair primer,https://www.ebay.com/sch/i.html?_from=R40&_nkw=Hair+primer&_sacat=26395&rt=nc&LH_ItemCondition=3&LH_BIN=1&rt=nc&LH_PrefLoc=1
Moisture Repair,https://www.ebay.com/sch/i.html?_from=R40&_nkw=Moisture+Repair&_sacat=26395&rt=nc&LH_ItemCondition=3&LH_BIN=1&rt=nc&LH_PrefLoc=1
Grip Roller,https://www.ebay.com/sch/i.html?_from=R40&_nkw=Grip+Roller&_sacat=26395&rt=nc&LH_ItemCondition=3&LH_BIN=1&rt=nc&LH_PrefLoc=1
Scalp Care,https://www.ebay.com/sch/i.html?_from=R40&_nkw=Scalp+Care&_sacat=26395&rt=nc&LH_ItemCondition=3&LH_BIN=1&rt=nc&LH_PrefLoc=1
Brush Iron,https://www.ebay.com/sch/i.html?_from=R40&_nkw=Brush+Iron&_sacat=26395&rt=nc&LH_ItemCondition=3&LH_BIN=1&rt=nc&LH_PrefLoc=1
Root Lift,https://www.ebay.com/sch/i.html?_from=R40&_nkw=Root+Lift&_sacat=26395&rt=nc&LH_ItemCondition=3&LH_BIN=1&rt=nc&LH_PrefLoc=1
Detangling Milk,https://www.ebay.com/sch/i.html?_from=R40&_nkw=Detangling+Milk&_sacat=26395&rt=nc&LH_ItemCondition=3&LH_BIN=1&rt=nc&LH_PrefLoc=1
Thick Shampoo,https://www.ebay.com/sch/i.html?_from=R40&_nkw=Thick+Shampoo&_sacat=26395&rt=nc&LH_ItemCondition=3&LH_BIN=1&rt=nc&LH_PrefLoc=1
Frizz Control,https://www.ebay.com/sch/i.html?_from=R40&_nkw=Frizz+Control&_sacat=26395&rt=nc&LH_ItemCondition=3&LH_BIN=1&rt=nc&LH_PrefLoc=1
Organic Castor Oil,https://www.ebay.com/sch/i.html?_from=R40&_nkw=Organic+Castor+Oil&_sacat=26395&rt=nc&LH_ItemCondition=3&LH_BIN=1&rt=nc&LH_PrefLoc=1
Silk Protein,https://www.ebay.com/sch/i.html?_from=R40&_nkw=Silk+Protein&_sacat=26395&rt=nc&LH_ItemCondition=3&LH_BIN=1&rt=nc&LH_PrefLoc=1
Clay shaper,https://www.ebay.com/sch/i.html?_from=R40&_nkw=Clay+shaper&_sacat=26395&rt=nc&LH_ItemCondition=3&LH_BIN=1&rt=nc&LH_PrefLoc=1
Curl oil,https://www.ebay.com/sch/i.html?_from=R40&_nkw=Curl+oil&_sacat=26395&rt=nc&LH_ItemCondition=3&LH_BIN=1&rt=nc&LH_PrefLoc=1
Deep Conditioning,https://www.ebay.com/sch/i.html?_from=R40&_nkw=Deep+Conditioning&_sacat=26395&rt=nc&LH_ItemCondition=3&LH_BIN=1&rt=nc&LH_PrefLoc=1
Brilliance Shampoo,https://www.ebay.com/sch/i.html?_from=R40&_nkw=Brilliance+Shampoo&_sacat=26395&rt=nc&LH_ItemCondition=3&LH_BIN=1&rt=nc&LH_PrefLoc=1
Spa Headband,https://www.ebay.com/sch/i.html?_from=R40&_nkw=Spa+Headband&_sacat=26395&rt=nc&LH_ItemCondition=3&LH_BIN=1&rt=nc&LH_PrefLoc=1
