Keyword,Links
Motion relief,https://www.amazon.com/s?k=Motion+relief&i=hpc&s=exact-aware-popularity-rank&ref=sr_st_exact-aware-popularity-rank
Children wristband,https://www.amazon.com/s?k=Children+wristband&i=hpc&s=exact-aware-popularity-rank&ref=sr_st_exact-aware-popularity-rank
Vertigo remedy,https://www.amazon.com/s?k=Vertigo+remedy&i=hpc&s=exact-aware-popularity-rank&ref=sr_st_exact-aware-popularity-rank
Cocculus Indicus,https://www.amazon.com/s?k=Cocculus+Indicus&i=hpc&s=exact-aware-popularity-rank&ref=sr_st_exact-aware-popularity-rank
Ginger Tablets,https://www.amazon.com/s?k=Ginger+Tablets&i=hpc&s=exact-aware-popularity-rank&ref=sr_st_exact-aware-popularity-rank
Travel Sickness,https://www.amazon.com/s?k=Travel+Sickness&i=hpc&s=exact-aware-popularity-rank&ref=sr_st_exact-aware-popularity-rank
Kids Chewable,https://www.amazon.com/s?k=Kids+Chewable&i=hpc&s=exact-aware-popularity-rank&ref=sr_st_exact-aware-popularity-rank
Ginger Gum,https://www.amazon.com/s?k=Ginger+Gum&i=hpc&s=exact-aware-popularity-rank&ref=sr_st_exact-aware-popularity-rank
Acupressure Wristband,https://www.amazon.com/s?k=Acupressure+Wristband&i=hpc&s=exact-aware-popularity-rank&ref=sr_st_exact-aware-popularity-rank
Non-Drowsy Ginger,https://www.amazon.com/s?k=Non-Drowsy+Ginger&i=hpc&s=exact-aware-popularity-rank&ref=sr_st_exact-aware-popularity-rank
Sickness Bands,https://www.amazon.com/s?k=Sickness+Bands&i=hpc&s=exact-aware-popularity-rank&ref=sr_st_exact-aware-popularity-rank
Pregnancy hydration,https://www.amazon.com/s?k=Pregnancy+hydration&i=hpc&s=exact-aware-popularity-rank&ref=sr_st_exact-aware-popularity-rank
Nausea support,https://www.amazon.com/s?k=Nausea+support&i=hpc&s=exact-aware-popularity-rank&ref=sr_st_exact-aware-popularity-rank
Vertigo Relief,https://www.amazon.com/s?k=Vertigo+Relief&i=hpc&s=exact-aware-popularity-rank&ref=sr_st_exact-aware-popularity-rank
Anti-Nausea Relief,https://www.amazon.com/s?k=Anti-Nausea+Relief&i=hpc&s=exact-aware-popularity-rank&ref=sr_st_exact-aware-popularity-rank
Dairy Digestive,https://www.amazon.com/s?k=Dairy+Digestive&i=hpc&s=exact-aware-popularity-rank&ref=sr_st_exact-aware-popularity-rank
Antiemetic Caplets,https://www.amazon.com/s?k=Antiemetic+Caplets&i=hpc&s=exact-aware-popularity-rank&ref=sr_st_exact-aware-popularity-rank
Acupressure Bands,https://www.amazon.com/s?k=Acupressure+Bands&i=hpc&s=exact-aware-popularity-rank&ref=sr_st_exact-aware-popularity-rank
Anti Nausea,https://www.amazon.com/s?k=Anti+Nausea&i=hpc&s=exact-aware-popularity-rank&ref=sr_st_exact-aware-popularity-rank
Pinworm Treatment,https://www.amazon.com/s?k=Pinworm+Treatment&i=hpc&s=exact-aware-popularity-rank&ref=sr_st_exact-aware-popularity-rank
Meclizine Chewable,https://www.amazon.com/s?k=Meclizine+Chewable&i=hpc&s=exact-aware-popularity-rank&ref=sr_st_exact-aware-popularity-rank
Anti-Nausea Band,https://www.amazon.com/s?k=Anti-Nausea+Band&i=hpc&s=exact-aware-popularity-rank&ref=sr_st_exact-aware-popularity-rank
Diphenhydramine Capsules,https://www.amazon.com/s?k=Diphenhydramine+Capsules&i=hpc&s=exact-aware-popularity-rank&ref=sr_st_exact-aware-popularity-rank
Driminate Tablets,https://www.amazon.com/s?k=Driminate+Tablets&i=hpc&s=exact-aware-popularity-rank&ref=sr_st_exact-aware-popularity-rank
Sickness Patch,https://www.amazon.com/s?k=Sickness+Patch&i=hpc&s=exact-aware-popularity-rank&ref=sr_st_exact-aware-popularity-rank
Pregnancy Candy,https://www.amazon.com/s?k=Pregnancy+Candy&i=hpc&s=exact-aware-popularity-rank&ref=sr_st_exact-aware-popularity-rank
Preggie Pops,https://www.amazon.com/s?k=Preggie+Pops&i=hpc&s=exact-aware-popularity-rank&ref=sr_st_exact-aware-popularity-rank
Travel Chewables,https://www.amazon.com/s?k=Travel+Chewables&i=hpc&s=exact-aware-popularity-rank&ref=sr_st_exact-aware-popularity-rank
Nausea Wristband,https://www.amazon.com/s?k=Nausea+Wristband&i=hpc&s=exact-aware-popularity-rank&ref=sr_st_exact-aware-popularity-rank
Blackberry Ginger,https://www.amazon.com/s?k=Blackberry+Ginger&i=hpc&s=exact-aware-popularity-rank&ref=sr_st_exact-aware-popularity-rank
Antiemetic Tablets,https://www.amazon.com/s?k=Antiemetic+Tablets&i=hpc&s=exact-aware-popularity-rank&ref=sr_st_exact-aware-popularity-rank
Wristband Sickness,https://www.amazon.com/s?k=Wristband+Sickness&i=hpc&s=exact-aware-popularity-rank&ref=sr_st_exact-aware-popularity-rank
Bee killer,https://www.amazon.com/s?k=Bee+killer&i=hpc&s=exact-aware-popularity-rank&ref=sr_st_exact-aware-popularity-rank
Rugby Meclizine,https://www.amazon.com/s?k=Rugby+Meclizine&i=hpc&s=exact-aware-popularity-rank&ref=sr_st_exact-aware-popularity-rank
Acupressure Wristbands,https://www.amazon.com/s?k=Acupressure+Wristbands&i=hpc&s=exact-aware-popularity-rank&ref=sr_st_exact-aware-popularity-rank
Pinworm Medicine,https://www.amazon.com/s?k=Pinworm+Medicine&i=hpc&s=exact-aware-popularity-rank&ref=sr_st_exact-aware-popularity-rank
Travel Relief,https://www.amazon.com/s?k=Travel+Relief&i=hpc&s=exact-aware-popularity-rank&ref=sr_st_exact-aware-popularity-rank
Motion Sickness Glasses,https://www.amazon.com/s?k=Motion+Sickness+Glasses&i=hpc&s=exact-aware-popularity-rank&ref=sr_st_exact-aware-popularity-rank
Motion glasses,https://www.amazon.com/s?k=Motion+glasses&i=hpc&s=exact-aware-popularity-rank&ref=sr_st_exact-aware-popularity-rank
Stump Killer,https://www.amazon.com/s?k=Stump+Killer&i=hpc&s=exact-aware-popularity-rank&ref=sr_st_exact-aware-popularity-rank
Sickness Relief,https://www.amazon.com/s?k=Sickness+Relief&i=hpc&s=exact-aware-popularity-rank&ref=sr_st_exact-aware-popularity-rank
Wristband Relief,https://www.amazon.com/s?k=Wristband+Relief&i=hpc&s=exact-aware-popularity-rank&ref=sr_st_exact-aware-popularity-rank
Acupressure Bracelet,https://www.amazon.com/s?k=Acupressure+Bracelet&i=hpc&s=exact-aware-popularity-rank&ref=sr_st_exact-aware-popularity-rank
Wrist Restraints,https://www.amazon.com/s?k=Wrist+Restraints&i=hpc&s=exact-aware-popularity-rank&ref=sr_st_exact-aware-popularity-rank
Acupressure Band,https://www.amazon.com/s?k=Acupressure+Band&i=hpc&s=exact-aware-popularity-rank&ref=sr_st_exact-aware-popularity-rank
Skin Tightening,https://www.amazon.com/s?k=Skin+Tightening&i=hpc&s=exact-aware-popularity-rank&ref=sr_st_exact-aware-popularity-rank
Nausea Band,https://www.amazon.com/s?k=Nausea+Band&i=hpc&s=exact-aware-popularity-rank&ref=sr_st_exact-aware-popularity-rank
Wrist Guard,https://www.amazon.com/s?k=Wrist+Guard&i=hpc&s=exact-aware-popularity-rank&ref=sr_st_exact-aware-popularity-rank
Sports Patch,https://www.amazon.com/s?k=Sports+Patch&i=hpc&s=exact-aware-popularity-rank&ref=sr_st_exact-aware-popularity-rank
Nausea Wristbands,https://www.amazon.com/s?k=Nausea+Wristbands&i=hpc&s=exact-aware-popularity-rank&ref=sr_st_exact-aware-popularity-rank
