Keyword,Links
HMB Powder,https://www.ebay.com/sch/i.html?_from=R40&_nkw=HMB+Powder&_sacat=26395&rt=nc&LH_ItemCondition=3&LH_BIN=1&rt=nc&LH_PrefLoc=1
5-HTP Support,https://www.ebay.com/sch/i.html?_from=R40&_nkw=5-HTP+Support&_sacat=26395&rt=nc&LH_ItemCondition=3&LH_BIN=1&rt=nc&LH_PrefLoc=1
Testosterone Supplement,https://www.ebay.com/sch/i.html?_from=R40&_nkw=Testosterone+Supplement&_sacat=26395&rt=nc&LH_ItemCondition=3&LH_BIN=1&rt=nc&LH_PrefLoc=1
Preworkout Juice,https://www.ebay.com/sch/i.html?_from=R40&_nkw=Preworkout+Juice&_sacat=26395&rt=nc&LH_ItemCondition=3&LH_BIN=1&rt=nc&LH_PrefLoc=1
Aspartic Acid,https://www.ebay.com/sch/i.html?_from=R40&_nkw=Aspartic+Acid&_sacat=26395&rt=nc&LH_ItemCondition=3&LH_BIN=1&rt=nc&LH_PrefLoc=1
BCAA Supplements,https://www.ebay.com/sch/i.html?_from=R40&_nkw=BCAA+Supplements&_sacat=26395&rt=nc&LH_ItemCondition=3&LH_BIN=1&rt=nc&LH_PrefLoc=1
Cardio Health,https://www.ebay.com/sch/i.html?_from=R40&_nkw=Cardio+Health&_sacat=26395&rt=nc&LH_ItemCondition=3&LH_BIN=1&rt=nc&LH_PrefLoc=1
Uridine Supplement,https://www.ebay.com/sch/i.html?_from=R40&_nkw=Uridine+Supplement&_sacat=26395&rt=nc&LH_ItemCondition=3&LH_BIN=1&rt=nc&LH_PrefLoc=1
Tadalix Bottle,https://www.ebay.com/sch/i.html?_from=R40&_nkw=Tadalix+Bottle&_sacat=26395&rt=nc&LH_ItemCondition=3&LH_BIN=1&rt=nc&LH_PrefLoc=1
L-Threonine Capsules,https://www.ebay.com/sch/i.html?_from=R40&_nkw=L-Threonine+Capsules&_sacat=26395&rt=nc&LH_ItemCondition=3&LH_BIN=1&rt=nc&LH_PrefLoc=1
L-Proline,https://www.ebay.com/sch/i.html?_from=R40&_nkw=L-Proline&_sacat=26395&rt=nc&LH_ItemCondition=3&LH_BIN=1&rt=nc&LH_PrefLoc=1
L-Lysine,https://www.ebay.com/sch/i.html?_from=R40&_nkw=L-Lysine&_sacat=26395&rt=nc&LH_ItemCondition=3&LH_BIN=1&rt=nc&LH_PrefLoc=1
Vegan BCAA,https://www.ebay.com/sch/i.html?_from=R40&_nkw=Vegan+BCAA&_sacat=26395&rt=nc&LH_ItemCondition=3&LH_BIN=1&rt=nc&LH_PrefLoc=1
Tribulus Terrestris,https://www.ebay.com/sch/i.html?_from=R40&_nkw=Tribulus+Terrestris&_sacat=26395&rt=nc&LH_ItemCondition=3&LH_BIN=1&rt=nc&LH_PrefLoc=1
Dimethyl Glycine,https://www.ebay.com/sch/i.html?_from=R40&_nkw=Dimethyl+Glycine&_sacat=26395&rt=nc&LH_ItemCondition=3&LH_BIN=1&rt=nc&LH_PrefLoc=1
L-Carnitine Drink,https://www.ebay.com/sch/i.html?_from=R40&_nkw=L-Carnitine+Drink&_sacat=26395&rt=nc&LH_ItemCondition=3&LH_BIN=1&rt=nc&LH_PrefLoc=1
L-Leucine,https://www.ebay.com/sch/i.html?_from=R40&_nkw=L-Leucine&_sacat=26395&rt=nc&LH_ItemCondition=3&LH_BIN=1&rt=nc&LH_PrefLoc=1
Berry supplement,https://www.ebay.com/sch/i.html?_from=R40&_nkw=Berry+supplement&_sacat=26395&rt=nc&LH_ItemCondition=3&LH_BIN=1&rt=nc&LH_PrefLoc=1
Weighted Blanket,https://www.ebay.com/sch/i.html?_from=R40&_nkw=Weighted+Blanket&_sacat=26395&rt=nc&LH_ItemCondition=3&LH_BIN=1&rt=nc&LH_PrefLoc=1
Grape Energy,https://www.ebay.com/sch/i.html?_from=R40&_nkw=Grape+Energy&_sacat=26395&rt=nc&LH_ItemCondition=3&LH_BIN=1&rt=nc&LH_PrefLoc=1
Blue Raspberry,https://www.ebay.com/sch/i.html?_from=R40&_nkw=Blue+Raspberry&_sacat=26395&rt=nc&LH_ItemCondition=3&LH_BIN=1&rt=nc&LH_PrefLoc=1
Liquid Eye Pen,https://www.ebay.com/sch/i.html?_from=R40&_nkw=Liquid+Eye+Pen&_sacat=26395&rt=nc&LH_ItemCondition=3&LH_BIN=1&rt=nc&LH_PrefLoc=1
Probiotic Enzymes,https://www.ebay.com/sch/i.html?_from=R40&_nkw=Probiotic+Enzymes&_sacat=26395&rt=nc&LH_ItemCondition=3&LH_BIN=1&rt=nc&LH_PrefLoc=1
Vaginal Probiotic,https://www.ebay.com/sch/i.html?_from=R40&_nkw=Vaginal+Probiotic&_sacat=26395&rt=nc&LH_ItemCondition=3&LH_BIN=1&rt=nc&LH_PrefLoc=1
Probiotic Caplets,https://www.ebay.com/sch/i.html?_from=R40&_nkw=Probiotic+Caplets&_sacat=26395&rt=nc&LH_ItemCondition=3&LH_BIN=1&rt=nc&LH_PrefLoc=1
Inulin Gummies,https://www.ebay.com/sch/i.html?_from=R40&_nkw=Inulin+Gummies&_sacat=26395&rt=nc&LH_ItemCondition=3&LH_BIN=1&rt=nc&LH_PrefLoc=1
Body cleanse,https://www.ebay.com/sch/i.html?_from=R40&_nkw=Body+cleanse&_sacat=26395&rt=nc&LH_ItemCondition=3&LH_BIN=1&rt=nc&LH_PrefLoc=1
Probiotic Fiber,https://www.ebay.com/sch/i.html?_from=R40&_nkw=Probiotic+Fiber&_sacat=26395&rt=nc&LH_ItemCondition=3&LH_BIN=1&rt=nc&LH_PrefLoc=1
Women's Probiotic,https://www.ebay.com/sch/i.html?_from=R40&_nkw=Women's+Probiotic&_sacat=26395&rt=nc&LH_ItemCondition=3&LH_BIN=1&rt=nc&LH_PrefLoc=1
Probiotic Tablets,https://www.ebay.com/sch/i.html?_from=R40&_nkw=Probiotic+Tablets&_sacat=26395&rt=nc&LH_ItemCondition=3&LH_BIN=1&rt=nc&LH_PrefLoc=1
Digestive Probiotic,https://www.ebay.com/sch/i.html?_from=R40&_nkw=Digestive+Probiotic&_sacat=26395&rt=nc&LH_ItemCondition=3&LH_BIN=1&rt=nc&LH_PrefLoc=1
Daily Probiotic,https://www.ebay.com/sch/i.html?_from=R40&_nkw=Daily+Probiotic&_sacat=26395&rt=nc&LH_ItemCondition=3&LH_BIN=1&rt=nc&LH_PrefLoc=1
Womens Probiotics,https://www.ebay.com/sch/i.html?_from=R40&_nkw=Womens+Probiotics&_sacat=26395&rt=nc&LH_ItemCondition=3&LH_BIN=1&rt=nc&LH_PrefLoc=1
Gut probiotics,https://www.ebay.com/sch/i.html?_from=R40&_nkw=Gut+probiotics&_sacat=26395&rt=nc&LH_ItemCondition=3&LH_BIN=1&rt=nc&LH_PrefLoc=1
Probiotic Complex,https://www.ebay.com/sch/i.html?_from=R40&_nkw=Probiotic+Complex&_sacat=26395&rt=nc&LH_ItemCondition=3&LH_BIN=1&rt=nc&LH_PrefLoc=1
Bowel Support,https://www.ebay.com/sch/i.html?_from=R40&_nkw=Bowel+Support&_sacat=26395&rt=nc&LH_ItemCondition=3&LH_BIN=1&rt=nc&LH_PrefLoc=1
Colon probiotic,https://www.ebay.com/sch/i.html?_from=R40&_nkw=Colon+probiotic&_sacat=26395&rt=nc&LH_ItemCondition=3&LH_BIN=1&rt=nc&LH_PrefLoc=1
Fiber Probiotics,https://www.ebay.com/sch/i.html?_from=R40&_nkw=Fiber+Probiotics&_sacat=26395&rt=nc&LH_ItemCondition=3&LH_BIN=1&rt=nc&LH_PrefLoc=1
Menopause Probiotic,https://www.ebay.com/sch/i.html?_from=R40&_nkw=Menopause+Probiotic&_sacat=26395&rt=nc&LH_ItemCondition=3&LH_BIN=1&rt=nc&LH_PrefLoc=1
Urinary Support,https://www.ebay.com/sch/i.html?_from=R40&_nkw=Urinary+Support&_sacat=26395&rt=nc&LH_ItemCondition=3&LH_BIN=1&rt=nc&LH_PrefLoc=1
Male Probiotic,https://www.ebay.com/sch/i.html?_from=R40&_nkw=Male+Probiotic&_sacat=26395&rt=nc&LH_ItemCondition=3&LH_BIN=1&rt=nc&LH_PrefLoc=1
Vaginal Probiotics,https://www.ebay.com/sch/i.html?_from=R40&_nkw=Vaginal+Probiotics&_sacat=26395&rt=nc&LH_ItemCondition=3&LH_BIN=1&rt=nc&LH_PrefLoc=1
Oral Probiotic,https://www.ebay.com/sch/i.html?_from=R40&_nkw=Oral+Probiotic&_sacat=26395&rt=nc&LH_ItemCondition=3&LH_BIN=1&rt=nc&LH_PrefLoc=1
Oral Probiotics,https://www.ebay.com/sch/i.html?_from=R40&_nkw=Oral+Probiotics&_sacat=26395&rt=nc&LH_ItemCondition=3&LH_BIN=1&rt=nc&LH_PrefLoc=1
Women probiotics,https://www.ebay.com/sch/i.html?_from=R40&_nkw=Women+probiotics&_sacat=26395&rt=nc&LH_ItemCondition=3&LH_BIN=1&rt=nc&LH_PrefLoc=1
Gut Probiotic,https://www.ebay.com/sch/i.html?_from=R40&_nkw=Gut+Probiotic&_sacat=26395&rt=nc&LH_ItemCondition=3&LH_BIN=1&rt=nc&LH_PrefLoc=1
Digestive Gummies,https://www.ebay.com/sch/i.html?_from=R40&_nkw=Digestive+Gummies&_sacat=26395&rt=nc&LH_ItemCondition=3&LH_BIN=1&rt=nc&LH_PrefLoc=1
Feminine Probiotics,https://www.ebay.com/sch/i.html?_from=R40&_nkw=Feminine+Probiotics&_sacat=26395&rt=nc&LH_ItemCondition=3&LH_BIN=1&rt=nc&LH_PrefLoc=1
Lactose Probiotics,https://www.ebay.com/sch/i.html?_from=R40&_nkw=Lactose+Probiotics&_sacat=26395&rt=nc&LH_ItemCondition=3&LH_BIN=1&rt=nc&LH_PrefLoc=1
Men's Probiotics,https://www.ebay.com/sch/i.html?_from=R40&_nkw=Men's+Probiotics&_sacat=26395&rt=nc&LH_ItemCondition=3&LH_BIN=1&rt=nc&LH_PrefLoc=1
