Keyword,Links
Deep Conditioner,https://www.ebay.com/sch/i.html?_from=R40&_nkw=Deep+Conditioner&_sacat=26395&rt=nc&LH_ItemCondition=3&LH_BIN=1&rt=nc&LH_PrefLoc=1
Illuminating Shampoo,https://www.ebay.com/sch/i.html?_from=R40&_nkw=Illuminating+Shampoo&_sacat=26395&rt=nc&LH_ItemCondition=3&LH_BIN=1&rt=nc&LH_PrefLoc=1
Anti-Frizz Hairspray,https://www.ebay.com/sch/i.html?_from=R40&_nkw=Anti-Frizz+Hairspray&_sacat=26395&rt=nc&LH_ItemCondition=3&LH_BIN=1&rt=nc&LH_PrefLoc=1
Rose Oil,https://www.ebay.com/sch/i.html?_from=R40&_nkw=Rose+Oil&_sacat=26395&rt=nc&LH_ItemCondition=3&LH_BIN=1&rt=nc&LH_PrefLoc=1
Spiral Notebooks,https://www.ebay.com/sch/i.html?_from=R40&_nkw=Spiral+Notebooks&_sacat=26395&rt=nc&LH_ItemCondition=3&LH_BIN=1&rt=nc&LH_PrefLoc=1
Satin Sleep Scarf,https://www.ebay.com/sch/i.html?_from=R40&_nkw=Satin+Sleep+Scarf&_sacat=26395&rt=nc&LH_ItemCondition=3&LH_BIN=1&rt=nc&LH_PrefLoc=1
Leprechaun Headbands,https://www.ebay.com/sch/i.html?_from=R40&_nkw=Leprechaun+Headbands&_sacat=26395&rt=nc&LH_ItemCondition=3&LH_BIN=1&rt=nc&LH_PrefLoc=1
Magnetic Rollers,https://www.ebay.com/sch/i.html?_from=R40&_nkw=Magnetic+Rollers&_sacat=26395&rt=nc&LH_ItemCondition=3&LH_BIN=1&rt=nc&LH_PrefLoc=1
Oat Milk,https://www.ebay.com/sch/i.html?_from=R40&_nkw=Oat+Milk&_sacat=26395&rt=nc&LH_ItemCondition=3&LH_BIN=1&rt=nc&LH_PrefLoc=1
Toning Shampoo,https://www.ebay.com/sch/i.html?_from=R40&_nkw=Toning+Shampoo&_sacat=26395&rt=nc&LH_ItemCondition=3&LH_BIN=1&rt=nc&LH_PrefLoc=1
Leave-in mist,https://www.ebay.com/sch/i.html?_from=R40&_nkw=Leave-in+mist&_sacat=26395&rt=nc&LH_ItemCondition=3&LH_BIN=1&rt=nc&LH_PrefLoc=1
Straightening Mist,https://www.ebay.com/sch/i.html?_from=R40&_nkw=Straightening+Mist&_sacat=26395&rt=nc&LH_ItemCondition=3&LH_BIN=1&rt=nc&LH_PrefLoc=1
Silk Conditioner,https://www.ebay.com/sch/i.html?_from=R40&_nkw=Silk+Conditioner&_sacat=26395&rt=nc&LH_ItemCondition=3&LH_BIN=1&rt=nc&LH_PrefLoc=1
Scalp Oil,https://www.ebay.com/sch/i.html?_from=R40&_nkw=Scalp+Oil&_sacat=26395&rt=nc&LH_ItemCondition=3&LH_BIN=1&rt=nc&LH_PrefLoc=1
Cachos crema,https://www.ebay.com/sch/i.html?_from=R40&_nkw=Cachos+crema&_sacat=26395&rt=nc&LH_ItemCondition=3&LH_BIN=1&rt=nc&LH_PrefLoc=1
Hair Claw Clips,https://www.ebay.com/sch/i.html?_from=R40&_nkw=Hair+Claw+Clips&_sacat=26395&rt=nc&LH_ItemCondition=3&LH_BIN=1&rt=nc&LH_PrefLoc=1
Blow Out,https://www.ebay.com/sch/i.html?_from=R40&_nkw=Blow+Out&_sacat=26395&rt=nc&LH_ItemCondition=3&LH_BIN=1&rt=nc&LH_PrefLoc=1
Glossing Shampoo,https://www.ebay.com/sch/i.html?_from=R40&_nkw=Glossing+Shampoo&_sacat=26395&rt=nc&LH_ItemCondition=3&LH_BIN=1&rt=nc&LH_PrefLoc=1
Sea Salt,https://www.ebay.com/sch/i.html?_from=R40&_nkw=Sea+Salt&_sacat=26395&rt=nc&LH_ItemCondition=3&LH_BIN=1&rt=nc&LH_PrefLoc=1
Holiday hair clips,https://www.ebay.com/sch/i.html?_from=R40&_nkw=Holiday+hair+clips&_sacat=26395&rt=nc&LH_ItemCondition=3&LH_BIN=1&rt=nc&LH_PrefLoc=1
Hard Water Shampoo,https://www.ebay.com/sch/i.html?_from=R40&_nkw=Hard+Water+Shampoo&_sacat=26395&rt=nc&LH_ItemCondition=3&LH_BIN=1&rt=nc&LH_PrefLoc=1
Hair mud,https://www.ebay.com/sch/i.html?_from=R40&_nkw=Hair+mud&_sacat=26395&rt=nc&LH_ItemCondition=3&LH_BIN=1&rt=nc&LH_PrefLoc=1
Hot Rollers,https://www.ebay.com/sch/i.html?_from=R40&_nkw=Hot+Rollers&_sacat=26395&rt=nc&LH_ItemCondition=3&LH_BIN=1&rt=nc&LH_PrefLoc=1
Purple shampoo,https://www.ebay.com/sch/i.html?_from=R40&_nkw=Purple+shampoo&_sacat=26395&rt=nc&LH_ItemCondition=3&LH_BIN=1&rt=nc&LH_PrefLoc=1
Shine Shampoo,https://www.ebay.com/sch/i.html?_from=R40&_nkw=Shine+Shampoo&_sacat=26395&rt=nc&LH_ItemCondition=3&LH_BIN=1&rt=nc&LH_PrefLoc=1
Bond Strengthening,https://www.ebay.com/sch/i.html?_from=R40&_nkw=Bond+Strengthening&_sacat=26395&rt=nc&LH_ItemCondition=3&LH_BIN=1&rt=nc&LH_PrefLoc=1
Hydrating Body Wash,https://www.ebay.com/sch/i.html?_from=R40&_nkw=Hydrating+Body+Wash&_sacat=26395&rt=nc&LH_ItemCondition=3&LH_BIN=1&rt=nc&LH_PrefLoc=1
Ceramic Curling Iron,https://www.ebay.com/sch/i.html?_from=R40&_nkw=Ceramic+Curling+Iron&_sacat=26395&rt=nc&LH_ItemCondition=3&LH_BIN=1&rt=nc&LH_PrefLoc=1
Gold Holiday,https://www.ebay.com/sch/i.html?_from=R40&_nkw=Gold+Holiday&_sacat=26395&rt=nc&LH_ItemCondition=3&LH_BIN=1&rt=nc&LH_PrefLoc=1
Blondage Conditioner,https://www.ebay.com/sch/i.html?_from=R40&_nkw=Blondage+Conditioner&_sacat=26395&rt=nc&LH_ItemCondition=3&LH_BIN=1&rt=nc&LH_PrefLoc=1
Flower Clips,https://www.ebay.com/sch/i.html?_from=R40&_nkw=Flower+Clips&_sacat=26395&rt=nc&LH_ItemCondition=3&LH_BIN=1&rt=nc&LH_PrefLoc=1
Easter Headband,https://www.ebay.com/sch/i.html?_from=R40&_nkw=Easter+Headband&_sacat=26395&rt=nc&LH_ItemCondition=3&LH_BIN=1&rt=nc&LH_PrefLoc=1
Ouchless bands,https://www.ebay.com/sch/i.html?_from=R40&_nkw=Ouchless+bands&_sacat=26395&rt=nc&LH_ItemCondition=3&LH_BIN=1&rt=nc&LH_PrefLoc=1
Plaid Headband,https://www.ebay.com/sch/i.html?_from=R40&_nkw=Plaid+Headband&_sacat=26395&rt=nc&LH_ItemCondition=3&LH_BIN=1&rt=nc&LH_PrefLoc=1
Scrunchie Plush,https://www.ebay.com/sch/i.html?_from=R40&_nkw=Scrunchie+Plush&_sacat=26395&rt=nc&LH_ItemCondition=3&LH_BIN=1&rt=nc&LH_PrefLoc=1
Smoothing Solution,https://www.ebay.com/sch/i.html?_from=R40&_nkw=Smoothing+Solution&_sacat=26395&rt=nc&LH_ItemCondition=3&LH_BIN=1&rt=nc&LH_PrefLoc=1
Blow Dryer Brush,https://www.ebay.com/sch/i.html?_from=R40&_nkw=Blow+Dryer+Brush&_sacat=26395&rt=nc&LH_ItemCondition=3&LH_BIN=1&rt=nc&LH_PrefLoc=1
Hair Straightener,https://www.ebay.com/sch/i.html?_from=R40&_nkw=Hair+Straightener&_sacat=26395&rt=nc&LH_ItemCondition=3&LH_BIN=1&rt=nc&LH_PrefLoc=1
Smoothing Brush,https://www.ebay.com/sch/i.html?_from=R40&_nkw=Smoothing+Brush&_sacat=26395&rt=nc&LH_ItemCondition=3&LH_BIN=1&rt=nc&LH_PrefLoc=1
Brush dryer,https://www.ebay.com/sch/i.html?_from=R40&_nkw=Brush+dryer&_sacat=26395&rt=nc&LH_ItemCondition=3&LH_BIN=1&rt=nc&LH_PrefLoc=1
Rotating Curler,https://www.ebay.com/sch/i.html?_from=R40&_nkw=Rotating+Curler&_sacat=26395&rt=nc&LH_ItemCondition=3&LH_BIN=1&rt=nc&LH_PrefLoc=1
Airflow Styler,https://www.ebay.com/sch/i.html?_from=R40&_nkw=Airflow+Styler&_sacat=26395&rt=nc&LH_ItemCondition=3&LH_BIN=1&rt=nc&LH_PrefLoc=1
Curling Wand,https://www.ebay.com/sch/i.html?_from=R40&_nkw=Curling+Wand&_sacat=26395&rt=nc&LH_ItemCondition=3&LH_BIN=1&rt=nc&LH_PrefLoc=1
Triple Barrel Waver,https://www.ebay.com/sch/i.html?_from=R40&_nkw=Triple+Barrel+Waver&_sacat=26395&rt=nc&LH_ItemCondition=3&LH_BIN=1&rt=nc&LH_PrefLoc=1
Digital straightener,https://www.ebay.com/sch/i.html?_from=R40&_nkw=Digital+straightener&_sacat=26395&rt=nc&LH_ItemCondition=3&LH_BIN=1&rt=nc&LH_PrefLoc=1
Round brush,https://www.ebay.com/sch/i.html?_from=R40&_nkw=Round+brush&_sacat=26395&rt=nc&LH_ItemCondition=3&LH_BIN=1&rt=nc&LH_PrefLoc=1
Sculpting Brush,https://www.ebay.com/sch/i.html?_from=R40&_nkw=Sculpting+Brush&_sacat=26395&rt=nc&LH_ItemCondition=3&LH_BIN=1&rt=nc&LH_PrefLoc=1
Titanium Straightener,https://www.ebay.com/sch/i.html?_from=R40&_nkw=Titanium+Straightener&_sacat=26395&rt=nc&LH_ItemCondition=3&LH_BIN=1&rt=nc&LH_PrefLoc=1
Mini Iron,https://www.ebay.com/sch/i.html?_from=R40&_nkw=Mini+Iron&_sacat=26395&rt=nc&LH_ItemCondition=3&LH_BIN=1&rt=nc&LH_PrefLoc=1
Detangling Brush,https://www.ebay.com/sch/i.html?_from=R40&_nkw=Detangling+Brush&_sacat=26395&rt=nc&LH_ItemCondition=3&LH_BIN=1&rt=nc&LH_PrefLoc=1
