Keyword,Links
Collagen Burn,https://www.ebay.com/sch/i.html?_from=R40&_nkw=Collagen+Burn&_sacat=26395&rt=nc&LH_ItemCondition=3&LH_BIN=1&rt=nc&LH_PrefLoc=1
Biotin Support,https://www.ebay.com/sch/i.html?_from=R40&_nkw=Biotin+Support&_sacat=26395&rt=nc&LH_ItemCondition=3&LH_BIN=1&rt=nc&LH_PrefLoc=1
Cinnamon Tablets,https://www.ebay.com/sch/i.html?_from=R40&_nkw=Cinnamon+Tablets&_sacat=26395&rt=nc&LH_ItemCondition=3&LH_BIN=1&rt=nc&LH_PrefLoc=1
Hair volume,https://www.ebay.com/sch/i.html?_from=R40&_nkw=Hair+volume&_sacat=26395&rt=nc&LH_ItemCondition=3&LH_BIN=1&rt=nc&LH_PrefLoc=1
Collagen Blend,https://www.ebay.com/sch/i.html?_from=R40&_nkw=Collagen+Blend&_sacat=26395&rt=nc&LH_ItemCondition=3&LH_BIN=1&rt=nc&LH_PrefLoc=1
Aging Supplement,https://www.ebay.com/sch/i.html?_from=R40&_nkw=Aging+Supplement&_sacat=26395&rt=nc&LH_ItemCondition=3&LH_BIN=1&rt=nc&LH_PrefLoc=1
Hair support,https://www.ebay.com/sch/i.html?_from=R40&_nkw=Hair+support&_sacat=26395&rt=nc&LH_ItemCondition=3&LH_BIN=1&rt=nc&LH_PrefLoc=1
Glucosamine Capsules,https://www.ebay.com/sch/i.html?_from=R40&_nkw=Glucosamine+Capsules&_sacat=26395&rt=nc&LH_ItemCondition=3&LH_BIN=1&rt=nc&LH_PrefLoc=1
Ionic Silica,https://www.ebay.com/sch/i.html?_from=R40&_nkw=Ionic+Silica&_sacat=26395&rt=nc&LH_ItemCondition=3&LH_BIN=1&rt=nc&LH_PrefLoc=1
Biotin supplements,https://www.ebay.com/sch/i.html?_from=R40&_nkw=Biotin+supplements&_sacat=26395&rt=nc&LH_ItemCondition=3&LH_BIN=1&rt=nc&LH_PrefLoc=1
Sugar cravings,https://www.ebay.com/sch/i.html?_from=R40&_nkw=Sugar+cravings&_sacat=26395&rt=nc&LH_ItemCondition=3&LH_BIN=1&rt=nc&LH_PrefLoc=1
Type 2 Collagen,https://www.ebay.com/sch/i.html?_from=R40&_nkw=Type+2+Collagen&_sacat=26395&rt=nc&LH_ItemCondition=3&LH_BIN=1&rt=nc&LH_PrefLoc=1
Youth Collagen,https://www.ebay.com/sch/i.html?_from=R40&_nkw=Youth+Collagen&_sacat=26395&rt=nc&LH_ItemCondition=3&LH_BIN=1&rt=nc&LH_PrefLoc=1
Bariatric Biotin,https://www.ebay.com/sch/i.html?_from=R40&_nkw=Bariatric+Biotin&_sacat=26395&rt=nc&LH_ItemCondition=3&LH_BIN=1&rt=nc&LH_PrefLoc=1
Thyroid Complex,https://www.ebay.com/sch/i.html?_from=R40&_nkw=Thyroid+Complex&_sacat=26395&rt=nc&LH_ItemCondition=3&LH_BIN=1&rt=nc&LH_PrefLoc=1
Hair Regrowth,https://www.ebay.com/sch/i.html?_from=R40&_nkw=Hair+Regrowth&_sacat=26395&rt=nc&LH_ItemCondition=3&LH_BIN=1&rt=nc&LH_PrefLoc=1
Mango Collagen,https://www.ebay.com/sch/i.html?_from=R40&_nkw=Mango+Collagen&_sacat=26395&rt=nc&LH_ItemCondition=3&LH_BIN=1&rt=nc&LH_PrefLoc=1
Keto Collagen,https://www.ebay.com/sch/i.html?_from=R40&_nkw=Keto+Collagen&_sacat=26395&rt=nc&LH_ItemCondition=3&LH_BIN=1&rt=nc&LH_PrefLoc=1
Biotin Patch,https://www.ebay.com/sch/i.html?_from=R40&_nkw=Biotin+Patch&_sacat=26395&rt=nc&LH_ItemCondition=3&LH_BIN=1&rt=nc&LH_PrefLoc=1
Collagen Cherry,https://www.ebay.com/sch/i.html?_from=R40&_nkw=Collagen+Cherry&_sacat=26395&rt=nc&LH_ItemCondition=3&LH_BIN=1&rt=nc&LH_PrefLoc=1
Fiber Collagen,https://www.ebay.com/sch/i.html?_from=R40&_nkw=Fiber+Collagen&_sacat=26395&rt=nc&LH_ItemCondition=3&LH_BIN=1&rt=nc&LH_PrefLoc=1
Women's supplement,https://www.ebay.com/sch/i.html?_from=R40&_nkw=Women's+supplement&_sacat=26395&rt=nc&LH_ItemCondition=3&LH_BIN=1&rt=nc&LH_PrefLoc=1
Joint formula,https://www.ebay.com/sch/i.html?_from=R40&_nkw=Joint+formula&_sacat=26395&rt=nc&LH_ItemCondition=3&LH_BIN=1&rt=nc&LH_PrefLoc=1
Biotin Peptides,https://www.ebay.com/sch/i.html?_from=R40&_nkw=Biotin+Peptides&_sacat=26395&rt=nc&LH_ItemCondition=3&LH_BIN=1&rt=nc&LH_PrefLoc=1
Glucosamine Collagen,https://www.ebay.com/sch/i.html?_from=R40&_nkw=Glucosamine+Collagen&_sacat=26395&rt=nc&LH_ItemCondition=3&LH_BIN=1&rt=nc&LH_PrefLoc=1
Liquid Biocell,https://www.ebay.com/sch/i.html?_from=R40&_nkw=Liquid+Biocell&_sacat=26395&rt=nc&LH_ItemCondition=3&LH_BIN=1&rt=nc&LH_PrefLoc=1
Tanning supplement,https://www.ebay.com/sch/i.html?_from=R40&_nkw=Tanning+supplement&_sacat=26395&rt=nc&LH_ItemCondition=3&LH_BIN=1&rt=nc&LH_PrefLoc=1
Collagen Matcha,https://www.ebay.com/sch/i.html?_from=R40&_nkw=Collagen+Matcha&_sacat=26395&rt=nc&LH_ItemCondition=3&LH_BIN=1&rt=nc&LH_PrefLoc=1
Collagen Fiber,https://www.ebay.com/sch/i.html?_from=R40&_nkw=Collagen+Fiber&_sacat=26395&rt=nc&LH_ItemCondition=3&LH_BIN=1&rt=nc&LH_PrefLoc=1
Anti-Aging Procollagen,https://www.ebay.com/sch/i.html?_from=R40&_nkw=Anti-Aging+Procollagen&_sacat=26395&rt=nc&LH_ItemCondition=3&LH_BIN=1&rt=nc&LH_PrefLoc=1
Collagen lemonade,https://www.ebay.com/sch/i.html?_from=R40&_nkw=Collagen+lemonade&_sacat=26395&rt=nc&LH_ItemCondition=3&LH_BIN=1&rt=nc&LH_PrefLoc=1
Vegan Cellulite,https://www.ebay.com/sch/i.html?_from=R40&_nkw=Vegan+Cellulite&_sacat=26395&rt=nc&LH_ItemCondition=3&LH_BIN=1&rt=nc&LH_PrefLoc=1
Glucosamine Powder,https://www.ebay.com/sch/i.html?_from=R40&_nkw=Glucosamine+Powder&_sacat=26395&rt=nc&LH_ItemCondition=3&LH_BIN=1&rt=nc&LH_PrefLoc=1
Inositol Collagen,https://www.ebay.com/sch/i.html?_from=R40&_nkw=Inositol+Collagen&_sacat=26395&rt=nc&LH_ItemCondition=3&LH_BIN=1&rt=nc&LH_PrefLoc=1
Vitamins Biotin,https://www.ebay.com/sch/i.html?_from=R40&_nkw=Vitamins+Biotin&_sacat=26395&rt=nc&LH_ItemCondition=3&LH_BIN=1&rt=nc&LH_PrefLoc=1
Energy Pre-Workout,https://www.ebay.com/sch/i.html?_from=R40&_nkw=Energy+Pre-Workout&_sacat=26395&rt=nc&LH_ItemCondition=3&LH_BIN=1&rt=nc&LH_PrefLoc=1
Beet Root,https://www.ebay.com/sch/i.html?_from=R40&_nkw=Beet+Root&_sacat=26395&rt=nc&LH_ItemCondition=3&LH_BIN=1&rt=nc&LH_PrefLoc=1
Beetroot Gummies,https://www.ebay.com/sch/i.html?_from=R40&_nkw=Beetroot+Gummies&_sacat=26395&rt=nc&LH_ItemCondition=3&LH_BIN=1&rt=nc&LH_PrefLoc=1
Beetroot Capsules,https://www.ebay.com/sch/i.html?_from=R40&_nkw=Beetroot+Capsules&_sacat=26395&rt=nc&LH_ItemCondition=3&LH_BIN=1&rt=nc&LH_PrefLoc=1
Lion's Mane Powder,https://www.ebay.com/sch/i.html?_from=R40&_nkw=Lion's+Mane+Powder&_sacat=26395&rt=nc&LH_ItemCondition=3&LH_BIN=1&rt=nc&LH_PrefLoc=1
Gut Cleanse,https://www.ebay.com/sch/i.html?_from=R40&_nkw=Gut+Cleanse&_sacat=26395&rt=nc&LH_ItemCondition=3&LH_BIN=1&rt=nc&LH_PrefLoc=1
Wellness Greens,https://www.ebay.com/sch/i.html?_from=R40&_nkw=Wellness+Greens&_sacat=26395&rt=nc&LH_ItemCondition=3&LH_BIN=1&rt=nc&LH_PrefLoc=1
Liquid Chlorophyll,https://www.ebay.com/sch/i.html?_from=R40&_nkw=Liquid+Chlorophyll&_sacat=26395&rt=nc&LH_ItemCondition=3&LH_BIN=1&rt=nc&LH_PrefLoc=1
Bee Propolis,https://www.ebay.com/sch/i.html?_from=R40&_nkw=Bee+Propolis&_sacat=26395&rt=nc&LH_ItemCondition=3&LH_BIN=1&rt=nc&LH_PrefLoc=1
Maca Supplement,https://www.ebay.com/sch/i.html?_from=R40&_nkw=Maca+Supplement&_sacat=26395&rt=nc&LH_ItemCondition=3&LH_BIN=1&rt=nc&LH_PrefLoc=1
Detox Greens,https://www.ebay.com/sch/i.html?_from=R40&_nkw=Detox+Greens&_sacat=26395&rt=nc&LH_ItemCondition=3&LH_BIN=1&rt=nc&LH_PrefLoc=1
Bountiful Beets,https://www.ebay.com/sch/i.html?_from=R40&_nkw=Bountiful+Beets&_sacat=26395&rt=nc&LH_ItemCondition=3&LH_BIN=1&rt=nc&LH_PrefLoc=1
Cider Gummies,https://www.ebay.com/sch/i.html?_from=R40&_nkw=Cider+Gummies&_sacat=26395&rt=nc&LH_ItemCondition=3&LH_BIN=1&rt=nc&LH_PrefLoc=1
Organic greens,https://www.ebay.com/sch/i.html?_from=R40&_nkw=Organic+greens&_sacat=26395&rt=nc&LH_ItemCondition=3&LH_BIN=1&rt=nc&LH_PrefLoc=1
Vegan Superfoods,https://www.ebay.com/sch/i.html?_from=R40&_nkw=Vegan+Superfoods&_sacat=26395&rt=nc&LH_ItemCondition=3&LH_BIN=1&rt=nc&LH_PrefLoc=1
