Keyword,Links
Cinnamon supplement,https://www.ebay.com/sch/i.html?_from=R40&_nkw=Cinnamon+supplement&_sacat=26395&rt=nc&LH_ItemCondition=3&LH_BIN=1&rt=nc&LH_PrefLoc=1
Vitamin support,https://www.ebay.com/sch/i.html?_from=R40&_nkw=Vitamin+support&_sacat=26395&rt=nc&LH_ItemCondition=3&LH_BIN=1&rt=nc&LH_PrefLoc=1
Memory supplement,https://www.ebay.com/sch/i.html?_from=R40&_nkw=Memory+supplement&_sacat=26395&rt=nc&LH_ItemCondition=3&LH_BIN=1&rt=nc&LH_PrefLoc=1
D-1000 Tablets,https://www.ebay.com/sch/i.html?_from=R40&_nkw=D-1000+Tablets&_sacat=26395&rt=nc&LH_ItemCondition=3&LH_BIN=1&rt=nc&LH_PrefLoc=1
Glucosamine Complex,https://www.ebay.com/sch/i.html?_from=R40&_nkw=Glucosamine+Complex&_sacat=26395&rt=nc&LH_ItemCondition=3&LH_BIN=1&rt=nc&LH_PrefLoc=1
Vitamin K1,https://www.ebay.com/sch/i.html?_from=R40&_nkw=Vitamin+K1&_sacat=26395&rt=nc&LH_ItemCondition=3&LH_BIN=1&rt=nc&LH_PrefLoc=1
Vitamin K,https://www.ebay.com/sch/i.html?_from=R40&_nkw=Vitamin+K&_sacat=26395&rt=nc&LH_ItemCondition=3&LH_BIN=1&rt=nc&LH_PrefLoc=1
Eye Supplements,https://www.ebay.com/sch/i.html?_from=R40&_nkw=Eye+Supplements&_sacat=26395&rt=nc&LH_ItemCondition=3&LH_BIN=1&rt=nc&LH_PrefLoc=1
Cognitive supplement,https://www.ebay.com/sch/i.html?_from=R40&_nkw=Cognitive+supplement&_sacat=26395&rt=nc&LH_ItemCondition=3&LH_BIN=1&rt=nc&LH_PrefLoc=1
Biotin Tablets,https://www.ebay.com/sch/i.html?_from=R40&_nkw=Biotin+Tablets&_sacat=26395&rt=nc&LH_ItemCondition=3&LH_BIN=1&rt=nc&LH_PrefLoc=1
Hair Supplements,https://www.ebay.com/sch/i.html?_from=R40&_nkw=Hair+Supplements&_sacat=26395&rt=nc&LH_ItemCondition=3&LH_BIN=1&rt=nc&LH_PrefLoc=1
Caffeine Supplement,https://www.ebay.com/sch/i.html?_from=R40&_nkw=Caffeine+Supplement&_sacat=26395&rt=nc&LH_ItemCondition=3&LH_BIN=1&rt=nc&LH_PrefLoc=1
Newborn Relief,https://www.ebay.com/sch/i.html?_from=R40&_nkw=Newborn+Relief&_sacat=26395&rt=nc&LH_ItemCondition=3&LH_BIN=1&rt=nc&LH_PrefLoc=1
Lemon Bioflavonoids,https://www.ebay.com/sch/i.html?_from=R40&_nkw=Lemon+Bioflavonoids&_sacat=26395&rt=nc&LH_ItemCondition=3&LH_BIN=1&rt=nc&LH_PrefLoc=1
Eye gummies,https://www.ebay.com/sch/i.html?_from=R40&_nkw=Eye+gummies&_sacat=26395&rt=nc&LH_ItemCondition=3&LH_BIN=1&rt=nc&LH_PrefLoc=1
Collagen Pills,https://www.ebay.com/sch/i.html?_from=R40&_nkw=Collagen+Pills&_sacat=26395&rt=nc&LH_ItemCondition=3&LH_BIN=1&rt=nc&LH_PrefLoc=1
Immunity Supplement,https://www.ebay.com/sch/i.html?_from=R40&_nkw=Immunity+Supplement&_sacat=26395&rt=nc&LH_ItemCondition=3&LH_BIN=1&rt=nc&LH_PrefLoc=1
Nerve Health,https://www.ebay.com/sch/i.html?_from=R40&_nkw=Nerve+Health&_sacat=26395&rt=nc&LH_ItemCondition=3&LH_BIN=1&rt=nc&LH_PrefLoc=1
Prostate Supplements,https://www.ebay.com/sch/i.html?_from=R40&_nkw=Prostate+Supplements&_sacat=26395&rt=nc&LH_ItemCondition=3&LH_BIN=1&rt=nc&LH_PrefLoc=1
Mood Booster,https://www.ebay.com/sch/i.html?_from=R40&_nkw=Mood+Booster&_sacat=26395&rt=nc&LH_ItemCondition=3&LH_BIN=1&rt=nc&LH_PrefLoc=1
Anti Aging,https://www.ebay.com/sch/i.html?_from=R40&_nkw=Anti+Aging&_sacat=26395&rt=nc&LH_ItemCondition=3&LH_BIN=1&rt=nc&LH_PrefLoc=1
Methylation Support,https://www.ebay.com/sch/i.html?_from=R40&_nkw=Methylation+Support&_sacat=26395&rt=nc&LH_ItemCondition=3&LH_BIN=1&rt=nc&LH_PrefLoc=1
Immune Vitamin,https://www.ebay.com/sch/i.html?_from=R40&_nkw=Immune+Vitamin&_sacat=26395&rt=nc&LH_ItemCondition=3&LH_BIN=1&rt=nc&LH_PrefLoc=1
Chewable Tablets,https://www.ebay.com/sch/i.html?_from=R40&_nkw=Chewable+Tablets&_sacat=26395&rt=nc&LH_ItemCondition=3&LH_BIN=1&rt=nc&LH_PrefLoc=1
Toddler Vitamin C,https://www.ebay.com/sch/i.html?_from=R40&_nkw=Toddler+Vitamin+C&_sacat=26395&rt=nc&LH_ItemCondition=3&LH_BIN=1&rt=nc&LH_PrefLoc=1
Vitamin D3 Zinc,https://www.ebay.com/sch/i.html?_from=R40&_nkw=Vitamin+D3+Zinc&_sacat=26395&rt=nc&LH_ItemCondition=3&LH_BIN=1&rt=nc&LH_PrefLoc=1
B Complex Gummies,https://www.ebay.com/sch/i.html?_from=R40&_nkw=B+Complex+Gummies&_sacat=26395&rt=nc&LH_ItemCondition=3&LH_BIN=1&rt=nc&LH_PrefLoc=1
B-Complex,https://www.ebay.com/sch/i.html?_from=R40&_nkw=B-Complex&_sacat=26395&rt=nc&LH_ItemCondition=3&LH_BIN=1&rt=nc&LH_PrefLoc=1
Infant Vitamin C,https://www.ebay.com/sch/i.html?_from=R40&_nkw=Infant+Vitamin+C&_sacat=26395&rt=nc&LH_ItemCondition=3&LH_BIN=1&rt=nc&LH_PrefLoc=1
Glucosamine Supplement,https://www.ebay.com/sch/i.html?_from=R40&_nkw=Glucosamine+Supplement&_sacat=26395&rt=nc&LH_ItemCondition=3&LH_BIN=1&rt=nc&LH_PrefLoc=1
Vitamin D K,https://www.ebay.com/sch/i.html?_from=R40&_nkw=Vitamin+D+K&_sacat=26395&rt=nc&LH_ItemCondition=3&LH_BIN=1&rt=nc&LH_PrefLoc=1
Coenzyme B-Complex,https://www.ebay.com/sch/i.html?_from=R40&_nkw=Coenzyme+B-Complex&_sacat=26395&rt=nc&LH_ItemCondition=3&LH_BIN=1&rt=nc&LH_PrefLoc=1
Glucosamine Caplets,https://www.ebay.com/sch/i.html?_from=R40&_nkw=Glucosamine+Caplets&_sacat=26395&rt=nc&LH_ItemCondition=3&LH_BIN=1&rt=nc&LH_PrefLoc=1
Citrus Tablets,https://www.ebay.com/sch/i.html?_from=R40&_nkw=Citrus+Tablets&_sacat=26395&rt=nc&LH_ItemCondition=3&LH_BIN=1&rt=nc&LH_PrefLoc=1
Beta-Carotene Supplement,https://www.ebay.com/sch/i.html?_from=R40&_nkw=Beta-Carotene+Supplement&_sacat=26395&rt=nc&LH_ItemCondition=3&LH_BIN=1&rt=nc&LH_PrefLoc=1
B-50 Complex,https://www.ebay.com/sch/i.html?_from=R40&_nkw=B-50+Complex&_sacat=26395&rt=nc&LH_ItemCondition=3&LH_BIN=1&rt=nc&LH_PrefLoc=1
Collagen Peptides,https://www.ebay.com/sch/i.html?_from=R40&_nkw=Collagen+Peptides&_sacat=26395&rt=nc&LH_ItemCondition=3&LH_BIN=1&rt=nc&LH_PrefLoc=1
Plant Calcium,https://www.ebay.com/sch/i.html?_from=R40&_nkw=Plant+Calcium&_sacat=26395&rt=nc&LH_ItemCondition=3&LH_BIN=1&rt=nc&LH_PrefLoc=1
Glutathione Booster,https://www.ebay.com/sch/i.html?_from=R40&_nkw=Glutathione+Booster&_sacat=26395&rt=nc&LH_ItemCondition=3&LH_BIN=1&rt=nc&LH_PrefLoc=1
B-Complex Vitamins,https://www.ebay.com/sch/i.html?_from=R40&_nkw=B-Complex+Vitamins&_sacat=26395&rt=nc&LH_ItemCondition=3&LH_BIN=1&rt=nc&LH_PrefLoc=1
Pomegranate Gummies,https://www.ebay.com/sch/i.html?_from=R40&_nkw=Pomegranate+Gummies&_sacat=26395&rt=nc&LH_ItemCondition=3&LH_BIN=1&rt=nc&LH_PrefLoc=1
Folate B12,https://www.ebay.com/sch/i.html?_from=R40&_nkw=Folate+B12&_sacat=26395&rt=nc&LH_ItemCondition=3&LH_BIN=1&rt=nc&LH_PrefLoc=1
Methyl B-12,https://www.ebay.com/sch/i.html?_from=R40&_nkw=Methyl+B-12&_sacat=26395&rt=nc&LH_ItemCondition=3&LH_BIN=1&rt=nc&LH_PrefLoc=1
Quercetin Gummies,https://www.ebay.com/sch/i.html?_from=R40&_nkw=Quercetin+Gummies&_sacat=26395&rt=nc&LH_ItemCondition=3&LH_BIN=1&rt=nc&LH_PrefLoc=1
B-Complex Caplets,https://www.ebay.com/sch/i.html?_from=R40&_nkw=B-Complex+Caplets&_sacat=26395&rt=nc&LH_ItemCondition=3&LH_BIN=1&rt=nc&LH_PrefLoc=1
B12 spray,https://www.ebay.com/sch/i.html?_from=R40&_nkw=B12+spray&_sacat=26395&rt=nc&LH_ItemCondition=3&LH_BIN=1&rt=nc&LH_PrefLoc=1
B-Complex Capsules,https://www.ebay.com/sch/i.html?_from=R40&_nkw=B-Complex+Capsules&_sacat=26395&rt=nc&LH_ItemCondition=3&LH_BIN=1&rt=nc&LH_PrefLoc=1
Buffered Vitamin C,https://www.ebay.com/sch/i.html?_from=R40&_nkw=Buffered+Vitamin+C&_sacat=26395&rt=nc&LH_ItemCondition=3&LH_BIN=1&rt=nc&LH_PrefLoc=1
Organic Spirulina,https://www.ebay.com/sch/i.html?_from=R40&_nkw=Organic+Spirulina&_sacat=26395&rt=nc&LH_ItemCondition=3&LH_BIN=1&rt=nc&LH_PrefLoc=1
Liquid Energy,https://www.ebay.com/sch/i.html?_from=R40&_nkw=Liquid+Energy&_sacat=26395&rt=nc&LH_ItemCondition=3&LH_BIN=1&rt=nc&LH_PrefLoc=1
