Keyword,Links
Strong Shampoo,https://www.amazon.com/s?k=Strong+Shampoo&i=beauty&s=exact-aware-popularity-rank&ref=sr_st_exact-aware-popularity-rank
Rhinestone Hairpin,https://www.amazon.com/s?k=Rhinestone+Hairpin&i=beauty&s=exact-aware-popularity-rank&ref=sr_st_exact-aware-popularity-rank
Oil Treatment,https://www.amazon.com/s?k=Oil+Treatment&i=beauty&s=exact-aware-popularity-rank&ref=sr_st_exact-aware-popularity-rank
Repair Balm,https://www.amazon.com/s?k=Repair+Balm&i=beauty&s=exact-aware-popularity-rank&ref=sr_st_exact-aware-popularity-rank
Biotin Mist,https://www.amazon.com/s?k=Biotin+Mist&i=beauty&s=exact-aware-popularity-rank&ref=sr_st_exact-aware-popularity-rank
Smoothing Cream,https://www.amazon.com/s?k=Smoothing+Cream&i=beauty&s=exact-aware-popularity-rank&ref=sr_st_exact-aware-popularity-rank
Lay Down,https://www.amazon.com/s?k=Lay+Down&i=beauty&s=exact-aware-popularity-rank&ref=sr_st_exact-aware-popularity-rank
Nighttime Cream,https://www.amazon.com/s?k=Nighttime+Cream&i=beauty&s=exact-aware-popularity-rank&ref=sr_st_exact-aware-popularity-rank
Medium Hold Spray,https://www.amazon.com/s?k=Medium+Hold+Spray&i=beauty&s=exact-aware-popularity-rank&ref=sr_st_exact-aware-popularity-rank
Beach gel,https://www.amazon.com/s?k=Beach+gel&i=beauty&s=exact-aware-popularity-rank&ref=sr_st_exact-aware-popularity-rank
Multi-Print Barrette,https://www.amazon.com/s?k=Multi-Print+Barrette&i=beauty&s=exact-aware-popularity-rank&ref=sr_st_exact-aware-popularity-rank
Therapiste Shampoo,https://www.amazon.com/s?k=Therapiste+Shampoo&i=beauty&s=exact-aware-popularity-rank&ref=sr_st_exact-aware-popularity-rank
Supreme Conditioner,https://www.amazon.com/s?k=Supreme+Conditioner&i=beauty&s=exact-aware-popularity-rank&ref=sr_st_exact-aware-popularity-rank
Citrus Detangler,https://www.amazon.com/s?k=Citrus+Detangler&i=beauty&s=exact-aware-popularity-rank&ref=sr_st_exact-aware-popularity-rank
Ouro Shampoo,https://www.amazon.com/s?k=Ouro+Shampoo&i=beauty&s=exact-aware-popularity-rank&ref=sr_st_exact-aware-popularity-rank
Hibiscus Conditioner,https://www.amazon.com/s?k=Hibiscus+Conditioner&i=beauty&s=exact-aware-popularity-rank&ref=sr_st_exact-aware-popularity-rank
Sea Moss Spray,https://www.amazon.com/s?k=Sea+Moss+Spray&i=beauty&s=exact-aware-popularity-rank&ref=sr_st_exact-aware-popularity-rank
Beard Bib,https://www.amazon.com/s?k=Beard+Bib&i=beauty&s=exact-aware-popularity-rank&ref=sr_st_exact-aware-popularity-rank
Damage Recovery,https://www.amazon.com/s?k=Damage+Recovery&i=beauty&s=exact-aware-popularity-rank&ref=sr_st_exact-aware-popularity-rank
Flex barrettes,https://www.amazon.com/s?k=Flex+barrettes&i=beauty&s=exact-aware-popularity-rank&ref=sr_st_exact-aware-popularity-rank
Plumping Cream,https://www.amazon.com/s?k=Plumping+Cream&i=beauty&s=exact-aware-popularity-rank&ref=sr_st_exact-aware-popularity-rank
Leather cream,https://www.amazon.com/s?k=Leather+cream&i=beauty&s=exact-aware-popularity-rank&ref=sr_st_exact-aware-popularity-rank
Coconut Souffle,https://www.amazon.com/s?k=Coconut+Souffle&i=beauty&s=exact-aware-popularity-rank&ref=sr_st_exact-aware-popularity-rank
Rhinestone Bobby Pins,https://www.amazon.com/s?k=Rhinestone+Bobby+Pins&i=beauty&s=exact-aware-popularity-rank&ref=sr_st_exact-aware-popularity-rank
Hair Vitalizer,https://www.amazon.com/s?k=Hair+Vitalizer&i=beauty&s=exact-aware-popularity-rank&ref=sr_st_exact-aware-popularity-rank
Braided Headbands,https://www.amazon.com/s?k=Braided+Headbands&i=beauty&s=exact-aware-popularity-rank&ref=sr_st_exact-aware-popularity-rank
Hair shears,https://www.amazon.com/s?k=Hair+shears&i=beauty&s=exact-aware-popularity-rank&ref=sr_st_exact-aware-popularity-rank
Strengthen Restore,https://www.amazon.com/s?k=Strengthen+Restore&i=beauty&s=exact-aware-popularity-rank&ref=sr_st_exact-aware-popularity-rank
Leave-In Spray,https://www.amazon.com/s?k=Leave-In+Spray&i=beauty&s=exact-aware-popularity-rank&ref=sr_st_exact-aware-popularity-rank
Banana Shampoo,https://www.amazon.com/s?k=Banana+Shampoo&i=beauty&s=exact-aware-popularity-rank&ref=sr_st_exact-aware-popularity-rank
Heat protection,https://www.amazon.com/s?k=Heat+protection&i=beauty&s=exact-aware-popularity-rank&ref=sr_st_exact-aware-popularity-rank
Nourishing Mask,https://www.amazon.com/s?k=Nourishing+Mask&i=beauty&s=exact-aware-popularity-rank&ref=sr_st_exact-aware-popularity-rank
Signature Shampoo,https://www.amazon.com/s?k=Signature+Shampoo&i=beauty&s=exact-aware-popularity-rank&ref=sr_st_exact-aware-popularity-rank
Curling Jelly,https://www.amazon.com/s?k=Curling+Jelly&i=beauty&s=exact-aware-popularity-rank&ref=sr_st_exact-aware-popularity-rank
Lux Oil,https://www.amazon.com/s?k=Lux+Oil&i=beauty&s=exact-aware-popularity-rank&ref=sr_st_exact-aware-popularity-rank
Thermal Shine,https://www.amazon.com/s?k=Thermal+Shine&i=beauty&s=exact-aware-popularity-rank&ref=sr_st_exact-aware-popularity-rank
Curling gel,https://www.amazon.com/s?k=Curling+gel&i=beauty&s=exact-aware-popularity-rank&ref=sr_st_exact-aware-popularity-rank
Length strengthening,https://www.amazon.com/s?k=Length+strengthening&i=beauty&s=exact-aware-popularity-rank&ref=sr_st_exact-aware-popularity-rank
Hair Sticks,https://www.amazon.com/s?k=Hair+Sticks&i=beauty&s=exact-aware-popularity-rank&ref=sr_st_exact-aware-popularity-rank
Soothing Shampoo,https://www.amazon.com/s?k=Soothing+Shampoo&i=beauty&s=exact-aware-popularity-rank&ref=sr_st_exact-aware-popularity-rank
Hydrating Curling,https://www.amazon.com/s?k=Hydrating+Curling&i=beauty&s=exact-aware-popularity-rank&ref=sr_st_exact-aware-popularity-rank
No-Slip Headbands,https://www.amazon.com/s?k=No-Slip+Headbands&i=beauty&s=exact-aware-popularity-rank&ref=sr_st_exact-aware-popularity-rank
Air Styler,https://www.amazon.com/s?k=Air+Styler&i=beauty&s=exact-aware-popularity-rank&ref=sr_st_exact-aware-popularity-rank
Nightmare Scrunchie,https://www.amazon.com/s?k=Nightmare+Scrunchie&i=beauty&s=exact-aware-popularity-rank&ref=sr_st_exact-aware-popularity-rank
Hair Ties,https://www.amazon.com/s?k=Hair+Ties&i=beauty&s=exact-aware-popularity-rank&ref=sr_st_exact-aware-popularity-rank
Yoda Scrunchies,https://www.amazon.com/s?k=Yoda+Scrunchies&i=beauty&s=exact-aware-popularity-rank&ref=sr_st_exact-aware-popularity-rank
Keratin Potion,https://www.amazon.com/s?k=Keratin+Potion&i=beauty&s=exact-aware-popularity-rank&ref=sr_st_exact-aware-popularity-rank
Restructuring Shampoo,https://www.amazon.com/s?k=Restructuring+Shampoo&i=beauty&s=exact-aware-popularity-rank&ref=sr_st_exact-aware-popularity-rank
Mini scrunchie,https://www.amazon.com/s?k=Mini+scrunchie&i=beauty&s=exact-aware-popularity-rank&ref=sr_st_exact-aware-popularity-rank
Coconut Body Wash,https://www.amazon.com/s?k=Coconut+Body+Wash&i=beauty&s=exact-aware-popularity-rank&ref=sr_st_exact-aware-popularity-rank
