Keyword,Links
Strong Shampoo,https://www.ebay.com/sch/i.html?_from=R40&_nkw=Strong+Shampoo&_sacat=26395&rt=nc&LH_ItemCondition=3&LH_BIN=1&rt=nc&LH_PrefLoc=1
Rhinestone Hairpin,https://www.ebay.com/sch/i.html?_from=R40&_nkw=Rhinestone+Hairpin&_sacat=26395&rt=nc&LH_ItemCondition=3&LH_BIN=1&rt=nc&LH_PrefLoc=1
Oil Treatment,https://www.ebay.com/sch/i.html?_from=R40&_nkw=Oil+Treatment&_sacat=26395&rt=nc&LH_ItemCondition=3&LH_BIN=1&rt=nc&LH_PrefLoc=1
Repair Balm,https://www.ebay.com/sch/i.html?_from=R40&_nkw=Repair+Balm&_sacat=26395&rt=nc&LH_ItemCondition=3&LH_BIN=1&rt=nc&LH_PrefLoc=1
Biotin Mist,https://www.ebay.com/sch/i.html?_from=R40&_nkw=Biotin+Mist&_sacat=26395&rt=nc&LH_ItemCondition=3&LH_BIN=1&rt=nc&LH_PrefLoc=1
Smoothing Cream,https://www.ebay.com/sch/i.html?_from=R40&_nkw=Smoothing+Cream&_sacat=26395&rt=nc&LH_ItemCondition=3&LH_BIN=1&rt=nc&LH_PrefLoc=1
Lay Down,https://www.ebay.com/sch/i.html?_from=R40&_nkw=Lay+Down&_sacat=26395&rt=nc&LH_ItemCondition=3&LH_BIN=1&rt=nc&LH_PrefLoc=1
Nighttime Cream,https://www.ebay.com/sch/i.html?_from=R40&_nkw=Nighttime+Cream&_sacat=26395&rt=nc&LH_ItemCondition=3&LH_BIN=1&rt=nc&LH_PrefLoc=1
Medium Hold Spray,https://www.ebay.com/sch/i.html?_from=R40&_nkw=Medium+Hold+Spray&_sacat=26395&rt=nc&LH_ItemCondition=3&LH_BIN=1&rt=nc&LH_PrefLoc=1
Beach gel,https://www.ebay.com/sch/i.html?_from=R40&_nkw=Beach+gel&_sacat=26395&rt=nc&LH_ItemCondition=3&LH_BIN=1&rt=nc&LH_PrefLoc=1
Multi-Print Barrette,https://www.ebay.com/sch/i.html?_from=R40&_nkw=Multi-Print+Barrette&_sacat=26395&rt=nc&LH_ItemCondition=3&LH_BIN=1&rt=nc&LH_PrefLoc=1
Therapiste Shampoo,https://www.ebay.com/sch/i.html?_from=R40&_nkw=Therapiste+Shampoo&_sacat=26395&rt=nc&LH_ItemCondition=3&LH_BIN=1&rt=nc&LH_PrefLoc=1
Supreme Conditioner,https://www.ebay.com/sch/i.html?_from=R40&_nkw=Supreme+Conditioner&_sacat=26395&rt=nc&LH_ItemCondition=3&LH_BIN=1&rt=nc&LH_PrefLoc=1
Citrus Detangler,https://www.ebay.com/sch/i.html?_from=R40&_nkw=Citrus+Detangler&_sacat=26395&rt=nc&LH_ItemCondition=3&LH_BIN=1&rt=nc&LH_PrefLoc=1
Ouro Shampoo,https://www.ebay.com/sch/i.html?_from=R40&_nkw=Ouro+Shampoo&_sacat=26395&rt=nc&LH_ItemCondition=3&LH_BIN=1&rt=nc&LH_PrefLoc=1
Hibiscus Conditioner,https://www.ebay.com/sch/i.html?_from=R40&_nkw=Hibiscus+Conditioner&_sacat=26395&rt=nc&LH_ItemCondition=3&LH_BIN=1&rt=nc&LH_PrefLoc=1
Sea Moss Spray,https://www.ebay.com/sch/i.html?_from=R40&_nkw=Sea+Moss+Spray&_sacat=26395&rt=nc&LH_ItemCondition=3&LH_BIN=1&rt=nc&LH_PrefLoc=1
Beard Bib,https://www.ebay.com/sch/i.html?_from=R40&_nkw=Beard+Bib&_sacat=26395&rt=nc&LH_ItemCondition=3&LH_BIN=1&rt=nc&LH_PrefLoc=1
Damage Recovery,https://www.ebay.com/sch/i.html?_from=R40&_nkw=Damage+Recovery&_sacat=26395&rt=nc&LH_ItemCondition=3&LH_BIN=1&rt=nc&LH_PrefLoc=1
Flex barrettes,https://www.ebay.com/sch/i.html?_from=R40&_nkw=Flex+barrettes&_sacat=26395&rt=nc&LH_ItemCondition=3&LH_BIN=1&rt=nc&LH_PrefLoc=1
Plumping Cream,https://www.ebay.com/sch/i.html?_from=R40&_nkw=Plumping+Cream&_sacat=26395&rt=nc&LH_ItemCondition=3&LH_BIN=1&rt=nc&LH_PrefLoc=1
Leather cream,https://www.ebay.com/sch/i.html?_from=R40&_nkw=Leather+cream&_sacat=26395&rt=nc&LH_ItemCondition=3&LH_BIN=1&rt=nc&LH_PrefLoc=1
Coconut Souffle,https://www.ebay.com/sch/i.html?_from=R40&_nkw=Coconut+Souffle&_sacat=26395&rt=nc&LH_ItemCondition=3&LH_BIN=1&rt=nc&LH_PrefLoc=1
Rhinestone Bobby Pins,https://www.ebay.com/sch/i.html?_from=R40&_nkw=Rhinestone+Bobby+Pins&_sacat=26395&rt=nc&LH_ItemCondition=3&LH_BIN=1&rt=nc&LH_PrefLoc=1
Hair Vitalizer,https://www.ebay.com/sch/i.html?_from=R40&_nkw=Hair+Vitalizer&_sacat=26395&rt=nc&LH_ItemCondition=3&LH_BIN=1&rt=nc&LH_PrefLoc=1
Braided Headbands,https://www.ebay.com/sch/i.html?_from=R40&_nkw=Braided+Headbands&_sacat=26395&rt=nc&LH_ItemCondition=3&LH_BIN=1&rt=nc&LH_PrefLoc=1
Hair shears,https://www.ebay.com/sch/i.html?_from=R40&_nkw=Hair+shears&_sacat=26395&rt=nc&LH_ItemCondition=3&LH_BIN=1&rt=nc&LH_PrefLoc=1
Strengthen Restore,https://www.ebay.com/sch/i.html?_from=R40&_nkw=Strengthen+Restore&_sacat=26395&rt=nc&LH_ItemCondition=3&LH_BIN=1&rt=nc&LH_PrefLoc=1
Leave-In Spray,https://www.ebay.com/sch/i.html?_from=R40&_nkw=Leave-In+Spray&_sacat=26395&rt=nc&LH_ItemCondition=3&LH_BIN=1&rt=nc&LH_PrefLoc=1
Banana Shampoo,https://www.ebay.com/sch/i.html?_from=R40&_nkw=Banana+Shampoo&_sacat=26395&rt=nc&LH_ItemCondition=3&LH_BIN=1&rt=nc&LH_PrefLoc=1
Heat protection,https://www.ebay.com/sch/i.html?_from=R40&_nkw=Heat+protection&_sacat=26395&rt=nc&LH_ItemCondition=3&LH_BIN=1&rt=nc&LH_PrefLoc=1
Nourishing Mask,https://www.ebay.com/sch/i.html?_from=R40&_nkw=Nourishing+Mask&_sacat=26395&rt=nc&LH_ItemCondition=3&LH_BIN=1&rt=nc&LH_PrefLoc=1
Signature Shampoo,https://www.ebay.com/sch/i.html?_from=R40&_nkw=Signature+Shampoo&_sacat=26395&rt=nc&LH_ItemCondition=3&LH_BIN=1&rt=nc&LH_PrefLoc=1
Curling Jelly,https://www.ebay.com/sch/i.html?_from=R40&_nkw=Curling+Jelly&_sacat=26395&rt=nc&LH_ItemCondition=3&LH_BIN=1&rt=nc&LH_PrefLoc=1
Lux Oil,https://www.ebay.com/sch/i.html?_from=R40&_nkw=Lux+Oil&_sacat=26395&rt=nc&LH_ItemCondition=3&LH_BIN=1&rt=nc&LH_PrefLoc=1
Thermal Shine,https://www.ebay.com/sch/i.html?_from=R40&_nkw=Thermal+Shine&_sacat=26395&rt=nc&LH_ItemCondition=3&LH_BIN=1&rt=nc&LH_PrefLoc=1
Curling gel,https://www.ebay.com/sch/i.html?_from=R40&_nkw=Curling+gel&_sacat=26395&rt=nc&LH_ItemCondition=3&LH_BIN=1&rt=nc&LH_PrefLoc=1
Length strengthening,https://www.ebay.com/sch/i.html?_from=R40&_nkw=Length+strengthening&_sacat=26395&rt=nc&LH_ItemCondition=3&LH_BIN=1&rt=nc&LH_PrefLoc=1
Hair Sticks,https://www.ebay.com/sch/i.html?_from=R40&_nkw=Hair+Sticks&_sacat=26395&rt=nc&LH_ItemCondition=3&LH_BIN=1&rt=nc&LH_PrefLoc=1
Soothing Shampoo,https://www.ebay.com/sch/i.html?_from=R40&_nkw=Soothing+Shampoo&_sacat=26395&rt=nc&LH_ItemCondition=3&LH_BIN=1&rt=nc&LH_PrefLoc=1
Hydrating Curling,https://www.ebay.com/sch/i.html?_from=R40&_nkw=Hydrating+Curling&_sacat=26395&rt=nc&LH_ItemCondition=3&LH_BIN=1&rt=nc&LH_PrefLoc=1
No-Slip Headbands,https://www.ebay.com/sch/i.html?_from=R40&_nkw=No-Slip+Headbands&_sacat=26395&rt=nc&LH_ItemCondition=3&LH_BIN=1&rt=nc&LH_PrefLoc=1
Air Styler,https://www.ebay.com/sch/i.html?_from=R40&_nkw=Air+Styler&_sacat=26395&rt=nc&LH_ItemCondition=3&LH_BIN=1&rt=nc&LH_PrefLoc=1
Nightmare Scrunchie,https://www.ebay.com/sch/i.html?_from=R40&_nkw=Nightmare+Scrunchie&_sacat=26395&rt=nc&LH_ItemCondition=3&LH_BIN=1&rt=nc&LH_PrefLoc=1
Hair Ties,https://www.ebay.com/sch/i.html?_from=R40&_nkw=Hair+Ties&_sacat=26395&rt=nc&LH_ItemCondition=3&LH_BIN=1&rt=nc&LH_PrefLoc=1
Yoda Scrunchies,https://www.ebay.com/sch/i.html?_from=R40&_nkw=Yoda+Scrunchies&_sacat=26395&rt=nc&LH_ItemCondition=3&LH_BIN=1&rt=nc&LH_PrefLoc=1
Keratin Potion,https://www.ebay.com/sch/i.html?_from=R40&_nkw=Keratin+Potion&_sacat=26395&rt=nc&LH_ItemCondition=3&LH_BIN=1&rt=nc&LH_PrefLoc=1
Restructuring Shampoo,https://www.ebay.com/sch/i.html?_from=R40&_nkw=Restructuring+Shampoo&_sacat=26395&rt=nc&LH_ItemCondition=3&LH_BIN=1&rt=nc&LH_PrefLoc=1
Mini scrunchie,https://www.ebay.com/sch/i.html?_from=R40&_nkw=Mini+scrunchie&_sacat=26395&rt=nc&LH_ItemCondition=3&LH_BIN=1&rt=nc&LH_PrefLoc=1
Coconut Body Wash,https://www.ebay.com/sch/i.html?_from=R40&_nkw=Coconut+Body+Wash&_sacat=26395&rt=nc&LH_ItemCondition=3&LH_BIN=1&rt=nc&LH_PrefLoc=1
