Keyword,Links
Chlorella Capsules,https://www.ebay.com/sch/i.html?_from=R40&_nkw=Chlorella+Capsules&_sacat=26395&rt=nc&LH_ItemCondition=3&LH_BIN=1&rt=nc&LH_PrefLoc=1
Cordyceps Superfood,https://www.ebay.com/sch/i.html?_from=R40&_nkw=Cordyceps+Superfood&_sacat=26395&rt=nc&LH_ItemCondition=3&LH_BIN=1&rt=nc&LH_PrefLoc=1
Whey Protein,https://www.ebay.com/sch/i.html?_from=R40&_nkw=Whey+Protein&_sacat=26395&rt=nc&LH_ItemCondition=3&LH_BIN=1&rt=nc&LH_PrefLoc=1
Plant-Based Protein,https://www.ebay.com/sch/i.html?_from=R40&_nkw=Plant-Based+Protein&_sacat=26395&rt=nc&LH_ItemCondition=3&LH_BIN=1&rt=nc&LH_PrefLoc=1
Vanilla Protein,https://www.ebay.com/sch/i.html?_from=R40&_nkw=Vanilla+Protein&_sacat=26395&rt=nc&LH_ItemCondition=3&LH_BIN=1&rt=nc&LH_PrefLoc=1
Protein powder,https://www.ebay.com/sch/i.html?_from=R40&_nkw=Protein+powder&_sacat=26395&rt=nc&LH_ItemCondition=3&LH_BIN=1&rt=nc&LH_PrefLoc=1
Soft Serve,https://www.ebay.com/sch/i.html?_from=R40&_nkw=Soft+Serve&_sacat=26395&rt=nc&LH_ItemCondition=3&LH_BIN=1&rt=nc&LH_PrefLoc=1
Mass gainer,https://www.ebay.com/sch/i.html?_from=R40&_nkw=Mass+gainer&_sacat=26395&rt=nc&LH_ItemCondition=3&LH_BIN=1&rt=nc&LH_PrefLoc=1
Protein supplement,https://www.ebay.com/sch/i.html?_from=R40&_nkw=Protein+supplement&_sacat=26395&rt=nc&LH_ItemCondition=3&LH_BIN=1&rt=nc&LH_PrefLoc=1
Organic Protein,https://www.ebay.com/sch/i.html?_from=R40&_nkw=Organic+Protein&_sacat=26395&rt=nc&LH_ItemCondition=3&LH_BIN=1&rt=nc&LH_PrefLoc=1
Isolate Protein,https://www.ebay.com/sch/i.html?_from=R40&_nkw=Isolate+Protein&_sacat=26395&rt=nc&LH_ItemCondition=3&LH_BIN=1&rt=nc&LH_PrefLoc=1
Weight Gainer,https://www.ebay.com/sch/i.html?_from=R40&_nkw=Weight+Gainer&_sacat=26395&rt=nc&LH_ItemCondition=3&LH_BIN=1&rt=nc&LH_PrefLoc=1
Protein Cookies,https://www.ebay.com/sch/i.html?_from=R40&_nkw=Protein+Cookies&_sacat=26395&rt=nc&LH_ItemCondition=3&LH_BIN=1&rt=nc&LH_PrefLoc=1
Banana Cinnamon,https://www.ebay.com/sch/i.html?_from=R40&_nkw=Banana+Cinnamon&_sacat=26395&rt=nc&LH_ItemCondition=3&LH_BIN=1&rt=nc&LH_PrefLoc=1
Low Carb Protein,https://www.ebay.com/sch/i.html?_from=R40&_nkw=Low+Carb+Protein&_sacat=26395&rt=nc&LH_ItemCondition=3&LH_BIN=1&rt=nc&LH_PrefLoc=1
Protein blend,https://www.ebay.com/sch/i.html?_from=R40&_nkw=Protein+blend&_sacat=26395&rt=nc&LH_ItemCondition=3&LH_BIN=1&rt=nc&LH_PrefLoc=1
Whey Isolate,https://www.ebay.com/sch/i.html?_from=R40&_nkw=Whey+Isolate&_sacat=26395&rt=nc&LH_ItemCondition=3&LH_BIN=1&rt=nc&LH_PrefLoc=1
Whole Food,https://www.ebay.com/sch/i.html?_from=R40&_nkw=Whole+Food&_sacat=26395&rt=nc&LH_ItemCondition=3&LH_BIN=1&rt=nc&LH_PrefLoc=1
Whey Chips,https://www.ebay.com/sch/i.html?_from=R40&_nkw=Whey+Chips&_sacat=26395&rt=nc&LH_ItemCondition=3&LH_BIN=1&rt=nc&LH_PrefLoc=1
Cosmic Brownie,https://www.ebay.com/sch/i.html?_from=R40&_nkw=Cosmic+Brownie&_sacat=26395&rt=nc&LH_ItemCondition=3&LH_BIN=1&rt=nc&LH_PrefLoc=1
Select Protein,https://www.ebay.com/sch/i.html?_from=R40&_nkw=Select+Protein&_sacat=26395&rt=nc&LH_ItemCondition=3&LH_BIN=1&rt=nc&LH_PrefLoc=1
Apple Pie Protein,https://www.ebay.com/sch/i.html?_from=R40&_nkw=Apple+Pie+Protein&_sacat=26395&rt=nc&LH_ItemCondition=3&LH_BIN=1&rt=nc&LH_PrefLoc=1
Hydro Protein,https://www.ebay.com/sch/i.html?_from=R40&_nkw=Hydro+Protein&_sacat=26395&rt=nc&LH_ItemCondition=3&LH_BIN=1&rt=nc&LH_PrefLoc=1
Almond Protein,https://www.ebay.com/sch/i.html?_from=R40&_nkw=Almond+Protein&_sacat=26395&rt=nc&LH_ItemCondition=3&LH_BIN=1&rt=nc&LH_PrefLoc=1
Beta Alanine,https://www.ebay.com/sch/i.html?_from=R40&_nkw=Beta+Alanine&_sacat=26395&rt=nc&LH_ItemCondition=3&LH_BIN=1&rt=nc&LH_PrefLoc=1
Pea Protein,https://www.ebay.com/sch/i.html?_from=R40&_nkw=Pea+Protein&_sacat=26395&rt=nc&LH_ItemCondition=3&LH_BIN=1&rt=nc&LH_PrefLoc=1
Casein Protein,https://www.ebay.com/sch/i.html?_from=R40&_nkw=Casein+Protein&_sacat=26395&rt=nc&LH_ItemCondition=3&LH_BIN=1&rt=nc&LH_PrefLoc=1
Whey S'mores,https://www.ebay.com/sch/i.html?_from=R40&_nkw=Whey+S'mores&_sacat=26395&rt=nc&LH_ItemCondition=3&LH_BIN=1&rt=nc&LH_PrefLoc=1
Rice Protein,https://www.ebay.com/sch/i.html?_from=R40&_nkw=Rice+Protein&_sacat=26395&rt=nc&LH_ItemCondition=3&LH_BIN=1&rt=nc&LH_PrefLoc=1
Barley Protein,https://www.ebay.com/sch/i.html?_from=R40&_nkw=Barley+Protein&_sacat=26395&rt=nc&LH_ItemCondition=3&LH_BIN=1&rt=nc&LH_PrefLoc=1
Pumpkin Protein,https://www.ebay.com/sch/i.html?_from=R40&_nkw=Pumpkin+Protein&_sacat=26395&rt=nc&LH_ItemCondition=3&LH_BIN=1&rt=nc&LH_PrefLoc=1
Strawberry powder,https://www.ebay.com/sch/i.html?_from=R40&_nkw=Strawberry+powder&_sacat=26395&rt=nc&LH_ItemCondition=3&LH_BIN=1&rt=nc&LH_PrefLoc=1
Grass Fed Whey,https://www.ebay.com/sch/i.html?_from=R40&_nkw=Grass+Fed+Whey&_sacat=26395&rt=nc&LH_ItemCondition=3&LH_BIN=1&rt=nc&LH_PrefLoc=1
Hydrolyzed Protein,https://www.ebay.com/sch/i.html?_from=R40&_nkw=Hydrolyzed+Protein&_sacat=26395&rt=nc&LH_ItemCondition=3&LH_BIN=1&rt=nc&LH_PrefLoc=1
Whey Gainer,https://www.ebay.com/sch/i.html?_from=R40&_nkw=Whey+Gainer&_sacat=26395&rt=nc&LH_ItemCondition=3&LH_BIN=1&rt=nc&LH_PrefLoc=1
Peanut Butter Protein,https://www.ebay.com/sch/i.html?_from=R40&_nkw=Peanut+Butter+Protein&_sacat=26395&rt=nc&LH_ItemCondition=3&LH_BIN=1&rt=nc&LH_PrefLoc=1
Keto Bone Broth,https://www.ebay.com/sch/i.html?_from=R40&_nkw=Keto+Bone+Broth&_sacat=26395&rt=nc&LH_ItemCondition=3&LH_BIN=1&rt=nc&LH_PrefLoc=1
Vanilla Chai,https://www.ebay.com/sch/i.html?_from=R40&_nkw=Vanilla+Chai&_sacat=26395&rt=nc&LH_ItemCondition=3&LH_BIN=1&rt=nc&LH_PrefLoc=1
Banana Protein,https://www.ebay.com/sch/i.html?_from=R40&_nkw=Banana+Protein&_sacat=26395&rt=nc&LH_ItemCondition=3&LH_BIN=1&rt=nc&LH_PrefLoc=1
Mannose Capsules,https://www.ebay.com/sch/i.html?_from=R40&_nkw=Mannose+Capsules&_sacat=26395&rt=nc&LH_ItemCondition=3&LH_BIN=1&rt=nc&LH_PrefLoc=1
Creatine Caplets,https://www.ebay.com/sch/i.html?_from=R40&_nkw=Creatine+Caplets&_sacat=26395&rt=nc&LH_ItemCondition=3&LH_BIN=1&rt=nc&LH_PrefLoc=1
High Protein,https://www.ebay.com/sch/i.html?_from=R40&_nkw=High+Protein&_sacat=26395&rt=nc&LH_ItemCondition=3&LH_BIN=1&rt=nc&LH_PrefLoc=1
Superfood Protein,https://www.ebay.com/sch/i.html?_from=R40&_nkw=Superfood+Protein&_sacat=26395&rt=nc&LH_ItemCondition=3&LH_BIN=1&rt=nc&LH_PrefLoc=1
Weight Management,https://www.ebay.com/sch/i.html?_from=R40&_nkw=Weight+Management&_sacat=26395&rt=nc&LH_ItemCondition=3&LH_BIN=1&rt=nc&LH_PrefLoc=1
Banana shake,https://www.ebay.com/sch/i.html?_from=R40&_nkw=Banana+shake&_sacat=26395&rt=nc&LH_ItemCondition=3&LH_BIN=1&rt=nc&LH_PrefLoc=1
Grass Fed Protein,https://www.ebay.com/sch/i.html?_from=R40&_nkw=Grass+Fed+Protein&_sacat=26395&rt=nc&LH_ItemCondition=3&LH_BIN=1&rt=nc&LH_PrefLoc=1
Cinnamon Whey,https://www.ebay.com/sch/i.html?_from=R40&_nkw=Cinnamon+Whey&_sacat=26395&rt=nc&LH_ItemCondition=3&LH_BIN=1&rt=nc&LH_PrefLoc=1
Collagen Protein,https://www.ebay.com/sch/i.html?_from=R40&_nkw=Collagen+Protein&_sacat=26395&rt=nc&LH_ItemCondition=3&LH_BIN=1&rt=nc&LH_PrefLoc=1
Clean gainer,https://www.ebay.com/sch/i.html?_from=R40&_nkw=Clean+gainer&_sacat=26395&rt=nc&LH_ItemCondition=3&LH_BIN=1&rt=nc&LH_PrefLoc=1
Mass Protein,https://www.ebay.com/sch/i.html?_from=R40&_nkw=Mass+Protein&_sacat=26395&rt=nc&LH_ItemCondition=3&LH_BIN=1&rt=nc&LH_PrefLoc=1
