Keyword,Links
Digestive Health,https://www.ebay.com/sch/i.html?_from=R40&_nkw=Digestive+Health&_sacat=26395&rt=nc&LH_ItemCondition=3&LH_BIN=1&rt=nc&LH_PrefLoc=1
Vegetable Culture,https://www.ebay.com/sch/i.html?_from=R40&_nkw=Vegetable+Culture&_sacat=26395&rt=nc&LH_ItemCondition=3&LH_BIN=1&rt=nc&LH_PrefLoc=1
Acidophilus Pectin,https://www.ebay.com/sch/i.html?_from=R40&_nkw=Acidophilus+Pectin&_sacat=26395&rt=nc&LH_ItemCondition=3&LH_BIN=1&rt=nc&LH_PrefLoc=1
Probiotic Digestive,https://www.ebay.com/sch/i.html?_from=R40&_nkw=Probiotic+Digestive&_sacat=26395&rt=nc&LH_ItemCondition=3&LH_BIN=1&rt=nc&LH_PrefLoc=1
Kids toys,https://www.ebay.com/sch/i.html?_from=R40&_nkw=Kids+toys&_sacat=26395&rt=nc&LH_ItemCondition=3&LH_BIN=1&rt=nc&LH_PrefLoc=1
Digestive Balance,https://www.ebay.com/sch/i.html?_from=R40&_nkw=Digestive+Balance&_sacat=26395&rt=nc&LH_ItemCondition=3&LH_BIN=1&rt=nc&LH_PrefLoc=1
Metabolism Superfood,https://www.ebay.com/sch/i.html?_from=R40&_nkw=Metabolism+Superfood&_sacat=26395&rt=nc&LH_ItemCondition=3&LH_BIN=1&rt=nc&LH_PrefLoc=1
Elderberry Immune,https://www.ebay.com/sch/i.html?_from=R40&_nkw=Elderberry+Immune&_sacat=26395&rt=nc&LH_ItemCondition=3&LH_BIN=1&rt=nc&LH_PrefLoc=1
Tooth fairy,https://www.ebay.com/sch/i.html?_from=R40&_nkw=Tooth+fairy&_sacat=26395&rt=nc&LH_ItemCondition=3&LH_BIN=1&rt=nc&LH_PrefLoc=1
Lysine Probiotics,https://www.ebay.com/sch/i.html?_from=R40&_nkw=Lysine+Probiotics&_sacat=26395&rt=nc&LH_ItemCondition=3&LH_BIN=1&rt=nc&LH_PrefLoc=1
Keto Cleanse,https://www.ebay.com/sch/i.html?_from=R40&_nkw=Keto+Cleanse&_sacat=26395&rt=nc&LH_ItemCondition=3&LH_BIN=1&rt=nc&LH_PrefLoc=1
Baby Probiotics,https://www.ebay.com/sch/i.html?_from=R40&_nkw=Baby+Probiotics&_sacat=26395&rt=nc&LH_ItemCondition=3&LH_BIN=1&rt=nc&LH_PrefLoc=1
Psyllium Capsules,https://www.ebay.com/sch/i.html?_from=R40&_nkw=Psyllium+Capsules&_sacat=26395&rt=nc&LH_ItemCondition=3&LH_BIN=1&rt=nc&LH_PrefLoc=1
Candida Probiotics,https://www.ebay.com/sch/i.html?_from=R40&_nkw=Candida+Probiotics&_sacat=26395&rt=nc&LH_ItemCondition=3&LH_BIN=1&rt=nc&LH_PrefLoc=1
Fungus Support,https://www.ebay.com/sch/i.html?_from=R40&_nkw=Fungus+Support&_sacat=26395&rt=nc&LH_ItemCondition=3&LH_BIN=1&rt=nc&LH_PrefLoc=1
Digestive Wellness,https://www.ebay.com/sch/i.html?_from=R40&_nkw=Digestive+Wellness&_sacat=26395&rt=nc&LH_ItemCondition=3&LH_BIN=1&rt=nc&LH_PrefLoc=1
Probiotic Lozenges,https://www.ebay.com/sch/i.html?_from=R40&_nkw=Probiotic+Lozenges&_sacat=26395&rt=nc&LH_ItemCondition=3&LH_BIN=1&rt=nc&LH_PrefLoc=1
Amino Suppositories,https://www.ebay.com/sch/i.html?_from=R40&_nkw=Amino+Suppositories&_sacat=26395&rt=nc&LH_ItemCondition=3&LH_BIN=1&rt=nc&LH_PrefLoc=1
Align Capsules,https://www.ebay.com/sch/i.html?_from=R40&_nkw=Align+Capsules&_sacat=26395&rt=nc&LH_ItemCondition=3&LH_BIN=1&rt=nc&LH_PrefLoc=1
Bifido capsules,https://www.ebay.com/sch/i.html?_from=R40&_nkw=Bifido+capsules&_sacat=26395&rt=nc&LH_ItemCondition=3&LH_BIN=1&rt=nc&LH_PrefLoc=1
Prebiotic Support,https://www.ebay.com/sch/i.html?_from=R40&_nkw=Prebiotic+Support&_sacat=26395&rt=nc&LH_ItemCondition=3&LH_BIN=1&rt=nc&LH_PrefLoc=1
Probiotic Cleanse,https://www.ebay.com/sch/i.html?_from=R40&_nkw=Probiotic+Cleanse&_sacat=26395&rt=nc&LH_ItemCondition=3&LH_BIN=1&rt=nc&LH_PrefLoc=1
AHCC Probiotics,https://www.ebay.com/sch/i.html?_from=R40&_nkw=AHCC+Probiotics&_sacat=26395&rt=nc&LH_ItemCondition=3&LH_BIN=1&rt=nc&LH_PrefLoc=1
Probiotic Packets,https://www.ebay.com/sch/i.html?_from=R40&_nkw=Probiotic+Packets&_sacat=26395&rt=nc&LH_ItemCondition=3&LH_BIN=1&rt=nc&LH_PrefLoc=1
Prebiotic Blend,https://www.ebay.com/sch/i.html?_from=R40&_nkw=Prebiotic+Blend&_sacat=26395&rt=nc&LH_ItemCondition=3&LH_BIN=1&rt=nc&LH_PrefLoc=1
Probiotics Adults,https://www.ebay.com/sch/i.html?_from=R40&_nkw=Probiotics+Adults&_sacat=26395&rt=nc&LH_ItemCondition=3&LH_BIN=1&rt=nc&LH_PrefLoc=1
Feminine Balance,https://www.ebay.com/sch/i.html?_from=R40&_nkw=Feminine+Balance&_sacat=26395&rt=nc&LH_ItemCondition=3&LH_BIN=1&rt=nc&LH_PrefLoc=1
Probiotic Caps,https://www.ebay.com/sch/i.html?_from=R40&_nkw=Probiotic+Caps&_sacat=26395&rt=nc&LH_ItemCondition=3&LH_BIN=1&rt=nc&LH_PrefLoc=1
Complete Probiotic,https://www.ebay.com/sch/i.html?_from=R40&_nkw=Complete+Probiotic&_sacat=26395&rt=nc&LH_ItemCondition=3&LH_BIN=1&rt=nc&LH_PrefLoc=1
HMO Supplement,https://www.ebay.com/sch/i.html?_from=R40&_nkw=HMO+Supplement&_sacat=26395&rt=nc&LH_ItemCondition=3&LH_BIN=1&rt=nc&LH_PrefLoc=1
Kid vitamins,https://www.ebay.com/sch/i.html?_from=R40&_nkw=Kid+vitamins&_sacat=26395&rt=nc&LH_ItemCondition=3&LH_BIN=1&rt=nc&LH_PrefLoc=1
Probiotic Relaxation,https://www.ebay.com/sch/i.html?_from=R40&_nkw=Probiotic+Relaxation&_sacat=26395&rt=nc&LH_ItemCondition=3&LH_BIN=1&rt=nc&LH_PrefLoc=1
Weightloss Capsules,https://www.ebay.com/sch/i.html?_from=R40&_nkw=Weightloss+Capsules&_sacat=26395&rt=nc&LH_ItemCondition=3&LH_BIN=1&rt=nc&LH_PrefLoc=1
Fungus Clear,https://www.ebay.com/sch/i.html?_from=R40&_nkw=Fungus+Clear&_sacat=26395&rt=nc&LH_ItemCondition=3&LH_BIN=1&rt=nc&LH_PrefLoc=1
Synbiotic Probiotics,https://www.ebay.com/sch/i.html?_from=R40&_nkw=Synbiotic+Probiotics&_sacat=26395&rt=nc&LH_ItemCondition=3&LH_BIN=1&rt=nc&LH_PrefLoc=1
Probiotic Lemon,https://www.ebay.com/sch/i.html?_from=R40&_nkw=Probiotic+Lemon&_sacat=26395&rt=nc&LH_ItemCondition=3&LH_BIN=1&rt=nc&LH_PrefLoc=1
Digestion optimizer,https://www.ebay.com/sch/i.html?_from=R40&_nkw=Digestion+optimizer&_sacat=26395&rt=nc&LH_ItemCondition=3&LH_BIN=1&rt=nc&LH_PrefLoc=1
Bifidobacterium capsules,https://www.ebay.com/sch/i.html?_from=R40&_nkw=Bifidobacterium+capsules&_sacat=26395&rt=nc&LH_ItemCondition=3&LH_BIN=1&rt=nc&LH_PrefLoc=1
Caprylic Acid,https://www.ebay.com/sch/i.html?_from=R40&_nkw=Caprylic+Acid&_sacat=26395&rt=nc&LH_ItemCondition=3&LH_BIN=1&rt=nc&LH_PrefLoc=1
Allergy Probiotic,https://www.ebay.com/sch/i.html?_from=R40&_nkw=Allergy+Probiotic&_sacat=26395&rt=nc&LH_ItemCondition=3&LH_BIN=1&rt=nc&LH_PrefLoc=1
Bowel Probiotics,https://www.ebay.com/sch/i.html?_from=R40&_nkw=Bowel+Probiotics&_sacat=26395&rt=nc&LH_ItemCondition=3&LH_BIN=1&rt=nc&LH_PrefLoc=1
Bifidobacterium probiotic,https://www.ebay.com/sch/i.html?_from=R40&_nkw=Bifidobacterium+probiotic&_sacat=26395&rt=nc&LH_ItemCondition=3&LH_BIN=1&rt=nc&LH_PrefLoc=1
Psyllium Fiber,https://www.ebay.com/sch/i.html?_from=R40&_nkw=Psyllium+Fiber&_sacat=26395&rt=nc&LH_ItemCondition=3&LH_BIN=1&rt=nc&LH_PrefLoc=1
Fiber Caplets,https://www.ebay.com/sch/i.html?_from=R40&_nkw=Fiber+Caplets&_sacat=26395&rt=nc&LH_ItemCondition=3&LH_BIN=1&rt=nc&LH_PrefLoc=1
Fiber Chewables,https://www.ebay.com/sch/i.html?_from=R40&_nkw=Fiber+Chewables&_sacat=26395&rt=nc&LH_ItemCondition=3&LH_BIN=1&rt=nc&LH_PrefLoc=1
Soluble fiber,https://www.ebay.com/sch/i.html?_from=R40&_nkw=Soluble+fiber&_sacat=26395&rt=nc&LH_ItemCondition=3&LH_BIN=1&rt=nc&LH_PrefLoc=1
Psyllium husks,https://www.ebay.com/sch/i.html?_from=R40&_nkw=Psyllium+husks&_sacat=26395&rt=nc&LH_ItemCondition=3&LH_BIN=1&rt=nc&LH_PrefLoc=1
Fiber therapy,https://www.ebay.com/sch/i.html?_from=R40&_nkw=Fiber+therapy&_sacat=26395&rt=nc&LH_ItemCondition=3&LH_BIN=1&rt=nc&LH_PrefLoc=1
Fiber capsules,https://www.ebay.com/sch/i.html?_from=R40&_nkw=Fiber+capsules&_sacat=26395&rt=nc&LH_ItemCondition=3&LH_BIN=1&rt=nc&LH_PrefLoc=1
Psyllium Powder,https://www.ebay.com/sch/i.html?_from=R40&_nkw=Psyllium+Powder&_sacat=26395&rt=nc&LH_ItemCondition=3&LH_BIN=1&rt=nc&LH_PrefLoc=1
