Keyword,Links
Cuticle Treatment,https://www.amazon.com/s?k=Cuticle+Treatment&i=beauty&s=exact-aware-popularity-rank&ref=sr_st_exact-aware-popularity-rank
Pearl polish,https://www.amazon.com/s?k=Pearl+polish&i=beauty&s=exact-aware-popularity-rank&ref=sr_st_exact-aware-popularity-rank
Fantasy Press On,https://www.amazon.com/s?k=Fantasy+Press+On&i=beauty&s=exact-aware-popularity-rank&ref=sr_st_exact-aware-popularity-rank
Press on Toenails,https://www.amazon.com/s?k=Press+on+Toenails&i=beauty&s=exact-aware-popularity-rank&ref=sr_st_exact-aware-popularity-rank
Summer Nails,https://www.amazon.com/s?k=Summer+Nails&i=beauty&s=exact-aware-popularity-rank&ref=sr_st_exact-aware-popularity-rank
Gel Nail Duo,https://www.amazon.com/s?k=Gel+Nail+Duo&i=beauty&s=exact-aware-popularity-rank&ref=sr_st_exact-aware-popularity-rank
Travel Manicure,https://www.amazon.com/s?k=Travel+Manicure&i=beauty&s=exact-aware-popularity-rank&ref=sr_st_exact-aware-popularity-rank
French press-ons,https://www.amazon.com/s?k=French+press-ons&i=beauty&s=exact-aware-popularity-rank&ref=sr_st_exact-aware-popularity-rank
Dip Powder,https://www.amazon.com/s?k=Dip+Powder&i=beauty&s=exact-aware-popularity-rank&ref=sr_st_exact-aware-popularity-rank
Nail Table,https://www.amazon.com/s?k=Nail+Table&i=beauty&s=exact-aware-popularity-rank&ref=sr_st_exact-aware-popularity-rank
French Tip Nails,https://www.amazon.com/s?k=French+Tip+Nails&i=beauty&s=exact-aware-popularity-rank&ref=sr_st_exact-aware-popularity-rank
Nail Shiner,https://www.amazon.com/s?k=Nail+Shiner&i=beauty&s=exact-aware-popularity-rank&ref=sr_st_exact-aware-popularity-rank
Hemp Cuticle,https://www.amazon.com/s?k=Hemp+Cuticle&i=beauty&s=exact-aware-popularity-rank&ref=sr_st_exact-aware-popularity-rank
Gradient Nails,https://www.amazon.com/s?k=Gradient+Nails&i=beauty&s=exact-aware-popularity-rank&ref=sr_st_exact-aware-popularity-rank
Nail Tips,https://www.amazon.com/s?k=Nail+Tips&i=beauty&s=exact-aware-popularity-rank&ref=sr_st_exact-aware-popularity-rank
White Almond Nails,https://www.amazon.com/s?k=White+Almond+Nails&i=beauty&s=exact-aware-popularity-rank&ref=sr_st_exact-aware-popularity-rank
Baby Nail Trimmer,https://www.amazon.com/s?k=Baby+Nail+Trimmer&i=beauty&s=exact-aware-popularity-rank&ref=sr_st_exact-aware-popularity-rank
Kids Nails,https://www.amazon.com/s?k=Kids+Nails&i=beauty&s=exact-aware-popularity-rank&ref=sr_st_exact-aware-popularity-rank
Cowboy Nails,https://www.amazon.com/s?k=Cowboy+Nails&i=beauty&s=exact-aware-popularity-rank&ref=sr_st_exact-aware-popularity-rank
Baby Nail Clipper,https://www.amazon.com/s?k=Baby+Nail+Clipper&i=beauty&s=exact-aware-popularity-rank&ref=sr_st_exact-aware-popularity-rank
Baby Nail Care,https://www.amazon.com/s?k=Baby+Nail+Care&i=beauty&s=exact-aware-popularity-rank&ref=sr_st_exact-aware-popularity-rank
Dipping System,https://www.amazon.com/s?k=Dipping+System&i=beauty&s=exact-aware-popularity-rank&ref=sr_st_exact-aware-popularity-rank
Infant Clippers,https://www.amazon.com/s?k=Infant+Clippers&i=beauty&s=exact-aware-popularity-rank&ref=sr_st_exact-aware-popularity-rank
Matcha Cuticle Oil,https://www.amazon.com/s?k=Matcha+Cuticle+Oil&i=beauty&s=exact-aware-popularity-rank&ref=sr_st_exact-aware-popularity-rank
Almond Nails,https://www.amazon.com/s?k=Almond+Nails&i=beauty&s=exact-aware-popularity-rank&ref=sr_st_exact-aware-popularity-rank
Nail Strips,https://www.amazon.com/s?k=Nail+Strips&i=beauty&s=exact-aware-popularity-rank&ref=sr_st_exact-aware-popularity-rank
Rose nail lacquer,https://www.amazon.com/s?k=Rose+nail+lacquer&i=beauty&s=exact-aware-popularity-rank&ref=sr_st_exact-aware-popularity-rank
Quick-Dry Top Coat,https://www.amazon.com/s?k=Quick-Dry+Top+Coat&i=beauty&s=exact-aware-popularity-rank&ref=sr_st_exact-aware-popularity-rank
Glitter Top Coat,https://www.amazon.com/s?k=Glitter+Top+Coat&i=beauty&s=exact-aware-popularity-rank&ref=sr_st_exact-aware-popularity-rank
Gel base coat,https://www.amazon.com/s?k=Gel+base+coat&i=beauty&s=exact-aware-popularity-rank&ref=sr_st_exact-aware-popularity-rank
Red Apple,https://www.amazon.com/s?k=Red+Apple&i=beauty&s=exact-aware-popularity-rank&ref=sr_st_exact-aware-popularity-rank
Green nail polish,https://www.amazon.com/s?k=Green+nail+polish&i=beauty&s=exact-aware-popularity-rank&ref=sr_st_exact-aware-popularity-rank
Nail Color,https://www.amazon.com/s?k=Nail+Color&i=beauty&s=exact-aware-popularity-rank&ref=sr_st_exact-aware-popularity-rank
Tropical Markers,https://www.amazon.com/s?k=Tropical+Markers&i=beauty&s=exact-aware-popularity-rank&ref=sr_st_exact-aware-popularity-rank
Nail growth,https://www.amazon.com/s?k=Nail+growth&i=beauty&s=exact-aware-popularity-rank&ref=sr_st_exact-aware-popularity-rank
Best Day,https://www.amazon.com/s?k=Best+Day&i=beauty&s=exact-aware-popularity-rank&ref=sr_st_exact-aware-popularity-rank
Purple Nail Polish,https://www.amazon.com/s?k=Purple+Nail+Polish&i=beauty&s=exact-aware-popularity-rank&ref=sr_st_exact-aware-popularity-rank
Ridge Filler,https://www.amazon.com/s?k=Ridge+Filler&i=beauty&s=exact-aware-popularity-rank&ref=sr_st_exact-aware-popularity-rank
Gel Nails,https://www.amazon.com/s?k=Gel+Nails&i=beauty&s=exact-aware-popularity-rank&ref=sr_st_exact-aware-popularity-rank
Nail Lamp,https://www.amazon.com/s?k=Nail+Lamp&i=beauty&s=exact-aware-popularity-rank&ref=sr_st_exact-aware-popularity-rank
Aloha Nail Polish,https://www.amazon.com/s?k=Aloha+Nail+Polish&i=beauty&s=exact-aware-popularity-rank&ref=sr_st_exact-aware-popularity-rank
Nail Drill,https://www.amazon.com/s?k=Nail+Drill&i=beauty&s=exact-aware-popularity-rank&ref=sr_st_exact-aware-popularity-rank
Pedicure Kit,https://www.amazon.com/s?k=Pedicure+Kit&i=beauty&s=exact-aware-popularity-rank&ref=sr_st_exact-aware-popularity-rank
Fall Gel Polish,https://www.amazon.com/s?k=Fall+Gel+Polish&i=beauty&s=exact-aware-popularity-rank&ref=sr_st_exact-aware-popularity-rank
Nail Scissors,https://www.amazon.com/s?k=Nail+Scissors&i=beauty&s=exact-aware-popularity-rank&ref=sr_st_exact-aware-popularity-rank
Nail repair,https://www.amazon.com/s?k=Nail+repair&i=beauty&s=exact-aware-popularity-rank&ref=sr_st_exact-aware-popularity-rank
Snuffle Mat,https://www.amazon.com/s?k=Snuffle+Mat&i=beauty&s=exact-aware-popularity-rank&ref=sr_st_exact-aware-popularity-rank
Ingrown Toenail,https://www.amazon.com/s?k=Ingrown+Toenail&i=beauty&s=exact-aware-popularity-rank&ref=sr_st_exact-aware-popularity-rank
Nail Buffer,https://www.amazon.com/s?k=Nail+Buffer&i=beauty&s=exact-aware-popularity-rank&ref=sr_st_exact-aware-popularity-rank
Nail Conditioner,https://www.amazon.com/s?k=Nail+Conditioner&i=beauty&s=exact-aware-popularity-rank&ref=sr_st_exact-aware-popularity-rank
