Keyword,Links
Cuticle Treatment,https://www.ebay.com/sch/i.html?_from=R40&_nkw=Cuticle+Treatment&_sacat=26395&rt=nc&LH_ItemCondition=3&LH_BIN=1&rt=nc&LH_PrefLoc=1
Pearl polish,https://www.ebay.com/sch/i.html?_from=R40&_nkw=Pearl+polish&_sacat=26395&rt=nc&LH_ItemCondition=3&LH_BIN=1&rt=nc&LH_PrefLoc=1
Fantasy Press On,https://www.ebay.com/sch/i.html?_from=R40&_nkw=Fantasy+Press+On&_sacat=26395&rt=nc&LH_ItemCondition=3&LH_BIN=1&rt=nc&LH_PrefLoc=1
Press on Toenails,https://www.ebay.com/sch/i.html?_from=R40&_nkw=Press+on+Toenails&_sacat=26395&rt=nc&LH_ItemCondition=3&LH_BIN=1&rt=nc&LH_PrefLoc=1
Summer Nails,https://www.ebay.com/sch/i.html?_from=R40&_nkw=Summer+Nails&_sacat=26395&rt=nc&LH_ItemCondition=3&LH_BIN=1&rt=nc&LH_PrefLoc=1
Gel Nail Duo,https://www.ebay.com/sch/i.html?_from=R40&_nkw=Gel+Nail+Duo&_sacat=26395&rt=nc&LH_ItemCondition=3&LH_BIN=1&rt=nc&LH_PrefLoc=1
Travel Manicure,https://www.ebay.com/sch/i.html?_from=R40&_nkw=Travel+Manicure&_sacat=26395&rt=nc&LH_ItemCondition=3&LH_BIN=1&rt=nc&LH_PrefLoc=1
French press-ons,https://www.ebay.com/sch/i.html?_from=R40&_nkw=French+press-ons&_sacat=26395&rt=nc&LH_ItemCondition=3&LH_BIN=1&rt=nc&LH_PrefLoc=1
Dip Powder,https://www.ebay.com/sch/i.html?_from=R40&_nkw=Dip+Powder&_sacat=26395&rt=nc&LH_ItemCondition=3&LH_BIN=1&rt=nc&LH_PrefLoc=1
Nail Table,https://www.ebay.com/sch/i.html?_from=R40&_nkw=Nail+Table&_sacat=26395&rt=nc&LH_ItemCondition=3&LH_BIN=1&rt=nc&LH_PrefLoc=1
French Tip Nails,https://www.ebay.com/sch/i.html?_from=R40&_nkw=French+Tip+Nails&_sacat=26395&rt=nc&LH_ItemCondition=3&LH_BIN=1&rt=nc&LH_PrefLoc=1
Nail Shiner,https://www.ebay.com/sch/i.html?_from=R40&_nkw=Nail+Shiner&_sacat=26395&rt=nc&LH_ItemCondition=3&LH_BIN=1&rt=nc&LH_PrefLoc=1
Hemp Cuticle,https://www.ebay.com/sch/i.html?_from=R40&_nkw=Hemp+Cuticle&_sacat=26395&rt=nc&LH_ItemCondition=3&LH_BIN=1&rt=nc&LH_PrefLoc=1
Gradient Nails,https://www.ebay.com/sch/i.html?_from=R40&_nkw=Gradient+Nails&_sacat=26395&rt=nc&LH_ItemCondition=3&LH_BIN=1&rt=nc&LH_PrefLoc=1
Nail Tips,https://www.ebay.com/sch/i.html?_from=R40&_nkw=Nail+Tips&_sacat=26395&rt=nc&LH_ItemCondition=3&LH_BIN=1&rt=nc&LH_PrefLoc=1
White Almond Nails,https://www.ebay.com/sch/i.html?_from=R40&_nkw=White+Almond+Nails&_sacat=26395&rt=nc&LH_ItemCondition=3&LH_BIN=1&rt=nc&LH_PrefLoc=1
Baby Nail Trimmer,https://www.ebay.com/sch/i.html?_from=R40&_nkw=Baby+Nail+Trimmer&_sacat=26395&rt=nc&LH_ItemCondition=3&LH_BIN=1&rt=nc&LH_PrefLoc=1
Kids Nails,https://www.ebay.com/sch/i.html?_from=R40&_nkw=Kids+Nails&_sacat=26395&rt=nc&LH_ItemCondition=3&LH_BIN=1&rt=nc&LH_PrefLoc=1
Cowboy Nails,https://www.ebay.com/sch/i.html?_from=R40&_nkw=Cowboy+Nails&_sacat=26395&rt=nc&LH_ItemCondition=3&LH_BIN=1&rt=nc&LH_PrefLoc=1
Baby Nail Clipper,https://www.ebay.com/sch/i.html?_from=R40&_nkw=Baby+Nail+Clipper&_sacat=26395&rt=nc&LH_ItemCondition=3&LH_BIN=1&rt=nc&LH_PrefLoc=1
Baby Nail Care,https://www.ebay.com/sch/i.html?_from=R40&_nkw=Baby+Nail+Care&_sacat=26395&rt=nc&LH_ItemCondition=3&LH_BIN=1&rt=nc&LH_PrefLoc=1
Dipping System,https://www.ebay.com/sch/i.html?_from=R40&_nkw=Dipping+System&_sacat=26395&rt=nc&LH_ItemCondition=3&LH_BIN=1&rt=nc&LH_PrefLoc=1
Infant Clippers,https://www.ebay.com/sch/i.html?_from=R40&_nkw=Infant+Clippers&_sacat=26395&rt=nc&LH_ItemCondition=3&LH_BIN=1&rt=nc&LH_PrefLoc=1
Matcha Cuticle Oil,https://www.ebay.com/sch/i.html?_from=R40&_nkw=Matcha+Cuticle+Oil&_sacat=26395&rt=nc&LH_ItemCondition=3&LH_BIN=1&rt=nc&LH_PrefLoc=1
Almond Nails,https://www.ebay.com/sch/i.html?_from=R40&_nkw=Almond+Nails&_sacat=26395&rt=nc&LH_ItemCondition=3&LH_BIN=1&rt=nc&LH_PrefLoc=1
Nail Strips,https://www.ebay.com/sch/i.html?_from=R40&_nkw=Nail+Strips&_sacat=26395&rt=nc&LH_ItemCondition=3&LH_BIN=1&rt=nc&LH_PrefLoc=1
Rose nail lacquer,https://www.ebay.com/sch/i.html?_from=R40&_nkw=Rose+nail+lacquer&_sacat=26395&rt=nc&LH_ItemCondition=3&LH_BIN=1&rt=nc&LH_PrefLoc=1
Quick-Dry Top Coat,https://www.ebay.com/sch/i.html?_from=R40&_nkw=Quick-Dry+Top+Coat&_sacat=26395&rt=nc&LH_ItemCondition=3&LH_BIN=1&rt=nc&LH_PrefLoc=1
Glitter Top Coat,https://www.ebay.com/sch/i.html?_from=R40&_nkw=Glitter+Top+Coat&_sacat=26395&rt=nc&LH_ItemCondition=3&LH_BIN=1&rt=nc&LH_PrefLoc=1
Gel base coat,https://www.ebay.com/sch/i.html?_from=R40&_nkw=Gel+base+coat&_sacat=26395&rt=nc&LH_ItemCondition=3&LH_BIN=1&rt=nc&LH_PrefLoc=1
Red Apple,https://www.ebay.com/sch/i.html?_from=R40&_nkw=Red+Apple&_sacat=26395&rt=nc&LH_ItemCondition=3&LH_BIN=1&rt=nc&LH_PrefLoc=1
Green nail polish,https://www.ebay.com/sch/i.html?_from=R40&_nkw=Green+nail+polish&_sacat=26395&rt=nc&LH_ItemCondition=3&LH_BIN=1&rt=nc&LH_PrefLoc=1
Nail Color,https://www.ebay.com/sch/i.html?_from=R40&_nkw=Nail+Color&_sacat=26395&rt=nc&LH_ItemCondition=3&LH_BIN=1&rt=nc&LH_PrefLoc=1
Tropical Markers,https://www.ebay.com/sch/i.html?_from=R40&_nkw=Tropical+Markers&_sacat=26395&rt=nc&LH_ItemCondition=3&LH_BIN=1&rt=nc&LH_PrefLoc=1
Nail growth,https://www.ebay.com/sch/i.html?_from=R40&_nkw=Nail+growth&_sacat=26395&rt=nc&LH_ItemCondition=3&LH_BIN=1&rt=nc&LH_PrefLoc=1
Best Day,https://www.ebay.com/sch/i.html?_from=R40&_nkw=Best+Day&_sacat=26395&rt=nc&LH_ItemCondition=3&LH_BIN=1&rt=nc&LH_PrefLoc=1
Purple Nail Polish,https://www.ebay.com/sch/i.html?_from=R40&_nkw=Purple+Nail+Polish&_sacat=26395&rt=nc&LH_ItemCondition=3&LH_BIN=1&rt=nc&LH_PrefLoc=1
Ridge Filler,https://www.ebay.com/sch/i.html?_from=R40&_nkw=Ridge+Filler&_sacat=26395&rt=nc&LH_ItemCondition=3&LH_BIN=1&rt=nc&LH_PrefLoc=1
Gel Nails,https://www.ebay.com/sch/i.html?_from=R40&_nkw=Gel+Nails&_sacat=26395&rt=nc&LH_ItemCondition=3&LH_BIN=1&rt=nc&LH_PrefLoc=1
Nail Lamp,https://www.ebay.com/sch/i.html?_from=R40&_nkw=Nail+Lamp&_sacat=26395&rt=nc&LH_ItemCondition=3&LH_BIN=1&rt=nc&LH_PrefLoc=1
Aloha Nail Polish,https://www.ebay.com/sch/i.html?_from=R40&_nkw=Aloha+Nail+Polish&_sacat=26395&rt=nc&LH_ItemCondition=3&LH_BIN=1&rt=nc&LH_PrefLoc=1
Nail Drill,https://www.ebay.com/sch/i.html?_from=R40&_nkw=Nail+Drill&_sacat=26395&rt=nc&LH_ItemCondition=3&LH_BIN=1&rt=nc&LH_PrefLoc=1
Pedicure Kit,https://www.ebay.com/sch/i.html?_from=R40&_nkw=Pedicure+Kit&_sacat=26395&rt=nc&LH_ItemCondition=3&LH_BIN=1&rt=nc&LH_PrefLoc=1
Fall Gel Polish,https://www.ebay.com/sch/i.html?_from=R40&_nkw=Fall+Gel+Polish&_sacat=26395&rt=nc&LH_ItemCondition=3&LH_BIN=1&rt=nc&LH_PrefLoc=1
Nail Scissors,https://www.ebay.com/sch/i.html?_from=R40&_nkw=Nail+Scissors&_sacat=26395&rt=nc&LH_ItemCondition=3&LH_BIN=1&rt=nc&LH_PrefLoc=1
Nail repair,https://www.ebay.com/sch/i.html?_from=R40&_nkw=Nail+repair&_sacat=26395&rt=nc&LH_ItemCondition=3&LH_BIN=1&rt=nc&LH_PrefLoc=1
Snuffle Mat,https://www.ebay.com/sch/i.html?_from=R40&_nkw=Snuffle+Mat&_sacat=26395&rt=nc&LH_ItemCondition=3&LH_BIN=1&rt=nc&LH_PrefLoc=1
Ingrown Toenail,https://www.ebay.com/sch/i.html?_from=R40&_nkw=Ingrown+Toenail&_sacat=26395&rt=nc&LH_ItemCondition=3&LH_BIN=1&rt=nc&LH_PrefLoc=1
Nail Buffer,https://www.ebay.com/sch/i.html?_from=R40&_nkw=Nail+Buffer&_sacat=26395&rt=nc&LH_ItemCondition=3&LH_BIN=1&rt=nc&LH_PrefLoc=1
Nail Conditioner,https://www.ebay.com/sch/i.html?_from=R40&_nkw=Nail+Conditioner&_sacat=26395&rt=nc&LH_ItemCondition=3&LH_BIN=1&rt=nc&LH_PrefLoc=1
