Keyword,Links
Hair Brush Cleaner,https://www.amazon.com/s?k=Hair+Brush+Cleaner&i=beauty&s=exact-aware-popularity-rank&ref=sr_st_exact-aware-popularity-rank
Boar Bristle Brush,https://www.amazon.com/s?k=Boar+Bristle+Brush&i=beauty&s=exact-aware-popularity-rank&ref=sr_st_exact-aware-popularity-rank
Gold Flat Iron,https://www.amazon.com/s?k=Gold+Flat+Iron&i=beauty&s=exact-aware-popularity-rank&ref=sr_st_exact-aware-popularity-rank
Hair Roller,https://www.amazon.com/s?k=Hair+Roller&i=beauty&s=exact-aware-popularity-rank&ref=sr_st_exact-aware-popularity-rank
Self Grip,https://www.amazon.com/s?k=Self+Grip&i=beauty&s=exact-aware-popularity-rank&ref=sr_st_exact-aware-popularity-rank
Hair Straightening Brush,https://www.amazon.com/s?k=Hair+Straightening+Brush&i=beauty&s=exact-aware-popularity-rank&ref=sr_st_exact-aware-popularity-rank
Gold Curling Wand,https://www.amazon.com/s?k=Gold+Curling+Wand&i=beauty&s=exact-aware-popularity-rank&ref=sr_st_exact-aware-popularity-rank
Hot Curling Brush,https://www.amazon.com/s?k=Hot+Curling+Brush&i=beauty&s=exact-aware-popularity-rank&ref=sr_st_exact-aware-popularity-rank
Compact Styler,https://www.amazon.com/s?k=Compact+Styler&i=beauty&s=exact-aware-popularity-rank&ref=sr_st_exact-aware-popularity-rank
Heat Resistant Comb,https://www.amazon.com/s?k=Heat+Resistant+Comb&i=beauty&s=exact-aware-popularity-rank&ref=sr_st_exact-aware-popularity-rank
Hair styling tool,https://www.amazon.com/s?k=Hair+styling+tool&i=beauty&s=exact-aware-popularity-rank&ref=sr_st_exact-aware-popularity-rank
Fine Tooth Comb,https://www.amazon.com/s?k=Fine+Tooth+Comb&i=beauty&s=exact-aware-popularity-rank&ref=sr_st_exact-aware-popularity-rank
Curling Comb,https://www.amazon.com/s?k=Curling+Comb&i=beauty&s=exact-aware-popularity-rank&ref=sr_st_exact-aware-popularity-rank
Electric Curling,https://www.amazon.com/s?k=Electric+Curling&i=beauty&s=exact-aware-popularity-rank&ref=sr_st_exact-aware-popularity-rank
Ionic hairdryer,https://www.amazon.com/s?k=Ionic+hairdryer&i=beauty&s=exact-aware-popularity-rank&ref=sr_st_exact-aware-popularity-rank
Demi Hair Color,https://www.amazon.com/s?k=Demi+Hair+Color&i=beauty&s=exact-aware-popularity-rank&ref=sr_st_exact-aware-popularity-rank
Grip Comb,https://www.amazon.com/s?k=Grip+Comb&i=beauty&s=exact-aware-popularity-rank&ref=sr_st_exact-aware-popularity-rank
Interchangeable Styler,https://www.amazon.com/s?k=Interchangeable+Styler&i=beauty&s=exact-aware-popularity-rank&ref=sr_st_exact-aware-popularity-rank
Spring Curling,https://www.amazon.com/s?k=Spring+Curling&i=beauty&s=exact-aware-popularity-rank&ref=sr_st_exact-aware-popularity-rank
Vegan Hair Color,https://www.amazon.com/s?k=Vegan+Hair+Color&i=beauty&s=exact-aware-popularity-rank&ref=sr_st_exact-aware-popularity-rank
Curry Comb,https://www.amazon.com/s?k=Curry+Comb&i=beauty&s=exact-aware-popularity-rank&ref=sr_st_exact-aware-popularity-rank
Nail Clippers,https://www.amazon.com/s?k=Nail+Clippers&i=beauty&s=exact-aware-popularity-rank&ref=sr_st_exact-aware-popularity-rank
Eyebrow Scissors,https://www.amazon.com/s?k=Eyebrow+Scissors&i=beauty&s=exact-aware-popularity-rank&ref=sr_st_exact-aware-popularity-rank
Hospitality Dryer,https://www.amazon.com/s?k=Hospitality+Dryer&i=beauty&s=exact-aware-popularity-rank&ref=sr_st_exact-aware-popularity-rank
Wet styling,https://www.amazon.com/s?k=Wet+styling&i=beauty&s=exact-aware-popularity-rank&ref=sr_st_exact-aware-popularity-rank
Hair Twist,https://www.amazon.com/s?k=Hair+Twist&i=beauty&s=exact-aware-popularity-rank&ref=sr_st_exact-aware-popularity-rank
Conditioning Bonnet,https://www.amazon.com/s?k=Conditioning+Bonnet&i=beauty&s=exact-aware-popularity-rank&ref=sr_st_exact-aware-popularity-rank
Tortoise-shell comb,https://www.amazon.com/s?k=Tortoise-shell+comb&i=beauty&s=exact-aware-popularity-rank&ref=sr_st_exact-aware-popularity-rank
Vapor Flat Iron,https://www.amazon.com/s?k=Vapor+Flat+Iron&i=beauty&s=exact-aware-popularity-rank&ref=sr_st_exact-aware-popularity-rank
Blowout Styler,https://www.amazon.com/s?k=Blowout+Styler&i=beauty&s=exact-aware-popularity-rank&ref=sr_st_exact-aware-popularity-rank
Deep Waver,https://www.amazon.com/s?k=Deep+Waver&i=beauty&s=exact-aware-popularity-rank&ref=sr_st_exact-aware-popularity-rank
Teasing Comb,https://www.amazon.com/s?k=Teasing+Comb&i=beauty&s=exact-aware-popularity-rank&ref=sr_st_exact-aware-popularity-rank
Kids Detangling Brush,https://www.amazon.com/s?k=Kids+Detangling+Brush&i=beauty&s=exact-aware-popularity-rank&ref=sr_st_exact-aware-popularity-rank
Argan Replenishment,https://www.amazon.com/s?k=Argan+Replenishment&i=beauty&s=exact-aware-popularity-rank&ref=sr_st_exact-aware-popularity-rank
Hot Curl,https://www.amazon.com/s?k=Hot+Curl&i=beauty&s=exact-aware-popularity-rank&ref=sr_st_exact-aware-popularity-rank
Hair Straightening,https://www.amazon.com/s?k=Hair+Straightening&i=beauty&s=exact-aware-popularity-rank&ref=sr_st_exact-aware-popularity-rank
Eyebrow Scissor,https://www.amazon.com/s?k=Eyebrow+Scissor&i=beauty&s=exact-aware-popularity-rank&ref=sr_st_exact-aware-popularity-rank
Rat Tail Comb,https://www.amazon.com/s?k=Rat+Tail+Comb&i=beauty&s=exact-aware-popularity-rank&ref=sr_st_exact-aware-popularity-rank
Paddle Dryer,https://www.amazon.com/s?k=Paddle+Dryer&i=beauty&s=exact-aware-popularity-rank&ref=sr_st_exact-aware-popularity-rank
Scissors,https://www.amazon.com/s?k=Scissors&i=beauty&s=exact-aware-popularity-rank&ref=sr_st_exact-aware-popularity-rank
Power Dryer,https://www.amazon.com/s?k=Power+Dryer&i=beauty&s=exact-aware-popularity-rank&ref=sr_st_exact-aware-popularity-rank
Baby Comb,https://www.amazon.com/s?k=Baby+Comb&i=beauty&s=exact-aware-popularity-rank&ref=sr_st_exact-aware-popularity-rank
Cooling Flat Iron,https://www.amazon.com/s?k=Cooling+Flat+Iron&i=beauty&s=exact-aware-popularity-rank&ref=sr_st_exact-aware-popularity-rank
Pencil Flat Iron,https://www.amazon.com/s?k=Pencil+Flat+Iron&i=beauty&s=exact-aware-popularity-rank&ref=sr_st_exact-aware-popularity-rank
Styler Dryer,https://www.amazon.com/s?k=Styler+Dryer&i=beauty&s=exact-aware-popularity-rank&ref=sr_st_exact-aware-popularity-rank
Hair Wand,https://www.amazon.com/s?k=Hair+Wand&i=beauty&s=exact-aware-popularity-rank&ref=sr_st_exact-aware-popularity-rank
Cold wave rods,https://www.amazon.com/s?k=Cold+wave+rods&i=beauty&s=exact-aware-popularity-rank&ref=sr_st_exact-aware-popularity-rank
Tapered Curling,https://www.amazon.com/s?k=Tapered+Curling&i=beauty&s=exact-aware-popularity-rank&ref=sr_st_exact-aware-popularity-rank
Soft bonnet,https://www.amazon.com/s?k=Soft+bonnet&i=beauty&s=exact-aware-popularity-rank&ref=sr_st_exact-aware-popularity-rank
Volumizer Dryer,https://www.amazon.com/s?k=Volumizer+Dryer&i=beauty&s=exact-aware-popularity-rank&ref=sr_st_exact-aware-popularity-rank
