Keyword,Links
Glutathione Chewables,https://www.amazon.com/s?k=Glutathione+Chewables&i=hpc&s=exact-aware-popularity-rank&ref=sr_st_exact-aware-popularity-rank
Silk Amino,https://www.amazon.com/s?k=Silk+Amino&i=hpc&s=exact-aware-popularity-rank&ref=sr_st_exact-aware-popularity-rank
L-Carnitine Capsules,https://www.amazon.com/s?k=L-Carnitine+Capsules&i=hpc&s=exact-aware-popularity-rank&ref=sr_st_exact-aware-popularity-rank
L-Ornithine Capsules,https://www.amazon.com/s?k=L-Ornithine+Capsules&i=hpc&s=exact-aware-popularity-rank&ref=sr_st_exact-aware-popularity-rank
PABA Powder,https://www.amazon.com/s?k=PABA+Powder&i=hpc&s=exact-aware-popularity-rank&ref=sr_st_exact-aware-popularity-rank
Male Capsules,https://www.amazon.com/s?k=Male+Capsules&i=hpc&s=exact-aware-popularity-rank&ref=sr_st_exact-aware-popularity-rank
Energized Amino,https://www.amazon.com/s?k=Energized+Amino&i=hpc&s=exact-aware-popularity-rank&ref=sr_st_exact-aware-popularity-rank
EAA BCAA,https://www.amazon.com/s?k=EAA+BCAA&i=hpc&s=exact-aware-popularity-rank&ref=sr_st_exact-aware-popularity-rank
Children's Pain,https://www.amazon.com/s?k=Children's+Pain&i=hpc&s=exact-aware-popularity-rank&ref=sr_st_exact-aware-popularity-rank
Amino Gaba,https://www.amazon.com/s?k=Amino+Gaba&i=hpc&s=exact-aware-popularity-rank&ref=sr_st_exact-aware-popularity-rank
L-Serine Capsules,https://www.amazon.com/s?k=L-Serine+Capsules&i=hpc&s=exact-aware-popularity-rank&ref=sr_st_exact-aware-popularity-rank
Energized Aminos,https://www.amazon.com/s?k=Energized+Aminos&i=hpc&s=exact-aware-popularity-rank&ref=sr_st_exact-aware-popularity-rank
Amino Kick,https://www.amazon.com/s?k=Amino+Kick&i=hpc&s=exact-aware-popularity-rank&ref=sr_st_exact-aware-popularity-rank
BCAA Fruit Punch,https://www.amazon.com/s?k=BCAA+Fruit+Punch&i=hpc&s=exact-aware-popularity-rank&ref=sr_st_exact-aware-popularity-rank
Sleep complex,https://www.amazon.com/s?k=Sleep+complex&i=hpc&s=exact-aware-popularity-rank&ref=sr_st_exact-aware-popularity-rank
BCAA Watermelon,https://www.amazon.com/s?k=BCAA+Watermelon&i=hpc&s=exact-aware-popularity-rank&ref=sr_st_exact-aware-popularity-rank
Green Apple,https://www.amazon.com/s?k=Green+Apple&i=hpc&s=exact-aware-popularity-rank&ref=sr_st_exact-aware-popularity-rank
Elemental Formula,https://www.amazon.com/s?k=Elemental+Formula&i=hpc&s=exact-aware-popularity-rank&ref=sr_st_exact-aware-popularity-rank
L-Carnitine Powder,https://www.amazon.com/s?k=L-Carnitine+Powder&i=hpc&s=exact-aware-popularity-rank&ref=sr_st_exact-aware-popularity-rank
L Arginine,https://www.amazon.com/s?k=L+Arginine&i=hpc&s=exact-aware-popularity-rank&ref=sr_st_exact-aware-popularity-rank
Coconut Lime,https://www.amazon.com/s?k=Coconut+Lime&i=hpc&s=exact-aware-popularity-rank&ref=sr_st_exact-aware-popularity-rank
L-Proline Supplement,https://www.amazon.com/s?k=L-Proline+Supplement&i=hpc&s=exact-aware-popularity-rank&ref=sr_st_exact-aware-popularity-rank
Trimethylglycine supplement,https://www.amazon.com/s?k=Trimethylglycine+supplement&i=hpc&s=exact-aware-popularity-rank&ref=sr_st_exact-aware-popularity-rank
Protein Isolate,https://www.amazon.com/s?k=Protein+Isolate&i=hpc&s=exact-aware-popularity-rank&ref=sr_st_exact-aware-popularity-rank
BCAA Pills,https://www.amazon.com/s?k=BCAA+Pills&i=hpc&s=exact-aware-popularity-rank&ref=sr_st_exact-aware-popularity-rank
Serotonin Support,https://www.amazon.com/s?k=Serotonin+Support&i=hpc&s=exact-aware-popularity-rank&ref=sr_st_exact-aware-popularity-rank
Nutritional Yeast,https://www.amazon.com/s?k=Nutritional+Yeast&i=hpc&s=exact-aware-popularity-rank&ref=sr_st_exact-aware-popularity-rank
Collagen Water,https://www.amazon.com/s?k=Collagen+Water&i=hpc&s=exact-aware-popularity-rank&ref=sr_st_exact-aware-popularity-rank
Acetaminophen Tablets,https://www.amazon.com/s?k=Acetaminophen+Tablets&i=hpc&s=exact-aware-popularity-rank&ref=sr_st_exact-aware-popularity-rank
L-Lysine 1000mg,https://www.amazon.com/s?k=L-Lysine+1000mg&i=hpc&s=exact-aware-popularity-rank&ref=sr_st_exact-aware-popularity-rank
L-Carnitine Amino,https://www.amazon.com/s?k=L-Carnitine+Amino&i=hpc&s=exact-aware-popularity-rank&ref=sr_st_exact-aware-popularity-rank
Acetaminophen Gelcaps,https://www.amazon.com/s?k=Acetaminophen+Gelcaps&i=hpc&s=exact-aware-popularity-rank&ref=sr_st_exact-aware-popularity-rank
Carnosine supplement,https://www.amazon.com/s?k=Carnosine+supplement&i=hpc&s=exact-aware-popularity-rank&ref=sr_st_exact-aware-popularity-rank
Amino Booster,https://www.amazon.com/s?k=Amino+Booster&i=hpc&s=exact-aware-popularity-rank&ref=sr_st_exact-aware-popularity-rank
Organic minerals,https://www.amazon.com/s?k=Organic+minerals&i=hpc&s=exact-aware-popularity-rank&ref=sr_st_exact-aware-popularity-rank
Creatine Serum,https://www.amazon.com/s?k=Creatine+Serum&i=hpc&s=exact-aware-popularity-rank&ref=sr_st_exact-aware-popularity-rank
L Citrulline,https://www.amazon.com/s?k=L+Citrulline&i=hpc&s=exact-aware-popularity-rank&ref=sr_st_exact-aware-popularity-rank
Essential Aminos,https://www.amazon.com/s?k=Essential+Aminos&i=hpc&s=exact-aware-popularity-rank&ref=sr_st_exact-aware-popularity-rank
Amino Boost,https://www.amazon.com/s?k=Amino+Boost&i=hpc&s=exact-aware-popularity-rank&ref=sr_st_exact-aware-popularity-rank
Bird multivitamin,https://www.amazon.com/s?k=Bird+multivitamin&i=hpc&s=exact-aware-popularity-rank&ref=sr_st_exact-aware-popularity-rank
BCAA Grape,https://www.amazon.com/s?k=BCAA+Grape&i=hpc&s=exact-aware-popularity-rank&ref=sr_st_exact-aware-popularity-rank
Vitality Support,https://www.amazon.com/s?k=Vitality+Support&i=hpc&s=exact-aware-popularity-rank&ref=sr_st_exact-aware-popularity-rank
Vegan Capsules,https://www.amazon.com/s?k=Vegan+Capsules&i=hpc&s=exact-aware-popularity-rank&ref=sr_st_exact-aware-popularity-rank
Antioxidant Supplement,https://www.amazon.com/s?k=Antioxidant+Supplement&i=hpc&s=exact-aware-popularity-rank&ref=sr_st_exact-aware-popularity-rank
Cold flu,https://www.amazon.com/s?k=Cold+flu&i=hpc&s=exact-aware-popularity-rank&ref=sr_st_exact-aware-popularity-rank
Amino Taurine,https://www.amazon.com/s?k=Amino+Taurine&i=hpc&s=exact-aware-popularity-rank&ref=sr_st_exact-aware-popularity-rank
L-Valine Powder,https://www.amazon.com/s?k=L-Valine+Powder&i=hpc&s=exact-aware-popularity-rank&ref=sr_st_exact-aware-popularity-rank
Vegan Aminos,https://www.amazon.com/s?k=Vegan+Aminos&i=hpc&s=exact-aware-popularity-rank&ref=sr_st_exact-aware-popularity-rank
Liposomal Glycine,https://www.amazon.com/s?k=Liposomal+Glycine&i=hpc&s=exact-aware-popularity-rank&ref=sr_st_exact-aware-popularity-rank
Amino Decanate,https://www.amazon.com/s?k=Amino+Decanate&i=hpc&s=exact-aware-popularity-rank&ref=sr_st_exact-aware-popularity-rank
