Keyword,Links
Growth Factor,https://www.amazon.com/s?k=Growth+Factor&i=beauty&s=exact-aware-popularity-rank&ref=sr_st_exact-aware-popularity-rank
Dark Tan,https://www.amazon.com/s?k=Dark+Tan&i=beauty&s=exact-aware-popularity-rank&ref=sr_st_exact-aware-popularity-rank
Salicylic Cream,https://www.amazon.com/s?k=Salicylic+Cream&i=beauty&s=exact-aware-popularity-rank&ref=sr_st_exact-aware-popularity-rank
Cashmere Lip Butter,https://www.amazon.com/s?k=Cashmere+Lip+Butter&i=beauty&s=exact-aware-popularity-rank&ref=sr_st_exact-aware-popularity-rank
SpongeBob Lip Balm,https://www.amazon.com/s?k=SpongeBob+Lip+Balm&i=beauty&s=exact-aware-popularity-rank&ref=sr_st_exact-aware-popularity-rank
Princess Lip Balm,https://www.amazon.com/s?k=Princess+Lip+Balm&i=beauty&s=exact-aware-popularity-rank&ref=sr_st_exact-aware-popularity-rank
Acetaminophen Caplets,https://www.amazon.com/s?k=Acetaminophen+Caplets&i=beauty&s=exact-aware-popularity-rank&ref=sr_st_exact-aware-popularity-rank
Biocellulose Mask,https://www.amazon.com/s?k=Biocellulose+Mask&i=beauty&s=exact-aware-popularity-rank&ref=sr_st_exact-aware-popularity-rank
Manuka Honey Cream,https://www.amazon.com/s?k=Manuka+Honey+Cream&i=beauty&s=exact-aware-popularity-rank&ref=sr_st_exact-aware-popularity-rank
Honey lip balm,https://www.amazon.com/s?k=Honey+lip+balm&i=beauty&s=exact-aware-popularity-rank&ref=sr_st_exact-aware-popularity-rank
Balancing Mask,https://www.amazon.com/s?k=Balancing+Mask&i=beauty&s=exact-aware-popularity-rank&ref=sr_st_exact-aware-popularity-rank
Soothing Serum,https://www.amazon.com/s?k=Soothing+Serum&i=beauty&s=exact-aware-popularity-rank&ref=sr_st_exact-aware-popularity-rank
Tanning Lotion,https://www.amazon.com/s?k=Tanning+Lotion&i=beauty&s=exact-aware-popularity-rank&ref=sr_st_exact-aware-popularity-rank
Bronzer SPF,https://www.amazon.com/s?k=Bronzer+SPF&i=beauty&s=exact-aware-popularity-rank&ref=sr_st_exact-aware-popularity-rank
Intense Hydrator,https://www.amazon.com/s?k=Intense+Hydrator&i=beauty&s=exact-aware-popularity-rank&ref=sr_st_exact-aware-popularity-rank
Brightening Cream,https://www.amazon.com/s?k=Brightening+Cream&i=beauty&s=exact-aware-popularity-rank&ref=sr_st_exact-aware-popularity-rank
Ginseng Mask,https://www.amazon.com/s?k=Ginseng+Mask&i=beauty&s=exact-aware-popularity-rank&ref=sr_st_exact-aware-popularity-rank
Glow Serum,https://www.amazon.com/s?k=Glow+Serum&i=beauty&s=exact-aware-popularity-rank&ref=sr_st_exact-aware-popularity-rank
Dry Skin Serum,https://www.amazon.com/s?k=Dry+Skin+Serum&i=beauty&s=exact-aware-popularity-rank&ref=sr_st_exact-aware-popularity-rank
Anti Aging,https://www.amazon.com/s?k=Anti+Aging&i=beauty&s=exact-aware-popularity-rank&ref=sr_st_exact-aware-popularity-rank
Vanilla Lip Balm,https://www.amazon.com/s?k=Vanilla+Lip+Balm&i=beauty&s=exact-aware-popularity-rank&ref=sr_st_exact-aware-popularity-rank
Lytic Lotion,https://www.amazon.com/s?k=Lytic+Lotion&i=beauty&s=exact-aware-popularity-rank&ref=sr_st_exact-aware-popularity-rank
Antioxidant Serum,https://www.amazon.com/s?k=Antioxidant+Serum&i=beauty&s=exact-aware-popularity-rank&ref=sr_st_exact-aware-popularity-rank
Hydro Moisturizer,https://www.amazon.com/s?k=Hydro+Moisturizer&i=beauty&s=exact-aware-popularity-rank&ref=sr_st_exact-aware-popularity-rank
Self-tanning foam,https://www.amazon.com/s?k=Self-tanning+foam&i=beauty&s=exact-aware-popularity-rank&ref=sr_st_exact-aware-popularity-rank
Cherry Lip Balm,https://www.amazon.com/s?k=Cherry+Lip+Balm&i=beauty&s=exact-aware-popularity-rank&ref=sr_st_exact-aware-popularity-rank
Beauty serum,https://www.amazon.com/s?k=Beauty+serum&i=beauty&s=exact-aware-popularity-rank&ref=sr_st_exact-aware-popularity-rank
Tightening Serum,https://www.amazon.com/s?k=Tightening+Serum&i=beauty&s=exact-aware-popularity-rank&ref=sr_st_exact-aware-popularity-rank
Pamper Kit,https://www.amazon.com/s?k=Pamper+Kit&i=beauty&s=exact-aware-popularity-rank&ref=sr_st_exact-aware-popularity-rank
Night balm,https://www.amazon.com/s?k=Night+balm&i=beauty&s=exact-aware-popularity-rank&ref=sr_st_exact-aware-popularity-rank
Lightening Serum,https://www.amazon.com/s?k=Lightening+Serum&i=beauty&s=exact-aware-popularity-rank&ref=sr_st_exact-aware-popularity-rank
Gentle Scrub,https://www.amazon.com/s?k=Gentle+Scrub&i=beauty&s=exact-aware-popularity-rank&ref=sr_st_exact-aware-popularity-rank
Brightening Moisturizer,https://www.amazon.com/s?k=Brightening+Moisturizer&i=beauty&s=exact-aware-popularity-rank&ref=sr_st_exact-aware-popularity-rank
Supreme Elixir,https://www.amazon.com/s?k=Supreme+Elixir&i=beauty&s=exact-aware-popularity-rank&ref=sr_st_exact-aware-popularity-rank
Plumping Balm,https://www.amazon.com/s?k=Plumping+Balm&i=beauty&s=exact-aware-popularity-rank&ref=sr_st_exact-aware-popularity-rank
Self Tanning,https://www.amazon.com/s?k=Self+Tanning&i=beauty&s=exact-aware-popularity-rank&ref=sr_st_exact-aware-popularity-rank
Self Tanner,https://www.amazon.com/s?k=Self+Tanner&i=beauty&s=exact-aware-popularity-rank&ref=sr_st_exact-aware-popularity-rank
Watermelon Moisturizer,https://www.amazon.com/s?k=Watermelon+Moisturizer&i=beauty&s=exact-aware-popularity-rank&ref=sr_st_exact-aware-popularity-rank
Black Bronzer,https://www.amazon.com/s?k=Black+Bronzer&i=beauty&s=exact-aware-popularity-rank&ref=sr_st_exact-aware-popularity-rank
Natural Lip Balm,https://www.amazon.com/s?k=Natural+Lip+Balm&i=beauty&s=exact-aware-popularity-rank&ref=sr_st_exact-aware-popularity-rank
Radiance Serum,https://www.amazon.com/s?k=Radiance+Serum&i=beauty&s=exact-aware-popularity-rank&ref=sr_st_exact-aware-popularity-rank
Sun Serum,https://www.amazon.com/s?k=Sun+Serum&i=beauty&s=exact-aware-popularity-rank&ref=sr_st_exact-aware-popularity-rank
Honey Lip Mask,https://www.amazon.com/s?k=Honey+Lip+Mask&i=beauty&s=exact-aware-popularity-rank&ref=sr_st_exact-aware-popularity-rank
Gradual tanner,https://www.amazon.com/s?k=Gradual+tanner&i=beauty&s=exact-aware-popularity-rank&ref=sr_st_exact-aware-popularity-rank
Stretch Mark Care,https://www.amazon.com/s?k=Stretch+Mark+Care&i=beauty&s=exact-aware-popularity-rank&ref=sr_st_exact-aware-popularity-rank
Repair Cream,https://www.amazon.com/s?k=Repair+Cream&i=beauty&s=exact-aware-popularity-rank&ref=sr_st_exact-aware-popularity-rank
Baby oil,https://www.amazon.com/s?k=Baby+oil&i=beauty&s=exact-aware-popularity-rank&ref=sr_st_exact-aware-popularity-rank
Liposomal Serum,https://www.amazon.com/s?k=Liposomal+Serum&i=beauty&s=exact-aware-popularity-rank&ref=sr_st_exact-aware-popularity-rank
Medicated Lip Balm,https://www.amazon.com/s?k=Medicated+Lip+Balm&i=beauty&s=exact-aware-popularity-rank&ref=sr_st_exact-aware-popularity-rank
Regenerating Cream,https://www.amazon.com/s?k=Regenerating+Cream&i=beauty&s=exact-aware-popularity-rank&ref=sr_st_exact-aware-popularity-rank
