Keyword,Links
Growth Factor,https://www.ebay.com/sch/i.html?_from=R40&_nkw=Growth+Factor&_sacat=26395&rt=nc&LH_ItemCondition=3&LH_BIN=1&rt=nc&LH_PrefLoc=1
Dark Tan,https://www.ebay.com/sch/i.html?_from=R40&_nkw=Dark+Tan&_sacat=26395&rt=nc&LH_ItemCondition=3&LH_BIN=1&rt=nc&LH_PrefLoc=1
Salicylic Cream,https://www.ebay.com/sch/i.html?_from=R40&_nkw=Salicylic+Cream&_sacat=26395&rt=nc&LH_ItemCondition=3&LH_BIN=1&rt=nc&LH_PrefLoc=1
Cashmere Lip Butter,https://www.ebay.com/sch/i.html?_from=R40&_nkw=Cashmere+Lip+Butter&_sacat=26395&rt=nc&LH_ItemCondition=3&LH_BIN=1&rt=nc&LH_PrefLoc=1
SpongeBob Lip Balm,https://www.ebay.com/sch/i.html?_from=R40&_nkw=SpongeBob+Lip+Balm&_sacat=26395&rt=nc&LH_ItemCondition=3&LH_BIN=1&rt=nc&LH_PrefLoc=1
Princess Lip Balm,https://www.ebay.com/sch/i.html?_from=R40&_nkw=Princess+Lip+Balm&_sacat=26395&rt=nc&LH_ItemCondition=3&LH_BIN=1&rt=nc&LH_PrefLoc=1
Acetaminophen Caplets,https://www.ebay.com/sch/i.html?_from=R40&_nkw=Acetaminophen+Caplets&_sacat=26395&rt=nc&LH_ItemCondition=3&LH_BIN=1&rt=nc&LH_PrefLoc=1
Biocellulose Mask,https://www.ebay.com/sch/i.html?_from=R40&_nkw=Biocellulose+Mask&_sacat=26395&rt=nc&LH_ItemCondition=3&LH_BIN=1&rt=nc&LH_PrefLoc=1
Manuka Honey Cream,https://www.ebay.com/sch/i.html?_from=R40&_nkw=Manuka+Honey+Cream&_sacat=26395&rt=nc&LH_ItemCondition=3&LH_BIN=1&rt=nc&LH_PrefLoc=1
Honey lip balm,https://www.ebay.com/sch/i.html?_from=R40&_nkw=Honey+lip+balm&_sacat=26395&rt=nc&LH_ItemCondition=3&LH_BIN=1&rt=nc&LH_PrefLoc=1
Balancing Mask,https://www.ebay.com/sch/i.html?_from=R40&_nkw=Balancing+Mask&_sacat=26395&rt=nc&LH_ItemCondition=3&LH_BIN=1&rt=nc&LH_PrefLoc=1
Soothing Serum,https://www.ebay.com/sch/i.html?_from=R40&_nkw=Soothing+Serum&_sacat=26395&rt=nc&LH_ItemCondition=3&LH_BIN=1&rt=nc&LH_PrefLoc=1
Tanning Lotion,https://www.ebay.com/sch/i.html?_from=R40&_nkw=Tanning+Lotion&_sacat=26395&rt=nc&LH_ItemCondition=3&LH_BIN=1&rt=nc&LH_PrefLoc=1
Bronzer SPF,https://www.ebay.com/sch/i.html?_from=R40&_nkw=Bronzer+SPF&_sacat=26395&rt=nc&LH_ItemCondition=3&LH_BIN=1&rt=nc&LH_PrefLoc=1
Intense Hydrator,https://www.ebay.com/sch/i.html?_from=R40&_nkw=Intense+Hydrator&_sacat=26395&rt=nc&LH_ItemCondition=3&LH_BIN=1&rt=nc&LH_PrefLoc=1
Brightening Cream,https://www.ebay.com/sch/i.html?_from=R40&_nkw=Brightening+Cream&_sacat=26395&rt=nc&LH_ItemCondition=3&LH_BIN=1&rt=nc&LH_PrefLoc=1
Ginseng Mask,https://www.ebay.com/sch/i.html?_from=R40&_nkw=Ginseng+Mask&_sacat=26395&rt=nc&LH_ItemCondition=3&LH_BIN=1&rt=nc&LH_PrefLoc=1
Glow Serum,https://www.ebay.com/sch/i.html?_from=R40&_nkw=Glow+Serum&_sacat=26395&rt=nc&LH_ItemCondition=3&LH_BIN=1&rt=nc&LH_PrefLoc=1
Dry Skin Serum,https://www.ebay.com/sch/i.html?_from=R40&_nkw=Dry+Skin+Serum&_sacat=26395&rt=nc&LH_ItemCondition=3&LH_BIN=1&rt=nc&LH_PrefLoc=1
Anti Aging,https://www.ebay.com/sch/i.html?_from=R40&_nkw=Anti+Aging&_sacat=26395&rt=nc&LH_ItemCondition=3&LH_BIN=1&rt=nc&LH_PrefLoc=1
Vanilla Lip Balm,https://www.ebay.com/sch/i.html?_from=R40&_nkw=Vanilla+Lip+Balm&_sacat=26395&rt=nc&LH_ItemCondition=3&LH_BIN=1&rt=nc&LH_PrefLoc=1
Lytic Lotion,https://www.ebay.com/sch/i.html?_from=R40&_nkw=Lytic+Lotion&_sacat=26395&rt=nc&LH_ItemCondition=3&LH_BIN=1&rt=nc&LH_PrefLoc=1
Antioxidant Serum,https://www.ebay.com/sch/i.html?_from=R40&_nkw=Antioxidant+Serum&_sacat=26395&rt=nc&LH_ItemCondition=3&LH_BIN=1&rt=nc&LH_PrefLoc=1
Hydro Moisturizer,https://www.ebay.com/sch/i.html?_from=R40&_nkw=Hydro+Moisturizer&_sacat=26395&rt=nc&LH_ItemCondition=3&LH_BIN=1&rt=nc&LH_PrefLoc=1
Self-tanning foam,https://www.ebay.com/sch/i.html?_from=R40&_nkw=Self-tanning+foam&_sacat=26395&rt=nc&LH_ItemCondition=3&LH_BIN=1&rt=nc&LH_PrefLoc=1
Cherry Lip Balm,https://www.ebay.com/sch/i.html?_from=R40&_nkw=Cherry+Lip+Balm&_sacat=26395&rt=nc&LH_ItemCondition=3&LH_BIN=1&rt=nc&LH_PrefLoc=1
Beauty serum,https://www.ebay.com/sch/i.html?_from=R40&_nkw=Beauty+serum&_sacat=26395&rt=nc&LH_ItemCondition=3&LH_BIN=1&rt=nc&LH_PrefLoc=1
Tightening Serum,https://www.ebay.com/sch/i.html?_from=R40&_nkw=Tightening+Serum&_sacat=26395&rt=nc&LH_ItemCondition=3&LH_BIN=1&rt=nc&LH_PrefLoc=1
Pamper Kit,https://www.ebay.com/sch/i.html?_from=R40&_nkw=Pamper+Kit&_sacat=26395&rt=nc&LH_ItemCondition=3&LH_BIN=1&rt=nc&LH_PrefLoc=1
Night balm,https://www.ebay.com/sch/i.html?_from=R40&_nkw=Night+balm&_sacat=26395&rt=nc&LH_ItemCondition=3&LH_BIN=1&rt=nc&LH_PrefLoc=1
Lightening Serum,https://www.ebay.com/sch/i.html?_from=R40&_nkw=Lightening+Serum&_sacat=26395&rt=nc&LH_ItemCondition=3&LH_BIN=1&rt=nc&LH_PrefLoc=1
Gentle Scrub,https://www.ebay.com/sch/i.html?_from=R40&_nkw=Gentle+Scrub&_sacat=26395&rt=nc&LH_ItemCondition=3&LH_BIN=1&rt=nc&LH_PrefLoc=1
Brightening Moisturizer,https://www.ebay.com/sch/i.html?_from=R40&_nkw=Brightening+Moisturizer&_sacat=26395&rt=nc&LH_ItemCondition=3&LH_BIN=1&rt=nc&LH_PrefLoc=1
Supreme Elixir,https://www.ebay.com/sch/i.html?_from=R40&_nkw=Supreme+Elixir&_sacat=26395&rt=nc&LH_ItemCondition=3&LH_BIN=1&rt=nc&LH_PrefLoc=1
Plumping Balm,https://www.ebay.com/sch/i.html?_from=R40&_nkw=Plumping+Balm&_sacat=26395&rt=nc&LH_ItemCondition=3&LH_BIN=1&rt=nc&LH_PrefLoc=1
Self Tanning,https://www.ebay.com/sch/i.html?_from=R40&_nkw=Self+Tanning&_sacat=26395&rt=nc&LH_ItemCondition=3&LH_BIN=1&rt=nc&LH_PrefLoc=1
Self Tanner,https://www.ebay.com/sch/i.html?_from=R40&_nkw=Self+Tanner&_sacat=26395&rt=nc&LH_ItemCondition=3&LH_BIN=1&rt=nc&LH_PrefLoc=1
Watermelon Moisturizer,https://www.ebay.com/sch/i.html?_from=R40&_nkw=Watermelon+Moisturizer&_sacat=26395&rt=nc&LH_ItemCondition=3&LH_BIN=1&rt=nc&LH_PrefLoc=1
Black Bronzer,https://www.ebay.com/sch/i.html?_from=R40&_nkw=Black+Bronzer&_sacat=26395&rt=nc&LH_ItemCondition=3&LH_BIN=1&rt=nc&LH_PrefLoc=1
Natural Lip Balm,https://www.ebay.com/sch/i.html?_from=R40&_nkw=Natural+Lip+Balm&_sacat=26395&rt=nc&LH_ItemCondition=3&LH_BIN=1&rt=nc&LH_PrefLoc=1
Radiance Serum,https://www.ebay.com/sch/i.html?_from=R40&_nkw=Radiance+Serum&_sacat=26395&rt=nc&LH_ItemCondition=3&LH_BIN=1&rt=nc&LH_PrefLoc=1
Sun Serum,https://www.ebay.com/sch/i.html?_from=R40&_nkw=Sun+Serum&_sacat=26395&rt=nc&LH_ItemCondition=3&LH_BIN=1&rt=nc&LH_PrefLoc=1
Honey Lip Mask,https://www.ebay.com/sch/i.html?_from=R40&_nkw=Honey+Lip+Mask&_sacat=26395&rt=nc&LH_ItemCondition=3&LH_BIN=1&rt=nc&LH_PrefLoc=1
Gradual tanner,https://www.ebay.com/sch/i.html?_from=R40&_nkw=Gradual+tanner&_sacat=26395&rt=nc&LH_ItemCondition=3&LH_BIN=1&rt=nc&LH_PrefLoc=1
Stretch Mark Care,https://www.ebay.com/sch/i.html?_from=R40&_nkw=Stretch+Mark+Care&_sacat=26395&rt=nc&LH_ItemCondition=3&LH_BIN=1&rt=nc&LH_PrefLoc=1
Repair Cream,https://www.ebay.com/sch/i.html?_from=R40&_nkw=Repair+Cream&_sacat=26395&rt=nc&LH_ItemCondition=3&LH_BIN=1&rt=nc&LH_PrefLoc=1
Baby oil,https://www.ebay.com/sch/i.html?_from=R40&_nkw=Baby+oil&_sacat=26395&rt=nc&LH_ItemCondition=3&LH_BIN=1&rt=nc&LH_PrefLoc=1
Liposomal Serum,https://www.ebay.com/sch/i.html?_from=R40&_nkw=Liposomal+Serum&_sacat=26395&rt=nc&LH_ItemCondition=3&LH_BIN=1&rt=nc&LH_PrefLoc=1
Medicated Lip Balm,https://www.ebay.com/sch/i.html?_from=R40&_nkw=Medicated+Lip+Balm&_sacat=26395&rt=nc&LH_ItemCondition=3&LH_BIN=1&rt=nc&LH_PrefLoc=1
Regenerating Cream,https://www.ebay.com/sch/i.html?_from=R40&_nkw=Regenerating+Cream&_sacat=26395&rt=nc&LH_ItemCondition=3&LH_BIN=1&rt=nc&LH_PrefLoc=1
