Keyword,Links
Body Luminizer,https://www.ebay.com/sch/i.html?_from=R40&_nkw=Body+Luminizer&_sacat=26395&rt=nc&LH_ItemCondition=3&LH_BIN=1&rt=nc&LH_PrefLoc=1
Beauty spa,https://www.ebay.com/sch/i.html?_from=R40&_nkw=Beauty+spa&_sacat=26395&rt=nc&LH_ItemCondition=3&LH_BIN=1&rt=nc&LH_PrefLoc=1
Maximum Coverage,https://www.ebay.com/sch/i.html?_from=R40&_nkw=Maximum+Coverage&_sacat=26395&rt=nc&LH_ItemCondition=3&LH_BIN=1&rt=nc&LH_PrefLoc=1
Cinder Shoes,https://www.ebay.com/sch/i.html?_from=R40&_nkw=Cinder+Shoes&_sacat=26395&rt=nc&LH_ItemCondition=3&LH_BIN=1&rt=nc&LH_PrefLoc=1
Makeup Studio,https://www.ebay.com/sch/i.html?_from=R40&_nkw=Makeup+Studio&_sacat=26395&rt=nc&LH_ItemCondition=3&LH_BIN=1&rt=nc&LH_PrefLoc=1
Glitter Palette,https://www.ebay.com/sch/i.html?_from=R40&_nkw=Glitter+Palette&_sacat=26395&rt=nc&LH_ItemCondition=3&LH_BIN=1&rt=nc&LH_PrefLoc=1
Tattoo Stars,https://www.ebay.com/sch/i.html?_from=R40&_nkw=Tattoo+Stars&_sacat=26395&rt=nc&LH_ItemCondition=3&LH_BIN=1&rt=nc&LH_PrefLoc=1
Lift Lash,https://www.ebay.com/sch/i.html?_from=R40&_nkw=Lift+Lash&_sacat=26395&rt=nc&LH_ItemCondition=3&LH_BIN=1&rt=nc&LH_PrefLoc=1
Tropical Teal,https://www.ebay.com/sch/i.html?_from=R40&_nkw=Tropical+Teal&_sacat=26395&rt=nc&LH_ItemCondition=3&LH_BIN=1&rt=nc&LH_PrefLoc=1
Bronzed Eyeshadow,https://www.ebay.com/sch/i.html?_from=R40&_nkw=Bronzed+Eyeshadow&_sacat=26395&rt=nc&LH_ItemCondition=3&LH_BIN=1&rt=nc&LH_PrefLoc=1
Satin Eye Color,https://www.ebay.com/sch/i.html?_from=R40&_nkw=Satin+Eye+Color&_sacat=26395&rt=nc&LH_ItemCondition=3&LH_BIN=1&rt=nc&LH_PrefLoc=1
Face Dew,https://www.ebay.com/sch/i.html?_from=R40&_nkw=Face+Dew&_sacat=26395&rt=nc&LH_ItemCondition=3&LH_BIN=1&rt=nc&LH_PrefLoc=1
Plum Lipstick,https://www.ebay.com/sch/i.html?_from=R40&_nkw=Plum+Lipstick&_sacat=26395&rt=nc&LH_ItemCondition=3&LH_BIN=1&rt=nc&LH_PrefLoc=1
Matte Lip Crayon,https://www.ebay.com/sch/i.html?_from=R40&_nkw=Matte+Lip+Crayon&_sacat=26395&rt=nc&LH_ItemCondition=3&LH_BIN=1&rt=nc&LH_PrefLoc=1
Setting spray,https://www.ebay.com/sch/i.html?_from=R40&_nkw=Setting+spray&_sacat=26395&rt=nc&LH_ItemCondition=3&LH_BIN=1&rt=nc&LH_PrefLoc=1
Tattoo Sketchbook,https://www.ebay.com/sch/i.html?_from=R40&_nkw=Tattoo+Sketchbook&_sacat=26395&rt=nc&LH_ItemCondition=3&LH_BIN=1&rt=nc&LH_PrefLoc=1
Cream Concealer,https://www.ebay.com/sch/i.html?_from=R40&_nkw=Cream+Concealer&_sacat=26395&rt=nc&LH_ItemCondition=3&LH_BIN=1&rt=nc&LH_PrefLoc=1
Metallic Tattoos,https://www.ebay.com/sch/i.html?_from=R40&_nkw=Metallic+Tattoos&_sacat=26395&rt=nc&LH_ItemCondition=3&LH_BIN=1&rt=nc&LH_PrefLoc=1
Calming Primer,https://www.ebay.com/sch/i.html?_from=R40&_nkw=Calming+Primer&_sacat=26395&rt=nc&LH_ItemCondition=3&LH_BIN=1&rt=nc&LH_PrefLoc=1
Polygel Nails,https://www.ebay.com/sch/i.html?_from=R40&_nkw=Polygel+Nails&_sacat=26395&rt=nc&LH_ItemCondition=3&LH_BIN=1&rt=nc&LH_PrefLoc=1
Banana Powder,https://www.ebay.com/sch/i.html?_from=R40&_nkw=Banana+Powder&_sacat=26395&rt=nc&LH_ItemCondition=3&LH_BIN=1&rt=nc&LH_PrefLoc=1
Instant FirmX,https://www.ebay.com/sch/i.html?_from=R40&_nkw=Instant+FirmX&_sacat=26395&rt=nc&LH_ItemCondition=3&LH_BIN=1&rt=nc&LH_PrefLoc=1
Leatherbound magazine,https://www.ebay.com/sch/i.html?_from=R40&_nkw=Leatherbound+magazine&_sacat=26395&rt=nc&LH_ItemCondition=3&LH_BIN=1&rt=nc&LH_PrefLoc=1
Highlighter Palette,https://www.ebay.com/sch/i.html?_from=R40&_nkw=Highlighter+Palette&_sacat=26395&rt=nc&LH_ItemCondition=3&LH_BIN=1&rt=nc&LH_PrefLoc=1
Enfermedades ejercitos,https://www.ebay.com/sch/i.html?_from=R40&_nkw=Enfermedades+ejercitos&_sacat=26395&rt=nc&LH_ItemCondition=3&LH_BIN=1&rt=nc&LH_PrefLoc=1
Nail Formula,https://www.ebay.com/sch/i.html?_from=R40&_nkw=Nail+Formula&_sacat=26395&rt=nc&LH_ItemCondition=3&LH_BIN=1&rt=nc&LH_PrefLoc=1
Nail Fungus,https://www.ebay.com/sch/i.html?_from=R40&_nkw=Nail+Fungus&_sacat=26395&rt=nc&LH_ItemCondition=3&LH_BIN=1&rt=nc&LH_PrefLoc=1
Fungus Capsules,https://www.ebay.com/sch/i.html?_from=R40&_nkw=Fungus+Capsules&_sacat=26395&rt=nc&LH_ItemCondition=3&LH_BIN=1&rt=nc&LH_PrefLoc=1
Lipstick Making,https://www.ebay.com/sch/i.html?_from=R40&_nkw=Lipstick+Making&_sacat=26395&rt=nc&LH_ItemCondition=3&LH_BIN=1&rt=nc&LH_PrefLoc=1
Lip pencil,https://www.ebay.com/sch/i.html?_from=R40&_nkw=Lip+pencil&_sacat=26395&rt=nc&LH_ItemCondition=3&LH_BIN=1&rt=nc&LH_PrefLoc=1
Nail Puller,https://www.ebay.com/sch/i.html?_from=R40&_nkw=Nail+Puller&_sacat=26395&rt=nc&LH_ItemCondition=3&LH_BIN=1&rt=nc&LH_PrefLoc=1
Women Lipstick,https://www.ebay.com/sch/i.html?_from=R40&_nkw=Women+Lipstick&_sacat=26395&rt=nc&LH_ItemCondition=3&LH_BIN=1&rt=nc&LH_PrefLoc=1
Lipstick Love,https://www.ebay.com/sch/i.html?_from=R40&_nkw=Lipstick+Love&_sacat=26395&rt=nc&LH_ItemCondition=3&LH_BIN=1&rt=nc&LH_PrefLoc=1
Pirate Tattoos,https://www.ebay.com/sch/i.html?_from=R40&_nkw=Pirate+Tattoos&_sacat=26395&rt=nc&LH_ItemCondition=3&LH_BIN=1&rt=nc&LH_PrefLoc=1
Mascara,https://www.ebay.com/sch/i.html?_from=R40&_nkw=Mascara&_sacat=26395&rt=nc&LH_ItemCondition=3&LH_BIN=1&rt=nc&LH_PrefLoc=1
Moon River,https://www.ebay.com/sch/i.html?_from=R40&_nkw=Moon+River&_sacat=26395&rt=nc&LH_ItemCondition=3&LH_BIN=1&rt=nc&LH_PrefLoc=1
Makeup Allure,https://www.ebay.com/sch/i.html?_from=R40&_nkw=Makeup+Allure&_sacat=26395&rt=nc&LH_ItemCondition=3&LH_BIN=1&rt=nc&LH_PrefLoc=1
Steampunk Tattoo,https://www.ebay.com/sch/i.html?_from=R40&_nkw=Steampunk+Tattoo&_sacat=26395&rt=nc&LH_ItemCondition=3&LH_BIN=1&rt=nc&LH_PrefLoc=1
Dragon Music,https://www.ebay.com/sch/i.html?_from=R40&_nkw=Dragon+Music&_sacat=26395&rt=nc&LH_ItemCondition=3&LH_BIN=1&rt=nc&LH_PrefLoc=1
Eagle Tattoos,https://www.ebay.com/sch/i.html?_from=R40&_nkw=Eagle+Tattoos&_sacat=26395&rt=nc&LH_ItemCondition=3&LH_BIN=1&rt=nc&LH_PrefLoc=1
Tattoo Dinosaurs,https://www.ebay.com/sch/i.html?_from=R40&_nkw=Tattoo+Dinosaurs&_sacat=26395&rt=nc&LH_ItemCondition=3&LH_BIN=1&rt=nc&LH_PrefLoc=1
Lash Training,https://www.ebay.com/sch/i.html?_from=R40&_nkw=Lash+Training&_sacat=26395&rt=nc&LH_ItemCondition=3&LH_BIN=1&rt=nc&LH_PrefLoc=1
Antifungal Kit,https://www.ebay.com/sch/i.html?_from=R40&_nkw=Antifungal+Kit&_sacat=26395&rt=nc&LH_ItemCondition=3&LH_BIN=1&rt=nc&LH_PrefLoc=1
Metallic Eyeshadow,https://www.ebay.com/sch/i.html?_from=R40&_nkw=Metallic+Eyeshadow&_sacat=26395&rt=nc&LH_ItemCondition=3&LH_BIN=1&rt=nc&LH_PrefLoc=1
Zebra Lashes,https://www.ebay.com/sch/i.html?_from=R40&_nkw=Zebra+Lashes&_sacat=26395&rt=nc&LH_ItemCondition=3&LH_BIN=1&rt=nc&LH_PrefLoc=1
Nail Support,https://www.ebay.com/sch/i.html?_from=R40&_nkw=Nail+Support&_sacat=26395&rt=nc&LH_ItemCondition=3&LH_BIN=1&rt=nc&LH_PrefLoc=1
Horev Letters,https://www.ebay.com/sch/i.html?_from=R40&_nkw=Horev+Letters&_sacat=26395&rt=nc&LH_ItemCondition=3&LH_BIN=1&rt=nc&LH_PrefLoc=1
Food habits,https://www.ebay.com/sch/i.html?_from=R40&_nkw=Food+habits&_sacat=26395&rt=nc&LH_ItemCondition=3&LH_BIN=1&rt=nc&LH_PrefLoc=1
Tattoo Cats,https://www.ebay.com/sch/i.html?_from=R40&_nkw=Tattoo+Cats&_sacat=26395&rt=nc&LH_ItemCondition=3&LH_BIN=1&rt=nc&LH_PrefLoc=1
Lower Back Tattoo,https://www.ebay.com/sch/i.html?_from=R40&_nkw=Lower+Back+Tattoo&_sacat=26395&rt=nc&LH_ItemCondition=3&LH_BIN=1&rt=nc&LH_PrefLoc=1
