Keyword,Links
Pure Poison,https://www.amazon.com/s?k=Pure+Poison&i=beauty&s=exact-aware-popularity-rank&ref=sr_st_exact-aware-popularity-rank
Sparkling Rebel,https://www.amazon.com/s?k=Sparkling+Rebel&i=beauty&s=exact-aware-popularity-rank&ref=sr_st_exact-aware-popularity-rank
Tweety Set,https://www.amazon.com/s?k=Tweety+Set&i=beauty&s=exact-aware-popularity-rank&ref=sr_st_exact-aware-popularity-rank
Yellow Diamond,https://www.amazon.com/s?k=Yellow+Diamond&i=beauty&s=exact-aware-popularity-rank&ref=sr_st_exact-aware-popularity-rank
Yvresse fragrance,https://www.amazon.com/s?k=Yvresse+fragrance&i=beauty&s=exact-aware-popularity-rank&ref=sr_st_exact-aware-popularity-rank
Sandalwood Cologne,https://www.amazon.com/s?k=Sandalwood+Cologne&i=beauty&s=exact-aware-popularity-rank&ref=sr_st_exact-aware-popularity-rank
Floral Gift Set,https://www.amazon.com/s?k=Floral+Gift+Set&i=beauty&s=exact-aware-popularity-rank&ref=sr_st_exact-aware-popularity-rank
Brooklyn Girl,https://www.amazon.com/s?k=Brooklyn+Girl&i=beauty&s=exact-aware-popularity-rank&ref=sr_st_exact-aware-popularity-rank
EDP Gift Set,https://www.amazon.com/s?k=EDP+Gift+Set&i=beauty&s=exact-aware-popularity-rank&ref=sr_st_exact-aware-popularity-rank
Storm Trooper,https://www.amazon.com/s?k=Storm+Trooper&i=beauty&s=exact-aware-popularity-rank&ref=sr_st_exact-aware-popularity-rank
Peace Juicy,https://www.amazon.com/s?k=Peace+Juicy&i=beauty&s=exact-aware-popularity-rank&ref=sr_st_exact-aware-popularity-rank
White Gold,https://www.amazon.com/s?k=White+Gold&i=beauty&s=exact-aware-popularity-rank&ref=sr_st_exact-aware-popularity-rank
Polo Set,https://www.amazon.com/s?k=Polo+Set&i=beauty&s=exact-aware-popularity-rank&ref=sr_st_exact-aware-popularity-rank
EDP Set,https://www.amazon.com/s?k=EDP+Set&i=beauty&s=exact-aware-popularity-rank&ref=sr_st_exact-aware-popularity-rank
Sexual cologne,https://www.amazon.com/s?k=Sexual+cologne&i=beauty&s=exact-aware-popularity-rank&ref=sr_st_exact-aware-popularity-rank
Provocative fragrance,https://www.amazon.com/s?k=Provocative+fragrance&i=beauty&s=exact-aware-popularity-rank&ref=sr_st_exact-aware-popularity-rank
Sugar Cookie,https://www.amazon.com/s?k=Sugar+Cookie&i=beauty&s=exact-aware-popularity-rank&ref=sr_st_exact-aware-popularity-rank
Radio Bombay,https://www.amazon.com/s?k=Radio+Bombay&i=beauty&s=exact-aware-popularity-rank&ref=sr_st_exact-aware-popularity-rank
Mini fragrance set,https://www.amazon.com/s?k=Mini+fragrance+set&i=beauty&s=exact-aware-popularity-rank&ref=sr_st_exact-aware-popularity-rank
Coffret Set,https://www.amazon.com/s?k=Coffret+Set&i=beauty&s=exact-aware-popularity-rank&ref=sr_st_exact-aware-popularity-rank
Sweet fragrance,https://www.amazon.com/s?k=Sweet+fragrance&i=beauty&s=exact-aware-popularity-rank&ref=sr_st_exact-aware-popularity-rank
Spider Man Gift,https://www.amazon.com/s?k=Spider+Man+Gift&i=beauty&s=exact-aware-popularity-rank&ref=sr_st_exact-aware-popularity-rank
Wild Country,https://www.amazon.com/s?k=Wild+Country&i=beauty&s=exact-aware-popularity-rank&ref=sr_st_exact-aware-popularity-rank
Raspberry Mist,https://www.amazon.com/s?k=Raspberry+Mist&i=beauty&s=exact-aware-popularity-rank&ref=sr_st_exact-aware-popularity-rank
Magie Noir,https://www.amazon.com/s?k=Magie+Noir&i=beauty&s=exact-aware-popularity-rank&ref=sr_st_exact-aware-popularity-rank
Grapefruit Perfume,https://www.amazon.com/s?k=Grapefruit+Perfume&i=beauty&s=exact-aware-popularity-rank&ref=sr_st_exact-aware-popularity-rank
May Rose,https://www.amazon.com/s?k=May+Rose&i=beauty&s=exact-aware-popularity-rank&ref=sr_st_exact-aware-popularity-rank
After shave,https://www.amazon.com/s?k=After+shave&i=beauty&s=exact-aware-popularity-rank&ref=sr_st_exact-aware-popularity-rank
Rain fragrance,https://www.amazon.com/s?k=Rain+fragrance&i=beauty&s=exact-aware-popularity-rank&ref=sr_st_exact-aware-popularity-rank
Lavender fragrance,https://www.amazon.com/s?k=Lavender+fragrance&i=beauty&s=exact-aware-popularity-rank&ref=sr_st_exact-aware-popularity-rank
White Musk,https://www.amazon.com/s?k=White+Musk&i=beauty&s=exact-aware-popularity-rank&ref=sr_st_exact-aware-popularity-rank
Insoumis fragrance,https://www.amazon.com/s?k=Insoumis+fragrance&i=beauty&s=exact-aware-popularity-rank&ref=sr_st_exact-aware-popularity-rank
London Dream,https://www.amazon.com/s?k=London+Dream&i=beauty&s=exact-aware-popularity-rank&ref=sr_st_exact-aware-popularity-rank
Goddess Spray,https://www.amazon.com/s?k=Goddess+Spray&i=beauty&s=exact-aware-popularity-rank&ref=sr_st_exact-aware-popularity-rank
Fragrance Oil,https://www.amazon.com/s?k=Fragrance+Oil&i=beauty&s=exact-aware-popularity-rank&ref=sr_st_exact-aware-popularity-rank
Blue Jeans,https://www.amazon.com/s?k=Blue+Jeans&i=beauty&s=exact-aware-popularity-rank&ref=sr_st_exact-aware-popularity-rank
Citrus Cologne,https://www.amazon.com/s?k=Citrus+Cologne&i=beauty&s=exact-aware-popularity-rank&ref=sr_st_exact-aware-popularity-rank
Private Collection,https://www.amazon.com/s?k=Private+Collection&i=beauty&s=exact-aware-popularity-rank&ref=sr_st_exact-aware-popularity-rank
black dress,https://www.amazon.com/s?k=black+dress&i=beauty&s=exact-aware-popularity-rank&ref=sr_st_exact-aware-popularity-rank
Sunflower gift,https://www.amazon.com/s?k=Sunflower+gift&i=beauty&s=exact-aware-popularity-rank&ref=sr_st_exact-aware-popularity-rank
Salon dryer,https://www.amazon.com/s?k=Salon+dryer&i=beauty&s=exact-aware-popularity-rank&ref=sr_st_exact-aware-popularity-rank
Hair volumizer,https://www.amazon.com/s?k=Hair+volumizer&i=beauty&s=exact-aware-popularity-rank&ref=sr_st_exact-aware-popularity-rank
Auto Curler,https://www.amazon.com/s?k=Auto+Curler&i=beauty&s=exact-aware-popularity-rank&ref=sr_st_exact-aware-popularity-rank
Detangler Hairbrush,https://www.amazon.com/s?k=Detangler+Hairbrush&i=beauty&s=exact-aware-popularity-rank&ref=sr_st_exact-aware-popularity-rank
Heatless Curls,https://www.amazon.com/s?k=Heatless+Curls&i=beauty&s=exact-aware-popularity-rank&ref=sr_st_exact-aware-popularity-rank
Safety scissors,https://www.amazon.com/s?k=Safety+scissors&i=beauty&s=exact-aware-popularity-rank&ref=sr_st_exact-aware-popularity-rank
Curling Straightener,https://www.amazon.com/s?k=Curling+Straightener&i=beauty&s=exact-aware-popularity-rank&ref=sr_st_exact-aware-popularity-rank
Ionic Brush,https://www.amazon.com/s?k=Ionic+Brush&i=beauty&s=exact-aware-popularity-rank&ref=sr_st_exact-aware-popularity-rank
Gold volumizer,https://www.amazon.com/s?k=Gold+volumizer&i=beauty&s=exact-aware-popularity-rank&ref=sr_st_exact-aware-popularity-rank
Hair Setter,https://www.amazon.com/s?k=Hair+Setter&i=beauty&s=exact-aware-popularity-rank&ref=sr_st_exact-aware-popularity-rank
