Keyword,Links
Sensitive shampoo,https://www.ebay.com/sch/i.html?_from=R40&_nkw=Sensitive+shampoo&_sacat=26395&rt=nc&LH_ItemCondition=3&LH_BIN=1&rt=nc&LH_PrefLoc=1
Clear Shampoo,https://www.ebay.com/sch/i.html?_from=R40&_nkw=Clear+Shampoo&_sacat=26395&rt=nc&LH_ItemCondition=3&LH_BIN=1&rt=nc&LH_PrefLoc=1
Scented Shampoo,https://www.ebay.com/sch/i.html?_from=R40&_nkw=Scented+Shampoo&_sacat=26395&rt=nc&LH_ItemCondition=3&LH_BIN=1&rt=nc&LH_PrefLoc=1
Curly Hair Bath,https://www.ebay.com/sch/i.html?_from=R40&_nkw=Curly+Hair+Bath&_sacat=26395&rt=nc&LH_ItemCondition=3&LH_BIN=1&rt=nc&LH_PrefLoc=1
Dream Hair,https://www.ebay.com/sch/i.html?_from=R40&_nkw=Dream+Hair&_sacat=26395&rt=nc&LH_ItemCondition=3&LH_BIN=1&rt=nc&LH_PrefLoc=1
Collagen Shampoo,https://www.ebay.com/sch/i.html?_from=R40&_nkw=Collagen+Shampoo&_sacat=26395&rt=nc&LH_ItemCondition=3&LH_BIN=1&rt=nc&LH_PrefLoc=1
Unscented Shampoo,https://www.ebay.com/sch/i.html?_from=R40&_nkw=Unscented+Shampoo&_sacat=26395&rt=nc&LH_ItemCondition=3&LH_BIN=1&rt=nc&LH_PrefLoc=1
Fiberstrong shampoo,https://www.ebay.com/sch/i.html?_from=R40&_nkw=Fiberstrong+shampoo&_sacat=26395&rt=nc&LH_ItemCondition=3&LH_BIN=1&rt=nc&LH_PrefLoc=1
Jamaican Castor,https://www.ebay.com/sch/i.html?_from=R40&_nkw=Jamaican+Castor&_sacat=26395&rt=nc&LH_ItemCondition=3&LH_BIN=1&rt=nc&LH_PrefLoc=1
Henna Shampoo,https://www.ebay.com/sch/i.html?_from=R40&_nkw=Henna+Shampoo&_sacat=26395&rt=nc&LH_ItemCondition=3&LH_BIN=1&rt=nc&LH_PrefLoc=1
Psoriasis shampoo,https://www.ebay.com/sch/i.html?_from=R40&_nkw=Psoriasis+shampoo&_sacat=26395&rt=nc&LH_ItemCondition=3&LH_BIN=1&rt=nc&LH_PrefLoc=1
Keratinoil Shampoo,https://www.ebay.com/sch/i.html?_from=R40&_nkw=Keratinoil+Shampoo&_sacat=26395&rt=nc&LH_ItemCondition=3&LH_BIN=1&rt=nc&LH_PrefLoc=1
Jasmine Shampoo,https://www.ebay.com/sch/i.html?_from=R40&_nkw=Jasmine+Shampoo&_sacat=26395&rt=nc&LH_ItemCondition=3&LH_BIN=1&rt=nc&LH_PrefLoc=1
Shampoo Olive,https://www.ebay.com/sch/i.html?_from=R40&_nkw=Shampoo+Olive&_sacat=26395&rt=nc&LH_ItemCondition=3&LH_BIN=1&rt=nc&LH_PrefLoc=1
2 in 1 Shampoo,https://www.ebay.com/sch/i.html?_from=R40&_nkw=2+in+1+Shampoo&_sacat=26395&rt=nc&LH_ItemCondition=3&LH_BIN=1&rt=nc&LH_PrefLoc=1
Twisted Shampoo,https://www.ebay.com/sch/i.html?_from=R40&_nkw=Twisted+Shampoo&_sacat=26395&rt=nc&LH_ItemCondition=3&LH_BIN=1&rt=nc&LH_PrefLoc=1
Drench Shampoo,https://www.ebay.com/sch/i.html?_from=R40&_nkw=Drench+Shampoo&_sacat=26395&rt=nc&LH_ItemCondition=3&LH_BIN=1&rt=nc&LH_PrefLoc=1
Holistic Shampoo,https://www.ebay.com/sch/i.html?_from=R40&_nkw=Holistic+Shampoo&_sacat=26395&rt=nc&LH_ItemCondition=3&LH_BIN=1&rt=nc&LH_PrefLoc=1
Wash Waves,https://www.ebay.com/sch/i.html?_from=R40&_nkw=Wash+Waves&_sacat=26395&rt=nc&LH_ItemCondition=3&LH_BIN=1&rt=nc&LH_PrefLoc=1
Re-Energize Shampoo,https://www.ebay.com/sch/i.html?_from=R40&_nkw=Re-Energize+Shampoo&_sacat=26395&rt=nc&LH_ItemCondition=3&LH_BIN=1&rt=nc&LH_PrefLoc=1
Moisture Set,https://www.ebay.com/sch/i.html?_from=R40&_nkw=Moisture+Set&_sacat=26395&rt=nc&LH_ItemCondition=3&LH_BIN=1&rt=nc&LH_PrefLoc=1
Strengthen Trio,https://www.ebay.com/sch/i.html?_from=R40&_nkw=Strengthen+Trio&_sacat=26395&rt=nc&LH_ItemCondition=3&LH_BIN=1&rt=nc&LH_PrefLoc=1
Aloe Vera Shampoo,https://www.ebay.com/sch/i.html?_from=R40&_nkw=Aloe+Vera+Shampoo&_sacat=26395&rt=nc&LH_ItemCondition=3&LH_BIN=1&rt=nc&LH_PrefLoc=1
Afro Love Set,https://www.ebay.com/sch/i.html?_from=R40&_nkw=Afro+Love+Set&_sacat=26395&rt=nc&LH_ItemCondition=3&LH_BIN=1&rt=nc&LH_PrefLoc=1
Riccioli Shampoo,https://www.ebay.com/sch/i.html?_from=R40&_nkw=Riccioli+Shampoo&_sacat=26395&rt=nc&LH_ItemCondition=3&LH_BIN=1&rt=nc&LH_PrefLoc=1
Texture shampoo,https://www.ebay.com/sch/i.html?_from=R40&_nkw=Texture+shampoo&_sacat=26395&rt=nc&LH_ItemCondition=3&LH_BIN=1&rt=nc&LH_PrefLoc=1
Tar Shampoo,https://www.ebay.com/sch/i.html?_from=R40&_nkw=Tar+Shampoo&_sacat=26395&rt=nc&LH_ItemCondition=3&LH_BIN=1&rt=nc&LH_PrefLoc=1
Flawless Curls,https://www.ebay.com/sch/i.html?_from=R40&_nkw=Flawless+Curls&_sacat=26395&rt=nc&LH_ItemCondition=3&LH_BIN=1&rt=nc&LH_PrefLoc=1
Black Castor,https://www.ebay.com/sch/i.html?_from=R40&_nkw=Black+Castor&_sacat=26395&rt=nc&LH_ItemCondition=3&LH_BIN=1&rt=nc&LH_PrefLoc=1
Deep Clean,https://www.ebay.com/sch/i.html?_from=R40&_nkw=Deep+Clean&_sacat=26395&rt=nc&LH_ItemCondition=3&LH_BIN=1&rt=nc&LH_PrefLoc=1
Braid Shampoo,https://www.ebay.com/sch/i.html?_from=R40&_nkw=Braid+Shampoo&_sacat=26395&rt=nc&LH_ItemCondition=3&LH_BIN=1&rt=nc&LH_PrefLoc=1
Co-Wash Conditioner,https://www.ebay.com/sch/i.html?_from=R40&_nkw=Co-Wash+Conditioner&_sacat=26395&rt=nc&LH_ItemCondition=3&LH_BIN=1&rt=nc&LH_PrefLoc=1
Blond Conditioner,https://www.ebay.com/sch/i.html?_from=R40&_nkw=Blond+Conditioner&_sacat=26395&rt=nc&LH_ItemCondition=3&LH_BIN=1&rt=nc&LH_PrefLoc=1
Shine Curl,https://www.ebay.com/sch/i.html?_from=R40&_nkw=Shine+Curl&_sacat=26395&rt=nc&LH_ItemCondition=3&LH_BIN=1&rt=nc&LH_PrefLoc=1
Sealing Cream,https://www.ebay.com/sch/i.html?_from=R40&_nkw=Sealing+Cream&_sacat=26395&rt=nc&LH_ItemCondition=3&LH_BIN=1&rt=nc&LH_PrefLoc=1
Split End,https://www.ebay.com/sch/i.html?_from=R40&_nkw=Split+End&_sacat=26395&rt=nc&LH_ItemCondition=3&LH_BIN=1&rt=nc&LH_PrefLoc=1
Hydra Lock,https://www.ebay.com/sch/i.html?_from=R40&_nkw=Hydra+Lock&_sacat=26395&rt=nc&LH_ItemCondition=3&LH_BIN=1&rt=nc&LH_PrefLoc=1
Tinted Shampoo,https://www.ebay.com/sch/i.html?_from=R40&_nkw=Tinted+Shampoo&_sacat=26395&rt=nc&LH_ItemCondition=3&LH_BIN=1&rt=nc&LH_PrefLoc=1
Recovery Shampoo,https://www.ebay.com/sch/i.html?_from=R40&_nkw=Recovery+Shampoo&_sacat=26395&rt=nc&LH_ItemCondition=3&LH_BIN=1&rt=nc&LH_PrefLoc=1
Curl cleansing,https://www.ebay.com/sch/i.html?_from=R40&_nkw=Curl+cleansing&_sacat=26395&rt=nc&LH_ItemCondition=3&LH_BIN=1&rt=nc&LH_PrefLoc=1
Dreadlock Shampoo,https://www.ebay.com/sch/i.html?_from=R40&_nkw=Dreadlock+Shampoo&_sacat=26395&rt=nc&LH_ItemCondition=3&LH_BIN=1&rt=nc&LH_PrefLoc=1
Lavender Shampoo,https://www.ebay.com/sch/i.html?_from=R40&_nkw=Lavender+Shampoo&_sacat=26395&rt=nc&LH_ItemCondition=3&LH_BIN=1&rt=nc&LH_PrefLoc=1
Vanilla Curly Shampoo,https://www.ebay.com/sch/i.html?_from=R40&_nkw=Vanilla+Curly+Shampoo&_sacat=26395&rt=nc&LH_ItemCondition=3&LH_BIN=1&rt=nc&LH_PrefLoc=1
Revitalizing Shampoo,https://www.ebay.com/sch/i.html?_from=R40&_nkw=Revitalizing+Shampoo&_sacat=26395&rt=nc&LH_ItemCondition=3&LH_BIN=1&rt=nc&LH_PrefLoc=1
Root Stimulating,https://www.ebay.com/sch/i.html?_from=R40&_nkw=Root+Stimulating&_sacat=26395&rt=nc&LH_ItemCondition=3&LH_BIN=1&rt=nc&LH_PrefLoc=1
Restorative Conditioner,https://www.ebay.com/sch/i.html?_from=R40&_nkw=Restorative+Conditioner&_sacat=26395&rt=nc&LH_ItemCondition=3&LH_BIN=1&rt=nc&LH_PrefLoc=1
Curl hydration,https://www.ebay.com/sch/i.html?_from=R40&_nkw=Curl+hydration&_sacat=26395&rt=nc&LH_ItemCondition=3&LH_BIN=1&rt=nc&LH_PrefLoc=1
Hydrate Set,https://www.ebay.com/sch/i.html?_from=R40&_nkw=Hydrate+Set&_sacat=26395&rt=nc&LH_ItemCondition=3&LH_BIN=1&rt=nc&LH_PrefLoc=1
Medicated Shampoo,https://www.ebay.com/sch/i.html?_from=R40&_nkw=Medicated+Shampoo&_sacat=26395&rt=nc&LH_ItemCondition=3&LH_BIN=1&rt=nc&LH_PrefLoc=1
Macadamia Shampoo,https://www.ebay.com/sch/i.html?_from=R40&_nkw=Macadamia+Shampoo&_sacat=26395&rt=nc&LH_ItemCondition=3&LH_BIN=1&rt=nc&LH_PrefLoc=1
