Keyword,Links
Gloss Serum,https://www.ebay.com/sch/i.html?_from=R40&_nkw=Gloss+Serum&_sacat=26395&rt=nc&LH_ItemCondition=3&LH_BIN=1&rt=nc&LH_PrefLoc=1
Thickening Mask,https://www.ebay.com/sch/i.html?_from=R40&_nkw=Thickening+Mask&_sacat=26395&rt=nc&LH_ItemCondition=3&LH_BIN=1&rt=nc&LH_PrefLoc=1
Shampoo Two,https://www.ebay.com/sch/i.html?_from=R40&_nkw=Shampoo+Two&_sacat=26395&rt=nc&LH_ItemCondition=3&LH_BIN=1&rt=nc&LH_PrefLoc=1
Blow Dry Shield,https://www.ebay.com/sch/i.html?_from=R40&_nkw=Blow+Dry+Shield&_sacat=26395&rt=nc&LH_ItemCondition=3&LH_BIN=1&rt=nc&LH_PrefLoc=1
Miracle Wash,https://www.ebay.com/sch/i.html?_from=R40&_nkw=Miracle+Wash&_sacat=26395&rt=nc&LH_ItemCondition=3&LH_BIN=1&rt=nc&LH_PrefLoc=1
Blowout Conditioner,https://www.ebay.com/sch/i.html?_from=R40&_nkw=Blowout+Conditioner&_sacat=26395&rt=nc&LH_ItemCondition=3&LH_BIN=1&rt=nc&LH_PrefLoc=1
Defining Gel,https://www.ebay.com/sch/i.html?_from=R40&_nkw=Defining+Gel&_sacat=26395&rt=nc&LH_ItemCondition=3&LH_BIN=1&rt=nc&LH_PrefLoc=1
Root primer,https://www.ebay.com/sch/i.html?_from=R40&_nkw=Root+primer&_sacat=26395&rt=nc&LH_ItemCondition=3&LH_BIN=1&rt=nc&LH_PrefLoc=1
Dry oil,https://www.ebay.com/sch/i.html?_from=R40&_nkw=Dry+oil&_sacat=26395&rt=nc&LH_ItemCondition=3&LH_BIN=1&rt=nc&LH_PrefLoc=1
Lavender Mint,https://www.ebay.com/sch/i.html?_from=R40&_nkw=Lavender+Mint&_sacat=26395&rt=nc&LH_ItemCondition=3&LH_BIN=1&rt=nc&LH_PrefLoc=1
Lavender Conditioner,https://www.ebay.com/sch/i.html?_from=R40&_nkw=Lavender+Conditioner&_sacat=26395&rt=nc&LH_ItemCondition=3&LH_BIN=1&rt=nc&LH_PrefLoc=1
Strong hold,https://www.ebay.com/sch/i.html?_from=R40&_nkw=Strong+hold&_sacat=26395&rt=nc&LH_ItemCondition=3&LH_BIN=1&rt=nc&LH_PrefLoc=1
Coconut Cocktail,https://www.ebay.com/sch/i.html?_from=R40&_nkw=Coconut+Cocktail&_sacat=26395&rt=nc&LH_ItemCondition=3&LH_BIN=1&rt=nc&LH_PrefLoc=1
Design spray,https://www.ebay.com/sch/i.html?_from=R40&_nkw=Design+spray&_sacat=26395&rt=nc&LH_ItemCondition=3&LH_BIN=1&rt=nc&LH_PrefLoc=1
Sculpting Spray,https://www.ebay.com/sch/i.html?_from=R40&_nkw=Sculpting+Spray&_sacat=26395&rt=nc&LH_ItemCondition=3&LH_BIN=1&rt=nc&LH_PrefLoc=1
Daily Boost,https://www.ebay.com/sch/i.html?_from=R40&_nkw=Daily+Boost&_sacat=26395&rt=nc&LH_ItemCondition=3&LH_BIN=1&rt=nc&LH_PrefLoc=1
Sculpting Foam,https://www.ebay.com/sch/i.html?_from=R40&_nkw=Sculpting+Foam&_sacat=26395&rt=nc&LH_ItemCondition=3&LH_BIN=1&rt=nc&LH_PrefLoc=1
Root pump,https://www.ebay.com/sch/i.html?_from=R40&_nkw=Root+pump&_sacat=26395&rt=nc&LH_ItemCondition=3&LH_BIN=1&rt=nc&LH_PrefLoc=1
Scalp tonic,https://www.ebay.com/sch/i.html?_from=R40&_nkw=Scalp+tonic&_sacat=26395&rt=nc&LH_ItemCondition=3&LH_BIN=1&rt=nc&LH_PrefLoc=1
Working Spray,https://www.ebay.com/sch/i.html?_from=R40&_nkw=Working+Spray&_sacat=26395&rt=nc&LH_ItemCondition=3&LH_BIN=1&rt=nc&LH_PrefLoc=1
Finishing Spray,https://www.ebay.com/sch/i.html?_from=R40&_nkw=Finishing+Spray&_sacat=26395&rt=nc&LH_ItemCondition=3&LH_BIN=1&rt=nc&LH_PrefLoc=1
Round Trip,https://www.ebay.com/sch/i.html?_from=R40&_nkw=Round+Trip&_sacat=26395&rt=nc&LH_ItemCondition=3&LH_BIN=1&rt=nc&LH_PrefLoc=1
Blow Dry Balm,https://www.ebay.com/sch/i.html?_from=R40&_nkw=Blow+Dry+Balm&_sacat=26395&rt=nc&LH_ItemCondition=3&LH_BIN=1&rt=nc&LH_PrefLoc=1
Nourishing Hair Oil,https://www.ebay.com/sch/i.html?_from=R40&_nkw=Nourishing+Hair+Oil&_sacat=26395&rt=nc&LH_ItemCondition=3&LH_BIN=1&rt=nc&LH_PrefLoc=1
Clip set,https://www.ebay.com/sch/i.html?_from=R40&_nkw=Clip+set&_sacat=26395&rt=nc&LH_ItemCondition=3&LH_BIN=1&rt=nc&LH_PrefLoc=1
Bodifying Mousse,https://www.ebay.com/sch/i.html?_from=R40&_nkw=Bodifying+Mousse&_sacat=26395&rt=nc&LH_ItemCondition=3&LH_BIN=1&rt=nc&LH_PrefLoc=1
Blonde Mask,https://www.ebay.com/sch/i.html?_from=R40&_nkw=Blonde+Mask&_sacat=26395&rt=nc&LH_ItemCondition=3&LH_BIN=1&rt=nc&LH_PrefLoc=1
Blow-Dry Spray,https://www.ebay.com/sch/i.html?_from=R40&_nkw=Blow-Dry+Spray&_sacat=26395&rt=nc&LH_ItemCondition=3&LH_BIN=1&rt=nc&LH_PrefLoc=1
Hair Fiber,https://www.ebay.com/sch/i.html?_from=R40&_nkw=Hair+Fiber&_sacat=26395&rt=nc&LH_ItemCondition=3&LH_BIN=1&rt=nc&LH_PrefLoc=1
Silkening Gloss,https://www.ebay.com/sch/i.html?_from=R40&_nkw=Silkening+Gloss&_sacat=26395&rt=nc&LH_ItemCondition=3&LH_BIN=1&rt=nc&LH_PrefLoc=1
Clouds Set,https://www.ebay.com/sch/i.html?_from=R40&_nkw=Clouds+Set&_sacat=26395&rt=nc&LH_ItemCondition=3&LH_BIN=1&rt=nc&LH_PrefLoc=1
Daily conditioner,https://www.ebay.com/sch/i.html?_from=R40&_nkw=Daily+conditioner&_sacat=26395&rt=nc&LH_ItemCondition=3&LH_BIN=1&rt=nc&LH_PrefLoc=1
Scalp Booster,https://www.ebay.com/sch/i.html?_from=R40&_nkw=Scalp+Booster&_sacat=26395&rt=nc&LH_ItemCondition=3&LH_BIN=1&rt=nc&LH_PrefLoc=1
Reparative Oil,https://www.ebay.com/sch/i.html?_from=R40&_nkw=Reparative+Oil&_sacat=26395&rt=nc&LH_ItemCondition=3&LH_BIN=1&rt=nc&LH_PrefLoc=1
Volumizing Duo,https://www.ebay.com/sch/i.html?_from=R40&_nkw=Volumizing+Duo&_sacat=26395&rt=nc&LH_ItemCondition=3&LH_BIN=1&rt=nc&LH_PrefLoc=1
Volumizing Leave-In,https://www.ebay.com/sch/i.html?_from=R40&_nkw=Volumizing+Leave-In&_sacat=26395&rt=nc&LH_ItemCondition=3&LH_BIN=1&rt=nc&LH_PrefLoc=1
Detangling Mist,https://www.ebay.com/sch/i.html?_from=R40&_nkw=Detangling+Mist&_sacat=26395&rt=nc&LH_ItemCondition=3&LH_BIN=1&rt=nc&LH_PrefLoc=1
Shampoo 16 oz,https://www.ebay.com/sch/i.html?_from=R40&_nkw=Shampoo+16+oz&_sacat=26395&rt=nc&LH_ItemCondition=3&LH_BIN=1&rt=nc&LH_PrefLoc=1
Perfect Spray,https://www.ebay.com/sch/i.html?_from=R40&_nkw=Perfect+Spray&_sacat=26395&rt=nc&LH_ItemCondition=3&LH_BIN=1&rt=nc&LH_PrefLoc=1
Colour Shield,https://www.ebay.com/sch/i.html?_from=R40&_nkw=Colour+Shield&_sacat=26395&rt=nc&LH_ItemCondition=3&LH_BIN=1&rt=nc&LH_PrefLoc=1
Thickening Mousse,https://www.ebay.com/sch/i.html?_from=R40&_nkw=Thickening+Mousse&_sacat=26395&rt=nc&LH_ItemCondition=3&LH_BIN=1&rt=nc&LH_PrefLoc=1
Brightening Shampoo,https://www.ebay.com/sch/i.html?_from=R40&_nkw=Brightening+Shampoo&_sacat=26395&rt=nc&LH_ItemCondition=3&LH_BIN=1&rt=nc&LH_PrefLoc=1
Blowout Shampoo,https://www.ebay.com/sch/i.html?_from=R40&_nkw=Blowout+Shampoo&_sacat=26395&rt=nc&LH_ItemCondition=3&LH_BIN=1&rt=nc&LH_PrefLoc=1
Toning Drops,https://www.ebay.com/sch/i.html?_from=R40&_nkw=Toning+Drops&_sacat=26395&rt=nc&LH_ItemCondition=3&LH_BIN=1&rt=nc&LH_PrefLoc=1
Hair rework,https://www.ebay.com/sch/i.html?_from=R40&_nkw=Hair+rework&_sacat=26395&rt=nc&LH_ItemCondition=3&LH_BIN=1&rt=nc&LH_PrefLoc=1
Blonde Toning,https://www.ebay.com/sch/i.html?_from=R40&_nkw=Blonde+Toning&_sacat=26395&rt=nc&LH_ItemCondition=3&LH_BIN=1&rt=nc&LH_PrefLoc=1
Foaming Pommade,https://www.ebay.com/sch/i.html?_from=R40&_nkw=Foaming+Pommade&_sacat=26395&rt=nc&LH_ItemCondition=3&LH_BIN=1&rt=nc&LH_PrefLoc=1
Replumping Mask,https://www.ebay.com/sch/i.html?_from=R40&_nkw=Replumping+Mask&_sacat=26395&rt=nc&LH_ItemCondition=3&LH_BIN=1&rt=nc&LH_PrefLoc=1
Sculpting Gel,https://www.ebay.com/sch/i.html?_from=R40&_nkw=Sculpting+Gel&_sacat=26395&rt=nc&LH_ItemCondition=3&LH_BIN=1&rt=nc&LH_PrefLoc=1
Bond Building,https://www.ebay.com/sch/i.html?_from=R40&_nkw=Bond+Building&_sacat=26395&rt=nc&LH_ItemCondition=3&LH_BIN=1&rt=nc&LH_PrefLoc=1
