Keyword,Links
Matte Foundation,https://www.ebay.com/sch/i.html?_from=R40&_nkw=Matte+Foundation&_sacat=26395&rt=nc&LH_ItemCondition=3&LH_BIN=1&rt=nc&LH_PrefLoc=1
Honey lotion,https://www.ebay.com/sch/i.html?_from=R40&_nkw=Honey+lotion&_sacat=26395&rt=nc&LH_ItemCondition=3&LH_BIN=1&rt=nc&LH_PrefLoc=1
Face Exfoliator,https://www.ebay.com/sch/i.html?_from=R40&_nkw=Face+Exfoliator&_sacat=26395&rt=nc&LH_ItemCondition=3&LH_BIN=1&rt=nc&LH_PrefLoc=1
Blush Cream,https://www.ebay.com/sch/i.html?_from=R40&_nkw=Blush+Cream&_sacat=26395&rt=nc&LH_ItemCondition=3&LH_BIN=1&rt=nc&LH_PrefLoc=1
Amber Romance,https://www.ebay.com/sch/i.html?_from=R40&_nkw=Amber+Romance&_sacat=26395&rt=nc&LH_ItemCondition=3&LH_BIN=1&rt=nc&LH_PrefLoc=1
Clipper Trimmer,https://www.ebay.com/sch/i.html?_from=R40&_nkw=Clipper+Trimmer&_sacat=26395&rt=nc&LH_ItemCondition=3&LH_BIN=1&rt=nc&LH_PrefLoc=1
Brightening Spray,https://www.ebay.com/sch/i.html?_from=R40&_nkw=Brightening+Spray&_sacat=26395&rt=nc&LH_ItemCondition=3&LH_BIN=1&rt=nc&LH_PrefLoc=1
Texturizing Shampoo,https://www.ebay.com/sch/i.html?_from=R40&_nkw=Texturizing+Shampoo&_sacat=26395&rt=nc&LH_ItemCondition=3&LH_BIN=1&rt=nc&LH_PrefLoc=1
Grooming Pomade,https://www.ebay.com/sch/i.html?_from=R40&_nkw=Grooming+Pomade&_sacat=26395&rt=nc&LH_ItemCondition=3&LH_BIN=1&rt=nc&LH_PrefLoc=1
Dark Spot,https://www.ebay.com/sch/i.html?_from=R40&_nkw=Dark+Spot&_sacat=26395&rt=nc&LH_ItemCondition=3&LH_BIN=1&rt=nc&LH_PrefLoc=1
Cheeky Blush,https://www.ebay.com/sch/i.html?_from=R40&_nkw=Cheeky+Blush&_sacat=26395&rt=nc&LH_ItemCondition=3&LH_BIN=1&rt=nc&LH_PrefLoc=1
Fresh lotion,https://www.ebay.com/sch/i.html?_from=R40&_nkw=Fresh+lotion&_sacat=26395&rt=nc&LH_ItemCondition=3&LH_BIN=1&rt=nc&LH_PrefLoc=1
Tea Tree Soap,https://www.ebay.com/sch/i.html?_from=R40&_nkw=Tea+Tree+Soap&_sacat=26395&rt=nc&LH_ItemCondition=3&LH_BIN=1&rt=nc&LH_PrefLoc=1
Firming Mask,https://www.ebay.com/sch/i.html?_from=R40&_nkw=Firming+Mask&_sacat=26395&rt=nc&LH_ItemCondition=3&LH_BIN=1&rt=nc&LH_PrefLoc=1
Hydration Device,https://www.ebay.com/sch/i.html?_from=R40&_nkw=Hydration+Device&_sacat=26395&rt=nc&LH_ItemCondition=3&LH_BIN=1&rt=nc&LH_PrefLoc=1
Eyelash Serum,https://www.ebay.com/sch/i.html?_from=R40&_nkw=Eyelash+Serum&_sacat=26395&rt=nc&LH_ItemCondition=3&LH_BIN=1&rt=nc&LH_PrefLoc=1
Coconut Mist,https://www.ebay.com/sch/i.html?_from=R40&_nkw=Coconut+Mist&_sacat=26395&rt=nc&LH_ItemCondition=3&LH_BIN=1&rt=nc&LH_PrefLoc=1
Love Spell,https://www.ebay.com/sch/i.html?_from=R40&_nkw=Love+Spell&_sacat=26395&rt=nc&LH_ItemCondition=3&LH_BIN=1&rt=nc&LH_PrefLoc=1
Wave Brush,https://www.ebay.com/sch/i.html?_from=R40&_nkw=Wave+Brush&_sacat=26395&rt=nc&LH_ItemCondition=3&LH_BIN=1&rt=nc&LH_PrefLoc=1
Root lifting,https://www.ebay.com/sch/i.html?_from=R40&_nkw=Root+lifting&_sacat=26395&rt=nc&LH_ItemCondition=3&LH_BIN=1&rt=nc&LH_PrefLoc=1
Powder Foundation,https://www.ebay.com/sch/i.html?_from=R40&_nkw=Powder+Foundation&_sacat=26395&rt=nc&LH_ItemCondition=3&LH_BIN=1&rt=nc&LH_PrefLoc=1
LED skincare,https://www.ebay.com/sch/i.html?_from=R40&_nkw=LED+skincare&_sacat=26395&rt=nc&LH_ItemCondition=3&LH_BIN=1&rt=nc&LH_PrefLoc=1
Hair removal,https://www.ebay.com/sch/i.html?_from=R40&_nkw=Hair+removal&_sacat=26395&rt=nc&LH_ItemCondition=3&LH_BIN=1&rt=nc&LH_PrefLoc=1
Hydrating Moisturizer,https://www.ebay.com/sch/i.html?_from=R40&_nkw=Hydrating+Moisturizer&_sacat=26395&rt=nc&LH_ItemCondition=3&LH_BIN=1&rt=nc&LH_PrefLoc=1
Brightening Complexion,https://www.ebay.com/sch/i.html?_from=R40&_nkw=Brightening+Complexion&_sacat=26395&rt=nc&LH_ItemCondition=3&LH_BIN=1&rt=nc&LH_PrefLoc=1
Fragrance Mist,https://www.ebay.com/sch/i.html?_from=R40&_nkw=Fragrance+Mist&_sacat=26395&rt=nc&LH_ItemCondition=3&LH_BIN=1&rt=nc&LH_PrefLoc=1
Curl masque,https://www.ebay.com/sch/i.html?_from=R40&_nkw=Curl+masque&_sacat=26395&rt=nc&LH_ItemCondition=3&LH_BIN=1&rt=nc&LH_PrefLoc=1
Texture balm,https://www.ebay.com/sch/i.html?_from=R40&_nkw=Texture+balm&_sacat=26395&rt=nc&LH_ItemCondition=3&LH_BIN=1&rt=nc&LH_PrefLoc=1
Styling Lotion,https://www.ebay.com/sch/i.html?_from=R40&_nkw=Styling+Lotion&_sacat=26395&rt=nc&LH_ItemCondition=3&LH_BIN=1&rt=nc&LH_PrefLoc=1
Men's cologne,https://www.ebay.com/sch/i.html?_from=R40&_nkw=Men's+cologne&_sacat=26395&rt=nc&LH_ItemCondition=3&LH_BIN=1&rt=nc&LH_PrefLoc=1
Shine Control,https://www.ebay.com/sch/i.html?_from=R40&_nkw=Shine+Control&_sacat=26395&rt=nc&LH_ItemCondition=3&LH_BIN=1&rt=nc&LH_PrefLoc=1
Waterproof Mascara,https://www.ebay.com/sch/i.html?_from=R40&_nkw=Waterproof+Mascara&_sacat=26395&rt=nc&LH_ItemCondition=3&LH_BIN=1&rt=nc&LH_PrefLoc=1
Concealer Brush,https://www.ebay.com/sch/i.html?_from=R40&_nkw=Concealer+Brush&_sacat=26395&rt=nc&LH_ItemCondition=3&LH_BIN=1&rt=nc&LH_PrefLoc=1
Vanilla lotion,https://www.ebay.com/sch/i.html?_from=R40&_nkw=Vanilla+lotion&_sacat=26395&rt=nc&LH_ItemCondition=3&LH_BIN=1&rt=nc&LH_PrefLoc=1
Velvet Petals,https://www.ebay.com/sch/i.html?_from=R40&_nkw=Velvet+Petals&_sacat=26395&rt=nc&LH_ItemCondition=3&LH_BIN=1&rt=nc&LH_PrefLoc=1
Blowout Primer,https://www.ebay.com/sch/i.html?_from=R40&_nkw=Blowout+Primer&_sacat=26395&rt=nc&LH_ItemCondition=3&LH_BIN=1&rt=nc&LH_PrefLoc=1
Roughness Lotion,https://www.ebay.com/sch/i.html?_from=R40&_nkw=Roughness+Lotion&_sacat=26395&rt=nc&LH_ItemCondition=3&LH_BIN=1&rt=nc&LH_PrefLoc=1
Milky Cleanser,https://www.ebay.com/sch/i.html?_from=R40&_nkw=Milky+Cleanser&_sacat=26395&rt=nc&LH_ItemCondition=3&LH_BIN=1&rt=nc&LH_PrefLoc=1
Soothing Spray,https://www.ebay.com/sch/i.html?_from=R40&_nkw=Soothing+Spray&_sacat=26395&rt=nc&LH_ItemCondition=3&LH_BIN=1&rt=nc&LH_PrefLoc=1
Hairspray Flexible,https://www.ebay.com/sch/i.html?_from=R40&_nkw=Hairspray+Flexible&_sacat=26395&rt=nc&LH_ItemCondition=3&LH_BIN=1&rt=nc&LH_PrefLoc=1
Body Powder,https://www.ebay.com/sch/i.html?_from=R40&_nkw=Body+Powder&_sacat=26395&rt=nc&LH_ItemCondition=3&LH_BIN=1&rt=nc&LH_PrefLoc=1
UV Sunscreen,https://www.ebay.com/sch/i.html?_from=R40&_nkw=UV+Sunscreen&_sacat=26395&rt=nc&LH_ItemCondition=3&LH_BIN=1&rt=nc&LH_PrefLoc=1
Exfoliating Shampoo,https://www.ebay.com/sch/i.html?_from=R40&_nkw=Exfoliating+Shampoo&_sacat=26395&rt=nc&LH_ItemCondition=3&LH_BIN=1&rt=nc&LH_PrefLoc=1
Nourishing Body Wash,https://www.ebay.com/sch/i.html?_from=R40&_nkw=Nourishing+Body+Wash&_sacat=26395&rt=nc&LH_ItemCondition=3&LH_BIN=1&rt=nc&LH_PrefLoc=1
Angled Brush,https://www.ebay.com/sch/i.html?_from=R40&_nkw=Angled+Brush&_sacat=26395&rt=nc&LH_ItemCondition=3&LH_BIN=1&rt=nc&LH_PrefLoc=1
Loose Powder,https://www.ebay.com/sch/i.html?_from=R40&_nkw=Loose+Powder&_sacat=26395&rt=nc&LH_ItemCondition=3&LH_BIN=1&rt=nc&LH_PrefLoc=1
All-in-one Elixir,https://www.ebay.com/sch/i.html?_from=R40&_nkw=All-in-one+Elixir&_sacat=26395&rt=nc&LH_ItemCondition=3&LH_BIN=1&rt=nc&LH_PrefLoc=1
Mineral Moisturizer,https://www.ebay.com/sch/i.html?_from=R40&_nkw=Mineral+Moisturizer&_sacat=26395&rt=nc&LH_ItemCondition=3&LH_BIN=1&rt=nc&LH_PrefLoc=1
Stress Gel,https://www.ebay.com/sch/i.html?_from=R40&_nkw=Stress+Gel&_sacat=26395&rt=nc&LH_ItemCondition=3&LH_BIN=1&rt=nc&LH_PrefLoc=1
Flexible Paste,https://www.ebay.com/sch/i.html?_from=R40&_nkw=Flexible+Paste&_sacat=26395&rt=nc&LH_ItemCondition=3&LH_BIN=1&rt=nc&LH_PrefLoc=1
