Keyword,Links
Moisturizing Gel,https://www.ebay.com/sch/i.html?_from=R40&_nkw=Moisturizing+Gel&_sacat=26395&rt=nc&LH_ItemCondition=3&LH_BIN=1&rt=nc&LH_PrefLoc=1
Grey Reducing,https://www.ebay.com/sch/i.html?_from=R40&_nkw=Grey+Reducing&_sacat=26395&rt=nc&LH_ItemCondition=3&LH_BIN=1&rt=nc&LH_PrefLoc=1
Moisture Oil,https://www.ebay.com/sch/i.html?_from=R40&_nkw=Moisture+Oil&_sacat=26395&rt=nc&LH_ItemCondition=3&LH_BIN=1&rt=nc&LH_PrefLoc=1
Keratin Shampoo,https://www.ebay.com/sch/i.html?_from=R40&_nkw=Keratin+Shampoo&_sacat=26395&rt=nc&LH_ItemCondition=3&LH_BIN=1&rt=nc&LH_PrefLoc=1
Lace Gelly,https://www.ebay.com/sch/i.html?_from=R40&_nkw=Lace+Gelly&_sacat=26395&rt=nc&LH_ItemCondition=3&LH_BIN=1&rt=nc&LH_PrefLoc=1
Frozen shampoo,https://www.ebay.com/sch/i.html?_from=R40&_nkw=Frozen+shampoo&_sacat=26395&rt=nc&LH_ItemCondition=3&LH_BIN=1&rt=nc&LH_PrefLoc=1
Thick Masque,https://www.ebay.com/sch/i.html?_from=R40&_nkw=Thick+Masque&_sacat=26395&rt=nc&LH_ItemCondition=3&LH_BIN=1&rt=nc&LH_PrefLoc=1
Clover Clips,https://www.ebay.com/sch/i.html?_from=R40&_nkw=Clover+Clips&_sacat=26395&rt=nc&LH_ItemCondition=3&LH_BIN=1&rt=nc&LH_PrefLoc=1
Scrunchie Set,https://www.ebay.com/sch/i.html?_from=R40&_nkw=Scrunchie+Set&_sacat=26395&rt=nc&LH_ItemCondition=3&LH_BIN=1&rt=nc&LH_PrefLoc=1
Curl foam,https://www.ebay.com/sch/i.html?_from=R40&_nkw=Curl+foam&_sacat=26395&rt=nc&LH_ItemCondition=3&LH_BIN=1&rt=nc&LH_PrefLoc=1
Minoxidil Foam,https://www.ebay.com/sch/i.html?_from=R40&_nkw=Minoxidil+Foam&_sacat=26395&rt=nc&LH_ItemCondition=3&LH_BIN=1&rt=nc&LH_PrefLoc=1
Scalp Massager,https://www.ebay.com/sch/i.html?_from=R40&_nkw=Scalp+Massager&_sacat=26395&rt=nc&LH_ItemCondition=3&LH_BIN=1&rt=nc&LH_PrefLoc=1
De-frizz Mist,https://www.ebay.com/sch/i.html?_from=R40&_nkw=De-frizz+Mist&_sacat=26395&rt=nc&LH_ItemCondition=3&LH_BIN=1&rt=nc&LH_PrefLoc=1
Brilliance Conditioner,https://www.ebay.com/sch/i.html?_from=R40&_nkw=Brilliance+Conditioner&_sacat=26395&rt=nc&LH_ItemCondition=3&LH_BIN=1&rt=nc&LH_PrefLoc=1
Gentle Cleanser,https://www.ebay.com/sch/i.html?_from=R40&_nkw=Gentle+Cleanser&_sacat=26395&rt=nc&LH_ItemCondition=3&LH_BIN=1&rt=nc&LH_PrefLoc=1
Frizz Shampoo,https://www.ebay.com/sch/i.html?_from=R40&_nkw=Frizz+Shampoo&_sacat=26395&rt=nc&LH_ItemCondition=3&LH_BIN=1&rt=nc&LH_PrefLoc=1
Awakening Spray,https://www.ebay.com/sch/i.html?_from=R40&_nkw=Awakening+Spray&_sacat=26395&rt=nc&LH_ItemCondition=3&LH_BIN=1&rt=nc&LH_PrefLoc=1
Hair Gel,https://www.ebay.com/sch/i.html?_from=R40&_nkw=Hair+Gel&_sacat=26395&rt=nc&LH_ItemCondition=3&LH_BIN=1&rt=nc&LH_PrefLoc=1
Coconut hairdress,https://www.ebay.com/sch/i.html?_from=R40&_nkw=Coconut+hairdress&_sacat=26395&rt=nc&LH_ItemCondition=3&LH_BIN=1&rt=nc&LH_PrefLoc=1
Dark hair oil,https://www.ebay.com/sch/i.html?_from=R40&_nkw=Dark+hair+oil&_sacat=26395&rt=nc&LH_ItemCondition=3&LH_BIN=1&rt=nc&LH_PrefLoc=1
Shimmer shampoo,https://www.ebay.com/sch/i.html?_from=R40&_nkw=Shimmer+shampoo&_sacat=26395&rt=nc&LH_ItemCondition=3&LH_BIN=1&rt=nc&LH_PrefLoc=1
Satin scrunchies,https://www.ebay.com/sch/i.html?_from=R40&_nkw=Satin+scrunchies&_sacat=26395&rt=nc&LH_ItemCondition=3&LH_BIN=1&rt=nc&LH_PrefLoc=1
Orange peel cream,https://www.ebay.com/sch/i.html?_from=R40&_nkw=Orange+peel+cream&_sacat=26395&rt=nc&LH_ItemCondition=3&LH_BIN=1&rt=nc&LH_PrefLoc=1
Extreme Shampoo,https://www.ebay.com/sch/i.html?_from=R40&_nkw=Extreme+Shampoo&_sacat=26395&rt=nc&LH_ItemCondition=3&LH_BIN=1&rt=nc&LH_PrefLoc=1
Heart Clips,https://www.ebay.com/sch/i.html?_from=R40&_nkw=Heart+Clips&_sacat=26395&rt=nc&LH_ItemCondition=3&LH_BIN=1&rt=nc&LH_PrefLoc=1
Satin Headband,https://www.ebay.com/sch/i.html?_from=R40&_nkw=Satin+Headband&_sacat=26395&rt=nc&LH_ItemCondition=3&LH_BIN=1&rt=nc&LH_PrefLoc=1
Curl kit,https://www.ebay.com/sch/i.html?_from=R40&_nkw=Curl+kit&_sacat=26395&rt=nc&LH_ItemCondition=3&LH_BIN=1&rt=nc&LH_PrefLoc=1
Volumizing Shampoo,https://www.ebay.com/sch/i.html?_from=R40&_nkw=Volumizing+Shampoo&_sacat=26395&rt=nc&LH_ItemCondition=3&LH_BIN=1&rt=nc&LH_PrefLoc=1
Coil detangler,https://www.ebay.com/sch/i.html?_from=R40&_nkw=Coil+detangler&_sacat=26395&rt=nc&LH_ItemCondition=3&LH_BIN=1&rt=nc&LH_PrefLoc=1
Women's hair loss,https://www.ebay.com/sch/i.html?_from=R40&_nkw=Women's+hair+loss&_sacat=26395&rt=nc&LH_ItemCondition=3&LH_BIN=1&rt=nc&LH_PrefLoc=1
Curl gel,https://www.ebay.com/sch/i.html?_from=R40&_nkw=Curl+gel&_sacat=26395&rt=nc&LH_ItemCondition=3&LH_BIN=1&rt=nc&LH_PrefLoc=1
Invisible deodorant,https://www.ebay.com/sch/i.html?_from=R40&_nkw=Invisible+deodorant&_sacat=26395&rt=nc&LH_ItemCondition=3&LH_BIN=1&rt=nc&LH_PrefLoc=1
Silk Edges,https://www.ebay.com/sch/i.html?_from=R40&_nkw=Silk+Edges&_sacat=26395&rt=nc&LH_ItemCondition=3&LH_BIN=1&rt=nc&LH_PrefLoc=1
Texturizing Spray,https://www.ebay.com/sch/i.html?_from=R40&_nkw=Texturizing+Spray&_sacat=26395&rt=nc&LH_ItemCondition=3&LH_BIN=1&rt=nc&LH_PrefLoc=1
Vintage Hair Clips,https://www.ebay.com/sch/i.html?_from=R40&_nkw=Vintage+Hair+Clips&_sacat=26395&rt=nc&LH_ItemCondition=3&LH_BIN=1&rt=nc&LH_PrefLoc=1
Jojoba Conditioner,https://www.ebay.com/sch/i.html?_from=R40&_nkw=Jojoba+Conditioner&_sacat=26395&rt=nc&LH_ItemCondition=3&LH_BIN=1&rt=nc&LH_PrefLoc=1
Anti-Dandruff Shampoo,https://www.ebay.com/sch/i.html?_from=R40&_nkw=Anti-Dandruff+Shampoo&_sacat=26395&rt=nc&LH_ItemCondition=3&LH_BIN=1&rt=nc&LH_PrefLoc=1
Prep spray,https://www.ebay.com/sch/i.html?_from=R40&_nkw=Prep+spray&_sacat=26395&rt=nc&LH_ItemCondition=3&LH_BIN=1&rt=nc&LH_PrefLoc=1
Head Wraps,https://www.ebay.com/sch/i.html?_from=R40&_nkw=Head+Wraps&_sacat=26395&rt=nc&LH_ItemCondition=3&LH_BIN=1&rt=nc&LH_PrefLoc=1
Frozen Terries,https://www.ebay.com/sch/i.html?_from=R40&_nkw=Frozen+Terries&_sacat=26395&rt=nc&LH_ItemCondition=3&LH_BIN=1&rt=nc&LH_PrefLoc=1
Bonding Shampoo,https://www.ebay.com/sch/i.html?_from=R40&_nkw=Bonding+Shampoo&_sacat=26395&rt=nc&LH_ItemCondition=3&LH_BIN=1&rt=nc&LH_PrefLoc=1
Curl lotion,https://www.ebay.com/sch/i.html?_from=R40&_nkw=Curl+lotion&_sacat=26395&rt=nc&LH_ItemCondition=3&LH_BIN=1&rt=nc&LH_PrefLoc=1
Frizz Conditioner,https://www.ebay.com/sch/i.html?_from=R40&_nkw=Frizz+Conditioner&_sacat=26395&rt=nc&LH_ItemCondition=3&LH_BIN=1&rt=nc&LH_PrefLoc=1
Honey Aloe,https://www.ebay.com/sch/i.html?_from=R40&_nkw=Honey+Aloe&_sacat=26395&rt=nc&LH_ItemCondition=3&LH_BIN=1&rt=nc&LH_PrefLoc=1
Blonde Shampoo,https://www.ebay.com/sch/i.html?_from=R40&_nkw=Blonde+Shampoo&_sacat=26395&rt=nc&LH_ItemCondition=3&LH_BIN=1&rt=nc&LH_PrefLoc=1
Edge control,https://www.ebay.com/sch/i.html?_from=R40&_nkw=Edge+control&_sacat=26395&rt=nc&LH_ItemCondition=3&LH_BIN=1&rt=nc&LH_PrefLoc=1
Sandalwood Wash,https://www.ebay.com/sch/i.html?_from=R40&_nkw=Sandalwood+Wash&_sacat=26395&rt=nc&LH_ItemCondition=3&LH_BIN=1&rt=nc&LH_PrefLoc=1
Rice shampoo,https://www.ebay.com/sch/i.html?_from=R40&_nkw=Rice+shampoo&_sacat=26395&rt=nc&LH_ItemCondition=3&LH_BIN=1&rt=nc&LH_PrefLoc=1
Coily Moisturizer,https://www.ebay.com/sch/i.html?_from=R40&_nkw=Coily+Moisturizer&_sacat=26395&rt=nc&LH_ItemCondition=3&LH_BIN=1&rt=nc&LH_PrefLoc=1
Texture spray,https://www.ebay.com/sch/i.html?_from=R40&_nkw=Texture+spray&_sacat=26395&rt=nc&LH_ItemCondition=3&LH_BIN=1&rt=nc&LH_PrefLoc=1
