Keyword,Links
Brightening Primer,https://www.ebay.com/sch/i.html?_from=R40&_nkw=Brightening+Primer&_sacat=26395&rt=nc&LH_ItemCondition=3&LH_BIN=1&rt=nc&LH_PrefLoc=1
Baked Foundation,https://www.ebay.com/sch/i.html?_from=R40&_nkw=Baked+Foundation&_sacat=26395&rt=nc&LH_ItemCondition=3&LH_BIN=1&rt=nc&LH_PrefLoc=1
Foundation NC44,https://www.ebay.com/sch/i.html?_from=R40&_nkw=Foundation+NC44&_sacat=26395&rt=nc&LH_ItemCondition=3&LH_BIN=1&rt=nc&LH_PrefLoc=1
Radiant Foundation,https://www.ebay.com/sch/i.html?_from=R40&_nkw=Radiant+Foundation&_sacat=26395&rt=nc&LH_ItemCondition=3&LH_BIN=1&rt=nc&LH_PrefLoc=1
Skin perfecting,https://www.ebay.com/sch/i.html?_from=R40&_nkw=Skin+perfecting&_sacat=26395&rt=nc&LH_ItemCondition=3&LH_BIN=1&rt=nc&LH_PrefLoc=1
Oxygenating Foundation,https://www.ebay.com/sch/i.html?_from=R40&_nkw=Oxygenating+Foundation&_sacat=26395&rt=nc&LH_ItemCondition=3&LH_BIN=1&rt=nc&LH_PrefLoc=1
Eye Pencil,https://www.ebay.com/sch/i.html?_from=R40&_nkw=Eye+Pencil&_sacat=26395&rt=nc&LH_ItemCondition=3&LH_BIN=1&rt=nc&LH_PrefLoc=1
Anti-wrinkle cream,https://www.ebay.com/sch/i.html?_from=R40&_nkw=Anti-wrinkle+cream&_sacat=26395&rt=nc&LH_ItemCondition=3&LH_BIN=1&rt=nc&LH_PrefLoc=1
Powder Makeup,https://www.ebay.com/sch/i.html?_from=R40&_nkw=Powder+Makeup&_sacat=26395&rt=nc&LH_ItemCondition=3&LH_BIN=1&rt=nc&LH_PrefLoc=1
Mineral Makeup,https://www.ebay.com/sch/i.html?_from=R40&_nkw=Mineral+Makeup&_sacat=26395&rt=nc&LH_ItemCondition=3&LH_BIN=1&rt=nc&LH_PrefLoc=1
Holiday Set,https://www.ebay.com/sch/i.html?_from=R40&_nkw=Holiday+Set&_sacat=26395&rt=nc&LH_ItemCondition=3&LH_BIN=1&rt=nc&LH_PrefLoc=1
Electric Nail File,https://www.ebay.com/sch/i.html?_from=R40&_nkw=Electric+Nail+File&_sacat=26395&rt=nc&LH_ItemCondition=3&LH_BIN=1&rt=nc&LH_PrefLoc=1
Defense Cream,https://www.ebay.com/sch/i.html?_from=R40&_nkw=Defense+Cream&_sacat=26395&rt=nc&LH_ItemCondition=3&LH_BIN=1&rt=nc&LH_PrefLoc=1
Eye shadow,https://www.ebay.com/sch/i.html?_from=R40&_nkw=Eye+shadow&_sacat=26395&rt=nc&LH_ItemCondition=3&LH_BIN=1&rt=nc&LH_PrefLoc=1
Maleficent Eyeliner,https://www.ebay.com/sch/i.html?_from=R40&_nkw=Maleficent+Eyeliner&_sacat=26395&rt=nc&LH_ItemCondition=3&LH_BIN=1&rt=nc&LH_PrefLoc=1
Mint Daisy,https://www.ebay.com/sch/i.html?_from=R40&_nkw=Mint+Daisy&_sacat=26395&rt=nc&LH_ItemCondition=3&LH_BIN=1&rt=nc&LH_PrefLoc=1
Trolls Tattoos,https://www.ebay.com/sch/i.html?_from=R40&_nkw=Trolls+Tattoos&_sacat=26395&rt=nc&LH_ItemCondition=3&LH_BIN=1&rt=nc&LH_PrefLoc=1
Cushion Foundation,https://www.ebay.com/sch/i.html?_from=R40&_nkw=Cushion+Foundation&_sacat=26395&rt=nc&LH_ItemCondition=3&LH_BIN=1&rt=nc&LH_PrefLoc=1
Contour Palette,https://www.ebay.com/sch/i.html?_from=R40&_nkw=Contour+Palette&_sacat=26395&rt=nc&LH_ItemCondition=3&LH_BIN=1&rt=nc&LH_PrefLoc=1
Illuminations Palette,https://www.ebay.com/sch/i.html?_from=R40&_nkw=Illuminations+Palette&_sacat=26395&rt=nc&LH_ItemCondition=3&LH_BIN=1&rt=nc&LH_PrefLoc=1
Plastics Set,https://www.ebay.com/sch/i.html?_from=R40&_nkw=Plastics+Set&_sacat=26395&rt=nc&LH_ItemCondition=3&LH_BIN=1&rt=nc&LH_PrefLoc=1
Pigment Perfector,https://www.ebay.com/sch/i.html?_from=R40&_nkw=Pigment+Perfector&_sacat=26395&rt=nc&LH_ItemCondition=3&LH_BIN=1&rt=nc&LH_PrefLoc=1
Blendable Blush,https://www.ebay.com/sch/i.html?_from=R40&_nkw=Blendable+Blush&_sacat=26395&rt=nc&LH_ItemCondition=3&LH_BIN=1&rt=nc&LH_PrefLoc=1
Brightening Palette,https://www.ebay.com/sch/i.html?_from=R40&_nkw=Brightening+Palette&_sacat=26395&rt=nc&LH_ItemCondition=3&LH_BIN=1&rt=nc&LH_PrefLoc=1
Kohl Pencil,https://www.ebay.com/sch/i.html?_from=R40&_nkw=Kohl+Pencil&_sacat=26395&rt=nc&LH_ItemCondition=3&LH_BIN=1&rt=nc&LH_PrefLoc=1
Lipstick Rouge,https://www.ebay.com/sch/i.html?_from=R40&_nkw=Lipstick+Rouge&_sacat=26395&rt=nc&LH_ItemCondition=3&LH_BIN=1&rt=nc&LH_PrefLoc=1
Dual Eyeliner,https://www.ebay.com/sch/i.html?_from=R40&_nkw=Dual+Eyeliner&_sacat=26395&rt=nc&LH_ItemCondition=3&LH_BIN=1&rt=nc&LH_PrefLoc=1
Eyebrow Conditioner,https://www.ebay.com/sch/i.html?_from=R40&_nkw=Eyebrow+Conditioner&_sacat=26395&rt=nc&LH_ItemCondition=3&LH_BIN=1&rt=nc&LH_PrefLoc=1
Scar cover,https://www.ebay.com/sch/i.html?_from=R40&_nkw=Scar+cover&_sacat=26395&rt=nc&LH_ItemCondition=3&LH_BIN=1&rt=nc&LH_PrefLoc=1
Nude Lipstick,https://www.ebay.com/sch/i.html?_from=R40&_nkw=Nude+Lipstick&_sacat=26395&rt=nc&LH_ItemCondition=3&LH_BIN=1&rt=nc&LH_PrefLoc=1
Fungus Treatment,https://www.ebay.com/sch/i.html?_from=R40&_nkw=Fungus+Treatment&_sacat=26395&rt=nc&LH_ItemCondition=3&LH_BIN=1&rt=nc&LH_PrefLoc=1
Kiss-Proof Lipstick,https://www.ebay.com/sch/i.html?_from=R40&_nkw=Kiss-Proof+Lipstick&_sacat=26395&rt=nc&LH_ItemCondition=3&LH_BIN=1&rt=nc&LH_PrefLoc=1
Trolls Nail Polish,https://www.ebay.com/sch/i.html?_from=R40&_nkw=Trolls+Nail+Polish&_sacat=26395&rt=nc&LH_ItemCondition=3&LH_BIN=1&rt=nc&LH_PrefLoc=1
Mineral Primer,https://www.ebay.com/sch/i.html?_from=R40&_nkw=Mineral+Primer&_sacat=26395&rt=nc&LH_ItemCondition=3&LH_BIN=1&rt=nc&LH_PrefLoc=1
Tinted Treatment,https://www.ebay.com/sch/i.html?_from=R40&_nkw=Tinted+Treatment&_sacat=26395&rt=nc&LH_ItemCondition=3&LH_BIN=1&rt=nc&LH_PrefLoc=1
Cushion Complexion,https://www.ebay.com/sch/i.html?_from=R40&_nkw=Cushion+Complexion&_sacat=26395&rt=nc&LH_ItemCondition=3&LH_BIN=1&rt=nc&LH_PrefLoc=1
Smokey Palette,https://www.ebay.com/sch/i.html?_from=R40&_nkw=Smokey+Palette&_sacat=26395&rt=nc&LH_ItemCondition=3&LH_BIN=1&rt=nc&LH_PrefLoc=1
Blush Duo,https://www.ebay.com/sch/i.html?_from=R40&_nkw=Blush+Duo&_sacat=26395&rt=nc&LH_ItemCondition=3&LH_BIN=1&rt=nc&LH_PrefLoc=1
Ninja Turtles Eyeshadow,https://www.ebay.com/sch/i.html?_from=R40&_nkw=Ninja+Turtles+Eyeshadow&_sacat=26395&rt=nc&LH_ItemCondition=3&LH_BIN=1&rt=nc&LH_PrefLoc=1
Eye Shadow Palette,https://www.ebay.com/sch/i.html?_from=R40&_nkw=Eye+Shadow+Palette&_sacat=26395&rt=nc&LH_ItemCondition=3&LH_BIN=1&rt=nc&LH_PrefLoc=1
Mermaid Tattoos,https://www.ebay.com/sch/i.html?_from=R40&_nkw=Mermaid+Tattoos&_sacat=26395&rt=nc&LH_ItemCondition=3&LH_BIN=1&rt=nc&LH_PrefLoc=1
Makeup Tester,https://www.ebay.com/sch/i.html?_from=R40&_nkw=Makeup+Tester&_sacat=26395&rt=nc&LH_ItemCondition=3&LH_BIN=1&rt=nc&LH_PrefLoc=1
Lash Conditioner,https://www.ebay.com/sch/i.html?_from=R40&_nkw=Lash+Conditioner&_sacat=26395&rt=nc&LH_ItemCondition=3&LH_BIN=1&rt=nc&LH_PrefLoc=1
Stay-In-Place Foundation,https://www.ebay.com/sch/i.html?_from=R40&_nkw=Stay-In-Place+Foundation&_sacat=26395&rt=nc&LH_ItemCondition=3&LH_BIN=1&rt=nc&LH_PrefLoc=1
Frozen makeup,https://www.ebay.com/sch/i.html?_from=R40&_nkw=Frozen+makeup&_sacat=26395&rt=nc&LH_ItemCondition=3&LH_BIN=1&rt=nc&LH_PrefLoc=1
Foundation Stick,https://www.ebay.com/sch/i.html?_from=R40&_nkw=Foundation+Stick&_sacat=26395&rt=nc&LH_ItemCondition=3&LH_BIN=1&rt=nc&LH_PrefLoc=1
Make-Up Remover,https://www.ebay.com/sch/i.html?_from=R40&_nkw=Make-Up+Remover&_sacat=26395&rt=nc&LH_ItemCondition=3&LH_BIN=1&rt=nc&LH_PrefLoc=1
Matte Powder,https://www.ebay.com/sch/i.html?_from=R40&_nkw=Matte+Powder&_sacat=26395&rt=nc&LH_ItemCondition=3&LH_BIN=1&rt=nc&LH_PrefLoc=1
Bronzing Primer,https://www.ebay.com/sch/i.html?_from=R40&_nkw=Bronzing+Primer&_sacat=26395&rt=nc&LH_ItemCondition=3&LH_BIN=1&rt=nc&LH_PrefLoc=1
Denim Nail Polish,https://www.ebay.com/sch/i.html?_from=R40&_nkw=Denim+Nail+Polish&_sacat=26395&rt=nc&LH_ItemCondition=3&LH_BIN=1&rt=nc&LH_PrefLoc=1
