Keyword,Links
Tattoo tracker,https://www.ebay.com/sch/i.html?_from=R40&_nkw=Tattoo+tracker&_sacat=26395&rt=nc&LH_ItemCondition=3&LH_BIN=1&rt=nc&LH_PrefLoc=1
Tattoo Nails,https://www.ebay.com/sch/i.html?_from=R40&_nkw=Tattoo+Nails&_sacat=26395&rt=nc&LH_ItemCondition=3&LH_BIN=1&rt=nc&LH_PrefLoc=1
Blush Suzie,https://www.ebay.com/sch/i.html?_from=R40&_nkw=Blush+Suzie&_sacat=26395&rt=nc&LH_ItemCondition=3&LH_BIN=1&rt=nc&LH_PrefLoc=1
Queer Tattoos,https://www.ebay.com/sch/i.html?_from=R40&_nkw=Queer+Tattoos&_sacat=26395&rt=nc&LH_ItemCondition=3&LH_BIN=1&rt=nc&LH_PrefLoc=1
Matrimonial Humor,https://www.ebay.com/sch/i.html?_from=R40&_nkw=Matrimonial+Humor&_sacat=26395&rt=nc&LH_ItemCondition=3&LH_BIN=1&rt=nc&LH_PrefLoc=1
Musar Text,https://www.ebay.com/sch/i.html?_from=R40&_nkw=Musar+Text&_sacat=26395&rt=nc&LH_ItemCondition=3&LH_BIN=1&rt=nc&LH_PrefLoc=1
Tattoo designs,https://www.ebay.com/sch/i.html?_from=R40&_nkw=Tattoo+designs&_sacat=26395&rt=nc&LH_ItemCondition=3&LH_BIN=1&rt=nc&LH_PrefLoc=1
Etimología latina,https://www.ebay.com/sch/i.html?_from=R40&_nkw=Etimología+latina&_sacat=26395&rt=nc&LH_ItemCondition=3&LH_BIN=1&rt=nc&LH_PrefLoc=1
Japanese Tattoo,https://www.ebay.com/sch/i.html?_from=R40&_nkw=Japanese+Tattoo&_sacat=26395&rt=nc&LH_ItemCondition=3&LH_BIN=1&rt=nc&LH_PrefLoc=1
Orchid Tattoo,https://www.ebay.com/sch/i.html?_from=R40&_nkw=Orchid+Tattoo&_sacat=26395&rt=nc&LH_ItemCondition=3&LH_BIN=1&rt=nc&LH_PrefLoc=1
Harvard History,https://www.ebay.com/sch/i.html?_from=R40&_nkw=Harvard+History&_sacat=26395&rt=nc&LH_ItemCondition=3&LH_BIN=1&rt=nc&LH_PrefLoc=1
Italian Letters,https://www.ebay.com/sch/i.html?_from=R40&_nkw=Italian+Letters&_sacat=26395&rt=nc&LH_ItemCondition=3&LH_BIN=1&rt=nc&LH_PrefLoc=1
Real Size,https://www.ebay.com/sch/i.html?_from=R40&_nkw=Real+Size&_sacat=26395&rt=nc&LH_ItemCondition=3&LH_BIN=1&rt=nc&LH_PrefLoc=1
Gothic Pinup,https://www.ebay.com/sch/i.html?_from=R40&_nkw=Gothic+Pinup&_sacat=26395&rt=nc&LH_ItemCondition=3&LH_BIN=1&rt=nc&LH_PrefLoc=1
Crystal Tattoos,https://www.ebay.com/sch/i.html?_from=R40&_nkw=Crystal+Tattoos&_sacat=26395&rt=nc&LH_ItemCondition=3&LH_BIN=1&rt=nc&LH_PrefLoc=1
Waterproof Concealer,https://www.ebay.com/sch/i.html?_from=R40&_nkw=Waterproof+Concealer&_sacat=26395&rt=nc&LH_ItemCondition=3&LH_BIN=1&rt=nc&LH_PrefLoc=1
Russian Tattoo,https://www.ebay.com/sch/i.html?_from=R40&_nkw=Russian+Tattoo&_sacat=26395&rt=nc&LH_ItemCondition=3&LH_BIN=1&rt=nc&LH_PrefLoc=1
Muir College,https://www.ebay.com/sch/i.html?_from=R40&_nkw=Muir+College&_sacat=26395&rt=nc&LH_ItemCondition=3&LH_BIN=1&rt=nc&LH_PrefLoc=1
Quick Dry Towel,https://www.ebay.com/sch/i.html?_from=R40&_nkw=Quick+Dry+Towel&_sacat=26395&rt=nc&LH_ItemCondition=3&LH_BIN=1&rt=nc&LH_PrefLoc=1
Sunset candles,https://www.ebay.com/sch/i.html?_from=R40&_nkw=Sunset+candles&_sacat=26395&rt=nc&LH_ItemCondition=3&LH_BIN=1&rt=nc&LH_PrefLoc=1
American Dream,https://www.ebay.com/sch/i.html?_from=R40&_nkw=American+Dream&_sacat=26395&rt=nc&LH_ItemCondition=3&LH_BIN=1&rt=nc&LH_PrefLoc=1
Colorful Nails,https://www.ebay.com/sch/i.html?_from=R40&_nkw=Colorful+Nails&_sacat=26395&rt=nc&LH_ItemCondition=3&LH_BIN=1&rt=nc&LH_PrefLoc=1
Skin-Tone Markers,https://www.ebay.com/sch/i.html?_from=R40&_nkw=Skin-Tone+Markers&_sacat=26395&rt=nc&LH_ItemCondition=3&LH_BIN=1&rt=nc&LH_PrefLoc=1
Nail biting,https://www.ebay.com/sch/i.html?_from=R40&_nkw=Nail+biting&_sacat=26395&rt=nc&LH_ItemCondition=3&LH_BIN=1&rt=nc&LH_PrefLoc=1
Nail Fence,https://www.ebay.com/sch/i.html?_from=R40&_nkw=Nail+Fence&_sacat=26395&rt=nc&LH_ItemCondition=3&LH_BIN=1&rt=nc&LH_PrefLoc=1
Blush Makeup,https://www.ebay.com/sch/i.html?_from=R40&_nkw=Blush+Makeup&_sacat=26395&rt=nc&LH_ItemCondition=3&LH_BIN=1&rt=nc&LH_PrefLoc=1
Tattoo Drawing,https://www.ebay.com/sch/i.html?_from=R40&_nkw=Tattoo+Drawing&_sacat=26395&rt=nc&LH_ItemCondition=3&LH_BIN=1&rt=nc&LH_PrefLoc=1
Hindi Akshar,https://www.ebay.com/sch/i.html?_from=R40&_nkw=Hindi+Akshar&_sacat=26395&rt=nc&LH_ItemCondition=3&LH_BIN=1&rt=nc&LH_PrefLoc=1
Drum instructions,https://www.ebay.com/sch/i.html?_from=R40&_nkw=Drum+instructions&_sacat=26395&rt=nc&LH_ItemCondition=3&LH_BIN=1&rt=nc&LH_PrefLoc=1
Tattoo Ideas,https://www.ebay.com/sch/i.html?_from=R40&_nkw=Tattoo+Ideas&_sacat=26395&rt=nc&LH_ItemCondition=3&LH_BIN=1&rt=nc&LH_PrefLoc=1
Foundation history,https://www.ebay.com/sch/i.html?_from=R40&_nkw=Foundation+history&_sacat=26395&rt=nc&LH_ItemCondition=3&LH_BIN=1&rt=nc&LH_PrefLoc=1
Nail Head,https://www.ebay.com/sch/i.html?_from=R40&_nkw=Nail+Head&_sacat=26395&rt=nc&LH_ItemCondition=3&LH_BIN=1&rt=nc&LH_PrefLoc=1
South Australia,https://www.ebay.com/sch/i.html?_from=R40&_nkw=South+Australia&_sacat=26395&rt=nc&LH_ItemCondition=3&LH_BIN=1&rt=nc&LH_PrefLoc=1
Leather Bound,https://www.ebay.com/sch/i.html?_from=R40&_nkw=Leather+Bound&_sacat=26395&rt=nc&LH_ItemCondition=3&LH_BIN=1&rt=nc&LH_PrefLoc=1
Tattoo History,https://www.ebay.com/sch/i.html?_from=R40&_nkw=Tattoo+History&_sacat=26395&rt=nc&LH_ItemCondition=3&LH_BIN=1&rt=nc&LH_PrefLoc=1
University history,https://www.ebay.com/sch/i.html?_from=R40&_nkw=University+history&_sacat=26395&rt=nc&LH_ItemCondition=3&LH_BIN=1&rt=nc&LH_PrefLoc=1
Fine Line Tattoos,https://www.ebay.com/sch/i.html?_from=R40&_nkw=Fine+Line+Tattoos&_sacat=26395&rt=nc&LH_ItemCondition=3&LH_BIN=1&rt=nc&LH_PrefLoc=1
Materialprüfung Verfahren,https://www.ebay.com/sch/i.html?_from=R40&_nkw=Materialprüfung+Verfahren&_sacat=26395&rt=nc&LH_ItemCondition=3&LH_BIN=1&rt=nc&LH_PrefLoc=1
Human Understanding,https://www.ebay.com/sch/i.html?_from=R40&_nkw=Human+Understanding&_sacat=26395&rt=nc&LH_ItemCondition=3&LH_BIN=1&rt=nc&LH_PrefLoc=1
Beauty Manipulation,https://www.ebay.com/sch/i.html?_from=R40&_nkw=Beauty+Manipulation&_sacat=26395&rt=nc&LH_ItemCondition=3&LH_BIN=1&rt=nc&LH_PrefLoc=1
Diccionario castellano,https://www.ebay.com/sch/i.html?_from=R40&_nkw=Diccionario+castellano&_sacat=26395&rt=nc&LH_ItemCondition=3&LH_BIN=1&rt=nc&LH_PrefLoc=1
Tibetan Medicine,https://www.ebay.com/sch/i.html?_from=R40&_nkw=Tibetan+Medicine&_sacat=26395&rt=nc&LH_ItemCondition=3&LH_BIN=1&rt=nc&LH_PrefLoc=1
Full Moon Highlighter,https://www.ebay.com/sch/i.html?_from=R40&_nkw=Full+Moon+Highlighter&_sacat=26395&rt=nc&LH_ItemCondition=3&LH_BIN=1&rt=nc&LH_PrefLoc=1
Easter Tattoos,https://www.ebay.com/sch/i.html?_from=R40&_nkw=Easter+Tattoos&_sacat=26395&rt=nc&LH_ItemCondition=3&LH_BIN=1&rt=nc&LH_PrefLoc=1
Graphic Liner,https://www.ebay.com/sch/i.html?_from=R40&_nkw=Graphic+Liner&_sacat=26395&rt=nc&LH_ItemCondition=3&LH_BIN=1&rt=nc&LH_PrefLoc=1
Sculpt Foundation,https://www.ebay.com/sch/i.html?_from=R40&_nkw=Sculpt+Foundation&_sacat=26395&rt=nc&LH_ItemCondition=3&LH_BIN=1&rt=nc&LH_PrefLoc=1
Blemish Concealer,https://www.ebay.com/sch/i.html?_from=R40&_nkw=Blemish+Concealer&_sacat=26395&rt=nc&LH_ItemCondition=3&LH_BIN=1&rt=nc&LH_PrefLoc=1
Plumping Lips,https://www.ebay.com/sch/i.html?_from=R40&_nkw=Plumping+Lips&_sacat=26395&rt=nc&LH_ItemCondition=3&LH_BIN=1&rt=nc&LH_PrefLoc=1
Emerald Mascara,https://www.ebay.com/sch/i.html?_from=R40&_nkw=Emerald+Mascara&_sacat=26395&rt=nc&LH_ItemCondition=3&LH_BIN=1&rt=nc&LH_PrefLoc=1
Marine Collagen,https://www.ebay.com/sch/i.html?_from=R40&_nkw=Marine+Collagen&_sacat=26395&rt=nc&LH_ItemCondition=3&LH_BIN=1&rt=nc&LH_PrefLoc=1
