Keyword,Links
Anti-Aging Supplement,https://www.ebay.com/sch/i.html?_from=R40&_nkw=Anti-Aging+Supplement&_sacat=26395&rt=nc&LH_ItemCondition=3&LH_BIN=1&rt=nc&LH_PrefLoc=1
Sleep strips,https://www.ebay.com/sch/i.html?_from=R40&_nkw=Sleep+strips&_sacat=26395&rt=nc&LH_ItemCondition=3&LH_BIN=1&rt=nc&LH_PrefLoc=1
Sugar Free Melatonin,https://www.ebay.com/sch/i.html?_from=R40&_nkw=Sugar+Free+Melatonin&_sacat=26395&rt=nc&LH_ItemCondition=3&LH_BIN=1&rt=nc&LH_PrefLoc=1
Sleep remedy,https://www.ebay.com/sch/i.html?_from=R40&_nkw=Sleep+remedy&_sacat=26395&rt=nc&LH_ItemCondition=3&LH_BIN=1&rt=nc&LH_PrefLoc=1
Bladder Support,https://www.ebay.com/sch/i.html?_from=R40&_nkw=Bladder+Support&_sacat=26395&rt=nc&LH_ItemCondition=3&LH_BIN=1&rt=nc&LH_PrefLoc=1
Pain reliever,https://www.ebay.com/sch/i.html?_from=R40&_nkw=Pain+reliever&_sacat=26395&rt=nc&LH_ItemCondition=3&LH_BIN=1&rt=nc&LH_PrefLoc=1
Caffeine Aid,https://www.ebay.com/sch/i.html?_from=R40&_nkw=Caffeine+Aid&_sacat=26395&rt=nc&LH_ItemCondition=3&LH_BIN=1&rt=nc&LH_PrefLoc=1
Cocoa Sleep,https://www.ebay.com/sch/i.html?_from=R40&_nkw=Cocoa+Sleep&_sacat=26395&rt=nc&LH_ItemCondition=3&LH_BIN=1&rt=nc&LH_PrefLoc=1
Sleep powder,https://www.ebay.com/sch/i.html?_from=R40&_nkw=Sleep+powder&_sacat=26395&rt=nc&LH_ItemCondition=3&LH_BIN=1&rt=nc&LH_PrefLoc=1
Nerve Relief,https://www.ebay.com/sch/i.html?_from=R40&_nkw=Nerve+Relief&_sacat=26395&rt=nc&LH_ItemCondition=3&LH_BIN=1&rt=nc&LH_PrefLoc=1
Leg cramps,https://www.ebay.com/sch/i.html?_from=R40&_nkw=Leg+cramps&_sacat=26395&rt=nc&LH_ItemCondition=3&LH_BIN=1&rt=nc&LH_PrefLoc=1
L-Theanine Stress,https://www.ebay.com/sch/i.html?_from=R40&_nkw=L-Theanine+Stress&_sacat=26395&rt=nc&LH_ItemCondition=3&LH_BIN=1&rt=nc&LH_PrefLoc=1
Zeolite Gummies,https://www.ebay.com/sch/i.html?_from=R40&_nkw=Zeolite+Gummies&_sacat=26395&rt=nc&LH_ItemCondition=3&LH_BIN=1&rt=nc&LH_PrefLoc=1
Melatonin Softgels,https://www.ebay.com/sch/i.html?_from=R40&_nkw=Melatonin+Softgels&_sacat=26395&rt=nc&LH_ItemCondition=3&LH_BIN=1&rt=nc&LH_PrefLoc=1
Sleep patches,https://www.ebay.com/sch/i.html?_from=R40&_nkw=Sleep+patches&_sacat=26395&rt=nc&LH_ItemCondition=3&LH_BIN=1&rt=nc&LH_PrefLoc=1
Turkey Tail,https://www.ebay.com/sch/i.html?_from=R40&_nkw=Turkey+Tail&_sacat=26395&rt=nc&LH_ItemCondition=3&LH_BIN=1&rt=nc&LH_PrefLoc=1
Calm tablets,https://www.ebay.com/sch/i.html?_from=R40&_nkw=Calm+tablets&_sacat=26395&rt=nc&LH_ItemCondition=3&LH_BIN=1&rt=nc&LH_PrefLoc=1
L-Theanine,https://www.ebay.com/sch/i.html?_from=R40&_nkw=L-Theanine&_sacat=26395&rt=nc&LH_ItemCondition=3&LH_BIN=1&rt=nc&LH_PrefLoc=1
Growth Gummies,https://www.ebay.com/sch/i.html?_from=R40&_nkw=Growth+Gummies&_sacat=26395&rt=nc&LH_ItemCondition=3&LH_BIN=1&rt=nc&LH_PrefLoc=1
Collagen Sleep,https://www.ebay.com/sch/i.html?_from=R40&_nkw=Collagen+Sleep&_sacat=26395&rt=nc&LH_ItemCondition=3&LH_BIN=1&rt=nc&LH_PrefLoc=1
Restful Sleep,https://www.ebay.com/sch/i.html?_from=R40&_nkw=Restful+Sleep&_sacat=26395&rt=nc&LH_ItemCondition=3&LH_BIN=1&rt=nc&LH_PrefLoc=1
Valerian Sleep,https://www.ebay.com/sch/i.html?_from=R40&_nkw=Valerian+Sleep&_sacat=26395&rt=nc&LH_ItemCondition=3&LH_BIN=1&rt=nc&LH_PrefLoc=1
Calm Mood,https://www.ebay.com/sch/i.html?_from=R40&_nkw=Calm+Mood&_sacat=26395&rt=nc&LH_ItemCondition=3&LH_BIN=1&rt=nc&LH_PrefLoc=1
Sleep relief,https://www.ebay.com/sch/i.html?_from=R40&_nkw=Sleep+relief&_sacat=26395&rt=nc&LH_ItemCondition=3&LH_BIN=1&rt=nc&LH_PrefLoc=1
Homeopathic Medicine,https://www.ebay.com/sch/i.html?_from=R40&_nkw=Homeopathic+Medicine&_sacat=26395&rt=nc&LH_ItemCondition=3&LH_BIN=1&rt=nc&LH_PrefLoc=1
Sleep candy,https://www.ebay.com/sch/i.html?_from=R40&_nkw=Sleep+candy&_sacat=26395&rt=nc&LH_ItemCondition=3&LH_BIN=1&rt=nc&LH_PrefLoc=1
Pain relief,https://www.ebay.com/sch/i.html?_from=R40&_nkw=Pain+relief&_sacat=26395&rt=nc&LH_ItemCondition=3&LH_BIN=1&rt=nc&LH_PrefLoc=1
Sleep Relaxation,https://www.ebay.com/sch/i.html?_from=R40&_nkw=Sleep+Relaxation&_sacat=26395&rt=nc&LH_ItemCondition=3&LH_BIN=1&rt=nc&LH_PrefLoc=1
Caffeine Pills,https://www.ebay.com/sch/i.html?_from=R40&_nkw=Caffeine+Pills&_sacat=26395&rt=nc&LH_ItemCondition=3&LH_BIN=1&rt=nc&LH_PrefLoc=1
Superfood Capsules,https://www.ebay.com/sch/i.html?_from=R40&_nkw=Superfood+Capsules&_sacat=26395&rt=nc&LH_ItemCondition=3&LH_BIN=1&rt=nc&LH_PrefLoc=1
Mannose Powder,https://www.ebay.com/sch/i.html?_from=R40&_nkw=Mannose+Powder&_sacat=26395&rt=nc&LH_ItemCondition=3&LH_BIN=1&rt=nc&LH_PrefLoc=1
Lemon Balm,https://www.ebay.com/sch/i.html?_from=R40&_nkw=Lemon+Balm&_sacat=26395&rt=nc&LH_ItemCondition=3&LH_BIN=1&rt=nc&LH_PrefLoc=1
Bath crystals,https://www.ebay.com/sch/i.html?_from=R40&_nkw=Bath+crystals&_sacat=26395&rt=nc&LH_ItemCondition=3&LH_BIN=1&rt=nc&LH_PrefLoc=1
Tryptophan Capsules,https://www.ebay.com/sch/i.html?_from=R40&_nkw=Tryptophan+Capsules&_sacat=26395&rt=nc&LH_ItemCondition=3&LH_BIN=1&rt=nc&LH_PrefLoc=1
Mental fatigue,https://www.ebay.com/sch/i.html?_from=R40&_nkw=Mental+fatigue&_sacat=26395&rt=nc&LH_ItemCondition=3&LH_BIN=1&rt=nc&LH_PrefLoc=1
Homeopathic Sleeplessness,https://www.ebay.com/sch/i.html?_from=R40&_nkw=Homeopathic+Sleeplessness&_sacat=26395&rt=nc&LH_ItemCondition=3&LH_BIN=1&rt=nc&LH_PrefLoc=1
Calming Aid,https://www.ebay.com/sch/i.html?_from=R40&_nkw=Calming+Aid&_sacat=26395&rt=nc&LH_ItemCondition=3&LH_BIN=1&rt=nc&LH_PrefLoc=1
Homeopathic Dizziness,https://www.ebay.com/sch/i.html?_from=R40&_nkw=Homeopathic+Dizziness&_sacat=26395&rt=nc&LH_ItemCondition=3&LH_BIN=1&rt=nc&LH_PrefLoc=1
Liposomal Melatonin,https://www.ebay.com/sch/i.html?_from=R40&_nkw=Liposomal+Melatonin&_sacat=26395&rt=nc&LH_ItemCondition=3&LH_BIN=1&rt=nc&LH_PrefLoc=1
Herbal Sleep Aid,https://www.ebay.com/sch/i.html?_from=R40&_nkw=Herbal+Sleep+Aid&_sacat=26395&rt=nc&LH_ItemCondition=3&LH_BIN=1&rt=nc&LH_PrefLoc=1
Sleep gels,https://www.ebay.com/sch/i.html?_from=R40&_nkw=Sleep+gels&_sacat=26395&rt=nc&LH_ItemCondition=3&LH_BIN=1&rt=nc&LH_PrefLoc=1
Sleep Stickers,https://www.ebay.com/sch/i.html?_from=R40&_nkw=Sleep+Stickers&_sacat=26395&rt=nc&LH_ItemCondition=3&LH_BIN=1&rt=nc&LH_PrefLoc=1
Melatonin Grape,https://www.ebay.com/sch/i.html?_from=R40&_nkw=Melatonin+Grape&_sacat=26395&rt=nc&LH_ItemCondition=3&LH_BIN=1&rt=nc&LH_PrefLoc=1
Menopause Supplements,https://www.ebay.com/sch/i.html?_from=R40&_nkw=Menopause+Supplements&_sacat=26395&rt=nc&LH_ItemCondition=3&LH_BIN=1&rt=nc&LH_PrefLoc=1
Healthy gums,https://www.ebay.com/sch/i.html?_from=R40&_nkw=Healthy+gums&_sacat=26395&rt=nc&LH_ItemCondition=3&LH_BIN=1&rt=nc&LH_PrefLoc=1
Ginger Foot Pads,https://www.ebay.com/sch/i.html?_from=R40&_nkw=Ginger+Foot+Pads&_sacat=26395&rt=nc&LH_ItemCondition=3&LH_BIN=1&rt=nc&LH_PrefLoc=1
Calming Chews,https://www.ebay.com/sch/i.html?_from=R40&_nkw=Calming+Chews&_sacat=26395&rt=nc&LH_ItemCondition=3&LH_BIN=1&rt=nc&LH_PrefLoc=1
Collagen Capsules,https://www.ebay.com/sch/i.html?_from=R40&_nkw=Collagen+Capsules&_sacat=26395&rt=nc&LH_ItemCondition=3&LH_BIN=1&rt=nc&LH_PrefLoc=1
Herbal Tablets,https://www.ebay.com/sch/i.html?_from=R40&_nkw=Herbal+Tablets&_sacat=26395&rt=nc&LH_ItemCondition=3&LH_BIN=1&rt=nc&LH_PrefLoc=1
Epsom Salt,https://www.ebay.com/sch/i.html?_from=R40&_nkw=Epsom+Salt&_sacat=26395&rt=nc&LH_ItemCondition=3&LH_BIN=1&rt=nc&LH_PrefLoc=1
