Keyword,Links
Restorative Moisturizer,https://www.amazon.com/s?k=Restorative+Moisturizer&i=beauty&s=exact-aware-popularity-rank&ref=sr_st_exact-aware-popularity-rank
Moisturizer Bundle,https://www.amazon.com/s?k=Moisturizer+Bundle&i=beauty&s=exact-aware-popularity-rank&ref=sr_st_exact-aware-popularity-rank
Lifting Set,https://www.amazon.com/s?k=Lifting+Set&i=beauty&s=exact-aware-popularity-rank&ref=sr_st_exact-aware-popularity-rank
Sunblock Cream,https://www.amazon.com/s?k=Sunblock+Cream&i=beauty&s=exact-aware-popularity-rank&ref=sr_st_exact-aware-popularity-rank
Rehydrating Toner,https://www.amazon.com/s?k=Rehydrating+Toner&i=beauty&s=exact-aware-popularity-rank&ref=sr_st_exact-aware-popularity-rank
Eye concentrate,https://www.amazon.com/s?k=Eye+concentrate&i=beauty&s=exact-aware-popularity-rank&ref=sr_st_exact-aware-popularity-rank
Lip protectant,https://www.amazon.com/s?k=Lip+protectant&i=beauty&s=exact-aware-popularity-rank&ref=sr_st_exact-aware-popularity-rank
Soothing Mist,https://www.amazon.com/s?k=Soothing+Mist&i=beauty&s=exact-aware-popularity-rank&ref=sr_st_exact-aware-popularity-rank
Ecological Compound,https://www.amazon.com/s?k=Ecological+Compound&i=beauty&s=exact-aware-popularity-rank&ref=sr_st_exact-aware-popularity-rank
Self-tan water,https://www.amazon.com/s?k=Self-tan+water&i=beauty&s=exact-aware-popularity-rank&ref=sr_st_exact-aware-popularity-rank
Asepxia Sulfur,https://www.amazon.com/s?k=Asepxia+Sulfur&i=beauty&s=exact-aware-popularity-rank&ref=sr_st_exact-aware-popularity-rank
Hydration Moisturizer,https://www.amazon.com/s?k=Hydration+Moisturizer&i=beauty&s=exact-aware-popularity-rank&ref=sr_st_exact-aware-popularity-rank
Ingrown spray,https://www.amazon.com/s?k=Ingrown+spray&i=beauty&s=exact-aware-popularity-rank&ref=sr_st_exact-aware-popularity-rank
Menopause Serum,https://www.amazon.com/s?k=Menopause+Serum&i=beauty&s=exact-aware-popularity-rank&ref=sr_st_exact-aware-popularity-rank
Aloe Vera,https://www.amazon.com/s?k=Aloe+Vera&i=beauty&s=exact-aware-popularity-rank&ref=sr_st_exact-aware-popularity-rank
Pigment Serum,https://www.amazon.com/s?k=Pigment+Serum&i=beauty&s=exact-aware-popularity-rank&ref=sr_st_exact-aware-popularity-rank
Matte Bronzer,https://www.amazon.com/s?k=Matte+Bronzer&i=beauty&s=exact-aware-popularity-rank&ref=sr_st_exact-aware-popularity-rank
Sunscreen Shield,https://www.amazon.com/s?k=Sunscreen+Shield&i=beauty&s=exact-aware-popularity-rank&ref=sr_st_exact-aware-popularity-rank
Caviar Eye,https://www.amazon.com/s?k=Caviar+Eye&i=beauty&s=exact-aware-popularity-rank&ref=sr_st_exact-aware-popularity-rank
Anti-Aging Moisturizer,https://www.amazon.com/s?k=Anti-Aging+Moisturizer&i=beauty&s=exact-aware-popularity-rank&ref=sr_st_exact-aware-popularity-rank
Back applicator,https://www.amazon.com/s?k=Back+applicator&i=beauty&s=exact-aware-popularity-rank&ref=sr_st_exact-aware-popularity-rank
Dark circle patches,https://www.amazon.com/s?k=Dark+circle+patches&i=beauty&s=exact-aware-popularity-rank&ref=sr_st_exact-aware-popularity-rank
Self-Tanner,https://www.amazon.com/s?k=Self-Tanner&i=beauty&s=exact-aware-popularity-rank&ref=sr_st_exact-aware-popularity-rank
Neroli Eye Serum,https://www.amazon.com/s?k=Neroli+Eye+Serum&i=beauty&s=exact-aware-popularity-rank&ref=sr_st_exact-aware-popularity-rank
Fruit lip balm,https://www.amazon.com/s?k=Fruit+lip+balm&i=beauty&s=exact-aware-popularity-rank&ref=sr_st_exact-aware-popularity-rank
Skin complex,https://www.amazon.com/s?k=Skin+complex&i=beauty&s=exact-aware-popularity-rank&ref=sr_st_exact-aware-popularity-rank
Feminine Wipes,https://www.amazon.com/s?k=Feminine+Wipes&i=beauty&s=exact-aware-popularity-rank&ref=sr_st_exact-aware-popularity-rank
Facial Masks,https://www.amazon.com/s?k=Facial+Masks&i=beauty&s=exact-aware-popularity-rank&ref=sr_st_exact-aware-popularity-rank
Medicated Balm,https://www.amazon.com/s?k=Medicated+Balm&i=beauty&s=exact-aware-popularity-rank&ref=sr_st_exact-aware-popularity-rank
Cica Toner,https://www.amazon.com/s?k=Cica+Toner&i=beauty&s=exact-aware-popularity-rank&ref=sr_st_exact-aware-popularity-rank
Glycolic Pads,https://www.amazon.com/s?k=Glycolic+Pads&i=beauty&s=exact-aware-popularity-rank&ref=sr_st_exact-aware-popularity-rank
Pomegranate Moisture,https://www.amazon.com/s?k=Pomegranate+Moisture&i=beauty&s=exact-aware-popularity-rank&ref=sr_st_exact-aware-popularity-rank
Youth Serum,https://www.amazon.com/s?k=Youth+Serum&i=beauty&s=exact-aware-popularity-rank&ref=sr_st_exact-aware-popularity-rank
Age Active Sunscreen,https://www.amazon.com/s?k=Age+Active+Sunscreen&i=beauty&s=exact-aware-popularity-rank&ref=sr_st_exact-aware-popularity-rank
Age Repair,https://www.amazon.com/s?k=Age+Repair&i=beauty&s=exact-aware-popularity-rank&ref=sr_st_exact-aware-popularity-rank
Skin cream,https://www.amazon.com/s?k=Skin+cream&i=beauty&s=exact-aware-popularity-rank&ref=sr_st_exact-aware-popularity-rank
Bee Balm,https://www.amazon.com/s?k=Bee+Balm&i=beauty&s=exact-aware-popularity-rank&ref=sr_st_exact-aware-popularity-rank
Caffeine Eye Serum,https://www.amazon.com/s?k=Caffeine+Eye+Serum&i=beauty&s=exact-aware-popularity-rank&ref=sr_st_exact-aware-popularity-rank
Tactical Lip Balm,https://www.amazon.com/s?k=Tactical+Lip+Balm&i=beauty&s=exact-aware-popularity-rank&ref=sr_st_exact-aware-popularity-rank
Eye patch,https://www.amazon.com/s?k=Eye+patch&i=beauty&s=exact-aware-popularity-rank&ref=sr_st_exact-aware-popularity-rank
Eczema Treatment,https://www.amazon.com/s?k=Eczema+Treatment&i=beauty&s=exact-aware-popularity-rank&ref=sr_st_exact-aware-popularity-rank
Kojic Acid,https://www.amazon.com/s?k=Kojic+Acid&i=beauty&s=exact-aware-popularity-rank&ref=sr_st_exact-aware-popularity-rank
Bronzing Lotion,https://www.amazon.com/s?k=Bronzing+Lotion&i=beauty&s=exact-aware-popularity-rank&ref=sr_st_exact-aware-popularity-rank
Toning Lotion,https://www.amazon.com/s?k=Toning+Lotion&i=beauty&s=exact-aware-popularity-rank&ref=sr_st_exact-aware-popularity-rank
Lytic Cleanser,https://www.amazon.com/s?k=Lytic+Cleanser&i=beauty&s=exact-aware-popularity-rank&ref=sr_st_exact-aware-popularity-rank
Deep Cleaning Cleanser,https://www.amazon.com/s?k=Deep+Cleaning+Cleanser&i=beauty&s=exact-aware-popularity-rank&ref=sr_st_exact-aware-popularity-rank
Micro Essence,https://www.amazon.com/s?k=Micro+Essence&i=beauty&s=exact-aware-popularity-rank&ref=sr_st_exact-aware-popularity-rank
Salt scrub,https://www.amazon.com/s?k=Salt+scrub&i=beauty&s=exact-aware-popularity-rank&ref=sr_st_exact-aware-popularity-rank
Vitamined Care,https://www.amazon.com/s?k=Vitamined+Care&i=beauty&s=exact-aware-popularity-rank&ref=sr_st_exact-aware-popularity-rank
Facial Cream,https://www.amazon.com/s?k=Facial+Cream&i=beauty&s=exact-aware-popularity-rank&ref=sr_st_exact-aware-popularity-rank
