Keyword,Links
Restorative Moisturizer,https://www.ebay.com/sch/i.html?_from=R40&_nkw=Restorative+Moisturizer&_sacat=26395&rt=nc&LH_ItemCondition=3&LH_BIN=1&rt=nc&LH_PrefLoc=1
Moisturizer Bundle,https://www.ebay.com/sch/i.html?_from=R40&_nkw=Moisturizer+Bundle&_sacat=26395&rt=nc&LH_ItemCondition=3&LH_BIN=1&rt=nc&LH_PrefLoc=1
Lifting Set,https://www.ebay.com/sch/i.html?_from=R40&_nkw=Lifting+Set&_sacat=26395&rt=nc&LH_ItemCondition=3&LH_BIN=1&rt=nc&LH_PrefLoc=1
Sunblock Cream,https://www.ebay.com/sch/i.html?_from=R40&_nkw=Sunblock+Cream&_sacat=26395&rt=nc&LH_ItemCondition=3&LH_BIN=1&rt=nc&LH_PrefLoc=1
Rehydrating Toner,https://www.ebay.com/sch/i.html?_from=R40&_nkw=Rehydrating+Toner&_sacat=26395&rt=nc&LH_ItemCondition=3&LH_BIN=1&rt=nc&LH_PrefLoc=1
Eye concentrate,https://www.ebay.com/sch/i.html?_from=R40&_nkw=Eye+concentrate&_sacat=26395&rt=nc&LH_ItemCondition=3&LH_BIN=1&rt=nc&LH_PrefLoc=1
Lip protectant,https://www.ebay.com/sch/i.html?_from=R40&_nkw=Lip+protectant&_sacat=26395&rt=nc&LH_ItemCondition=3&LH_BIN=1&rt=nc&LH_PrefLoc=1
Soothing Mist,https://www.ebay.com/sch/i.html?_from=R40&_nkw=Soothing+Mist&_sacat=26395&rt=nc&LH_ItemCondition=3&LH_BIN=1&rt=nc&LH_PrefLoc=1
Ecological Compound,https://www.ebay.com/sch/i.html?_from=R40&_nkw=Ecological+Compound&_sacat=26395&rt=nc&LH_ItemCondition=3&LH_BIN=1&rt=nc&LH_PrefLoc=1
Self-tan water,https://www.ebay.com/sch/i.html?_from=R40&_nkw=Self-tan+water&_sacat=26395&rt=nc&LH_ItemCondition=3&LH_BIN=1&rt=nc&LH_PrefLoc=1
Asepxia Sulfur,https://www.ebay.com/sch/i.html?_from=R40&_nkw=Asepxia+Sulfur&_sacat=26395&rt=nc&LH_ItemCondition=3&LH_BIN=1&rt=nc&LH_PrefLoc=1
Hydration Moisturizer,https://www.ebay.com/sch/i.html?_from=R40&_nkw=Hydration+Moisturizer&_sacat=26395&rt=nc&LH_ItemCondition=3&LH_BIN=1&rt=nc&LH_PrefLoc=1
Ingrown spray,https://www.ebay.com/sch/i.html?_from=R40&_nkw=Ingrown+spray&_sacat=26395&rt=nc&LH_ItemCondition=3&LH_BIN=1&rt=nc&LH_PrefLoc=1
Menopause Serum,https://www.ebay.com/sch/i.html?_from=R40&_nkw=Menopause+Serum&_sacat=26395&rt=nc&LH_ItemCondition=3&LH_BIN=1&rt=nc&LH_PrefLoc=1
Aloe Vera,https://www.ebay.com/sch/i.html?_from=R40&_nkw=Aloe+Vera&_sacat=26395&rt=nc&LH_ItemCondition=3&LH_BIN=1&rt=nc&LH_PrefLoc=1
Pigment Serum,https://www.ebay.com/sch/i.html?_from=R40&_nkw=Pigment+Serum&_sacat=26395&rt=nc&LH_ItemCondition=3&LH_BIN=1&rt=nc&LH_PrefLoc=1
Matte Bronzer,https://www.ebay.com/sch/i.html?_from=R40&_nkw=Matte+Bronzer&_sacat=26395&rt=nc&LH_ItemCondition=3&LH_BIN=1&rt=nc&LH_PrefLoc=1
Sunscreen Shield,https://www.ebay.com/sch/i.html?_from=R40&_nkw=Sunscreen+Shield&_sacat=26395&rt=nc&LH_ItemCondition=3&LH_BIN=1&rt=nc&LH_PrefLoc=1
Caviar Eye,https://www.ebay.com/sch/i.html?_from=R40&_nkw=Caviar+Eye&_sacat=26395&rt=nc&LH_ItemCondition=3&LH_BIN=1&rt=nc&LH_PrefLoc=1
Anti-Aging Moisturizer,https://www.ebay.com/sch/i.html?_from=R40&_nkw=Anti-Aging+Moisturizer&_sacat=26395&rt=nc&LH_ItemCondition=3&LH_BIN=1&rt=nc&LH_PrefLoc=1
Back applicator,https://www.ebay.com/sch/i.html?_from=R40&_nkw=Back+applicator&_sacat=26395&rt=nc&LH_ItemCondition=3&LH_BIN=1&rt=nc&LH_PrefLoc=1
Dark circle patches,https://www.ebay.com/sch/i.html?_from=R40&_nkw=Dark+circle+patches&_sacat=26395&rt=nc&LH_ItemCondition=3&LH_BIN=1&rt=nc&LH_PrefLoc=1
Self-Tanner,https://www.ebay.com/sch/i.html?_from=R40&_nkw=Self-Tanner&_sacat=26395&rt=nc&LH_ItemCondition=3&LH_BIN=1&rt=nc&LH_PrefLoc=1
Neroli Eye Serum,https://www.ebay.com/sch/i.html?_from=R40&_nkw=Neroli+Eye+Serum&_sacat=26395&rt=nc&LH_ItemCondition=3&LH_BIN=1&rt=nc&LH_PrefLoc=1
Fruit lip balm,https://www.ebay.com/sch/i.html?_from=R40&_nkw=Fruit+lip+balm&_sacat=26395&rt=nc&LH_ItemCondition=3&LH_BIN=1&rt=nc&LH_PrefLoc=1
Skin complex,https://www.ebay.com/sch/i.html?_from=R40&_nkw=Skin+complex&_sacat=26395&rt=nc&LH_ItemCondition=3&LH_BIN=1&rt=nc&LH_PrefLoc=1
Feminine Wipes,https://www.ebay.com/sch/i.html?_from=R40&_nkw=Feminine+Wipes&_sacat=26395&rt=nc&LH_ItemCondition=3&LH_BIN=1&rt=nc&LH_PrefLoc=1
Facial Masks,https://www.ebay.com/sch/i.html?_from=R40&_nkw=Facial+Masks&_sacat=26395&rt=nc&LH_ItemCondition=3&LH_BIN=1&rt=nc&LH_PrefLoc=1
Medicated Balm,https://www.ebay.com/sch/i.html?_from=R40&_nkw=Medicated+Balm&_sacat=26395&rt=nc&LH_ItemCondition=3&LH_BIN=1&rt=nc&LH_PrefLoc=1
Cica Toner,https://www.ebay.com/sch/i.html?_from=R40&_nkw=Cica+Toner&_sacat=26395&rt=nc&LH_ItemCondition=3&LH_BIN=1&rt=nc&LH_PrefLoc=1
Glycolic Pads,https://www.ebay.com/sch/i.html?_from=R40&_nkw=Glycolic+Pads&_sacat=26395&rt=nc&LH_ItemCondition=3&LH_BIN=1&rt=nc&LH_PrefLoc=1
Pomegranate Moisture,https://www.ebay.com/sch/i.html?_from=R40&_nkw=Pomegranate+Moisture&_sacat=26395&rt=nc&LH_ItemCondition=3&LH_BIN=1&rt=nc&LH_PrefLoc=1
Youth Serum,https://www.ebay.com/sch/i.html?_from=R40&_nkw=Youth+Serum&_sacat=26395&rt=nc&LH_ItemCondition=3&LH_BIN=1&rt=nc&LH_PrefLoc=1
Age Active Sunscreen,https://www.ebay.com/sch/i.html?_from=R40&_nkw=Age+Active+Sunscreen&_sacat=26395&rt=nc&LH_ItemCondition=3&LH_BIN=1&rt=nc&LH_PrefLoc=1
Age Repair,https://www.ebay.com/sch/i.html?_from=R40&_nkw=Age+Repair&_sacat=26395&rt=nc&LH_ItemCondition=3&LH_BIN=1&rt=nc&LH_PrefLoc=1
Skin cream,https://www.ebay.com/sch/i.html?_from=R40&_nkw=Skin+cream&_sacat=26395&rt=nc&LH_ItemCondition=3&LH_BIN=1&rt=nc&LH_PrefLoc=1
Bee Balm,https://www.ebay.com/sch/i.html?_from=R40&_nkw=Bee+Balm&_sacat=26395&rt=nc&LH_ItemCondition=3&LH_BIN=1&rt=nc&LH_PrefLoc=1
Caffeine Eye Serum,https://www.ebay.com/sch/i.html?_from=R40&_nkw=Caffeine+Eye+Serum&_sacat=26395&rt=nc&LH_ItemCondition=3&LH_BIN=1&rt=nc&LH_PrefLoc=1
Tactical Lip Balm,https://www.ebay.com/sch/i.html?_from=R40&_nkw=Tactical+Lip+Balm&_sacat=26395&rt=nc&LH_ItemCondition=3&LH_BIN=1&rt=nc&LH_PrefLoc=1
Eye patch,https://www.ebay.com/sch/i.html?_from=R40&_nkw=Eye+patch&_sacat=26395&rt=nc&LH_ItemCondition=3&LH_BIN=1&rt=nc&LH_PrefLoc=1
Eczema Treatment,https://www.ebay.com/sch/i.html?_from=R40&_nkw=Eczema+Treatment&_sacat=26395&rt=nc&LH_ItemCondition=3&LH_BIN=1&rt=nc&LH_PrefLoc=1
Kojic Acid,https://www.ebay.com/sch/i.html?_from=R40&_nkw=Kojic+Acid&_sacat=26395&rt=nc&LH_ItemCondition=3&LH_BIN=1&rt=nc&LH_PrefLoc=1
Bronzing Lotion,https://www.ebay.com/sch/i.html?_from=R40&_nkw=Bronzing+Lotion&_sacat=26395&rt=nc&LH_ItemCondition=3&LH_BIN=1&rt=nc&LH_PrefLoc=1
Toning Lotion,https://www.ebay.com/sch/i.html?_from=R40&_nkw=Toning+Lotion&_sacat=26395&rt=nc&LH_ItemCondition=3&LH_BIN=1&rt=nc&LH_PrefLoc=1
Lytic Cleanser,https://www.ebay.com/sch/i.html?_from=R40&_nkw=Lytic+Cleanser&_sacat=26395&rt=nc&LH_ItemCondition=3&LH_BIN=1&rt=nc&LH_PrefLoc=1
Deep Cleaning Cleanser,https://www.ebay.com/sch/i.html?_from=R40&_nkw=Deep+Cleaning+Cleanser&_sacat=26395&rt=nc&LH_ItemCondition=3&LH_BIN=1&rt=nc&LH_PrefLoc=1
Micro Essence,https://www.ebay.com/sch/i.html?_from=R40&_nkw=Micro+Essence&_sacat=26395&rt=nc&LH_ItemCondition=3&LH_BIN=1&rt=nc&LH_PrefLoc=1
Salt scrub,https://www.ebay.com/sch/i.html?_from=R40&_nkw=Salt+scrub&_sacat=26395&rt=nc&LH_ItemCondition=3&LH_BIN=1&rt=nc&LH_PrefLoc=1
Vitamined Care,https://www.ebay.com/sch/i.html?_from=R40&_nkw=Vitamined+Care&_sacat=26395&rt=nc&LH_ItemCondition=3&LH_BIN=1&rt=nc&LH_PrefLoc=1
Facial Cream,https://www.ebay.com/sch/i.html?_from=R40&_nkw=Facial+Cream&_sacat=26395&rt=nc&LH_ItemCondition=3&LH_BIN=1&rt=nc&LH_PrefLoc=1
