Keyword,Links
Oily sunscreen,https://www.ebay.com/sch/i.html?_from=R40&_nkw=Oily+sunscreen&_sacat=26395&rt=nc&LH_ItemCondition=3&LH_BIN=1&rt=nc&LH_PrefLoc=1
Moisturizing Serum,https://www.ebay.com/sch/i.html?_from=R40&_nkw=Moisturizing+Serum&_sacat=26395&rt=nc&LH_ItemCondition=3&LH_BIN=1&rt=nc&LH_PrefLoc=1
Water Resistant,https://www.ebay.com/sch/i.html?_from=R40&_nkw=Water+Resistant&_sacat=26395&rt=nc&LH_ItemCondition=3&LH_BIN=1&rt=nc&LH_PrefLoc=1
Sunscreen Cloth,https://www.ebay.com/sch/i.html?_from=R40&_nkw=Sunscreen+Cloth&_sacat=26395&rt=nc&LH_ItemCondition=3&LH_BIN=1&rt=nc&LH_PrefLoc=1
Hyaluronic Sunscreen,https://www.ebay.com/sch/i.html?_from=R40&_nkw=Hyaluronic+Sunscreen&_sacat=26395&rt=nc&LH_ItemCondition=3&LH_BIN=1&rt=nc&LH_PrefLoc=1
Cica Sun Stick,https://www.ebay.com/sch/i.html?_from=R40&_nkw=Cica+Sun+Stick&_sacat=26395&rt=nc&LH_ItemCondition=3&LH_BIN=1&rt=nc&LH_PrefLoc=1
Sunscreen Wrinkles,https://www.ebay.com/sch/i.html?_from=R40&_nkw=Sunscreen+Wrinkles&_sacat=26395&rt=nc&LH_ItemCondition=3&LH_BIN=1&rt=nc&LH_PrefLoc=1
Daily Defense,https://www.ebay.com/sch/i.html?_from=R40&_nkw=Daily+Defense&_sacat=26395&rt=nc&LH_ItemCondition=3&LH_BIN=1&rt=nc&LH_PrefLoc=1
Face protector,https://www.ebay.com/sch/i.html?_from=R40&_nkw=Face+protector&_sacat=26395&rt=nc&LH_ItemCondition=3&LH_BIN=1&rt=nc&LH_PrefLoc=1
Hybrid Sunscreen,https://www.ebay.com/sch/i.html?_from=R40&_nkw=Hybrid+Sunscreen&_sacat=26395&rt=nc&LH_ItemCondition=3&LH_BIN=1&rt=nc&LH_PrefLoc=1
Black Rice Sunscreen,https://www.ebay.com/sch/i.html?_from=R40&_nkw=Black+Rice+Sunscreen&_sacat=26395&rt=nc&LH_ItemCondition=3&LH_BIN=1&rt=nc&LH_PrefLoc=1
Botanical Sunscreen,https://www.ebay.com/sch/i.html?_from=R40&_nkw=Botanical+Sunscreen&_sacat=26395&rt=nc&LH_ItemCondition=3&LH_BIN=1&rt=nc&LH_PrefLoc=1
Sunscreen Tanner,https://www.ebay.com/sch/i.html?_from=R40&_nkw=Sunscreen+Tanner&_sacat=26395&rt=nc&LH_ItemCondition=3&LH_BIN=1&rt=nc&LH_PrefLoc=1
Sunscreen Refill,https://www.ebay.com/sch/i.html?_from=R40&_nkw=Sunscreen+Refill&_sacat=26395&rt=nc&LH_ItemCondition=3&LH_BIN=1&rt=nc&LH_PrefLoc=1
Sunscreen Moisture,https://www.ebay.com/sch/i.html?_from=R40&_nkw=Sunscreen+Moisture&_sacat=26395&rt=nc&LH_ItemCondition=3&LH_BIN=1&rt=nc&LH_PrefLoc=1
City Block Sunscreen,https://www.ebay.com/sch/i.html?_from=R40&_nkw=City+Block+Sunscreen&_sacat=26395&rt=nc&LH_ItemCondition=3&LH_BIN=1&rt=nc&LH_PrefLoc=1
Tanning Spray,https://www.ebay.com/sch/i.html?_from=R40&_nkw=Tanning+Spray&_sacat=26395&rt=nc&LH_ItemCondition=3&LH_BIN=1&rt=nc&LH_PrefLoc=1
Sunscreen Anti-Aging,https://www.ebay.com/sch/i.html?_from=R40&_nkw=Sunscreen+Anti-Aging&_sacat=26395&rt=nc&LH_ItemCondition=3&LH_BIN=1&rt=nc&LH_PrefLoc=1
Reef Safe Sunscreen,https://www.ebay.com/sch/i.html?_from=R40&_nkw=Reef+Safe+Sunscreen&_sacat=26395&rt=nc&LH_ItemCondition=3&LH_BIN=1&rt=nc&LH_PrefLoc=1
Natural sunscreen,https://www.ebay.com/sch/i.html?_from=R40&_nkw=Natural+sunscreen&_sacat=26395&rt=nc&LH_ItemCondition=3&LH_BIN=1&rt=nc&LH_PrefLoc=1
Heatless Curler,https://www.ebay.com/sch/i.html?_from=R40&_nkw=Heatless+Curler&_sacat=26395&rt=nc&LH_ItemCondition=3&LH_BIN=1&rt=nc&LH_PrefLoc=1
Cotton Swabs,https://www.ebay.com/sch/i.html?_from=R40&_nkw=Cotton+Swabs&_sacat=26395&rt=nc&LH_ItemCondition=3&LH_BIN=1&rt=nc&LH_PrefLoc=1
Makeup sponges,https://www.ebay.com/sch/i.html?_from=R40&_nkw=Makeup+sponges&_sacat=26395&rt=nc&LH_ItemCondition=3&LH_BIN=1&rt=nc&LH_PrefLoc=1
Acne Tool,https://www.ebay.com/sch/i.html?_from=R40&_nkw=Acne+Tool&_sacat=26395&rt=nc&LH_ItemCondition=3&LH_BIN=1&rt=nc&LH_PrefLoc=1
Glow Brush,https://www.ebay.com/sch/i.html?_from=R40&_nkw=Glow+Brush&_sacat=26395&rt=nc&LH_ItemCondition=3&LH_BIN=1&rt=nc&LH_PrefLoc=1
Slanted Tweezers,https://www.ebay.com/sch/i.html?_from=R40&_nkw=Slanted+Tweezers&_sacat=26395&rt=nc&LH_ItemCondition=3&LH_BIN=1&rt=nc&LH_PrefLoc=1
Electric Curler,https://www.ebay.com/sch/i.html?_from=R40&_nkw=Electric+Curler&_sacat=26395&rt=nc&LH_ItemCondition=3&LH_BIN=1&rt=nc&LH_PrefLoc=1
Cotton Rounds,https://www.ebay.com/sch/i.html?_from=R40&_nkw=Cotton+Rounds&_sacat=26395&rt=nc&LH_ItemCondition=3&LH_BIN=1&rt=nc&LH_PrefLoc=1
Makeup Set,https://www.ebay.com/sch/i.html?_from=R40&_nkw=Makeup+Set&_sacat=26395&rt=nc&LH_ItemCondition=3&LH_BIN=1&rt=nc&LH_PrefLoc=1
Laser Hair Removal,https://www.ebay.com/sch/i.html?_from=R40&_nkw=Laser+Hair+Removal&_sacat=26395&rt=nc&LH_ItemCondition=3&LH_BIN=1&rt=nc&LH_PrefLoc=1
Face Massager,https://www.ebay.com/sch/i.html?_from=R40&_nkw=Face+Massager&_sacat=26395&rt=nc&LH_ItemCondition=3&LH_BIN=1&rt=nc&LH_PrefLoc=1
Eyelash Separator,https://www.ebay.com/sch/i.html?_from=R40&_nkw=Eyelash+Separator&_sacat=26395&rt=nc&LH_ItemCondition=3&LH_BIN=1&rt=nc&LH_PrefLoc=1
Makeup Brush,https://www.ebay.com/sch/i.html?_from=R40&_nkw=Makeup+Brush&_sacat=26395&rt=nc&LH_ItemCondition=3&LH_BIN=1&rt=nc&LH_PrefLoc=1
Tweezers Set,https://www.ebay.com/sch/i.html?_from=R40&_nkw=Tweezers+Set&_sacat=26395&rt=nc&LH_ItemCondition=3&LH_BIN=1&rt=nc&LH_PrefLoc=1
Eyelid Tape,https://www.ebay.com/sch/i.html?_from=R40&_nkw=Eyelid+Tape&_sacat=26395&rt=nc&LH_ItemCondition=3&LH_BIN=1&rt=nc&LH_PrefLoc=1
Glow Puff,https://www.ebay.com/sch/i.html?_from=R40&_nkw=Glow+Puff&_sacat=26395&rt=nc&LH_ItemCondition=3&LH_BIN=1&rt=nc&LH_PrefLoc=1
Makeup Mirror,https://www.ebay.com/sch/i.html?_from=R40&_nkw=Makeup+Mirror&_sacat=26395&rt=nc&LH_ItemCondition=3&LH_BIN=1&rt=nc&LH_PrefLoc=1
Bikini Trimmer,https://www.ebay.com/sch/i.html?_from=R40&_nkw=Bikini+Trimmer&_sacat=26395&rt=nc&LH_ItemCondition=3&LH_BIN=1&rt=nc&LH_PrefLoc=1
Eyelash Curler,https://www.ebay.com/sch/i.html?_from=R40&_nkw=Eyelash+Curler&_sacat=26395&rt=nc&LH_ItemCondition=3&LH_BIN=1&rt=nc&LH_PrefLoc=1
Makeup Brushes,https://www.ebay.com/sch/i.html?_from=R40&_nkw=Makeup+Brushes&_sacat=26395&rt=nc&LH_ItemCondition=3&LH_BIN=1&rt=nc&LH_PrefLoc=1
Eyelash Wand,https://www.ebay.com/sch/i.html?_from=R40&_nkw=Eyelash+Wand&_sacat=26395&rt=nc&LH_ItemCondition=3&LH_BIN=1&rt=nc&LH_PrefLoc=1
Blending Brush,https://www.ebay.com/sch/i.html?_from=R40&_nkw=Blending+Brush&_sacat=26395&rt=nc&LH_ItemCondition=3&LH_BIN=1&rt=nc&LH_PrefLoc=1
Brush rollers,https://www.ebay.com/sch/i.html?_from=R40&_nkw=Brush+rollers&_sacat=26395&rt=nc&LH_ItemCondition=3&LH_BIN=1&rt=nc&LH_PrefLoc=1
Wrinkle Reducer,https://www.ebay.com/sch/i.html?_from=R40&_nkw=Wrinkle+Reducer&_sacat=26395&rt=nc&LH_ItemCondition=3&LH_BIN=1&rt=nc&LH_PrefLoc=1
Face brush,https://www.ebay.com/sch/i.html?_from=R40&_nkw=Face+brush&_sacat=26395&rt=nc&LH_ItemCondition=3&LH_BIN=1&rt=nc&LH_PrefLoc=1
Eyebrow Stencils,https://www.ebay.com/sch/i.html?_from=R40&_nkw=Eyebrow+Stencils&_sacat=26395&rt=nc&LH_ItemCondition=3&LH_BIN=1&rt=nc&LH_PrefLoc=1
Facial Roller,https://www.ebay.com/sch/i.html?_from=R40&_nkw=Facial+Roller&_sacat=26395&rt=nc&LH_ItemCondition=3&LH_BIN=1&rt=nc&LH_PrefLoc=1
Styling Shears,https://www.ebay.com/sch/i.html?_from=R40&_nkw=Styling+Shears&_sacat=26395&rt=nc&LH_ItemCondition=3&LH_BIN=1&rt=nc&LH_PrefLoc=1
Hand Mirror,https://www.ebay.com/sch/i.html?_from=R40&_nkw=Hand+Mirror&_sacat=26395&rt=nc&LH_ItemCondition=3&LH_BIN=1&rt=nc&LH_PrefLoc=1
Finger Puffs,https://www.ebay.com/sch/i.html?_from=R40&_nkw=Finger+Puffs&_sacat=26395&rt=nc&LH_ItemCondition=3&LH_BIN=1&rt=nc&LH_PrefLoc=1
