Keyword,Links
Magnesium Citrate,https://www.amazon.com/s?k=Magnesium+Citrate&i=hpc&s=exact-aware-popularity-rank&ref=sr_st_exact-aware-popularity-rank
Magnesium Complex,https://www.amazon.com/s?k=Magnesium+Complex&i=hpc&s=exact-aware-popularity-rank&ref=sr_st_exact-aware-popularity-rank
Stress supplement,https://www.amazon.com/s?k=Stress+supplement&i=hpc&s=exact-aware-popularity-rank&ref=sr_st_exact-aware-popularity-rank
Magnesium Caplets,https://www.amazon.com/s?k=Magnesium+Caplets&i=hpc&s=exact-aware-popularity-rank&ref=sr_st_exact-aware-popularity-rank
Plant Chill,https://www.amazon.com/s?k=Plant+Chill&i=hpc&s=exact-aware-popularity-rank&ref=sr_st_exact-aware-popularity-rank
Magnesium support,https://www.amazon.com/s?k=Magnesium+support&i=hpc&s=exact-aware-popularity-rank&ref=sr_st_exact-aware-popularity-rank
Ashwagandha Tablets,https://www.amazon.com/s?k=Ashwagandha+Tablets&i=hpc&s=exact-aware-popularity-rank&ref=sr_st_exact-aware-popularity-rank
High Absorption Magnesium,https://www.amazon.com/s?k=High+Absorption+Magnesium&i=hpc&s=exact-aware-popularity-rank&ref=sr_st_exact-aware-popularity-rank
DHEA Supplement,https://www.amazon.com/s?k=DHEA+Supplement&i=hpc&s=exact-aware-popularity-rank&ref=sr_st_exact-aware-popularity-rank
Sea Moss,https://www.amazon.com/s?k=Sea+Moss&i=hpc&s=exact-aware-popularity-rank&ref=sr_st_exact-aware-popularity-rank
Shilajit Supplement,https://www.amazon.com/s?k=Shilajit+Supplement&i=hpc&s=exact-aware-popularity-rank&ref=sr_st_exact-aware-popularity-rank
Adaptogen capsules,https://www.amazon.com/s?k=Adaptogen+capsules&i=hpc&s=exact-aware-popularity-rank&ref=sr_st_exact-aware-popularity-rank
Collagen Tablets,https://www.amazon.com/s?k=Collagen+Tablets&i=hpc&s=exact-aware-popularity-rank&ref=sr_st_exact-aware-popularity-rank
Kids Sleep,https://www.amazon.com/s?k=Kids+Sleep&i=hpc&s=exact-aware-popularity-rank&ref=sr_st_exact-aware-popularity-rank
Organic Ashwagandha,https://www.amazon.com/s?k=Organic+Ashwagandha&i=hpc&s=exact-aware-popularity-rank&ref=sr_st_exact-aware-popularity-rank
Sleep support,https://www.amazon.com/s?k=Sleep+support&i=hpc&s=exact-aware-popularity-rank&ref=sr_st_exact-aware-popularity-rank
Thyroid Support,https://www.amazon.com/s?k=Thyroid+Support&i=hpc&s=exact-aware-popularity-rank&ref=sr_st_exact-aware-popularity-rank
Ashwagandha Focus,https://www.amazon.com/s?k=Ashwagandha+Focus&i=hpc&s=exact-aware-popularity-rank&ref=sr_st_exact-aware-popularity-rank
Menopause Supplement,https://www.amazon.com/s?k=Menopause+Supplement&i=hpc&s=exact-aware-popularity-rank&ref=sr_st_exact-aware-popularity-rank
Calm Relaxation,https://www.amazon.com/s?k=Calm+Relaxation&i=hpc&s=exact-aware-popularity-rank&ref=sr_st_exact-aware-popularity-rank
Ashwagandha Extract,https://www.amazon.com/s?k=Ashwagandha+Extract&i=hpc&s=exact-aware-popularity-rank&ref=sr_st_exact-aware-popularity-rank
Anti-Stress,https://www.amazon.com/s?k=Anti-Stress&i=hpc&s=exact-aware-popularity-rank&ref=sr_st_exact-aware-popularity-rank
Magnesium Powder,https://www.amazon.com/s?k=Magnesium+Powder&i=hpc&s=exact-aware-popularity-rank&ref=sr_st_exact-aware-popularity-rank
Libido Booster,https://www.amazon.com/s?k=Libido+Booster&i=hpc&s=exact-aware-popularity-rank&ref=sr_st_exact-aware-popularity-rank
Himalayan Shilajit,https://www.amazon.com/s?k=Himalayan+Shilajit&i=hpc&s=exact-aware-popularity-rank&ref=sr_st_exact-aware-popularity-rank
DHEA Capsules,https://www.amazon.com/s?k=DHEA+Capsules&i=hpc&s=exact-aware-popularity-rank&ref=sr_st_exact-aware-popularity-rank
Period support,https://www.amazon.com/s?k=Period+support&i=hpc&s=exact-aware-popularity-rank&ref=sr_st_exact-aware-popularity-rank
Ashwagandha VCAP,https://www.amazon.com/s?k=Ashwagandha+VCAP&i=hpc&s=exact-aware-popularity-rank&ref=sr_st_exact-aware-popularity-rank
Toddler Magnesium,https://www.amazon.com/s?k=Toddler+Magnesium&i=hpc&s=exact-aware-popularity-rank&ref=sr_st_exact-aware-popularity-rank
Nootropic Supplements,https://www.amazon.com/s?k=Nootropic+Supplements&i=hpc&s=exact-aware-popularity-rank&ref=sr_st_exact-aware-popularity-rank
Magnesium Drink,https://www.amazon.com/s?k=Magnesium+Drink&i=hpc&s=exact-aware-popularity-rank&ref=sr_st_exact-aware-popularity-rank
Stress Gummies,https://www.amazon.com/s?k=Stress+Gummies&i=hpc&s=exact-aware-popularity-rank&ref=sr_st_exact-aware-popularity-rank
PMS Support,https://www.amazon.com/s?k=PMS+Support&i=hpc&s=exact-aware-popularity-rank&ref=sr_st_exact-aware-popularity-rank
Vitamin Gummies,https://www.amazon.com/s?k=Vitamin+Gummies&i=hpc&s=exact-aware-popularity-rank&ref=sr_st_exact-aware-popularity-rank
Magnesium Capsules,https://www.amazon.com/s?k=Magnesium+Capsules&i=hpc&s=exact-aware-popularity-rank&ref=sr_st_exact-aware-popularity-rank
Immune Gummies,https://www.amazon.com/s?k=Immune+Gummies&i=hpc&s=exact-aware-popularity-rank&ref=sr_st_exact-aware-popularity-rank
Superfood Detox,https://www.amazon.com/s?k=Superfood+Detox&i=hpc&s=exact-aware-popularity-rank&ref=sr_st_exact-aware-popularity-rank
Libido Gummies,https://www.amazon.com/s?k=Libido+Gummies&i=hpc&s=exact-aware-popularity-rank&ref=sr_st_exact-aware-popularity-rank
Joint support,https://www.amazon.com/s?k=Joint+support&i=hpc&s=exact-aware-popularity-rank&ref=sr_st_exact-aware-popularity-rank
Testosterone Support,https://www.amazon.com/s?k=Testosterone+Support&i=hpc&s=exact-aware-popularity-rank&ref=sr_st_exact-aware-popularity-rank
Raw Calcium,https://www.amazon.com/s?k=Raw+Calcium&i=hpc&s=exact-aware-popularity-rank&ref=sr_st_exact-aware-popularity-rank
Keto Supplement,https://www.amazon.com/s?k=Keto+Supplement&i=hpc&s=exact-aware-popularity-rank&ref=sr_st_exact-aware-popularity-rank
Wellness Gummy,https://www.amazon.com/s?k=Wellness+Gummy&i=hpc&s=exact-aware-popularity-rank&ref=sr_st_exact-aware-popularity-rank
Melatonin Capsules,https://www.amazon.com/s?k=Melatonin+Capsules&i=hpc&s=exact-aware-popularity-rank&ref=sr_st_exact-aware-popularity-rank
Bone health,https://www.amazon.com/s?k=Bone+health&i=hpc&s=exact-aware-popularity-rank&ref=sr_st_exact-aware-popularity-rank
Turmeric Capsules,https://www.amazon.com/s?k=Turmeric+Capsules&i=hpc&s=exact-aware-popularity-rank&ref=sr_st_exact-aware-popularity-rank
Sleep Gummies,https://www.amazon.com/s?k=Sleep+Gummies&i=hpc&s=exact-aware-popularity-rank&ref=sr_st_exact-aware-popularity-rank
Magnesium tablets,https://www.amazon.com/s?k=Magnesium+tablets&i=hpc&s=exact-aware-popularity-rank&ref=sr_st_exact-aware-popularity-rank
Magnesium Softgels,https://www.amazon.com/s?k=Magnesium+Softgels&i=hpc&s=exact-aware-popularity-rank&ref=sr_st_exact-aware-popularity-rank
Mood supplements,https://www.amazon.com/s?k=Mood+supplements&i=hpc&s=exact-aware-popularity-rank&ref=sr_st_exact-aware-popularity-rank
