Keyword,Links
Probiotic Supplement,https://www.ebay.com/sch/i.html?_from=R40&_nkw=Probiotic+Supplement&_sacat=26395&rt=nc&LH_ItemCondition=3&LH_BIN=1&rt=nc&LH_PrefLoc=1
Vitality Gummy,https://www.ebay.com/sch/i.html?_from=R40&_nkw=Vitality+Gummy&_sacat=26395&rt=nc&LH_ItemCondition=3&LH_BIN=1&rt=nc&LH_PrefLoc=1
Colostrum Capsules,https://www.ebay.com/sch/i.html?_from=R40&_nkw=Colostrum+Capsules&_sacat=26395&rt=nc&LH_ItemCondition=3&LH_BIN=1&rt=nc&LH_PrefLoc=1
Effervescent Tablets,https://www.ebay.com/sch/i.html?_from=R40&_nkw=Effervescent+Tablets&_sacat=26395&rt=nc&LH_ItemCondition=3&LH_BIN=1&rt=nc&LH_PrefLoc=1
Immunity Blend,https://www.ebay.com/sch/i.html?_from=R40&_nkw=Immunity+Blend&_sacat=26395&rt=nc&LH_ItemCondition=3&LH_BIN=1&rt=nc&LH_PrefLoc=1
Nopal Supplement,https://www.ebay.com/sch/i.html?_from=R40&_nkw=Nopal+Supplement&_sacat=26395&rt=nc&LH_ItemCondition=3&LH_BIN=1&rt=nc&LH_PrefLoc=1
L-Glutathione,https://www.ebay.com/sch/i.html?_from=R40&_nkw=L-Glutathione&_sacat=26395&rt=nc&LH_ItemCondition=3&LH_BIN=1&rt=nc&LH_PrefLoc=1
Immune Defense,https://www.ebay.com/sch/i.html?_from=R40&_nkw=Immune+Defense&_sacat=26395&rt=nc&LH_ItemCondition=3&LH_BIN=1&rt=nc&LH_PrefLoc=1
Protein wafer,https://www.ebay.com/sch/i.html?_from=R40&_nkw=Protein+wafer&_sacat=26395&rt=nc&LH_ItemCondition=3&LH_BIN=1&rt=nc&LH_PrefLoc=1
Echinacea Extract,https://www.ebay.com/sch/i.html?_from=R40&_nkw=Echinacea+Extract&_sacat=26395&rt=nc&LH_ItemCondition=3&LH_BIN=1&rt=nc&LH_PrefLoc=1
Vitamin B Complex,https://www.ebay.com/sch/i.html?_from=R40&_nkw=Vitamin+B+Complex&_sacat=26395&rt=nc&LH_ItemCondition=3&LH_BIN=1&rt=nc&LH_PrefLoc=1
Essential Oil,https://www.ebay.com/sch/i.html?_from=R40&_nkw=Essential+Oil&_sacat=26395&rt=nc&LH_ItemCondition=3&LH_BIN=1&rt=nc&LH_PrefLoc=1
Elderberry Lozenges,https://www.ebay.com/sch/i.html?_from=R40&_nkw=Elderberry+Lozenges&_sacat=26395&rt=nc&LH_ItemCondition=3&LH_BIN=1&rt=nc&LH_PrefLoc=1
Infant Zinc,https://www.ebay.com/sch/i.html?_from=R40&_nkw=Infant+Zinc&_sacat=26395&rt=nc&LH_ItemCondition=3&LH_BIN=1&rt=nc&LH_PrefLoc=1
Vitamin A,https://www.ebay.com/sch/i.html?_from=R40&_nkw=Vitamin+A&_sacat=26395&rt=nc&LH_ItemCondition=3&LH_BIN=1&rt=nc&LH_PrefLoc=1
Elderberry Tablets,https://www.ebay.com/sch/i.html?_from=R40&_nkw=Elderberry+Tablets&_sacat=26395&rt=nc&LH_ItemCondition=3&LH_BIN=1&rt=nc&LH_PrefLoc=1
Digestive Relief,https://www.ebay.com/sch/i.html?_from=R40&_nkw=Digestive+Relief&_sacat=26395&rt=nc&LH_ItemCondition=3&LH_BIN=1&rt=nc&LH_PrefLoc=1
Throat Spray,https://www.ebay.com/sch/i.html?_from=R40&_nkw=Throat+Spray&_sacat=26395&rt=nc&LH_ItemCondition=3&LH_BIN=1&rt=nc&LH_PrefLoc=1
Chlorophyll Drops,https://www.ebay.com/sch/i.html?_from=R40&_nkw=Chlorophyll+Drops&_sacat=26395&rt=nc&LH_ItemCondition=3&LH_BIN=1&rt=nc&LH_PrefLoc=1
Stress B Complex,https://www.ebay.com/sch/i.html?_from=R40&_nkw=Stress+B+Complex&_sacat=26395&rt=nc&LH_ItemCondition=3&LH_BIN=1&rt=nc&LH_PrefLoc=1
Cold relief,https://www.ebay.com/sch/i.html?_from=R40&_nkw=Cold+relief&_sacat=26395&rt=nc&LH_ItemCondition=3&LH_BIN=1&rt=nc&LH_PrefLoc=1
Mullein Leaves,https://www.ebay.com/sch/i.html?_from=R40&_nkw=Mullein+Leaves&_sacat=26395&rt=nc&LH_ItemCondition=3&LH_BIN=1&rt=nc&LH_PrefLoc=1
L-Glutamine,https://www.ebay.com/sch/i.html?_from=R40&_nkw=L-Glutamine&_sacat=26395&rt=nc&LH_ItemCondition=3&LH_BIN=1&rt=nc&LH_PrefLoc=1
Bovine Colostrum,https://www.ebay.com/sch/i.html?_from=R40&_nkw=Bovine+Colostrum&_sacat=26395&rt=nc&LH_ItemCondition=3&LH_BIN=1&rt=nc&LH_PrefLoc=1
Biotin Gummies,https://www.ebay.com/sch/i.html?_from=R40&_nkw=Biotin+Gummies&_sacat=26395&rt=nc&LH_ItemCondition=3&LH_BIN=1&rt=nc&LH_PrefLoc=1
Cat's Claw,https://www.ebay.com/sch/i.html?_from=R40&_nkw=Cat's+Claw&_sacat=26395&rt=nc&LH_ItemCondition=3&LH_BIN=1&rt=nc&LH_PrefLoc=1
Tart Cherry,https://www.ebay.com/sch/i.html?_from=R40&_nkw=Tart+Cherry&_sacat=26395&rt=nc&LH_ItemCondition=3&LH_BIN=1&rt=nc&LH_PrefLoc=1
Iron supplement,https://www.ebay.com/sch/i.html?_from=R40&_nkw=Iron+supplement&_sacat=26395&rt=nc&LH_ItemCondition=3&LH_BIN=1&rt=nc&LH_PrefLoc=1
Zinc Gummies,https://www.ebay.com/sch/i.html?_from=R40&_nkw=Zinc+Gummies&_sacat=26395&rt=nc&LH_ItemCondition=3&LH_BIN=1&rt=nc&LH_PrefLoc=1
Liposomal Vitamin D3,https://www.ebay.com/sch/i.html?_from=R40&_nkw=Liposomal+Vitamin+D3&_sacat=26395&rt=nc&LH_ItemCondition=3&LH_BIN=1&rt=nc&LH_PrefLoc=1
Zinc Supplements,https://www.ebay.com/sch/i.html?_from=R40&_nkw=Zinc+Supplements&_sacat=26395&rt=nc&LH_ItemCondition=3&LH_BIN=1&rt=nc&LH_PrefLoc=1
Pine Bark,https://www.ebay.com/sch/i.html?_from=R40&_nkw=Pine+Bark&_sacat=26395&rt=nc&LH_ItemCondition=3&LH_BIN=1&rt=nc&LH_PrefLoc=1
Mens Multivitamins,https://www.ebay.com/sch/i.html?_from=R40&_nkw=Mens+Multivitamins&_sacat=26395&rt=nc&LH_ItemCondition=3&LH_BIN=1&rt=nc&LH_PrefLoc=1
Joint supplements,https://www.ebay.com/sch/i.html?_from=R40&_nkw=Joint+supplements&_sacat=26395&rt=nc&LH_ItemCondition=3&LH_BIN=1&rt=nc&LH_PrefLoc=1
Cranberry Supplement,https://www.ebay.com/sch/i.html?_from=R40&_nkw=Cranberry+Supplement&_sacat=26395&rt=nc&LH_ItemCondition=3&LH_BIN=1&rt=nc&LH_PrefLoc=1
Colostrum Chewables,https://www.ebay.com/sch/i.html?_from=R40&_nkw=Colostrum+Chewables&_sacat=26395&rt=nc&LH_ItemCondition=3&LH_BIN=1&rt=nc&LH_PrefLoc=1
Immunity Chewables,https://www.ebay.com/sch/i.html?_from=R40&_nkw=Immunity+Chewables&_sacat=26395&rt=nc&LH_ItemCondition=3&LH_BIN=1&rt=nc&LH_PrefLoc=1
Toddler Vitamins,https://www.ebay.com/sch/i.html?_from=R40&_nkw=Toddler+Vitamins&_sacat=26395&rt=nc&LH_ItemCondition=3&LH_BIN=1&rt=nc&LH_PrefLoc=1
L-Glutathione Supplement,https://www.ebay.com/sch/i.html?_from=R40&_nkw=L-Glutathione+Supplement&_sacat=26395&rt=nc&LH_ItemCondition=3&LH_BIN=1&rt=nc&LH_PrefLoc=1
BCAA Powder,https://www.ebay.com/sch/i.html?_from=R40&_nkw=BCAA+Powder&_sacat=26395&rt=nc&LH_ItemCondition=3&LH_BIN=1&rt=nc&LH_PrefLoc=1
Sour Gummies,https://www.ebay.com/sch/i.html?_from=R40&_nkw=Sour+Gummies&_sacat=26395&rt=nc&LH_ItemCondition=3&LH_BIN=1&rt=nc&LH_PrefLoc=1
Kids Immunity,https://www.ebay.com/sch/i.html?_from=R40&_nkw=Kids+Immunity&_sacat=26395&rt=nc&LH_ItemCondition=3&LH_BIN=1&rt=nc&LH_PrefLoc=1
Pumpkin Spice,https://www.ebay.com/sch/i.html?_from=R40&_nkw=Pumpkin+Spice&_sacat=26395&rt=nc&LH_ItemCondition=3&LH_BIN=1&rt=nc&LH_PrefLoc=1
Women Tablets,https://www.ebay.com/sch/i.html?_from=R40&_nkw=Women+Tablets&_sacat=26395&rt=nc&LH_ItemCondition=3&LH_BIN=1&rt=nc&LH_PrefLoc=1
Boswellia Extract,https://www.ebay.com/sch/i.html?_from=R40&_nkw=Boswellia+Extract&_sacat=26395&rt=nc&LH_ItemCondition=3&LH_BIN=1&rt=nc&LH_PrefLoc=1
Whole Food Multivitamin,https://www.ebay.com/sch/i.html?_from=R40&_nkw=Whole+Food+Multivitamin&_sacat=26395&rt=nc&LH_ItemCondition=3&LH_BIN=1&rt=nc&LH_PrefLoc=1
Sugar-Free Gummies,https://www.ebay.com/sch/i.html?_from=R40&_nkw=Sugar-Free+Gummies&_sacat=26395&rt=nc&LH_ItemCondition=3&LH_BIN=1&rt=nc&LH_PrefLoc=1
Electrolyte Powder,https://www.ebay.com/sch/i.html?_from=R40&_nkw=Electrolyte+Powder&_sacat=26395&rt=nc&LH_ItemCondition=3&LH_BIN=1&rt=nc&LH_PrefLoc=1
N-Acetyl-Cysteine,https://www.ebay.com/sch/i.html?_from=R40&_nkw=N-Acetyl-Cysteine&_sacat=26395&rt=nc&LH_ItemCondition=3&LH_BIN=1&rt=nc&LH_PrefLoc=1
Multivitamin Drink,https://www.ebay.com/sch/i.html?_from=R40&_nkw=Multivitamin+Drink&_sacat=26395&rt=nc&LH_ItemCondition=3&LH_BIN=1&rt=nc&LH_PrefLoc=1
