Keyword,Links
Hair Curlers,https://www.amazon.com/s?k=Hair+Curlers&i=beauty&s=exact-aware-popularity-rank&ref=sr_st_exact-aware-popularity-rank
Soothing Conditioner,https://www.amazon.com/s?k=Soothing+Conditioner&i=beauty&s=exact-aware-popularity-rank&ref=sr_st_exact-aware-popularity-rank
Bamboo Brush,https://www.amazon.com/s?k=Bamboo+Brush&i=beauty&s=exact-aware-popularity-rank&ref=sr_st_exact-aware-popularity-rank
Toddler Hairbrush,https://www.amazon.com/s?k=Toddler+Hairbrush&i=beauty&s=exact-aware-popularity-rank&ref=sr_st_exact-aware-popularity-rank
Organic Shampoo,https://www.amazon.com/s?k=Organic+Shampoo&i=beauty&s=exact-aware-popularity-rank&ref=sr_st_exact-aware-popularity-rank
Kids Hair Pudding,https://www.amazon.com/s?k=Kids+Hair+Pudding&i=beauty&s=exact-aware-popularity-rank&ref=sr_st_exact-aware-popularity-rank
Curly Hairbrush,https://www.amazon.com/s?k=Curly+Hairbrush&i=beauty&s=exact-aware-popularity-rank&ref=sr_st_exact-aware-popularity-rank
Detangling Pudding,https://www.amazon.com/s?k=Detangling+Pudding&i=beauty&s=exact-aware-popularity-rank&ref=sr_st_exact-aware-popularity-rank
Watermelon Gelatin,https://www.amazon.com/s?k=Watermelon+Gelatin&i=beauty&s=exact-aware-popularity-rank&ref=sr_st_exact-aware-popularity-rank
Kids Curl Care,https://www.amazon.com/s?k=Kids+Curl+Care&i=beauty&s=exact-aware-popularity-rank&ref=sr_st_exact-aware-popularity-rank
Curl products,https://www.amazon.com/s?k=Curl+products&i=beauty&s=exact-aware-popularity-rank&ref=sr_st_exact-aware-popularity-rank
Knot Removal,https://www.amazon.com/s?k=Knot+Removal&i=beauty&s=exact-aware-popularity-rank&ref=sr_st_exact-aware-popularity-rank
Mango Shampoo,https://www.amazon.com/s?k=Mango+Shampoo&i=beauty&s=exact-aware-popularity-rank&ref=sr_st_exact-aware-popularity-rank
Kids Hair,https://www.amazon.com/s?k=Kids+Hair&i=beauty&s=exact-aware-popularity-rank&ref=sr_st_exact-aware-popularity-rank
Curls Moisturization,https://www.amazon.com/s?k=Curls+Moisturization&i=beauty&s=exact-aware-popularity-rank&ref=sr_st_exact-aware-popularity-rank
Kids Masque,https://www.amazon.com/s?k=Kids+Masque&i=beauty&s=exact-aware-popularity-rank&ref=sr_st_exact-aware-popularity-rank
Wooden Paddle,https://www.amazon.com/s?k=Wooden+Paddle&i=beauty&s=exact-aware-popularity-rank&ref=sr_st_exact-aware-popularity-rank
Kids Hair Brush,https://www.amazon.com/s?k=Kids+Hair+Brush&i=beauty&s=exact-aware-popularity-rank&ref=sr_st_exact-aware-popularity-rank
Wooden Hairbrush,https://www.amazon.com/s?k=Wooden+Hairbrush&i=beauty&s=exact-aware-popularity-rank&ref=sr_st_exact-aware-popularity-rank
Kids Hair Comb,https://www.amazon.com/s?k=Kids+Hair+Comb&i=beauty&s=exact-aware-popularity-rank&ref=sr_st_exact-aware-popularity-rank
Curl Brush,https://www.amazon.com/s?k=Curl+Brush&i=beauty&s=exact-aware-popularity-rank&ref=sr_st_exact-aware-popularity-rank
Curved Hairbrush,https://www.amazon.com/s?k=Curved+Hairbrush&i=beauty&s=exact-aware-popularity-rank&ref=sr_st_exact-aware-popularity-rank
Massage Hairbrush,https://www.amazon.com/s?k=Massage+Hairbrush&i=beauty&s=exact-aware-popularity-rank&ref=sr_st_exact-aware-popularity-rank
Curl mask,https://www.amazon.com/s?k=Curl+mask&i=beauty&s=exact-aware-popularity-rank&ref=sr_st_exact-aware-popularity-rank
Hydration Masque,https://www.amazon.com/s?k=Hydration+Masque&i=beauty&s=exact-aware-popularity-rank&ref=sr_st_exact-aware-popularity-rank
Flaxseed Oil,https://www.amazon.com/s?k=Flaxseed+Oil&i=beauty&s=exact-aware-popularity-rank&ref=sr_st_exact-aware-popularity-rank
Deep treatment,https://www.amazon.com/s?k=Deep+treatment&i=beauty&s=exact-aware-popularity-rank&ref=sr_st_exact-aware-popularity-rank
Anti-Frizz Mask,https://www.amazon.com/s?k=Anti-Frizz+Mask&i=beauty&s=exact-aware-popularity-rank&ref=sr_st_exact-aware-popularity-rank
Shea Moisturizer,https://www.amazon.com/s?k=Shea+Moisturizer&i=beauty&s=exact-aware-popularity-rank&ref=sr_st_exact-aware-popularity-rank
Coconut Oil,https://www.amazon.com/s?k=Coconut+Oil&i=beauty&s=exact-aware-popularity-rank&ref=sr_st_exact-aware-popularity-rank
Strengthening Mask,https://www.amazon.com/s?k=Strengthening+Mask&i=beauty&s=exact-aware-popularity-rank&ref=sr_st_exact-aware-popularity-rank
Creme Oil,https://www.amazon.com/s?k=Creme+Oil&i=beauty&s=exact-aware-popularity-rank&ref=sr_st_exact-aware-popularity-rank
Curly hair mask,https://www.amazon.com/s?k=Curly+hair+mask&i=beauty&s=exact-aware-popularity-rank&ref=sr_st_exact-aware-popularity-rank
Conditioning Masque,https://www.amazon.com/s?k=Conditioning+Masque&i=beauty&s=exact-aware-popularity-rank&ref=sr_st_exact-aware-popularity-rank
Molding Paste,https://www.amazon.com/s?k=Molding+Paste&i=beauty&s=exact-aware-popularity-rank&ref=sr_st_exact-aware-popularity-rank
Purple Hair Mask,https://www.amazon.com/s?k=Purple+Hair+Mask&i=beauty&s=exact-aware-popularity-rank&ref=sr_st_exact-aware-popularity-rank
Keratin Masque,https://www.amazon.com/s?k=Keratin+Masque&i=beauty&s=exact-aware-popularity-rank&ref=sr_st_exact-aware-popularity-rank
Hair Souffle,https://www.amazon.com/s?k=Hair+Souffle&i=beauty&s=exact-aware-popularity-rank&ref=sr_st_exact-aware-popularity-rank
Oil Moisturizer,https://www.amazon.com/s?k=Oil+Moisturizer&i=beauty&s=exact-aware-popularity-rank&ref=sr_st_exact-aware-popularity-rank
Color protecting oil,https://www.amazon.com/s?k=Color+protecting+oil&i=beauty&s=exact-aware-popularity-rank&ref=sr_st_exact-aware-popularity-rank
Curl elixir,https://www.amazon.com/s?k=Curl+elixir&i=beauty&s=exact-aware-popularity-rank&ref=sr_st_exact-aware-popularity-rank
Growth serum,https://www.amazon.com/s?k=Growth+serum&i=beauty&s=exact-aware-popularity-rank&ref=sr_st_exact-aware-popularity-rank
Chebe Masque,https://www.amazon.com/s?k=Chebe+Masque&i=beauty&s=exact-aware-popularity-rank&ref=sr_st_exact-aware-popularity-rank
Edge treatment,https://www.amazon.com/s?k=Edge+treatment&i=beauty&s=exact-aware-popularity-rank&ref=sr_st_exact-aware-popularity-rank
Keratin oil,https://www.amazon.com/s?k=Keratin+oil&i=beauty&s=exact-aware-popularity-rank&ref=sr_st_exact-aware-popularity-rank
Smoothing Mask,https://www.amazon.com/s?k=Smoothing+Mask&i=beauty&s=exact-aware-popularity-rank&ref=sr_st_exact-aware-popularity-rank
Moisturizing Mask,https://www.amazon.com/s?k=Moisturizing+Mask&i=beauty&s=exact-aware-popularity-rank&ref=sr_st_exact-aware-popularity-rank
Daily oil,https://www.amazon.com/s?k=Daily+oil&i=beauty&s=exact-aware-popularity-rank&ref=sr_st_exact-aware-popularity-rank
Shea Butter Polisher,https://www.amazon.com/s?k=Shea+Butter+Polisher&i=beauty&s=exact-aware-popularity-rank&ref=sr_st_exact-aware-popularity-rank
Hydrate Repair,https://www.amazon.com/s?k=Hydrate+Repair&i=beauty&s=exact-aware-popularity-rank&ref=sr_st_exact-aware-popularity-rank
