Keyword,Links
Hair Curlers,https://www.ebay.com/sch/i.html?_from=R40&_nkw=Hair+Curlers&_sacat=26395&rt=nc&LH_ItemCondition=3&LH_BIN=1&rt=nc&LH_PrefLoc=1
Soothing Conditioner,https://www.ebay.com/sch/i.html?_from=R40&_nkw=Soothing+Conditioner&_sacat=26395&rt=nc&LH_ItemCondition=3&LH_BIN=1&rt=nc&LH_PrefLoc=1
Bamboo Brush,https://www.ebay.com/sch/i.html?_from=R40&_nkw=Bamboo+Brush&_sacat=26395&rt=nc&LH_ItemCondition=3&LH_BIN=1&rt=nc&LH_PrefLoc=1
Toddler Hairbrush,https://www.ebay.com/sch/i.html?_from=R40&_nkw=Toddler+Hairbrush&_sacat=26395&rt=nc&LH_ItemCondition=3&LH_BIN=1&rt=nc&LH_PrefLoc=1
Organic Shampoo,https://www.ebay.com/sch/i.html?_from=R40&_nkw=Organic+Shampoo&_sacat=26395&rt=nc&LH_ItemCondition=3&LH_BIN=1&rt=nc&LH_PrefLoc=1
Kids Hair Pudding,https://www.ebay.com/sch/i.html?_from=R40&_nkw=Kids+Hair+Pudding&_sacat=26395&rt=nc&LH_ItemCondition=3&LH_BIN=1&rt=nc&LH_PrefLoc=1
Curly Hairbrush,https://www.ebay.com/sch/i.html?_from=R40&_nkw=Curly+Hairbrush&_sacat=26395&rt=nc&LH_ItemCondition=3&LH_BIN=1&rt=nc&LH_PrefLoc=1
Detangling Pudding,https://www.ebay.com/sch/i.html?_from=R40&_nkw=Detangling+Pudding&_sacat=26395&rt=nc&LH_ItemCondition=3&LH_BIN=1&rt=nc&LH_PrefLoc=1
Watermelon Gelatin,https://www.ebay.com/sch/i.html?_from=R40&_nkw=Watermelon+Gelatin&_sacat=26395&rt=nc&LH_ItemCondition=3&LH_BIN=1&rt=nc&LH_PrefLoc=1
Kids Curl Care,https://www.ebay.com/sch/i.html?_from=R40&_nkw=Kids+Curl+Care&_sacat=26395&rt=nc&LH_ItemCondition=3&LH_BIN=1&rt=nc&LH_PrefLoc=1
Curl products,https://www.ebay.com/sch/i.html?_from=R40&_nkw=Curl+products&_sacat=26395&rt=nc&LH_ItemCondition=3&LH_BIN=1&rt=nc&LH_PrefLoc=1
Knot Removal,https://www.ebay.com/sch/i.html?_from=R40&_nkw=Knot+Removal&_sacat=26395&rt=nc&LH_ItemCondition=3&LH_BIN=1&rt=nc&LH_PrefLoc=1
Mango Shampoo,https://www.ebay.com/sch/i.html?_from=R40&_nkw=Mango+Shampoo&_sacat=26395&rt=nc&LH_ItemCondition=3&LH_BIN=1&rt=nc&LH_PrefLoc=1
Kids Hair,https://www.ebay.com/sch/i.html?_from=R40&_nkw=Kids+Hair&_sacat=26395&rt=nc&LH_ItemCondition=3&LH_BIN=1&rt=nc&LH_PrefLoc=1
Curls Moisturization,https://www.ebay.com/sch/i.html?_from=R40&_nkw=Curls+Moisturization&_sacat=26395&rt=nc&LH_ItemCondition=3&LH_BIN=1&rt=nc&LH_PrefLoc=1
Kids Masque,https://www.ebay.com/sch/i.html?_from=R40&_nkw=Kids+Masque&_sacat=26395&rt=nc&LH_ItemCondition=3&LH_BIN=1&rt=nc&LH_PrefLoc=1
Wooden Paddle,https://www.ebay.com/sch/i.html?_from=R40&_nkw=Wooden+Paddle&_sacat=26395&rt=nc&LH_ItemCondition=3&LH_BIN=1&rt=nc&LH_PrefLoc=1
Kids Hair Brush,https://www.ebay.com/sch/i.html?_from=R40&_nkw=Kids+Hair+Brush&_sacat=26395&rt=nc&LH_ItemCondition=3&LH_BIN=1&rt=nc&LH_PrefLoc=1
Wooden Hairbrush,https://www.ebay.com/sch/i.html?_from=R40&_nkw=Wooden+Hairbrush&_sacat=26395&rt=nc&LH_ItemCondition=3&LH_BIN=1&rt=nc&LH_PrefLoc=1
Kids Hair Comb,https://www.ebay.com/sch/i.html?_from=R40&_nkw=Kids+Hair+Comb&_sacat=26395&rt=nc&LH_ItemCondition=3&LH_BIN=1&rt=nc&LH_PrefLoc=1
Curl Brush,https://www.ebay.com/sch/i.html?_from=R40&_nkw=Curl+Brush&_sacat=26395&rt=nc&LH_ItemCondition=3&LH_BIN=1&rt=nc&LH_PrefLoc=1
Curved Hairbrush,https://www.ebay.com/sch/i.html?_from=R40&_nkw=Curved+Hairbrush&_sacat=26395&rt=nc&LH_ItemCondition=3&LH_BIN=1&rt=nc&LH_PrefLoc=1
Massage Hairbrush,https://www.ebay.com/sch/i.html?_from=R40&_nkw=Massage+Hairbrush&_sacat=26395&rt=nc&LH_ItemCondition=3&LH_BIN=1&rt=nc&LH_PrefLoc=1
Curl mask,https://www.ebay.com/sch/i.html?_from=R40&_nkw=Curl+mask&_sacat=26395&rt=nc&LH_ItemCondition=3&LH_BIN=1&rt=nc&LH_PrefLoc=1
Hydration Masque,https://www.ebay.com/sch/i.html?_from=R40&_nkw=Hydration+Masque&_sacat=26395&rt=nc&LH_ItemCondition=3&LH_BIN=1&rt=nc&LH_PrefLoc=1
Flaxseed Oil,https://www.ebay.com/sch/i.html?_from=R40&_nkw=Flaxseed+Oil&_sacat=26395&rt=nc&LH_ItemCondition=3&LH_BIN=1&rt=nc&LH_PrefLoc=1
Deep treatment,https://www.ebay.com/sch/i.html?_from=R40&_nkw=Deep+treatment&_sacat=26395&rt=nc&LH_ItemCondition=3&LH_BIN=1&rt=nc&LH_PrefLoc=1
Anti-Frizz Mask,https://www.ebay.com/sch/i.html?_from=R40&_nkw=Anti-Frizz+Mask&_sacat=26395&rt=nc&LH_ItemCondition=3&LH_BIN=1&rt=nc&LH_PrefLoc=1
Shea Moisturizer,https://www.ebay.com/sch/i.html?_from=R40&_nkw=Shea+Moisturizer&_sacat=26395&rt=nc&LH_ItemCondition=3&LH_BIN=1&rt=nc&LH_PrefLoc=1
Coconut Oil,https://www.ebay.com/sch/i.html?_from=R40&_nkw=Coconut+Oil&_sacat=26395&rt=nc&LH_ItemCondition=3&LH_BIN=1&rt=nc&LH_PrefLoc=1
Strengthening Mask,https://www.ebay.com/sch/i.html?_from=R40&_nkw=Strengthening+Mask&_sacat=26395&rt=nc&LH_ItemCondition=3&LH_BIN=1&rt=nc&LH_PrefLoc=1
Creme Oil,https://www.ebay.com/sch/i.html?_from=R40&_nkw=Creme+Oil&_sacat=26395&rt=nc&LH_ItemCondition=3&LH_BIN=1&rt=nc&LH_PrefLoc=1
Curly hair mask,https://www.ebay.com/sch/i.html?_from=R40&_nkw=Curly+hair+mask&_sacat=26395&rt=nc&LH_ItemCondition=3&LH_BIN=1&rt=nc&LH_PrefLoc=1
Conditioning Masque,https://www.ebay.com/sch/i.html?_from=R40&_nkw=Conditioning+Masque&_sacat=26395&rt=nc&LH_ItemCondition=3&LH_BIN=1&rt=nc&LH_PrefLoc=1
Molding Paste,https://www.ebay.com/sch/i.html?_from=R40&_nkw=Molding+Paste&_sacat=26395&rt=nc&LH_ItemCondition=3&LH_BIN=1&rt=nc&LH_PrefLoc=1
Purple Hair Mask,https://www.ebay.com/sch/i.html?_from=R40&_nkw=Purple+Hair+Mask&_sacat=26395&rt=nc&LH_ItemCondition=3&LH_BIN=1&rt=nc&LH_PrefLoc=1
Keratin Masque,https://www.ebay.com/sch/i.html?_from=R40&_nkw=Keratin+Masque&_sacat=26395&rt=nc&LH_ItemCondition=3&LH_BIN=1&rt=nc&LH_PrefLoc=1
Hair Souffle,https://www.ebay.com/sch/i.html?_from=R40&_nkw=Hair+Souffle&_sacat=26395&rt=nc&LH_ItemCondition=3&LH_BIN=1&rt=nc&LH_PrefLoc=1
Oil Moisturizer,https://www.ebay.com/sch/i.html?_from=R40&_nkw=Oil+Moisturizer&_sacat=26395&rt=nc&LH_ItemCondition=3&LH_BIN=1&rt=nc&LH_PrefLoc=1
Color protecting oil,https://www.ebay.com/sch/i.html?_from=R40&_nkw=Color+protecting+oil&_sacat=26395&rt=nc&LH_ItemCondition=3&LH_BIN=1&rt=nc&LH_PrefLoc=1
Curl elixir,https://www.ebay.com/sch/i.html?_from=R40&_nkw=Curl+elixir&_sacat=26395&rt=nc&LH_ItemCondition=3&LH_BIN=1&rt=nc&LH_PrefLoc=1
Growth serum,https://www.ebay.com/sch/i.html?_from=R40&_nkw=Growth+serum&_sacat=26395&rt=nc&LH_ItemCondition=3&LH_BIN=1&rt=nc&LH_PrefLoc=1
Chebe Masque,https://www.ebay.com/sch/i.html?_from=R40&_nkw=Chebe+Masque&_sacat=26395&rt=nc&LH_ItemCondition=3&LH_BIN=1&rt=nc&LH_PrefLoc=1
Edge treatment,https://www.ebay.com/sch/i.html?_from=R40&_nkw=Edge+treatment&_sacat=26395&rt=nc&LH_ItemCondition=3&LH_BIN=1&rt=nc&LH_PrefLoc=1
Keratin oil,https://www.ebay.com/sch/i.html?_from=R40&_nkw=Keratin+oil&_sacat=26395&rt=nc&LH_ItemCondition=3&LH_BIN=1&rt=nc&LH_PrefLoc=1
Smoothing Mask,https://www.ebay.com/sch/i.html?_from=R40&_nkw=Smoothing+Mask&_sacat=26395&rt=nc&LH_ItemCondition=3&LH_BIN=1&rt=nc&LH_PrefLoc=1
Moisturizing Mask,https://www.ebay.com/sch/i.html?_from=R40&_nkw=Moisturizing+Mask&_sacat=26395&rt=nc&LH_ItemCondition=3&LH_BIN=1&rt=nc&LH_PrefLoc=1
Daily oil,https://www.ebay.com/sch/i.html?_from=R40&_nkw=Daily+oil&_sacat=26395&rt=nc&LH_ItemCondition=3&LH_BIN=1&rt=nc&LH_PrefLoc=1
Shea Butter Polisher,https://www.ebay.com/sch/i.html?_from=R40&_nkw=Shea+Butter+Polisher&_sacat=26395&rt=nc&LH_ItemCondition=3&LH_BIN=1&rt=nc&LH_PrefLoc=1
Hydrate Repair,https://www.ebay.com/sch/i.html?_from=R40&_nkw=Hydrate+Repair&_sacat=26395&rt=nc&LH_ItemCondition=3&LH_BIN=1&rt=nc&LH_PrefLoc=1
