Keyword,Links
Glue-On Nails,https://www.ebay.com/sch/i.html?_from=R40&_nkw=Glue-On+Nails&_sacat=26395&rt=nc&LH_ItemCondition=3&LH_BIN=1&rt=nc&LH_PrefLoc=1
Grip Implements,https://www.ebay.com/sch/i.html?_from=R40&_nkw=Grip+Implements&_sacat=26395&rt=nc&LH_ItemCondition=3&LH_BIN=1&rt=nc&LH_PrefLoc=1
LED Gel Light,https://www.ebay.com/sch/i.html?_from=R40&_nkw=LED+Gel+Light&_sacat=26395&rt=nc&LH_ItemCondition=3&LH_BIN=1&rt=nc&LH_PrefLoc=1
Purple Nail,https://www.ebay.com/sch/i.html?_from=R40&_nkw=Purple+Nail&_sacat=26395&rt=nc&LH_ItemCondition=3&LH_BIN=1&rt=nc&LH_PrefLoc=1
Folding Manicure,https://www.ebay.com/sch/i.html?_from=R40&_nkw=Folding+Manicure&_sacat=26395&rt=nc&LH_ItemCondition=3&LH_BIN=1&rt=nc&LH_PrefLoc=1
Chrome Nail Polish,https://www.ebay.com/sch/i.html?_from=R40&_nkw=Chrome+Nail+Polish&_sacat=26395&rt=nc&LH_ItemCondition=3&LH_BIN=1&rt=nc&LH_PrefLoc=1
Emery Boards,https://www.ebay.com/sch/i.html?_from=R40&_nkw=Emery+Boards&_sacat=26395&rt=nc&LH_ItemCondition=3&LH_BIN=1&rt=nc&LH_PrefLoc=1
Chrome Powder,https://www.ebay.com/sch/i.html?_from=R40&_nkw=Chrome+Powder&_sacat=26395&rt=nc&LH_ItemCondition=3&LH_BIN=1&rt=nc&LH_PrefLoc=1
Cuticle Tools,https://www.ebay.com/sch/i.html?_from=R40&_nkw=Cuticle+Tools&_sacat=26395&rt=nc&LH_ItemCondition=3&LH_BIN=1&rt=nc&LH_PrefLoc=1
Nail Polisher,https://www.ebay.com/sch/i.html?_from=R40&_nkw=Nail+Polisher&_sacat=26395&rt=nc&LH_ItemCondition=3&LH_BIN=1&rt=nc&LH_PrefLoc=1
Vegan Nail Polish,https://www.ebay.com/sch/i.html?_from=R40&_nkw=Vegan+Nail+Polish&_sacat=26395&rt=nc&LH_ItemCondition=3&LH_BIN=1&rt=nc&LH_PrefLoc=1
Metal Nail File,https://www.ebay.com/sch/i.html?_from=R40&_nkw=Metal+Nail+File&_sacat=26395&rt=nc&LH_ItemCondition=3&LH_BIN=1&rt=nc&LH_PrefLoc=1
Silver Holographic,https://www.ebay.com/sch/i.html?_from=R40&_nkw=Silver+Holographic&_sacat=26395&rt=nc&LH_ItemCondition=3&LH_BIN=1&rt=nc&LH_PrefLoc=1
Cuticle Balm,https://www.ebay.com/sch/i.html?_from=R40&_nkw=Cuticle+Balm&_sacat=26395&rt=nc&LH_ItemCondition=3&LH_BIN=1&rt=nc&LH_PrefLoc=1
Thistle Nail Polish,https://www.ebay.com/sch/i.html?_from=R40&_nkw=Thistle+Nail+Polish&_sacat=26395&rt=nc&LH_ItemCondition=3&LH_BIN=1&rt=nc&LH_PrefLoc=1
Cat Eye Gel,https://www.ebay.com/sch/i.html?_from=R40&_nkw=Cat+Eye+Gel&_sacat=26395&rt=nc&LH_ItemCondition=3&LH_BIN=1&rt=nc&LH_PrefLoc=1
Sour Love Nails,https://www.ebay.com/sch/i.html?_from=R40&_nkw=Sour+Love+Nails&_sacat=26395&rt=nc&LH_ItemCondition=3&LH_BIN=1&rt=nc&LH_PrefLoc=1
Heavy Duty Clippers,https://www.ebay.com/sch/i.html?_from=R40&_nkw=Heavy+Duty+Clippers&_sacat=26395&rt=nc&LH_ItemCondition=3&LH_BIN=1&rt=nc&LH_PrefLoc=1
Holiday Press-ons,https://www.ebay.com/sch/i.html?_from=R40&_nkw=Holiday+Press-ons&_sacat=26395&rt=nc&LH_ItemCondition=3&LH_BIN=1&rt=nc&LH_PrefLoc=1
Sparkling Toenails,https://www.ebay.com/sch/i.html?_from=R40&_nkw=Sparkling+Toenails&_sacat=26395&rt=nc&LH_ItemCondition=3&LH_BIN=1&rt=nc&LH_PrefLoc=1
Glass Nail Files,https://www.ebay.com/sch/i.html?_from=R40&_nkw=Glass+Nail+Files&_sacat=26395&rt=nc&LH_ItemCondition=3&LH_BIN=1&rt=nc&LH_PrefLoc=1
Gel Kit,https://www.ebay.com/sch/i.html?_from=R40&_nkw=Gel+Kit&_sacat=26395&rt=nc&LH_ItemCondition=3&LH_BIN=1&rt=nc&LH_PrefLoc=1
Salon files,https://www.ebay.com/sch/i.html?_from=R40&_nkw=Salon+files&_sacat=26395&rt=nc&LH_ItemCondition=3&LH_BIN=1&rt=nc&LH_PrefLoc=1
Nail recovery,https://www.ebay.com/sch/i.html?_from=R40&_nkw=Nail+recovery&_sacat=26395&rt=nc&LH_ItemCondition=3&LH_BIN=1&rt=nc&LH_PrefLoc=1
Acrylic Nail Powder,https://www.ebay.com/sch/i.html?_from=R40&_nkw=Acrylic+Nail+Powder&_sacat=26395&rt=nc&LH_ItemCondition=3&LH_BIN=1&rt=nc&LH_PrefLoc=1
Cat Eye Nail Polish,https://www.ebay.com/sch/i.html?_from=R40&_nkw=Cat+Eye+Nail+Polish&_sacat=26395&rt=nc&LH_ItemCondition=3&LH_BIN=1&rt=nc&LH_PrefLoc=1
Electric Nail Cutter,https://www.ebay.com/sch/i.html?_from=R40&_nkw=Electric+Nail+Cutter&_sacat=26395&rt=nc&LH_ItemCondition=3&LH_BIN=1&rt=nc&LH_PrefLoc=1
Cherry Nail,https://www.ebay.com/sch/i.html?_from=R40&_nkw=Cherry+Nail&_sacat=26395&rt=nc&LH_ItemCondition=3&LH_BIN=1&rt=nc&LH_PrefLoc=1
Nail Mask,https://www.ebay.com/sch/i.html?_from=R40&_nkw=Nail+Mask&_sacat=26395&rt=nc&LH_ItemCondition=3&LH_BIN=1&rt=nc&LH_PrefLoc=1
Acrylic Bonding,https://www.ebay.com/sch/i.html?_from=R40&_nkw=Acrylic+Bonding&_sacat=26395&rt=nc&LH_ItemCondition=3&LH_BIN=1&rt=nc&LH_PrefLoc=1
Rubberized Basecoat,https://www.ebay.com/sch/i.html?_from=R40&_nkw=Rubberized+Basecoat&_sacat=26395&rt=nc&LH_ItemCondition=3&LH_BIN=1&rt=nc&LH_PrefLoc=1
Tongue Depressors,https://www.ebay.com/sch/i.html?_from=R40&_nkw=Tongue+Depressors&_sacat=26395&rt=nc&LH_ItemCondition=3&LH_BIN=1&rt=nc&LH_PrefLoc=1
Tortie Nails,https://www.ebay.com/sch/i.html?_from=R40&_nkw=Tortie+Nails&_sacat=26395&rt=nc&LH_ItemCondition=3&LH_BIN=1&rt=nc&LH_PrefLoc=1
Nail Dehydrator,https://www.ebay.com/sch/i.html?_from=R40&_nkw=Nail+Dehydrator&_sacat=26395&rt=nc&LH_ItemCondition=3&LH_BIN=1&rt=nc&LH_PrefLoc=1
Nail Polish Duo,https://www.ebay.com/sch/i.html?_from=R40&_nkw=Nail+Polish+Duo&_sacat=26395&rt=nc&LH_ItemCondition=3&LH_BIN=1&rt=nc&LH_PrefLoc=1
Polish Handle,https://www.ebay.com/sch/i.html?_from=R40&_nkw=Polish+Handle&_sacat=26395&rt=nc&LH_ItemCondition=3&LH_BIN=1&rt=nc&LH_PrefLoc=1
Fall polish,https://www.ebay.com/sch/i.html?_from=R40&_nkw=Fall+polish&_sacat=26395&rt=nc&LH_ItemCondition=3&LH_BIN=1&rt=nc&LH_PrefLoc=1
Angled Nail File,https://www.ebay.com/sch/i.html?_from=R40&_nkw=Angled+Nail+File&_sacat=26395&rt=nc&LH_ItemCondition=3&LH_BIN=1&rt=nc&LH_PrefLoc=1
Cherry polish,https://www.ebay.com/sch/i.html?_from=R40&_nkw=Cherry+polish&_sacat=26395&rt=nc&LH_ItemCondition=3&LH_BIN=1&rt=nc&LH_PrefLoc=1
Dip top coat,https://www.ebay.com/sch/i.html?_from=R40&_nkw=Dip+top+coat&_sacat=26395&rt=nc&LH_ItemCondition=3&LH_BIN=1&rt=nc&LH_PrefLoc=1
Blue Nail Polish,https://www.ebay.com/sch/i.html?_from=R40&_nkw=Blue+Nail+Polish&_sacat=26395&rt=nc&LH_ItemCondition=3&LH_BIN=1&rt=nc&LH_PrefLoc=1
Elmo Nail Polish,https://www.ebay.com/sch/i.html?_from=R40&_nkw=Elmo+Nail+Polish&_sacat=26395&rt=nc&LH_ItemCondition=3&LH_BIN=1&rt=nc&LH_PrefLoc=1
Rainbow Nail,https://www.ebay.com/sch/i.html?_from=R40&_nkw=Rainbow+Nail&_sacat=26395&rt=nc&LH_ItemCondition=3&LH_BIN=1&rt=nc&LH_PrefLoc=1
Glossy Blue,https://www.ebay.com/sch/i.html?_from=R40&_nkw=Glossy+Blue&_sacat=26395&rt=nc&LH_ItemCondition=3&LH_BIN=1&rt=nc&LH_PrefLoc=1
UV Desk Lamp,https://www.ebay.com/sch/i.html?_from=R40&_nkw=UV+Desk+Lamp&_sacat=26395&rt=nc&LH_ItemCondition=3&LH_BIN=1&rt=nc&LH_PrefLoc=1
Valentine's Nails,https://www.ebay.com/sch/i.html?_from=R40&_nkw=Valentine's+Nails&_sacat=26395&rt=nc&LH_ItemCondition=3&LH_BIN=1&rt=nc&LH_PrefLoc=1
Celestial Nails,https://www.ebay.com/sch/i.html?_from=R40&_nkw=Celestial+Nails&_sacat=26395&rt=nc&LH_ItemCondition=3&LH_BIN=1&rt=nc&LH_PrefLoc=1
Portable Nail Lamp,https://www.ebay.com/sch/i.html?_from=R40&_nkw=Portable+Nail+Lamp&_sacat=26395&rt=nc&LH_ItemCondition=3&LH_BIN=1&rt=nc&LH_PrefLoc=1
Dipping Activator,https://www.ebay.com/sch/i.html?_from=R40&_nkw=Dipping+Activator&_sacat=26395&rt=nc&LH_ItemCondition=3&LH_BIN=1&rt=nc&LH_PrefLoc=1
Nail Press-ons,https://www.ebay.com/sch/i.html?_from=R40&_nkw=Nail+Press-ons&_sacat=26395&rt=nc&LH_ItemCondition=3&LH_BIN=1&rt=nc&LH_PrefLoc=1
