Keyword,Links
Funny fragrance,https://www.ebay.com/sch/i.html?_from=R40&_nkw=Funny+fragrance&_sacat=26395&rt=nc&LH_ItemCondition=3&LH_BIN=1&rt=nc&LH_PrefLoc=1
Intense Spray,https://www.ebay.com/sch/i.html?_from=R40&_nkw=Intense+Spray&_sacat=26395&rt=nc&LH_ItemCondition=3&LH_BIN=1&rt=nc&LH_PrefLoc=1
Happy perfume,https://www.ebay.com/sch/i.html?_from=R40&_nkw=Happy+perfume&_sacat=26395&rt=nc&LH_ItemCondition=3&LH_BIN=1&rt=nc&LH_PrefLoc=1
Danger fragrance,https://www.ebay.com/sch/i.html?_from=R40&_nkw=Danger+fragrance&_sacat=26395&rt=nc&LH_ItemCondition=3&LH_BIN=1&rt=nc&LH_PrefLoc=1
Twilight Mist,https://www.ebay.com/sch/i.html?_from=R40&_nkw=Twilight+Mist&_sacat=26395&rt=nc&LH_ItemCondition=3&LH_BIN=1&rt=nc&LH_PrefLoc=1
Jasmine Spray,https://www.ebay.com/sch/i.html?_from=R40&_nkw=Jasmine+Spray&_sacat=26395&rt=nc&LH_ItemCondition=3&LH_BIN=1&rt=nc&LH_PrefLoc=1
Parfum Stick,https://www.ebay.com/sch/i.html?_from=R40&_nkw=Parfum+Stick&_sacat=26395&rt=nc&LH_ItemCondition=3&LH_BIN=1&rt=nc&LH_PrefLoc=1
Luxury perfume,https://www.ebay.com/sch/i.html?_from=R40&_nkw=Luxury+perfume&_sacat=26395&rt=nc&LH_ItemCondition=3&LH_BIN=1&rt=nc&LH_PrefLoc=1
Coriander Cologne,https://www.ebay.com/sch/i.html?_from=R40&_nkw=Coriander+Cologne&_sacat=26395&rt=nc&LH_ItemCondition=3&LH_BIN=1&rt=nc&LH_PrefLoc=1
Sunflower perfume,https://www.ebay.com/sch/i.html?_from=R40&_nkw=Sunflower+perfume&_sacat=26395&rt=nc&LH_ItemCondition=3&LH_BIN=1&rt=nc&LH_PrefLoc=1
Eternity Gift Set,https://www.ebay.com/sch/i.html?_from=R40&_nkw=Eternity+Gift+Set&_sacat=26395&rt=nc&LH_ItemCondition=3&LH_BIN=1&rt=nc&LH_PrefLoc=1
White Linen,https://www.ebay.com/sch/i.html?_from=R40&_nkw=White+Linen&_sacat=26395&rt=nc&LH_ItemCondition=3&LH_BIN=1&rt=nc&LH_PrefLoc=1
Blush EDP,https://www.ebay.com/sch/i.html?_from=R40&_nkw=Blush+EDP&_sacat=26395&rt=nc&LH_ItemCondition=3&LH_BIN=1&rt=nc&LH_PrefLoc=1
Coconut Perfume,https://www.ebay.com/sch/i.html?_from=R40&_nkw=Coconut+Perfume&_sacat=26395&rt=nc&LH_ItemCondition=3&LH_BIN=1&rt=nc&LH_PrefLoc=1
Club membership,https://www.ebay.com/sch/i.html?_from=R40&_nkw=Club+membership&_sacat=26395&rt=nc&LH_ItemCondition=3&LH_BIN=1&rt=nc&LH_PrefLoc=1
Scent Absolute,https://www.ebay.com/sch/i.html?_from=R40&_nkw=Scent+Absolute&_sacat=26395&rt=nc&LH_ItemCondition=3&LH_BIN=1&rt=nc&LH_PrefLoc=1
Redness Corrector,https://www.ebay.com/sch/i.html?_from=R40&_nkw=Redness+Corrector&_sacat=26395&rt=nc&LH_ItemCondition=3&LH_BIN=1&rt=nc&LH_PrefLoc=1
Gardenia Mist,https://www.ebay.com/sch/i.html?_from=R40&_nkw=Gardenia+Mist&_sacat=26395&rt=nc&LH_ItemCondition=3&LH_BIN=1&rt=nc&LH_PrefLoc=1
Sport fragrance,https://www.ebay.com/sch/i.html?_from=R40&_nkw=Sport+fragrance&_sacat=26395&rt=nc&LH_ItemCondition=3&LH_BIN=1&rt=nc&LH_PrefLoc=1
Fireside Mist,https://www.ebay.com/sch/i.html?_from=R40&_nkw=Fireside+Mist&_sacat=26395&rt=nc&LH_ItemCondition=3&LH_BIN=1&rt=nc&LH_PrefLoc=1
Mini Gift,https://www.ebay.com/sch/i.html?_from=R40&_nkw=Mini+Gift&_sacat=26395&rt=nc&LH_ItemCondition=3&LH_BIN=1&rt=nc&LH_PrefLoc=1
Foundation Makeup,https://www.ebay.com/sch/i.html?_from=R40&_nkw=Foundation+Makeup&_sacat=26395&rt=nc&LH_ItemCondition=3&LH_BIN=1&rt=nc&LH_PrefLoc=1
Purple fragrance,https://www.ebay.com/sch/i.html?_from=R40&_nkw=Purple+fragrance&_sacat=26395&rt=nc&LH_ItemCondition=3&LH_BIN=1&rt=nc&LH_PrefLoc=1
Warm Cotton,https://www.ebay.com/sch/i.html?_from=R40&_nkw=Warm+Cotton&_sacat=26395&rt=nc&LH_ItemCondition=3&LH_BIN=1&rt=nc&LH_PrefLoc=1
Night fragrance,https://www.ebay.com/sch/i.html?_from=R40&_nkw=Night+fragrance&_sacat=26395&rt=nc&LH_ItemCondition=3&LH_BIN=1&rt=nc&LH_PrefLoc=1
Red Jeans,https://www.ebay.com/sch/i.html?_from=R40&_nkw=Red+Jeans&_sacat=26395&rt=nc&LH_ItemCondition=3&LH_BIN=1&rt=nc&LH_PrefLoc=1
Girl Perfume,https://www.ebay.com/sch/i.html?_from=R40&_nkw=Girl+Perfume&_sacat=26395&rt=nc&LH_ItemCondition=3&LH_BIN=1&rt=nc&LH_PrefLoc=1
Cool Water,https://www.ebay.com/sch/i.html?_from=R40&_nkw=Cool+Water&_sacat=26395&rt=nc&LH_ItemCondition=3&LH_BIN=1&rt=nc&LH_PrefLoc=1
Mediterranean Perfume,https://www.ebay.com/sch/i.html?_from=R40&_nkw=Mediterranean+Perfume&_sacat=26395&rt=nc&LH_ItemCondition=3&LH_BIN=1&rt=nc&LH_PrefLoc=1
Caramel perfume,https://www.ebay.com/sch/i.html?_from=R40&_nkw=Caramel+perfume&_sacat=26395&rt=nc&LH_ItemCondition=3&LH_BIN=1&rt=nc&LH_PrefLoc=1
Lavender Spray,https://www.ebay.com/sch/i.html?_from=R40&_nkw=Lavender+Spray&_sacat=26395&rt=nc&LH_ItemCondition=3&LH_BIN=1&rt=nc&LH_PrefLoc=1
Travel fragrance,https://www.ebay.com/sch/i.html?_from=R40&_nkw=Travel+fragrance&_sacat=26395&rt=nc&LH_ItemCondition=3&LH_BIN=1&rt=nc&LH_PrefLoc=1
Rapunzel Doll,https://www.ebay.com/sch/i.html?_from=R40&_nkw=Rapunzel+Doll&_sacat=26395&rt=nc&LH_ItemCondition=3&LH_BIN=1&rt=nc&LH_PrefLoc=1
I Want Choo,https://www.ebay.com/sch/i.html?_from=R40&_nkw=I+Want+Choo&_sacat=26395&rt=nc&LH_ItemCondition=3&LH_BIN=1&rt=nc&LH_PrefLoc=1
Dubai Jade,https://www.ebay.com/sch/i.html?_from=R40&_nkw=Dubai+Jade&_sacat=26395&rt=nc&LH_ItemCondition=3&LH_BIN=1&rt=nc&LH_PrefLoc=1
EDT Kit,https://www.ebay.com/sch/i.html?_from=R40&_nkw=EDT+Kit&_sacat=26395&rt=nc&LH_ItemCondition=3&LH_BIN=1&rt=nc&LH_PrefLoc=1
Alien perfume,https://www.ebay.com/sch/i.html?_from=R40&_nkw=Alien+perfume&_sacat=26395&rt=nc&LH_ItemCondition=3&LH_BIN=1&rt=nc&LH_PrefLoc=1
Opium perfume,https://www.ebay.com/sch/i.html?_from=R40&_nkw=Opium+perfume&_sacat=26395&rt=nc&LH_ItemCondition=3&LH_BIN=1&rt=nc&LH_PrefLoc=1
Chocolate fragrance,https://www.ebay.com/sch/i.html?_from=R40&_nkw=Chocolate+fragrance&_sacat=26395&rt=nc&LH_ItemCondition=3&LH_BIN=1&rt=nc&LH_PrefLoc=1
White Gardenia,https://www.ebay.com/sch/i.html?_from=R40&_nkw=White+Gardenia&_sacat=26395&rt=nc&LH_ItemCondition=3&LH_BIN=1&rt=nc&LH_PrefLoc=1
Lavender Soap,https://www.ebay.com/sch/i.html?_from=R40&_nkw=Lavender+Soap&_sacat=26395&rt=nc&LH_ItemCondition=3&LH_BIN=1&rt=nc&LH_PrefLoc=1
Bronze Goddess,https://www.ebay.com/sch/i.html?_from=R40&_nkw=Bronze+Goddess&_sacat=26395&rt=nc&LH_ItemCondition=3&LH_BIN=1&rt=nc&LH_PrefLoc=1
Fresh Blossom,https://www.ebay.com/sch/i.html?_from=R40&_nkw=Fresh+Blossom&_sacat=26395&rt=nc&LH_ItemCondition=3&LH_BIN=1&rt=nc&LH_PrefLoc=1
Amethyst perfume,https://www.ebay.com/sch/i.html?_from=R40&_nkw=Amethyst+perfume&_sacat=26395&rt=nc&LH_ItemCondition=3&LH_BIN=1&rt=nc&LH_PrefLoc=1
Love Perfume,https://www.ebay.com/sch/i.html?_from=R40&_nkw=Love+Perfume&_sacat=26395&rt=nc&LH_ItemCondition=3&LH_BIN=1&rt=nc&LH_PrefLoc=1
Women’s fragrance set,https://www.ebay.com/sch/i.html?_from=R40&_nkw=Women’s+fragrance+set&_sacat=26395&rt=nc&LH_ItemCondition=3&LH_BIN=1&rt=nc&LH_PrefLoc=1
Orange cologne,https://www.ebay.com/sch/i.html?_from=R40&_nkw=Orange+cologne&_sacat=26395&rt=nc&LH_ItemCondition=3&LH_BIN=1&rt=nc&LH_PrefLoc=1
Black Rose,https://www.ebay.com/sch/i.html?_from=R40&_nkw=Black+Rose&_sacat=26395&rt=nc&LH_ItemCondition=3&LH_BIN=1&rt=nc&LH_PrefLoc=1
Bob Mackie,https://www.ebay.com/sch/i.html?_from=R40&_nkw=Bob+Mackie&_sacat=26395&rt=nc&LH_ItemCondition=3&LH_BIN=1&rt=nc&LH_PrefLoc=1
Alcohol Free Deodorant,https://www.ebay.com/sch/i.html?_from=R40&_nkw=Alcohol+Free+Deodorant&_sacat=26395&rt=nc&LH_ItemCondition=3&LH_BIN=1&rt=nc&LH_PrefLoc=1
