Keyword,Links
Itch spray,https://www.amazon.com/s?k=Itch+spray&i=beauty&s=exact-aware-popularity-rank&ref=sr_st_exact-aware-popularity-rank
Smooth Prep,https://www.amazon.com/s?k=Smooth+Prep&i=beauty&s=exact-aware-popularity-rank&ref=sr_st_exact-aware-popularity-rank
Growth sheen,https://www.amazon.com/s?k=Growth+sheen&i=beauty&s=exact-aware-popularity-rank&ref=sr_st_exact-aware-popularity-rank
Silky Curls,https://www.amazon.com/s?k=Silky+Curls&i=beauty&s=exact-aware-popularity-rank&ref=sr_st_exact-aware-popularity-rank
Moisturizer Spray,https://www.amazon.com/s?k=Moisturizer+Spray&i=beauty&s=exact-aware-popularity-rank&ref=sr_st_exact-aware-popularity-rank
Curling Butter,https://www.amazon.com/s?k=Curling+Butter&i=beauty&s=exact-aware-popularity-rank&ref=sr_st_exact-aware-popularity-rank
Curl gelee,https://www.amazon.com/s?k=Curl+gelee&i=beauty&s=exact-aware-popularity-rank&ref=sr_st_exact-aware-popularity-rank
Bounty Balm,https://www.amazon.com/s?k=Bounty+Balm&i=beauty&s=exact-aware-popularity-rank&ref=sr_st_exact-aware-popularity-rank
Light Hold Hairspray,https://www.amazon.com/s?k=Light+Hold+Hairspray&i=beauty&s=exact-aware-popularity-rank&ref=sr_st_exact-aware-popularity-rank
Color edges,https://www.amazon.com/s?k=Color+edges&i=beauty&s=exact-aware-popularity-rank&ref=sr_st_exact-aware-popularity-rank
Pin Straight,https://www.amazon.com/s?k=Pin+Straight&i=beauty&s=exact-aware-popularity-rank&ref=sr_st_exact-aware-popularity-rank
Curl detangler,https://www.amazon.com/s?k=Curl+detangler&i=beauty&s=exact-aware-popularity-rank&ref=sr_st_exact-aware-popularity-rank
Braid Cream,https://www.amazon.com/s?k=Braid+Cream&i=beauty&s=exact-aware-popularity-rank&ref=sr_st_exact-aware-popularity-rank
Miracle Curls,https://www.amazon.com/s?k=Miracle+Curls&i=beauty&s=exact-aware-popularity-rank&ref=sr_st_exact-aware-popularity-rank
Jojoba Lavender,https://www.amazon.com/s?k=Jojoba+Lavender&i=beauty&s=exact-aware-popularity-rank&ref=sr_st_exact-aware-popularity-rank
Rosemary Conditioner,https://www.amazon.com/s?k=Rosemary+Conditioner&i=beauty&s=exact-aware-popularity-rank&ref=sr_st_exact-aware-popularity-rank
Hydration Curls,https://www.amazon.com/s?k=Hydration+Curls&i=beauty&s=exact-aware-popularity-rank&ref=sr_st_exact-aware-popularity-rank
Dry Gel,https://www.amazon.com/s?k=Dry+Gel&i=beauty&s=exact-aware-popularity-rank&ref=sr_st_exact-aware-popularity-rank
Moisturizing Curls,https://www.amazon.com/s?k=Moisturizing+Curls&i=beauty&s=exact-aware-popularity-rank&ref=sr_st_exact-aware-popularity-rank
Pre-Shampoo Moisturizing,https://www.amazon.com/s?k=Pre-Shampoo+Moisturizing&i=beauty&s=exact-aware-popularity-rank&ref=sr_st_exact-aware-popularity-rank
CocoShea Shampoo,https://www.amazon.com/s?k=CocoShea+Shampoo&i=beauty&s=exact-aware-popularity-rank&ref=sr_st_exact-aware-popularity-rank
Hydrating Co-Wash,https://www.amazon.com/s?k=Hydrating+Co-Wash&i=beauty&s=exact-aware-popularity-rank&ref=sr_st_exact-aware-popularity-rank
Split Ends,https://www.amazon.com/s?k=Split+Ends&i=beauty&s=exact-aware-popularity-rank&ref=sr_st_exact-aware-popularity-rank
Control Freak,https://www.amazon.com/s?k=Control+Freak&i=beauty&s=exact-aware-popularity-rank&ref=sr_st_exact-aware-popularity-rank
Smoothing Shampoo,https://www.amazon.com/s?k=Smoothing+Shampoo&i=beauty&s=exact-aware-popularity-rank&ref=sr_st_exact-aware-popularity-rank
Curls Duo,https://www.amazon.com/s?k=Curls+Duo&i=beauty&s=exact-aware-popularity-rank&ref=sr_st_exact-aware-popularity-rank
Co-Wash Shampoo,https://www.amazon.com/s?k=Co-Wash+Shampoo&i=beauty&s=exact-aware-popularity-rank&ref=sr_st_exact-aware-popularity-rank
Color protection,https://www.amazon.com/s?k=Color+protection&i=beauty&s=exact-aware-popularity-rank&ref=sr_st_exact-aware-popularity-rank
Strengthen Conditioner,https://www.amazon.com/s?k=Strengthen+Conditioner&i=beauty&s=exact-aware-popularity-rank&ref=sr_st_exact-aware-popularity-rank
Luxury Shampoo,https://www.amazon.com/s?k=Luxury+Shampoo&i=beauty&s=exact-aware-popularity-rank&ref=sr_st_exact-aware-popularity-rank
Wavy Hair,https://www.amazon.com/s?k=Wavy+Hair&i=beauty&s=exact-aware-popularity-rank&ref=sr_st_exact-aware-popularity-rank
Cleansing CoWash,https://www.amazon.com/s?k=Cleansing+CoWash&i=beauty&s=exact-aware-popularity-rank&ref=sr_st_exact-aware-popularity-rank
Hydration Conditioner,https://www.amazon.com/s?k=Hydration+Conditioner&i=beauty&s=exact-aware-popularity-rank&ref=sr_st_exact-aware-popularity-rank
Luminescence Shampoo,https://www.amazon.com/s?k=Luminescence+Shampoo&i=beauty&s=exact-aware-popularity-rank&ref=sr_st_exact-aware-popularity-rank
Invisible Oil,https://www.amazon.com/s?k=Invisible+Oil&i=beauty&s=exact-aware-popularity-rank&ref=sr_st_exact-aware-popularity-rank
Sal Shampoo,https://www.amazon.com/s?k=Sal+Shampoo&i=beauty&s=exact-aware-popularity-rank&ref=sr_st_exact-aware-popularity-rank
Wavy Shampoo,https://www.amazon.com/s?k=Wavy+Shampoo&i=beauty&s=exact-aware-popularity-rank&ref=sr_st_exact-aware-popularity-rank
Aloe Shampoo,https://www.amazon.com/s?k=Aloe+Shampoo&i=beauty&s=exact-aware-popularity-rank&ref=sr_st_exact-aware-popularity-rank
Seaberry Shampoo,https://www.amazon.com/s?k=Seaberry+Shampoo&i=beauty&s=exact-aware-popularity-rank&ref=sr_st_exact-aware-popularity-rank
Almond Shampoo,https://www.amazon.com/s?k=Almond+Shampoo&i=beauty&s=exact-aware-popularity-rank&ref=sr_st_exact-aware-popularity-rank
Glossifying Shampoo,https://www.amazon.com/s?k=Glossifying+Shampoo&i=beauty&s=exact-aware-popularity-rank&ref=sr_st_exact-aware-popularity-rank
Natural oil shampoo,https://www.amazon.com/s?k=Natural+oil+shampoo&i=beauty&s=exact-aware-popularity-rank&ref=sr_st_exact-aware-popularity-rank
Marble Shampoo,https://www.amazon.com/s?k=Marble+Shampoo&i=beauty&s=exact-aware-popularity-rank&ref=sr_st_exact-aware-popularity-rank
Rosemary Mint Shampoo,https://www.amazon.com/s?k=Rosemary+Mint+Shampoo&i=beauty&s=exact-aware-popularity-rank&ref=sr_st_exact-aware-popularity-rank
Silkening Shampoo,https://www.amazon.com/s?k=Silkening+Shampoo&i=beauty&s=exact-aware-popularity-rank&ref=sr_st_exact-aware-popularity-rank
Curls Bundle,https://www.amazon.com/s?k=Curls+Bundle&i=beauty&s=exact-aware-popularity-rank&ref=sr_st_exact-aware-popularity-rank
Shampoo Pump,https://www.amazon.com/s?k=Shampoo+Pump&i=beauty&s=exact-aware-popularity-rank&ref=sr_st_exact-aware-popularity-rank
Restorative Shampoo,https://www.amazon.com/s?k=Restorative+Shampoo&i=beauty&s=exact-aware-popularity-rank&ref=sr_st_exact-aware-popularity-rank
Green Tea Shampoo,https://www.amazon.com/s?k=Green+Tea+Shampoo&i=beauty&s=exact-aware-popularity-rank&ref=sr_st_exact-aware-popularity-rank
Bond Builder,https://www.amazon.com/s?k=Bond+Builder&i=beauty&s=exact-aware-popularity-rank&ref=sr_st_exact-aware-popularity-rank
