Keyword,Links
Psyllium Husk,https://www.ebay.com/sch/i.html?_from=R40&_nkw=Psyllium+Husk&_sacat=26395&rt=nc&LH_ItemCondition=3&LH_BIN=1&rt=nc&LH_PrefLoc=1
Constipation Relief,https://www.ebay.com/sch/i.html?_from=R40&_nkw=Constipation+Relief&_sacat=26395&rt=nc&LH_ItemCondition=3&LH_BIN=1&rt=nc&LH_PrefLoc=1
Citrus Pectin,https://www.ebay.com/sch/i.html?_from=R40&_nkw=Citrus+Pectin&_sacat=26395&rt=nc&LH_ItemCondition=3&LH_BIN=1&rt=nc&LH_PrefLoc=1
Gummy candy,https://www.ebay.com/sch/i.html?_from=R40&_nkw=Gummy+candy&_sacat=26395&rt=nc&LH_ItemCondition=3&LH_BIN=1&rt=nc&LH_PrefLoc=1
Natural Fiber,https://www.ebay.com/sch/i.html?_from=R40&_nkw=Natural+Fiber&_sacat=26395&rt=nc&LH_ItemCondition=3&LH_BIN=1&rt=nc&LH_PrefLoc=1
Fiber Complex,https://www.ebay.com/sch/i.html?_from=R40&_nkw=Fiber+Complex&_sacat=26395&rt=nc&LH_ItemCondition=3&LH_BIN=1&rt=nc&LH_PrefLoc=1
Fiber drink,https://www.ebay.com/sch/i.html?_from=R40&_nkw=Fiber+drink&_sacat=26395&rt=nc&LH_ItemCondition=3&LH_BIN=1&rt=nc&LH_PrefLoc=1
Organic fiber,https://www.ebay.com/sch/i.html?_from=R40&_nkw=Organic+fiber&_sacat=26395&rt=nc&LH_ItemCondition=3&LH_BIN=1&rt=nc&LH_PrefLoc=1
Daily Fiber,https://www.ebay.com/sch/i.html?_from=R40&_nkw=Daily+Fiber&_sacat=26395&rt=nc&LH_ItemCondition=3&LH_BIN=1&rt=nc&LH_PrefLoc=1
Dietary Fiber,https://www.ebay.com/sch/i.html?_from=R40&_nkw=Dietary+Fiber&_sacat=26395&rt=nc&LH_ItemCondition=3&LH_BIN=1&rt=nc&LH_PrefLoc=1
Acacia Powder,https://www.ebay.com/sch/i.html?_from=R40&_nkw=Acacia+Powder&_sacat=26395&rt=nc&LH_ItemCondition=3&LH_BIN=1&rt=nc&LH_PrefLoc=1
Ocean Fiber,https://www.ebay.com/sch/i.html?_from=R40&_nkw=Ocean+Fiber&_sacat=26395&rt=nc&LH_ItemCondition=3&LH_BIN=1&rt=nc&LH_PrefLoc=1
B-12 Gummies,https://www.ebay.com/sch/i.html?_from=R40&_nkw=B-12+Gummies&_sacat=26395&rt=nc&LH_ItemCondition=3&LH_BIN=1&rt=nc&LH_PrefLoc=1
Gummy Fiber,https://www.ebay.com/sch/i.html?_from=R40&_nkw=Gummy+Fiber&_sacat=26395&rt=nc&LH_ItemCondition=3&LH_BIN=1&rt=nc&LH_PrefLoc=1
Banana flakes,https://www.ebay.com/sch/i.html?_from=R40&_nkw=Banana+flakes&_sacat=26395&rt=nc&LH_ItemCondition=3&LH_BIN=1&rt=nc&LH_PrefLoc=1
Men's vitamins,https://www.ebay.com/sch/i.html?_from=R40&_nkw=Men's+vitamins&_sacat=26395&rt=nc&LH_ItemCondition=3&LH_BIN=1&rt=nc&LH_PrefLoc=1
Inulin Capsules,https://www.ebay.com/sch/i.html?_from=R40&_nkw=Inulin+Capsules&_sacat=26395&rt=nc&LH_ItemCondition=3&LH_BIN=1&rt=nc&LH_PrefLoc=1
Baobab Fiber,https://www.ebay.com/sch/i.html?_from=R40&_nkw=Baobab+Fiber&_sacat=26395&rt=nc&LH_ItemCondition=3&LH_BIN=1&rt=nc&LH_PrefLoc=1
Psyllium Supplement,https://www.ebay.com/sch/i.html?_from=R40&_nkw=Psyllium+Supplement&_sacat=26395&rt=nc&LH_ItemCondition=3&LH_BIN=1&rt=nc&LH_PrefLoc=1
Lactobacillus Probiotics,https://www.ebay.com/sch/i.html?_from=R40&_nkw=Lactobacillus+Probiotics&_sacat=26395&rt=nc&LH_ItemCondition=3&LH_BIN=1&rt=nc&LH_PrefLoc=1
Organic Psyllium,https://www.ebay.com/sch/i.html?_from=R40&_nkw=Organic+Psyllium&_sacat=26395&rt=nc&LH_ItemCondition=3&LH_BIN=1&rt=nc&LH_PrefLoc=1
Forte Fibra,https://www.ebay.com/sch/i.html?_from=R40&_nkw=Forte+Fibra&_sacat=26395&rt=nc&LH_ItemCondition=3&LH_BIN=1&rt=nc&LH_PrefLoc=1
Chicory Root,https://www.ebay.com/sch/i.html?_from=R40&_nkw=Chicory+Root&_sacat=26395&rt=nc&LH_ItemCondition=3&LH_BIN=1&rt=nc&LH_PrefLoc=1
Lactobacillus Complex,https://www.ebay.com/sch/i.html?_from=R40&_nkw=Lactobacillus+Complex&_sacat=26395&rt=nc&LH_ItemCondition=3&LH_BIN=1&rt=nc&LH_PrefLoc=1
Oat Fiber,https://www.ebay.com/sch/i.html?_from=R40&_nkw=Oat+Fiber&_sacat=26395&rt=nc&LH_ItemCondition=3&LH_BIN=1&rt=nc&LH_PrefLoc=1
Children's fiber,https://www.ebay.com/sch/i.html?_from=R40&_nkw=Children's+fiber&_sacat=26395&rt=nc&LH_ItemCondition=3&LH_BIN=1&rt=nc&LH_PrefLoc=1
Strawberry Gummies,https://www.ebay.com/sch/i.html?_from=R40&_nkw=Strawberry+Gummies&_sacat=26395&rt=nc&LH_ItemCondition=3&LH_BIN=1&rt=nc&LH_PrefLoc=1
Organic Capsules,https://www.ebay.com/sch/i.html?_from=R40&_nkw=Organic+Capsules&_sacat=26395&rt=nc&LH_ItemCondition=3&LH_BIN=1&rt=nc&LH_PrefLoc=1
Orange powder,https://www.ebay.com/sch/i.html?_from=R40&_nkw=Orange+powder&_sacat=26395&rt=nc&LH_ItemCondition=3&LH_BIN=1&rt=nc&LH_PrefLoc=1
Gentle Cleanse,https://www.ebay.com/sch/i.html?_from=R40&_nkw=Gentle+Cleanse&_sacat=26395&rt=nc&LH_ItemCondition=3&LH_BIN=1&rt=nc&LH_PrefLoc=1
Fiber laxative,https://www.ebay.com/sch/i.html?_from=R40&_nkw=Fiber+laxative&_sacat=26395&rt=nc&LH_ItemCondition=3&LH_BIN=1&rt=nc&LH_PrefLoc=1
Ragamala CD,https://www.ebay.com/sch/i.html?_from=R40&_nkw=Ragamala+CD&_sacat=26395&rt=nc&LH_ItemCondition=3&LH_BIN=1&rt=nc&LH_PrefLoc=1
Botanical Music,https://www.ebay.com/sch/i.html?_from=R40&_nkw=Botanical+Music&_sacat=26395&rt=nc&LH_ItemCondition=3&LH_BIN=1&rt=nc&LH_PrefLoc=1
Fiber Support,https://www.ebay.com/sch/i.html?_from=R40&_nkw=Fiber+Support&_sacat=26395&rt=nc&LH_ItemCondition=3&LH_BIN=1&rt=nc&LH_PrefLoc=1
Tummy Formula,https://www.ebay.com/sch/i.html?_from=R40&_nkw=Tummy+Formula&_sacat=26395&rt=nc&LH_ItemCondition=3&LH_BIN=1&rt=nc&LH_PrefLoc=1
Jerusalem Artichoke,https://www.ebay.com/sch/i.html?_from=R40&_nkw=Jerusalem+Artichoke&_sacat=26395&rt=nc&LH_ItemCondition=3&LH_BIN=1&rt=nc&LH_PrefLoc=1
Bacillus Subtilis,https://www.ebay.com/sch/i.html?_from=R40&_nkw=Bacillus+Subtilis&_sacat=26395&rt=nc&LH_ItemCondition=3&LH_BIN=1&rt=nc&LH_PrefLoc=1
Fiber greens,https://www.ebay.com/sch/i.html?_from=R40&_nkw=Fiber+greens&_sacat=26395&rt=nc&LH_ItemCondition=3&LH_BIN=1&rt=nc&LH_PrefLoc=1
Akkermansia supplement,https://www.ebay.com/sch/i.html?_from=R40&_nkw=Akkermansia+supplement&_sacat=26395&rt=nc&LH_ItemCondition=3&LH_BIN=1&rt=nc&LH_PrefLoc=1
Schisandra Extract,https://www.ebay.com/sch/i.html?_from=R40&_nkw=Schisandra+Extract&_sacat=26395&rt=nc&LH_ItemCondition=3&LH_BIN=1&rt=nc&LH_PrefLoc=1
Laxative Supplement,https://www.ebay.com/sch/i.html?_from=R40&_nkw=Laxative+Supplement&_sacat=26395&rt=nc&LH_ItemCondition=3&LH_BIN=1&rt=nc&LH_PrefLoc=1
Fiber sticks,https://www.ebay.com/sch/i.html?_from=R40&_nkw=Fiber+sticks&_sacat=26395&rt=nc&LH_ItemCondition=3&LH_BIN=1&rt=nc&LH_PrefLoc=1
MCT Powder,https://www.ebay.com/sch/i.html?_from=R40&_nkw=MCT+Powder&_sacat=26395&rt=nc&LH_ItemCondition=3&LH_BIN=1&rt=nc&LH_PrefLoc=1
Gummy Bites,https://www.ebay.com/sch/i.html?_from=R40&_nkw=Gummy+Bites&_sacat=26395&rt=nc&LH_ItemCondition=3&LH_BIN=1&rt=nc&LH_PrefLoc=1
Barley Sachets,https://www.ebay.com/sch/i.html?_from=R40&_nkw=Barley+Sachets&_sacat=26395&rt=nc&LH_ItemCondition=3&LH_BIN=1&rt=nc&LH_PrefLoc=1
Sugar-Free Fiber,https://www.ebay.com/sch/i.html?_from=R40&_nkw=Sugar-Free+Fiber&_sacat=26395&rt=nc&LH_ItemCondition=3&LH_BIN=1&rt=nc&LH_PrefLoc=1
Prebiotic powder,https://www.ebay.com/sch/i.html?_from=R40&_nkw=Prebiotic+powder&_sacat=26395&rt=nc&LH_ItemCondition=3&LH_BIN=1&rt=nc&LH_PrefLoc=1
Chicory Extract,https://www.ebay.com/sch/i.html?_from=R40&_nkw=Chicory+Extract&_sacat=26395&rt=nc&LH_ItemCondition=3&LH_BIN=1&rt=nc&LH_PrefLoc=1
Fiber Tablets,https://www.ebay.com/sch/i.html?_from=R40&_nkw=Fiber+Tablets&_sacat=26395&rt=nc&LH_ItemCondition=3&LH_BIN=1&rt=nc&LH_PrefLoc=1
Lactobacillus supplement,https://www.ebay.com/sch/i.html?_from=R40&_nkw=Lactobacillus+supplement&_sacat=26395&rt=nc&LH_ItemCondition=3&LH_BIN=1&rt=nc&LH_PrefLoc=1
