Keyword,Links
Sleepytime Tea,https://www.ebay.com/sch/i.html?_from=R40&_nkw=Sleepytime+Tea&_sacat=26395&rt=nc&LH_ItemCondition=3&LH_BIN=1&rt=nc&LH_PrefLoc=1
Kava Supplement,https://www.ebay.com/sch/i.html?_from=R40&_nkw=Kava+Supplement&_sacat=26395&rt=nc&LH_ItemCondition=3&LH_BIN=1&rt=nc&LH_PrefLoc=1
Soursop Extract,https://www.ebay.com/sch/i.html?_from=R40&_nkw=Soursop+Extract&_sacat=26395&rt=nc&LH_ItemCondition=3&LH_BIN=1&rt=nc&LH_PrefLoc=1
Rhodiola Rosea,https://www.ebay.com/sch/i.html?_from=R40&_nkw=Rhodiola+Rosea&_sacat=26395&rt=nc&LH_ItemCondition=3&LH_BIN=1&rt=nc&LH_PrefLoc=1
Glycine Capsules,https://www.ebay.com/sch/i.html?_from=R40&_nkw=Glycine+Capsules&_sacat=26395&rt=nc&LH_ItemCondition=3&LH_BIN=1&rt=nc&LH_PrefLoc=1
Sleep Tea,https://www.ebay.com/sch/i.html?_from=R40&_nkw=Sleep+Tea&_sacat=26395&rt=nc&LH_ItemCondition=3&LH_BIN=1&rt=nc&LH_PrefLoc=1
Kava Extract,https://www.ebay.com/sch/i.html?_from=R40&_nkw=Kava+Extract&_sacat=26395&rt=nc&LH_ItemCondition=3&LH_BIN=1&rt=nc&LH_PrefLoc=1
Deep Sleep,https://www.ebay.com/sch/i.html?_from=R40&_nkw=Deep+Sleep&_sacat=26395&rt=nc&LH_ItemCondition=3&LH_BIN=1&rt=nc&LH_PrefLoc=1
Kava Drops,https://www.ebay.com/sch/i.html?_from=R40&_nkw=Kava+Drops&_sacat=26395&rt=nc&LH_ItemCondition=3&LH_BIN=1&rt=nc&LH_PrefLoc=1
Serenita Tabs,https://www.ebay.com/sch/i.html?_from=R40&_nkw=Serenita+Tabs&_sacat=26395&rt=nc&LH_ItemCondition=3&LH_BIN=1&rt=nc&LH_PrefLoc=1
Calm Drops,https://www.ebay.com/sch/i.html?_from=R40&_nkw=Calm+Drops&_sacat=26395&rt=nc&LH_ItemCondition=3&LH_BIN=1&rt=nc&LH_PrefLoc=1
NAD+ Supplement,https://www.ebay.com/sch/i.html?_from=R40&_nkw=NAD++Supplement&_sacat=26395&rt=nc&LH_ItemCondition=3&LH_BIN=1&rt=nc&LH_PrefLoc=1
Methylated Multivitamin,https://www.ebay.com/sch/i.html?_from=R40&_nkw=Methylated+Multivitamin&_sacat=26395&rt=nc&LH_ItemCondition=3&LH_BIN=1&rt=nc&LH_PrefLoc=1
Homeopathic Sleep,https://www.ebay.com/sch/i.html?_from=R40&_nkw=Homeopathic+Sleep&_sacat=26395&rt=nc&LH_ItemCondition=3&LH_BIN=1&rt=nc&LH_PrefLoc=1
Tinnitus Relief,https://www.ebay.com/sch/i.html?_from=R40&_nkw=Tinnitus+Relief&_sacat=26395&rt=nc&LH_ItemCondition=3&LH_BIN=1&rt=nc&LH_PrefLoc=1
Mellow Mango,https://www.ebay.com/sch/i.html?_from=R40&_nkw=Mellow+Mango&_sacat=26395&rt=nc&LH_ItemCondition=3&LH_BIN=1&rt=nc&LH_PrefLoc=1
5HTP Capsules,https://www.ebay.com/sch/i.html?_from=R40&_nkw=5HTP+Capsules&_sacat=26395&rt=nc&LH_ItemCondition=3&LH_BIN=1&rt=nc&LH_PrefLoc=1
Methyl Multivitamin,https://www.ebay.com/sch/i.html?_from=R40&_nkw=Methyl+Multivitamin&_sacat=26395&rt=nc&LH_ItemCondition=3&LH_BIN=1&rt=nc&LH_PrefLoc=1
5-HTP Gummies,https://www.ebay.com/sch/i.html?_from=R40&_nkw=5-HTP+Gummies&_sacat=26395&rt=nc&LH_ItemCondition=3&LH_BIN=1&rt=nc&LH_PrefLoc=1
Lavender Supplement,https://www.ebay.com/sch/i.html?_from=R40&_nkw=Lavender+Supplement&_sacat=26395&rt=nc&LH_ItemCondition=3&LH_BIN=1&rt=nc&LH_PrefLoc=1
Detox Pads,https://www.ebay.com/sch/i.html?_from=R40&_nkw=Detox+Pads&_sacat=26395&rt=nc&LH_ItemCondition=3&LH_BIN=1&rt=nc&LH_PrefLoc=1
Chamomile Supplement,https://www.ebay.com/sch/i.html?_from=R40&_nkw=Chamomile+Supplement&_sacat=26395&rt=nc&LH_ItemCondition=3&LH_BIN=1&rt=nc&LH_PrefLoc=1
Graviola Capsules,https://www.ebay.com/sch/i.html?_from=R40&_nkw=Graviola+Capsules&_sacat=26395&rt=nc&LH_ItemCondition=3&LH_BIN=1&rt=nc&LH_PrefLoc=1
Calming Bites,https://www.ebay.com/sch/i.html?_from=R40&_nkw=Calming+Bites&_sacat=26395&rt=nc&LH_ItemCondition=3&LH_BIN=1&rt=nc&LH_PrefLoc=1
Nighttime Fat Burner,https://www.ebay.com/sch/i.html?_from=R40&_nkw=Nighttime+Fat+Burner&_sacat=26395&rt=nc&LH_ItemCondition=3&LH_BIN=1&rt=nc&LH_PrefLoc=1
Mullein Leaf,https://www.ebay.com/sch/i.html?_from=R40&_nkw=Mullein+Leaf&_sacat=26395&rt=nc&LH_ItemCondition=3&LH_BIN=1&rt=nc&LH_PrefLoc=1
Cortisol Control,https://www.ebay.com/sch/i.html?_from=R40&_nkw=Cortisol+Control&_sacat=26395&rt=nc&LH_ItemCondition=3&LH_BIN=1&rt=nc&LH_PrefLoc=1
5 HTP,https://www.ebay.com/sch/i.html?_from=R40&_nkw=5+HTP&_sacat=26395&rt=nc&LH_ItemCondition=3&LH_BIN=1&rt=nc&LH_PrefLoc=1
Cat Melatonin,https://www.ebay.com/sch/i.html?_from=R40&_nkw=Cat+Melatonin&_sacat=26395&rt=nc&LH_ItemCondition=3&LH_BIN=1&rt=nc&LH_PrefLoc=1
Sleep recovery,https://www.ebay.com/sch/i.html?_from=R40&_nkw=Sleep+recovery&_sacat=26395&rt=nc&LH_ItemCondition=3&LH_BIN=1&rt=nc&LH_PrefLoc=1
Double Potency,https://www.ebay.com/sch/i.html?_from=R40&_nkw=Double+Potency&_sacat=26395&rt=nc&LH_ItemCondition=3&LH_BIN=1&rt=nc&LH_PrefLoc=1
Valerian Gummies,https://www.ebay.com/sch/i.html?_from=R40&_nkw=Valerian+Gummies&_sacat=26395&rt=nc&LH_ItemCondition=3&LH_BIN=1&rt=nc&LH_PrefLoc=1
Bee Bread,https://www.ebay.com/sch/i.html?_from=R40&_nkw=Bee+Bread&_sacat=26395&rt=nc&LH_ItemCondition=3&LH_BIN=1&rt=nc&LH_PrefLoc=1
Chronic Fatigue,https://www.ebay.com/sch/i.html?_from=R40&_nkw=Chronic+Fatigue&_sacat=26395&rt=nc&LH_ItemCondition=3&LH_BIN=1&rt=nc&LH_PrefLoc=1
High Dose,https://www.ebay.com/sch/i.html?_from=R40&_nkw=High+Dose&_sacat=26395&rt=nc&LH_ItemCondition=3&LH_BIN=1&rt=nc&LH_PrefLoc=1
Wild Lettuce Extract,https://www.ebay.com/sch/i.html?_from=R40&_nkw=Wild+Lettuce+Extract&_sacat=26395&rt=nc&LH_ItemCondition=3&LH_BIN=1&rt=nc&LH_PrefLoc=1
Niacinamide Capsules,https://www.ebay.com/sch/i.html?_from=R40&_nkw=Niacinamide+Capsules&_sacat=26395&rt=nc&LH_ItemCondition=3&LH_BIN=1&rt=nc&LH_PrefLoc=1
Cherry Extract,https://www.ebay.com/sch/i.html?_from=R40&_nkw=Cherry+Extract&_sacat=26395&rt=nc&LH_ItemCondition=3&LH_BIN=1&rt=nc&LH_PrefLoc=1
Amino Supplement,https://www.ebay.com/sch/i.html?_from=R40&_nkw=Amino+Supplement&_sacat=26395&rt=nc&LH_ItemCondition=3&LH_BIN=1&rt=nc&LH_PrefLoc=1
5-HTP,https://www.ebay.com/sch/i.html?_from=R40&_nkw=5-HTP&_sacat=26395&rt=nc&LH_ItemCondition=3&LH_BIN=1&rt=nc&LH_PrefLoc=1
Sleep wash,https://www.ebay.com/sch/i.html?_from=R40&_nkw=Sleep+wash&_sacat=26395&rt=nc&LH_ItemCondition=3&LH_BIN=1&rt=nc&LH_PrefLoc=1
Apigenin Capsules,https://www.ebay.com/sch/i.html?_from=R40&_nkw=Apigenin+Capsules&_sacat=26395&rt=nc&LH_ItemCondition=3&LH_BIN=1&rt=nc&LH_PrefLoc=1
Sleep Balm,https://www.ebay.com/sch/i.html?_from=R40&_nkw=Sleep+Balm&_sacat=26395&rt=nc&LH_ItemCondition=3&LH_BIN=1&rt=nc&LH_PrefLoc=1
Complete Balance,https://www.ebay.com/sch/i.html?_from=R40&_nkw=Complete+Balance&_sacat=26395&rt=nc&LH_ItemCondition=3&LH_BIN=1&rt=nc&LH_PrefLoc=1
Valerian Supplement,https://www.ebay.com/sch/i.html?_from=R40&_nkw=Valerian+Supplement&_sacat=26395&rt=nc&LH_ItemCondition=3&LH_BIN=1&rt=nc&LH_PrefLoc=1
PQQ Supplement,https://www.ebay.com/sch/i.html?_from=R40&_nkw=PQQ+Supplement&_sacat=26395&rt=nc&LH_ItemCondition=3&LH_BIN=1&rt=nc&LH_PrefLoc=1
Apigenin supplement,https://www.ebay.com/sch/i.html?_from=R40&_nkw=Apigenin+supplement&_sacat=26395&rt=nc&LH_ItemCondition=3&LH_BIN=1&rt=nc&LH_PrefLoc=1
Acid Reflux,https://www.ebay.com/sch/i.html?_from=R40&_nkw=Acid+Reflux&_sacat=26395&rt=nc&LH_ItemCondition=3&LH_BIN=1&rt=nc&LH_PrefLoc=1
Chamomile Relaxation,https://www.ebay.com/sch/i.html?_from=R40&_nkw=Chamomile+Relaxation&_sacat=26395&rt=nc&LH_ItemCondition=3&LH_BIN=1&rt=nc&LH_PrefLoc=1
Prenatal Gummy,https://www.ebay.com/sch/i.html?_from=R40&_nkw=Prenatal+Gummy&_sacat=26395&rt=nc&LH_ItemCondition=3&LH_BIN=1&rt=nc&LH_PrefLoc=1
