Keyword,Links
Reviving Hair Oil,https://www.amazon.com/s?k=Reviving+Hair+Oil&i=beauty&s=exact-aware-popularity-rank&ref=sr_st_exact-aware-popularity-rank
Onion Oil,https://www.amazon.com/s?k=Onion+Oil&i=beauty&s=exact-aware-popularity-rank&ref=sr_st_exact-aware-popularity-rank
Shine Hydration,https://www.amazon.com/s?k=Shine+Hydration&i=beauty&s=exact-aware-popularity-rank&ref=sr_st_exact-aware-popularity-rank
Haitian Castor Oil,https://www.amazon.com/s?k=Haitian+Castor+Oil&i=beauty&s=exact-aware-popularity-rank&ref=sr_st_exact-aware-popularity-rank
Brushing Oil,https://www.amazon.com/s?k=Brushing+Oil&i=beauty&s=exact-aware-popularity-rank&ref=sr_st_exact-aware-popularity-rank
Mango Lime,https://www.amazon.com/s?k=Mango+Lime&i=beauty&s=exact-aware-popularity-rank&ref=sr_st_exact-aware-popularity-rank
Wig Shine,https://www.amazon.com/s?k=Wig+Shine&i=beauty&s=exact-aware-popularity-rank&ref=sr_st_exact-aware-popularity-rank
Goddess Strength,https://www.amazon.com/s?k=Goddess+Strength&i=beauty&s=exact-aware-popularity-rank&ref=sr_st_exact-aware-popularity-rank
Crown Growth Oil,https://www.amazon.com/s?k=Crown+Growth+Oil&i=beauty&s=exact-aware-popularity-rank&ref=sr_st_exact-aware-popularity-rank
Moisture Sealer,https://www.amazon.com/s?k=Moisture+Sealer&i=beauty&s=exact-aware-popularity-rank&ref=sr_st_exact-aware-popularity-rank
Moroccan Clay,https://www.amazon.com/s?k=Moroccan+Clay&i=beauty&s=exact-aware-popularity-rank&ref=sr_st_exact-aware-popularity-rank
Moisturizing Co-Wash,https://www.amazon.com/s?k=Moisturizing+Co-Wash&i=beauty&s=exact-aware-popularity-rank&ref=sr_st_exact-aware-popularity-rank
Hair Softening,https://www.amazon.com/s?k=Hair+Softening&i=beauty&s=exact-aware-popularity-rank&ref=sr_st_exact-aware-popularity-rank
Sealing Oil,https://www.amazon.com/s?k=Sealing+Oil&i=beauty&s=exact-aware-popularity-rank&ref=sr_st_exact-aware-popularity-rank
Dark Envy,https://www.amazon.com/s?k=Dark+Envy&i=beauty&s=exact-aware-popularity-rank&ref=sr_st_exact-aware-popularity-rank
Olive Oil,https://www.amazon.com/s?k=Olive+Oil&i=beauty&s=exact-aware-popularity-rank&ref=sr_st_exact-aware-popularity-rank
Curl Essence,https://www.amazon.com/s?k=Curl+Essence&i=beauty&s=exact-aware-popularity-rank&ref=sr_st_exact-aware-popularity-rank
Texlax System,https://www.amazon.com/s?k=Texlax+System&i=beauty&s=exact-aware-popularity-rank&ref=sr_st_exact-aware-popularity-rank
Detangling Masque,https://www.amazon.com/s?k=Detangling+Masque&i=beauty&s=exact-aware-popularity-rank&ref=sr_st_exact-aware-popularity-rank
Curls Hair Mask,https://www.amazon.com/s?k=Curls+Hair+Mask&i=beauty&s=exact-aware-popularity-rank&ref=sr_st_exact-aware-popularity-rank
Herbal Hair Oil,https://www.amazon.com/s?k=Herbal+Hair+Oil&i=beauty&s=exact-aware-popularity-rank&ref=sr_st_exact-aware-popularity-rank
Curls Mask,https://www.amazon.com/s?k=Curls+Mask&i=beauty&s=exact-aware-popularity-rank&ref=sr_st_exact-aware-popularity-rank
Curl nutrition,https://www.amazon.com/s?k=Curl+nutrition&i=beauty&s=exact-aware-popularity-rank&ref=sr_st_exact-aware-popularity-rank
Hair nourishment,https://www.amazon.com/s?k=Hair+nourishment&i=beauty&s=exact-aware-popularity-rank&ref=sr_st_exact-aware-popularity-rank
Brilliance Mask,https://www.amazon.com/s?k=Brilliance+Mask&i=beauty&s=exact-aware-popularity-rank&ref=sr_st_exact-aware-popularity-rank
Chebe Conditioner,https://www.amazon.com/s?k=Chebe+Conditioner&i=beauty&s=exact-aware-popularity-rank&ref=sr_st_exact-aware-popularity-rank
Blond Gloss,https://www.amazon.com/s?k=Blond+Gloss&i=beauty&s=exact-aware-popularity-rank&ref=sr_st_exact-aware-popularity-rank
Argan Hair Mask,https://www.amazon.com/s?k=Argan+Hair+Mask&i=beauty&s=exact-aware-popularity-rank&ref=sr_st_exact-aware-popularity-rank
Shine Milk,https://www.amazon.com/s?k=Shine+Milk&i=beauty&s=exact-aware-popularity-rank&ref=sr_st_exact-aware-popularity-rank
Red Onion Oil,https://www.amazon.com/s?k=Red+Onion+Oil&i=beauty&s=exact-aware-popularity-rank&ref=sr_st_exact-aware-popularity-rank
Hydration Mask,https://www.amazon.com/s?k=Hydration+Mask&i=beauty&s=exact-aware-popularity-rank&ref=sr_st_exact-aware-popularity-rank
Hot Oil,https://www.amazon.com/s?k=Hot+Oil&i=beauty&s=exact-aware-popularity-rank&ref=sr_st_exact-aware-popularity-rank
Coconut Hair,https://www.amazon.com/s?k=Coconut+Hair&i=beauty&s=exact-aware-popularity-rank&ref=sr_st_exact-aware-popularity-rank
Clay mask,https://www.amazon.com/s?k=Clay+mask&i=beauty&s=exact-aware-popularity-rank&ref=sr_st_exact-aware-popularity-rank
Silkening Oil,https://www.amazon.com/s?k=Silkening+Oil&i=beauty&s=exact-aware-popularity-rank&ref=sr_st_exact-aware-popularity-rank
Shine oil,https://www.amazon.com/s?k=Shine+oil&i=beauty&s=exact-aware-popularity-rank&ref=sr_st_exact-aware-popularity-rank
Chebe Oil,https://www.amazon.com/s?k=Chebe+Oil&i=beauty&s=exact-aware-popularity-rank&ref=sr_st_exact-aware-popularity-rank
Hair Botox,https://www.amazon.com/s?k=Hair+Botox&i=beauty&s=exact-aware-popularity-rank&ref=sr_st_exact-aware-popularity-rank
Curls Oil,https://www.amazon.com/s?k=Curls+Oil&i=beauty&s=exact-aware-popularity-rank&ref=sr_st_exact-aware-popularity-rank
Honey Hair Care,https://www.amazon.com/s?k=Honey+Hair+Care&i=beauty&s=exact-aware-popularity-rank&ref=sr_st_exact-aware-popularity-rank
Rosemary Castor Oil,https://www.amazon.com/s?k=Rosemary+Castor+Oil&i=beauty&s=exact-aware-popularity-rank&ref=sr_st_exact-aware-popularity-rank
Dream Mask,https://www.amazon.com/s?k=Dream+Mask&i=beauty&s=exact-aware-popularity-rank&ref=sr_st_exact-aware-popularity-rank
Repair Mask,https://www.amazon.com/s?k=Repair+Mask&i=beauty&s=exact-aware-popularity-rank&ref=sr_st_exact-aware-popularity-rank
Curls Shampoo,https://www.amazon.com/s?k=Curls+Shampoo&i=beauty&s=exact-aware-popularity-rank&ref=sr_st_exact-aware-popularity-rank
B-Tox Mask,https://www.amazon.com/s?k=B-Tox+Mask&i=beauty&s=exact-aware-popularity-rank&ref=sr_st_exact-aware-popularity-rank
Keratin Hair Mask,https://www.amazon.com/s?k=Keratin+Hair+Mask&i=beauty&s=exact-aware-popularity-rank&ref=sr_st_exact-aware-popularity-rank
Keratin Smooth,https://www.amazon.com/s?k=Keratin+Smooth&i=beauty&s=exact-aware-popularity-rank&ref=sr_st_exact-aware-popularity-rank
Revitalizing Hair,https://www.amazon.com/s?k=Revitalizing+Hair&i=beauty&s=exact-aware-popularity-rank&ref=sr_st_exact-aware-popularity-rank
Oil Free Shine,https://www.amazon.com/s?k=Oil+Free+Shine&i=beauty&s=exact-aware-popularity-rank&ref=sr_st_exact-aware-popularity-rank
Wig Oil,https://www.amazon.com/s?k=Wig+Oil&i=beauty&s=exact-aware-popularity-rank&ref=sr_st_exact-aware-popularity-rank
