Keyword,Links
Reviving Hair Oil,https://www.ebay.com/sch/i.html?_from=R40&_nkw=Reviving+Hair+Oil&_sacat=26395&rt=nc&LH_ItemCondition=3&LH_BIN=1&rt=nc&LH_PrefLoc=1
Onion Oil,https://www.ebay.com/sch/i.html?_from=R40&_nkw=Onion+Oil&_sacat=26395&rt=nc&LH_ItemCondition=3&LH_BIN=1&rt=nc&LH_PrefLoc=1
Shine Hydration,https://www.ebay.com/sch/i.html?_from=R40&_nkw=Shine+Hydration&_sacat=26395&rt=nc&LH_ItemCondition=3&LH_BIN=1&rt=nc&LH_PrefLoc=1
Haitian Castor Oil,https://www.ebay.com/sch/i.html?_from=R40&_nkw=Haitian+Castor+Oil&_sacat=26395&rt=nc&LH_ItemCondition=3&LH_BIN=1&rt=nc&LH_PrefLoc=1
Brushing Oil,https://www.ebay.com/sch/i.html?_from=R40&_nkw=Brushing+Oil&_sacat=26395&rt=nc&LH_ItemCondition=3&LH_BIN=1&rt=nc&LH_PrefLoc=1
Mango Lime,https://www.ebay.com/sch/i.html?_from=R40&_nkw=Mango+Lime&_sacat=26395&rt=nc&LH_ItemCondition=3&LH_BIN=1&rt=nc&LH_PrefLoc=1
Wig Shine,https://www.ebay.com/sch/i.html?_from=R40&_nkw=Wig+Shine&_sacat=26395&rt=nc&LH_ItemCondition=3&LH_BIN=1&rt=nc&LH_PrefLoc=1
Goddess Strength,https://www.ebay.com/sch/i.html?_from=R40&_nkw=Goddess+Strength&_sacat=26395&rt=nc&LH_ItemCondition=3&LH_BIN=1&rt=nc&LH_PrefLoc=1
Crown Growth Oil,https://www.ebay.com/sch/i.html?_from=R40&_nkw=Crown+Growth+Oil&_sacat=26395&rt=nc&LH_ItemCondition=3&LH_BIN=1&rt=nc&LH_PrefLoc=1
Moisture Sealer,https://www.ebay.com/sch/i.html?_from=R40&_nkw=Moisture+Sealer&_sacat=26395&rt=nc&LH_ItemCondition=3&LH_BIN=1&rt=nc&LH_PrefLoc=1
Moroccan Clay,https://www.ebay.com/sch/i.html?_from=R40&_nkw=Moroccan+Clay&_sacat=26395&rt=nc&LH_ItemCondition=3&LH_BIN=1&rt=nc&LH_PrefLoc=1
Moisturizing Co-Wash,https://www.ebay.com/sch/i.html?_from=R40&_nkw=Moisturizing+Co-Wash&_sacat=26395&rt=nc&LH_ItemCondition=3&LH_BIN=1&rt=nc&LH_PrefLoc=1
Hair Softening,https://www.ebay.com/sch/i.html?_from=R40&_nkw=Hair+Softening&_sacat=26395&rt=nc&LH_ItemCondition=3&LH_BIN=1&rt=nc&LH_PrefLoc=1
Sealing Oil,https://www.ebay.com/sch/i.html?_from=R40&_nkw=Sealing+Oil&_sacat=26395&rt=nc&LH_ItemCondition=3&LH_BIN=1&rt=nc&LH_PrefLoc=1
Dark Envy,https://www.ebay.com/sch/i.html?_from=R40&_nkw=Dark+Envy&_sacat=26395&rt=nc&LH_ItemCondition=3&LH_BIN=1&rt=nc&LH_PrefLoc=1
Olive Oil,https://www.ebay.com/sch/i.html?_from=R40&_nkw=Olive+Oil&_sacat=26395&rt=nc&LH_ItemCondition=3&LH_BIN=1&rt=nc&LH_PrefLoc=1
Curl Essence,https://www.ebay.com/sch/i.html?_from=R40&_nkw=Curl+Essence&_sacat=26395&rt=nc&LH_ItemCondition=3&LH_BIN=1&rt=nc&LH_PrefLoc=1
Texlax System,https://www.ebay.com/sch/i.html?_from=R40&_nkw=Texlax+System&_sacat=26395&rt=nc&LH_ItemCondition=3&LH_BIN=1&rt=nc&LH_PrefLoc=1
Detangling Masque,https://www.ebay.com/sch/i.html?_from=R40&_nkw=Detangling+Masque&_sacat=26395&rt=nc&LH_ItemCondition=3&LH_BIN=1&rt=nc&LH_PrefLoc=1
Curls Hair Mask,https://www.ebay.com/sch/i.html?_from=R40&_nkw=Curls+Hair+Mask&_sacat=26395&rt=nc&LH_ItemCondition=3&LH_BIN=1&rt=nc&LH_PrefLoc=1
Herbal Hair Oil,https://www.ebay.com/sch/i.html?_from=R40&_nkw=Herbal+Hair+Oil&_sacat=26395&rt=nc&LH_ItemCondition=3&LH_BIN=1&rt=nc&LH_PrefLoc=1
Curls Mask,https://www.ebay.com/sch/i.html?_from=R40&_nkw=Curls+Mask&_sacat=26395&rt=nc&LH_ItemCondition=3&LH_BIN=1&rt=nc&LH_PrefLoc=1
Curl nutrition,https://www.ebay.com/sch/i.html?_from=R40&_nkw=Curl+nutrition&_sacat=26395&rt=nc&LH_ItemCondition=3&LH_BIN=1&rt=nc&LH_PrefLoc=1
Hair nourishment,https://www.ebay.com/sch/i.html?_from=R40&_nkw=Hair+nourishment&_sacat=26395&rt=nc&LH_ItemCondition=3&LH_BIN=1&rt=nc&LH_PrefLoc=1
Brilliance Mask,https://www.ebay.com/sch/i.html?_from=R40&_nkw=Brilliance+Mask&_sacat=26395&rt=nc&LH_ItemCondition=3&LH_BIN=1&rt=nc&LH_PrefLoc=1
Chebe Conditioner,https://www.ebay.com/sch/i.html?_from=R40&_nkw=Chebe+Conditioner&_sacat=26395&rt=nc&LH_ItemCondition=3&LH_BIN=1&rt=nc&LH_PrefLoc=1
Blond Gloss,https://www.ebay.com/sch/i.html?_from=R40&_nkw=Blond+Gloss&_sacat=26395&rt=nc&LH_ItemCondition=3&LH_BIN=1&rt=nc&LH_PrefLoc=1
Argan Hair Mask,https://www.ebay.com/sch/i.html?_from=R40&_nkw=Argan+Hair+Mask&_sacat=26395&rt=nc&LH_ItemCondition=3&LH_BIN=1&rt=nc&LH_PrefLoc=1
Shine Milk,https://www.ebay.com/sch/i.html?_from=R40&_nkw=Shine+Milk&_sacat=26395&rt=nc&LH_ItemCondition=3&LH_BIN=1&rt=nc&LH_PrefLoc=1
Red Onion Oil,https://www.ebay.com/sch/i.html?_from=R40&_nkw=Red+Onion+Oil&_sacat=26395&rt=nc&LH_ItemCondition=3&LH_BIN=1&rt=nc&LH_PrefLoc=1
Hydration Mask,https://www.ebay.com/sch/i.html?_from=R40&_nkw=Hydration+Mask&_sacat=26395&rt=nc&LH_ItemCondition=3&LH_BIN=1&rt=nc&LH_PrefLoc=1
Hot Oil,https://www.ebay.com/sch/i.html?_from=R40&_nkw=Hot+Oil&_sacat=26395&rt=nc&LH_ItemCondition=3&LH_BIN=1&rt=nc&LH_PrefLoc=1
Coconut Hair,https://www.ebay.com/sch/i.html?_from=R40&_nkw=Coconut+Hair&_sacat=26395&rt=nc&LH_ItemCondition=3&LH_BIN=1&rt=nc&LH_PrefLoc=1
Clay mask,https://www.ebay.com/sch/i.html?_from=R40&_nkw=Clay+mask&_sacat=26395&rt=nc&LH_ItemCondition=3&LH_BIN=1&rt=nc&LH_PrefLoc=1
Silkening Oil,https://www.ebay.com/sch/i.html?_from=R40&_nkw=Silkening+Oil&_sacat=26395&rt=nc&LH_ItemCondition=3&LH_BIN=1&rt=nc&LH_PrefLoc=1
Shine oil,https://www.ebay.com/sch/i.html?_from=R40&_nkw=Shine+oil&_sacat=26395&rt=nc&LH_ItemCondition=3&LH_BIN=1&rt=nc&LH_PrefLoc=1
Chebe Oil,https://www.ebay.com/sch/i.html?_from=R40&_nkw=Chebe+Oil&_sacat=26395&rt=nc&LH_ItemCondition=3&LH_BIN=1&rt=nc&LH_PrefLoc=1
Hair Botox,https://www.ebay.com/sch/i.html?_from=R40&_nkw=Hair+Botox&_sacat=26395&rt=nc&LH_ItemCondition=3&LH_BIN=1&rt=nc&LH_PrefLoc=1
Curls Oil,https://www.ebay.com/sch/i.html?_from=R40&_nkw=Curls+Oil&_sacat=26395&rt=nc&LH_ItemCondition=3&LH_BIN=1&rt=nc&LH_PrefLoc=1
Honey Hair Care,https://www.ebay.com/sch/i.html?_from=R40&_nkw=Honey+Hair+Care&_sacat=26395&rt=nc&LH_ItemCondition=3&LH_BIN=1&rt=nc&LH_PrefLoc=1
Rosemary Castor Oil,https://www.ebay.com/sch/i.html?_from=R40&_nkw=Rosemary+Castor+Oil&_sacat=26395&rt=nc&LH_ItemCondition=3&LH_BIN=1&rt=nc&LH_PrefLoc=1
Dream Mask,https://www.ebay.com/sch/i.html?_from=R40&_nkw=Dream+Mask&_sacat=26395&rt=nc&LH_ItemCondition=3&LH_BIN=1&rt=nc&LH_PrefLoc=1
Repair Mask,https://www.ebay.com/sch/i.html?_from=R40&_nkw=Repair+Mask&_sacat=26395&rt=nc&LH_ItemCondition=3&LH_BIN=1&rt=nc&LH_PrefLoc=1
Curls Shampoo,https://www.ebay.com/sch/i.html?_from=R40&_nkw=Curls+Shampoo&_sacat=26395&rt=nc&LH_ItemCondition=3&LH_BIN=1&rt=nc&LH_PrefLoc=1
B-Tox Mask,https://www.ebay.com/sch/i.html?_from=R40&_nkw=B-Tox+Mask&_sacat=26395&rt=nc&LH_ItemCondition=3&LH_BIN=1&rt=nc&LH_PrefLoc=1
Keratin Hair Mask,https://www.ebay.com/sch/i.html?_from=R40&_nkw=Keratin+Hair+Mask&_sacat=26395&rt=nc&LH_ItemCondition=3&LH_BIN=1&rt=nc&LH_PrefLoc=1
Keratin Smooth,https://www.ebay.com/sch/i.html?_from=R40&_nkw=Keratin+Smooth&_sacat=26395&rt=nc&LH_ItemCondition=3&LH_BIN=1&rt=nc&LH_PrefLoc=1
Revitalizing Hair,https://www.ebay.com/sch/i.html?_from=R40&_nkw=Revitalizing+Hair&_sacat=26395&rt=nc&LH_ItemCondition=3&LH_BIN=1&rt=nc&LH_PrefLoc=1
Oil Free Shine,https://www.ebay.com/sch/i.html?_from=R40&_nkw=Oil+Free+Shine&_sacat=26395&rt=nc&LH_ItemCondition=3&LH_BIN=1&rt=nc&LH_PrefLoc=1
Wig Oil,https://www.ebay.com/sch/i.html?_from=R40&_nkw=Wig+Oil&_sacat=26395&rt=nc&LH_ItemCondition=3&LH_BIN=1&rt=nc&LH_PrefLoc=1
