Keyword,Links
Breathe Extract,https://www.amazon.com/s?k=Breathe+Extract&i=hpc&s=exact-aware-popularity-rank&ref=sr_st_exact-aware-popularity-rank
Collagen Superfood,https://www.amazon.com/s?k=Collagen+Superfood&i=hpc&s=exact-aware-popularity-rank&ref=sr_st_exact-aware-popularity-rank
Smart Ginkgo,https://www.amazon.com/s?k=Smart+Ginkgo&i=hpc&s=exact-aware-popularity-rank&ref=sr_st_exact-aware-popularity-rank
Organic Shiitake,https://www.amazon.com/s?k=Organic+Shiitake&i=hpc&s=exact-aware-popularity-rank&ref=sr_st_exact-aware-popularity-rank
Acai capsules,https://www.amazon.com/s?k=Acai+capsules&i=hpc&s=exact-aware-popularity-rank&ref=sr_st_exact-aware-popularity-rank
Vegan Vitamin D2,https://www.amazon.com/s?k=Vegan+Vitamin+D2&i=hpc&s=exact-aware-popularity-rank&ref=sr_st_exact-aware-popularity-rank
Spirulina Gummies,https://www.amazon.com/s?k=Spirulina+Gummies&i=hpc&s=exact-aware-popularity-rank&ref=sr_st_exact-aware-popularity-rank
Chia Flax,https://www.amazon.com/s?k=Chia+Flax&i=hpc&s=exact-aware-popularity-rank&ref=sr_st_exact-aware-popularity-rank
Antioxidant Superfood,https://www.amazon.com/s?k=Antioxidant+Superfood&i=hpc&s=exact-aware-popularity-rank&ref=sr_st_exact-aware-popularity-rank
Heavy Metal,https://www.amazon.com/s?k=Heavy+Metal&i=hpc&s=exact-aware-popularity-rank&ref=sr_st_exact-aware-popularity-rank
Wheat Berries,https://www.amazon.com/s?k=Wheat+Berries&i=hpc&s=exact-aware-popularity-rank&ref=sr_st_exact-aware-popularity-rank
Green powder,https://www.amazon.com/s?k=Green+powder&i=hpc&s=exact-aware-popularity-rank&ref=sr_st_exact-aware-popularity-rank
KAMUT Wheat,https://www.amazon.com/s?k=KAMUT+Wheat&i=hpc&s=exact-aware-popularity-rank&ref=sr_st_exact-aware-popularity-rank
Liquid Drops,https://www.amazon.com/s?k=Liquid+Drops&i=hpc&s=exact-aware-popularity-rank&ref=sr_st_exact-aware-popularity-rank
Maitake Supplement,https://www.amazon.com/s?k=Maitake+Supplement&i=hpc&s=exact-aware-popularity-rank&ref=sr_st_exact-aware-popularity-rank
Rei-Shi Mushrooms,https://www.amazon.com/s?k=Rei-Shi+Mushrooms&i=hpc&s=exact-aware-popularity-rank&ref=sr_st_exact-aware-popularity-rank
Adaptogen Supplement,https://www.amazon.com/s?k=Adaptogen+Supplement&i=hpc&s=exact-aware-popularity-rank&ref=sr_st_exact-aware-popularity-rank
Sea Moss Capsules,https://www.amazon.com/s?k=Sea+Moss+Capsules&i=hpc&s=exact-aware-popularity-rank&ref=sr_st_exact-aware-popularity-rank
Beta Glucan,https://www.amazon.com/s?k=Beta+Glucan&i=hpc&s=exact-aware-popularity-rank&ref=sr_st_exact-aware-popularity-rank
Chaga Mushroom,https://www.amazon.com/s?k=Chaga+Mushroom&i=hpc&s=exact-aware-popularity-rank&ref=sr_st_exact-aware-popularity-rank
Matcha Mushroom,https://www.amazon.com/s?k=Matcha+Mushroom&i=hpc&s=exact-aware-popularity-rank&ref=sr_st_exact-aware-popularity-rank
Detox Kit,https://www.amazon.com/s?k=Detox+Kit&i=hpc&s=exact-aware-popularity-rank&ref=sr_st_exact-aware-popularity-rank
Mushroom Adaptogens,https://www.amazon.com/s?k=Mushroom+Adaptogens&i=hpc&s=exact-aware-popularity-rank&ref=sr_st_exact-aware-popularity-rank
Shiitake Extract,https://www.amazon.com/s?k=Shiitake+Extract&i=hpc&s=exact-aware-popularity-rank&ref=sr_st_exact-aware-popularity-rank
Chlorophyllin supplement,https://www.amazon.com/s?k=Chlorophyllin+supplement&i=hpc&s=exact-aware-popularity-rank&ref=sr_st_exact-aware-popularity-rank
Marine Greens,https://www.amazon.com/s?k=Marine+Greens&i=hpc&s=exact-aware-popularity-rank&ref=sr_st_exact-aware-popularity-rank
Immune mushrooms,https://www.amazon.com/s?k=Immune+mushrooms&i=hpc&s=exact-aware-popularity-rank&ref=sr_st_exact-aware-popularity-rank
Body odor,https://www.amazon.com/s?k=Body+odor&i=hpc&s=exact-aware-popularity-rank&ref=sr_st_exact-aware-popularity-rank
Goji Powder,https://www.amazon.com/s?k=Goji+Powder&i=hpc&s=exact-aware-popularity-rank&ref=sr_st_exact-aware-popularity-rank
Tiger Milk Mushroom,https://www.amazon.com/s?k=Tiger+Milk+Mushroom&i=hpc&s=exact-aware-popularity-rank&ref=sr_st_exact-aware-popularity-rank
Organic drink,https://www.amazon.com/s?k=Organic+drink&i=hpc&s=exact-aware-popularity-rank&ref=sr_st_exact-aware-popularity-rank
Pet multivitamin,https://www.amazon.com/s?k=Pet+multivitamin&i=hpc&s=exact-aware-popularity-rank&ref=sr_st_exact-aware-popularity-rank
Organic superfood,https://www.amazon.com/s?k=Organic+superfood&i=hpc&s=exact-aware-popularity-rank&ref=sr_st_exact-aware-popularity-rank
Deodorant capsules,https://www.amazon.com/s?k=Deodorant+capsules&i=hpc&s=exact-aware-popularity-rank&ref=sr_st_exact-aware-popularity-rank
Joint relief,https://www.amazon.com/s?k=Joint+relief&i=hpc&s=exact-aware-popularity-rank&ref=sr_st_exact-aware-popularity-rank
Maca DIM,https://www.amazon.com/s?k=Maca+DIM&i=hpc&s=exact-aware-popularity-rank&ref=sr_st_exact-aware-popularity-rank
Chlorella Culture,https://www.amazon.com/s?k=Chlorella+Culture&i=hpc&s=exact-aware-popularity-rank&ref=sr_st_exact-aware-popularity-rank
Milk Frother,https://www.amazon.com/s?k=Milk+Frother&i=hpc&s=exact-aware-popularity-rank&ref=sr_st_exact-aware-popularity-rank
Chlorophyll Mint,https://www.amazon.com/s?k=Chlorophyll+Mint&i=hpc&s=exact-aware-popularity-rank&ref=sr_st_exact-aware-popularity-rank
Focus Blend,https://www.amazon.com/s?k=Focus+Blend&i=hpc&s=exact-aware-popularity-rank&ref=sr_st_exact-aware-popularity-rank
Superfood Gummies,https://www.amazon.com/s?k=Superfood+Gummies&i=hpc&s=exact-aware-popularity-rank&ref=sr_st_exact-aware-popularity-rank
Maitake Mushroom,https://www.amazon.com/s?k=Maitake+Mushroom&i=hpc&s=exact-aware-popularity-rank&ref=sr_st_exact-aware-popularity-rank
Reishi Mushroom,https://www.amazon.com/s?k=Reishi+Mushroom&i=hpc&s=exact-aware-popularity-rank&ref=sr_st_exact-aware-popularity-rank
Stem Cell,https://www.amazon.com/s?k=Stem+Cell&i=hpc&s=exact-aware-popularity-rank&ref=sr_st_exact-aware-popularity-rank
Organic Reishi,https://www.amazon.com/s?k=Organic+Reishi&i=hpc&s=exact-aware-popularity-rank&ref=sr_st_exact-aware-popularity-rank
Royal Maca,https://www.amazon.com/s?k=Royal+Maca&i=hpc&s=exact-aware-popularity-rank&ref=sr_st_exact-aware-popularity-rank
Super Algae,https://www.amazon.com/s?k=Super+Algae&i=hpc&s=exact-aware-popularity-rank&ref=sr_st_exact-aware-popularity-rank
Raw Honey,https://www.amazon.com/s?k=Raw+Honey&i=hpc&s=exact-aware-popularity-rank&ref=sr_st_exact-aware-popularity-rank
Maqui Powder,https://www.amazon.com/s?k=Maqui+Powder&i=hpc&s=exact-aware-popularity-rank&ref=sr_st_exact-aware-popularity-rank
Superfood Chocolate,https://www.amazon.com/s?k=Superfood+Chocolate&i=hpc&s=exact-aware-popularity-rank&ref=sr_st_exact-aware-popularity-rank
