Keyword,Links
Breathe Extract,https://www.ebay.com/sch/i.html?_from=R40&_nkw=Breathe+Extract&_sacat=26395&rt=nc&LH_ItemCondition=3&LH_BIN=1&rt=nc&LH_PrefLoc=1
Collagen Superfood,https://www.ebay.com/sch/i.html?_from=R40&_nkw=Collagen+Superfood&_sacat=26395&rt=nc&LH_ItemCondition=3&LH_BIN=1&rt=nc&LH_PrefLoc=1
Smart Ginkgo,https://www.ebay.com/sch/i.html?_from=R40&_nkw=Smart+Ginkgo&_sacat=26395&rt=nc&LH_ItemCondition=3&LH_BIN=1&rt=nc&LH_PrefLoc=1
Organic Shiitake,https://www.ebay.com/sch/i.html?_from=R40&_nkw=Organic+Shiitake&_sacat=26395&rt=nc&LH_ItemCondition=3&LH_BIN=1&rt=nc&LH_PrefLoc=1
Acai capsules,https://www.ebay.com/sch/i.html?_from=R40&_nkw=Acai+capsules&_sacat=26395&rt=nc&LH_ItemCondition=3&LH_BIN=1&rt=nc&LH_PrefLoc=1
Vegan Vitamin D2,https://www.ebay.com/sch/i.html?_from=R40&_nkw=Vegan+Vitamin+D2&_sacat=26395&rt=nc&LH_ItemCondition=3&LH_BIN=1&rt=nc&LH_PrefLoc=1
Spirulina Gummies,https://www.ebay.com/sch/i.html?_from=R40&_nkw=Spirulina+Gummies&_sacat=26395&rt=nc&LH_ItemCondition=3&LH_BIN=1&rt=nc&LH_PrefLoc=1
Chia Flax,https://www.ebay.com/sch/i.html?_from=R40&_nkw=Chia+Flax&_sacat=26395&rt=nc&LH_ItemCondition=3&LH_BIN=1&rt=nc&LH_PrefLoc=1
Antioxidant Superfood,https://www.ebay.com/sch/i.html?_from=R40&_nkw=Antioxidant+Superfood&_sacat=26395&rt=nc&LH_ItemCondition=3&LH_BIN=1&rt=nc&LH_PrefLoc=1
Heavy Metal,https://www.ebay.com/sch/i.html?_from=R40&_nkw=Heavy+Metal&_sacat=26395&rt=nc&LH_ItemCondition=3&LH_BIN=1&rt=nc&LH_PrefLoc=1
Wheat Berries,https://www.ebay.com/sch/i.html?_from=R40&_nkw=Wheat+Berries&_sacat=26395&rt=nc&LH_ItemCondition=3&LH_BIN=1&rt=nc&LH_PrefLoc=1
Green powder,https://www.ebay.com/sch/i.html?_from=R40&_nkw=Green+powder&_sacat=26395&rt=nc&LH_ItemCondition=3&LH_BIN=1&rt=nc&LH_PrefLoc=1
KAMUT Wheat,https://www.ebay.com/sch/i.html?_from=R40&_nkw=KAMUT+Wheat&_sacat=26395&rt=nc&LH_ItemCondition=3&LH_BIN=1&rt=nc&LH_PrefLoc=1
Liquid Drops,https://www.ebay.com/sch/i.html?_from=R40&_nkw=Liquid+Drops&_sacat=26395&rt=nc&LH_ItemCondition=3&LH_BIN=1&rt=nc&LH_PrefLoc=1
Maitake Supplement,https://www.ebay.com/sch/i.html?_from=R40&_nkw=Maitake+Supplement&_sacat=26395&rt=nc&LH_ItemCondition=3&LH_BIN=1&rt=nc&LH_PrefLoc=1
Rei-Shi Mushrooms,https://www.ebay.com/sch/i.html?_from=R40&_nkw=Rei-Shi+Mushrooms&_sacat=26395&rt=nc&LH_ItemCondition=3&LH_BIN=1&rt=nc&LH_PrefLoc=1
Adaptogen Supplement,https://www.ebay.com/sch/i.html?_from=R40&_nkw=Adaptogen+Supplement&_sacat=26395&rt=nc&LH_ItemCondition=3&LH_BIN=1&rt=nc&LH_PrefLoc=1
Sea Moss Capsules,https://www.ebay.com/sch/i.html?_from=R40&_nkw=Sea+Moss+Capsules&_sacat=26395&rt=nc&LH_ItemCondition=3&LH_BIN=1&rt=nc&LH_PrefLoc=1
Beta Glucan,https://www.ebay.com/sch/i.html?_from=R40&_nkw=Beta+Glucan&_sacat=26395&rt=nc&LH_ItemCondition=3&LH_BIN=1&rt=nc&LH_PrefLoc=1
Chaga Mushroom,https://www.ebay.com/sch/i.html?_from=R40&_nkw=Chaga+Mushroom&_sacat=26395&rt=nc&LH_ItemCondition=3&LH_BIN=1&rt=nc&LH_PrefLoc=1
Matcha Mushroom,https://www.ebay.com/sch/i.html?_from=R40&_nkw=Matcha+Mushroom&_sacat=26395&rt=nc&LH_ItemCondition=3&LH_BIN=1&rt=nc&LH_PrefLoc=1
Detox Kit,https://www.ebay.com/sch/i.html?_from=R40&_nkw=Detox+Kit&_sacat=26395&rt=nc&LH_ItemCondition=3&LH_BIN=1&rt=nc&LH_PrefLoc=1
Mushroom Adaptogens,https://www.ebay.com/sch/i.html?_from=R40&_nkw=Mushroom+Adaptogens&_sacat=26395&rt=nc&LH_ItemCondition=3&LH_BIN=1&rt=nc&LH_PrefLoc=1
Shiitake Extract,https://www.ebay.com/sch/i.html?_from=R40&_nkw=Shiitake+Extract&_sacat=26395&rt=nc&LH_ItemCondition=3&LH_BIN=1&rt=nc&LH_PrefLoc=1
Chlorophyllin supplement,https://www.ebay.com/sch/i.html?_from=R40&_nkw=Chlorophyllin+supplement&_sacat=26395&rt=nc&LH_ItemCondition=3&LH_BIN=1&rt=nc&LH_PrefLoc=1
Marine Greens,https://www.ebay.com/sch/i.html?_from=R40&_nkw=Marine+Greens&_sacat=26395&rt=nc&LH_ItemCondition=3&LH_BIN=1&rt=nc&LH_PrefLoc=1
Immune mushrooms,https://www.ebay.com/sch/i.html?_from=R40&_nkw=Immune+mushrooms&_sacat=26395&rt=nc&LH_ItemCondition=3&LH_BIN=1&rt=nc&LH_PrefLoc=1
Body odor,https://www.ebay.com/sch/i.html?_from=R40&_nkw=Body+odor&_sacat=26395&rt=nc&LH_ItemCondition=3&LH_BIN=1&rt=nc&LH_PrefLoc=1
Goji Powder,https://www.ebay.com/sch/i.html?_from=R40&_nkw=Goji+Powder&_sacat=26395&rt=nc&LH_ItemCondition=3&LH_BIN=1&rt=nc&LH_PrefLoc=1
Tiger Milk Mushroom,https://www.ebay.com/sch/i.html?_from=R40&_nkw=Tiger+Milk+Mushroom&_sacat=26395&rt=nc&LH_ItemCondition=3&LH_BIN=1&rt=nc&LH_PrefLoc=1
Organic drink,https://www.ebay.com/sch/i.html?_from=R40&_nkw=Organic+drink&_sacat=26395&rt=nc&LH_ItemCondition=3&LH_BIN=1&rt=nc&LH_PrefLoc=1
Pet multivitamin,https://www.ebay.com/sch/i.html?_from=R40&_nkw=Pet+multivitamin&_sacat=26395&rt=nc&LH_ItemCondition=3&LH_BIN=1&rt=nc&LH_PrefLoc=1
Organic superfood,https://www.ebay.com/sch/i.html?_from=R40&_nkw=Organic+superfood&_sacat=26395&rt=nc&LH_ItemCondition=3&LH_BIN=1&rt=nc&LH_PrefLoc=1
Deodorant capsules,https://www.ebay.com/sch/i.html?_from=R40&_nkw=Deodorant+capsules&_sacat=26395&rt=nc&LH_ItemCondition=3&LH_BIN=1&rt=nc&LH_PrefLoc=1
Joint relief,https://www.ebay.com/sch/i.html?_from=R40&_nkw=Joint+relief&_sacat=26395&rt=nc&LH_ItemCondition=3&LH_BIN=1&rt=nc&LH_PrefLoc=1
Maca DIM,https://www.ebay.com/sch/i.html?_from=R40&_nkw=Maca+DIM&_sacat=26395&rt=nc&LH_ItemCondition=3&LH_BIN=1&rt=nc&LH_PrefLoc=1
Chlorella Culture,https://www.ebay.com/sch/i.html?_from=R40&_nkw=Chlorella+Culture&_sacat=26395&rt=nc&LH_ItemCondition=3&LH_BIN=1&rt=nc&LH_PrefLoc=1
Milk Frother,https://www.ebay.com/sch/i.html?_from=R40&_nkw=Milk+Frother&_sacat=26395&rt=nc&LH_ItemCondition=3&LH_BIN=1&rt=nc&LH_PrefLoc=1
Chlorophyll Mint,https://www.ebay.com/sch/i.html?_from=R40&_nkw=Chlorophyll+Mint&_sacat=26395&rt=nc&LH_ItemCondition=3&LH_BIN=1&rt=nc&LH_PrefLoc=1
Focus Blend,https://www.ebay.com/sch/i.html?_from=R40&_nkw=Focus+Blend&_sacat=26395&rt=nc&LH_ItemCondition=3&LH_BIN=1&rt=nc&LH_PrefLoc=1
Superfood Gummies,https://www.ebay.com/sch/i.html?_from=R40&_nkw=Superfood+Gummies&_sacat=26395&rt=nc&LH_ItemCondition=3&LH_BIN=1&rt=nc&LH_PrefLoc=1
Maitake Mushroom,https://www.ebay.com/sch/i.html?_from=R40&_nkw=Maitake+Mushroom&_sacat=26395&rt=nc&LH_ItemCondition=3&LH_BIN=1&rt=nc&LH_PrefLoc=1
Reishi Mushroom,https://www.ebay.com/sch/i.html?_from=R40&_nkw=Reishi+Mushroom&_sacat=26395&rt=nc&LH_ItemCondition=3&LH_BIN=1&rt=nc&LH_PrefLoc=1
Stem Cell,https://www.ebay.com/sch/i.html?_from=R40&_nkw=Stem+Cell&_sacat=26395&rt=nc&LH_ItemCondition=3&LH_BIN=1&rt=nc&LH_PrefLoc=1
Organic Reishi,https://www.ebay.com/sch/i.html?_from=R40&_nkw=Organic+Reishi&_sacat=26395&rt=nc&LH_ItemCondition=3&LH_BIN=1&rt=nc&LH_PrefLoc=1
Royal Maca,https://www.ebay.com/sch/i.html?_from=R40&_nkw=Royal+Maca&_sacat=26395&rt=nc&LH_ItemCondition=3&LH_BIN=1&rt=nc&LH_PrefLoc=1
Super Algae,https://www.ebay.com/sch/i.html?_from=R40&_nkw=Super+Algae&_sacat=26395&rt=nc&LH_ItemCondition=3&LH_BIN=1&rt=nc&LH_PrefLoc=1
Raw Honey,https://www.ebay.com/sch/i.html?_from=R40&_nkw=Raw+Honey&_sacat=26395&rt=nc&LH_ItemCondition=3&LH_BIN=1&rt=nc&LH_PrefLoc=1
Maqui Powder,https://www.ebay.com/sch/i.html?_from=R40&_nkw=Maqui+Powder&_sacat=26395&rt=nc&LH_ItemCondition=3&LH_BIN=1&rt=nc&LH_PrefLoc=1
Superfood Chocolate,https://www.ebay.com/sch/i.html?_from=R40&_nkw=Superfood+Chocolate&_sacat=26395&rt=nc&LH_ItemCondition=3&LH_BIN=1&rt=nc&LH_PrefLoc=1
