Keyword,Links
Immunity Powder,https://www.amazon.com/s?k=Immunity+Powder&i=hpc&s=exact-aware-popularity-rank&ref=sr_st_exact-aware-popularity-rank
Chocolate Protein,https://www.amazon.com/s?k=Chocolate+Protein&i=hpc&s=exact-aware-popularity-rank&ref=sr_st_exact-aware-popularity-rank
Spirulina Tablets,https://www.amazon.com/s?k=Spirulina+Tablets&i=hpc&s=exact-aware-popularity-rank&ref=sr_st_exact-aware-popularity-rank
Alfalfa Tablets,https://www.amazon.com/s?k=Alfalfa+Tablets&i=hpc&s=exact-aware-popularity-rank&ref=sr_st_exact-aware-popularity-rank
Matcha Energy,https://www.amazon.com/s?k=Matcha+Energy&i=hpc&s=exact-aware-popularity-rank&ref=sr_st_exact-aware-popularity-rank
HPV Support,https://www.amazon.com/s?k=HPV+Support&i=hpc&s=exact-aware-popularity-rank&ref=sr_st_exact-aware-popularity-rank
Pet supplements,https://www.amazon.com/s?k=Pet+supplements&i=hpc&s=exact-aware-popularity-rank&ref=sr_st_exact-aware-popularity-rank
Chlorophyll Supplement,https://www.amazon.com/s?k=Chlorophyll+Supplement&i=hpc&s=exact-aware-popularity-rank&ref=sr_st_exact-aware-popularity-rank
Multivitamin Powder,https://www.amazon.com/s?k=Multivitamin+Powder&i=hpc&s=exact-aware-popularity-rank&ref=sr_st_exact-aware-popularity-rank
Mushroom Drops,https://www.amazon.com/s?k=Mushroom+Drops&i=hpc&s=exact-aware-popularity-rank&ref=sr_st_exact-aware-popularity-rank
Chlorophyll Softgels,https://www.amazon.com/s?k=Chlorophyll+Softgels&i=hpc&s=exact-aware-popularity-rank&ref=sr_st_exact-aware-popularity-rank
Mushroom Elixir,https://www.amazon.com/s?k=Mushroom+Elixir&i=hpc&s=exact-aware-popularity-rank&ref=sr_st_exact-aware-popularity-rank
Chlorophyll Concentrate,https://www.amazon.com/s?k=Chlorophyll+Concentrate&i=hpc&s=exact-aware-popularity-rank&ref=sr_st_exact-aware-popularity-rank
Goji Berry,https://www.amazon.com/s?k=Goji+Berry&i=hpc&s=exact-aware-popularity-rank&ref=sr_st_exact-aware-popularity-rank
Cider Probiotics,https://www.amazon.com/s?k=Cider+Probiotics&i=hpc&s=exact-aware-popularity-rank&ref=sr_st_exact-aware-popularity-rank
Energy tablets,https://www.amazon.com/s?k=Energy+tablets&i=hpc&s=exact-aware-popularity-rank&ref=sr_st_exact-aware-popularity-rank
Spirulina Supplement,https://www.amazon.com/s?k=Spirulina+Supplement&i=hpc&s=exact-aware-popularity-rank&ref=sr_st_exact-aware-popularity-rank
Cordyceps Capsules,https://www.amazon.com/s?k=Cordyceps+Capsules&i=hpc&s=exact-aware-popularity-rank&ref=sr_st_exact-aware-popularity-rank
Reishi Powder,https://www.amazon.com/s?k=Reishi+Powder&i=hpc&s=exact-aware-popularity-rank&ref=sr_st_exact-aware-popularity-rank
Gut Gummies,https://www.amazon.com/s?k=Gut+Gummies&i=hpc&s=exact-aware-popularity-rank&ref=sr_st_exact-aware-popularity-rank
Testosterone Gummies,https://www.amazon.com/s?k=Testosterone+Gummies&i=hpc&s=exact-aware-popularity-rank&ref=sr_st_exact-aware-popularity-rank
Propolis Powder,https://www.amazon.com/s?k=Propolis+Powder&i=hpc&s=exact-aware-popularity-rank&ref=sr_st_exact-aware-popularity-rank
Pollen Extract,https://www.amazon.com/s?k=Pollen+Extract&i=hpc&s=exact-aware-popularity-rank&ref=sr_st_exact-aware-popularity-rank
Reishi Supplement,https://www.amazon.com/s?k=Reishi+Supplement&i=hpc&s=exact-aware-popularity-rank&ref=sr_st_exact-aware-popularity-rank
Kids Protein,https://www.amazon.com/s?k=Kids+Protein&i=hpc&s=exact-aware-popularity-rank&ref=sr_st_exact-aware-popularity-rank
Goji Juice,https://www.amazon.com/s?k=Goji+Juice&i=hpc&s=exact-aware-popularity-rank&ref=sr_st_exact-aware-popularity-rank
Kids Superfood,https://www.amazon.com/s?k=Kids+Superfood&i=hpc&s=exact-aware-popularity-rank&ref=sr_st_exact-aware-popularity-rank
Garcinia Fat Burner,https://www.amazon.com/s?k=Garcinia+Fat+Burner&i=hpc&s=exact-aware-popularity-rank&ref=sr_st_exact-aware-popularity-rank
Probiotic Powder,https://www.amazon.com/s?k=Probiotic+Powder&i=hpc&s=exact-aware-popularity-rank&ref=sr_st_exact-aware-popularity-rank
Shiitake Powder,https://www.amazon.com/s?k=Shiitake+Powder&i=hpc&s=exact-aware-popularity-rank&ref=sr_st_exact-aware-popularity-rank
Vision support,https://www.amazon.com/s?k=Vision+support&i=hpc&s=exact-aware-popularity-rank&ref=sr_st_exact-aware-popularity-rank
Chlorophyll Deodorant,https://www.amazon.com/s?k=Chlorophyll+Deodorant&i=hpc&s=exact-aware-popularity-rank&ref=sr_st_exact-aware-popularity-rank
Liver Support,https://www.amazon.com/s?k=Liver+Support&i=hpc&s=exact-aware-popularity-rank&ref=sr_st_exact-aware-popularity-rank
Cider Vinegar,https://www.amazon.com/s?k=Cider+Vinegar&i=hpc&s=exact-aware-popularity-rank&ref=sr_st_exact-aware-popularity-rank
Immunity Pills,https://www.amazon.com/s?k=Immunity+Pills&i=hpc&s=exact-aware-popularity-rank&ref=sr_st_exact-aware-popularity-rank
Moringa Drops,https://www.amazon.com/s?k=Moringa+Drops&i=hpc&s=exact-aware-popularity-rank&ref=sr_st_exact-aware-popularity-rank
Chlorophyll Tablets,https://www.amazon.com/s?k=Chlorophyll+Tablets&i=hpc&s=exact-aware-popularity-rank&ref=sr_st_exact-aware-popularity-rank
Chaga Extract,https://www.amazon.com/s?k=Chaga+Extract&i=hpc&s=exact-aware-popularity-rank&ref=sr_st_exact-aware-popularity-rank
Moringa Liquid,https://www.amazon.com/s?k=Moringa+Liquid&i=hpc&s=exact-aware-popularity-rank&ref=sr_st_exact-aware-popularity-rank
Pressed Serum,https://www.amazon.com/s?k=Pressed+Serum&i=hpc&s=exact-aware-popularity-rank&ref=sr_st_exact-aware-popularity-rank
Garcinia Vinegar,https://www.amazon.com/s?k=Garcinia+Vinegar&i=hpc&s=exact-aware-popularity-rank&ref=sr_st_exact-aware-popularity-rank
Shiitake Mushroom,https://www.amazon.com/s?k=Shiitake+Mushroom&i=hpc&s=exact-aware-popularity-rank&ref=sr_st_exact-aware-popularity-rank
Wolfberry Powder,https://www.amazon.com/s?k=Wolfberry+Powder&i=hpc&s=exact-aware-popularity-rank&ref=sr_st_exact-aware-popularity-rank
Deep Conditioning,https://www.amazon.com/s?k=Deep+Conditioning&i=hpc&s=exact-aware-popularity-rank&ref=sr_st_exact-aware-popularity-rank
Acai Berry,https://www.amazon.com/s?k=Acai+Berry&i=hpc&s=exact-aware-popularity-rank&ref=sr_st_exact-aware-popularity-rank
Polyphenol Drink,https://www.amazon.com/s?k=Polyphenol+Drink&i=hpc&s=exact-aware-popularity-rank&ref=sr_st_exact-aware-popularity-rank
Weight Loss Gummies,https://www.amazon.com/s?k=Weight+Loss+Gummies&i=hpc&s=exact-aware-popularity-rank&ref=sr_st_exact-aware-popularity-rank
Gelatinized Maca,https://www.amazon.com/s?k=Gelatinized+Maca&i=hpc&s=exact-aware-popularity-rank&ref=sr_st_exact-aware-popularity-rank
Mushroom Energy,https://www.amazon.com/s?k=Mushroom+Energy&i=hpc&s=exact-aware-popularity-rank&ref=sr_st_exact-aware-popularity-rank
Super Fruits,https://www.amazon.com/s?k=Super+Fruits&i=hpc&s=exact-aware-popularity-rank&ref=sr_st_exact-aware-popularity-rank
