Keyword,Links
Honey mask,https://www.amazon.com/s?k=Honey+mask&i=beauty&s=exact-aware-popularity-rank&ref=sr_st_exact-aware-popularity-rank
Exfoliating Cleanser,https://www.amazon.com/s?k=Exfoliating+Cleanser&i=beauty&s=exact-aware-popularity-rank&ref=sr_st_exact-aware-popularity-rank
Black Cherry Balm,https://www.amazon.com/s?k=Black+Cherry+Balm&i=beauty&s=exact-aware-popularity-rank&ref=sr_st_exact-aware-popularity-rank
Oily Skin Cream,https://www.amazon.com/s?k=Oily+Skin+Cream&i=beauty&s=exact-aware-popularity-rank&ref=sr_st_exact-aware-popularity-rank
Eye Lifting Cream,https://www.amazon.com/s?k=Eye+Lifting+Cream&i=beauty&s=exact-aware-popularity-rank&ref=sr_st_exact-aware-popularity-rank
Pore Minimizer,https://www.amazon.com/s?k=Pore+Minimizer&i=beauty&s=exact-aware-popularity-rank&ref=sr_st_exact-aware-popularity-rank
Lip treatment,https://www.amazon.com/s?k=Lip+treatment&i=beauty&s=exact-aware-popularity-rank&ref=sr_st_exact-aware-popularity-rank
Luxury face mask,https://www.amazon.com/s?k=Luxury+face+mask&i=beauty&s=exact-aware-popularity-rank&ref=sr_st_exact-aware-popularity-rank
Skin Care,https://www.amazon.com/s?k=Skin+Care&i=beauty&s=exact-aware-popularity-rank&ref=sr_st_exact-aware-popularity-rank
Skincare Set,https://www.amazon.com/s?k=Skincare+Set&i=beauty&s=exact-aware-popularity-rank&ref=sr_st_exact-aware-popularity-rank
Rose Hips Mask,https://www.amazon.com/s?k=Rose+Hips+Mask&i=beauty&s=exact-aware-popularity-rank&ref=sr_st_exact-aware-popularity-rank
Cleansing Gel,https://www.amazon.com/s?k=Cleansing+Gel&i=beauty&s=exact-aware-popularity-rank&ref=sr_st_exact-aware-popularity-rank
Detox Moisturizer,https://www.amazon.com/s?k=Detox+Moisturizer&i=beauty&s=exact-aware-popularity-rank&ref=sr_st_exact-aware-popularity-rank
Luxury mask,https://www.amazon.com/s?k=Luxury+mask&i=beauty&s=exact-aware-popularity-rank&ref=sr_st_exact-aware-popularity-rank
Barrier Repair,https://www.amazon.com/s?k=Barrier+Repair&i=beauty&s=exact-aware-popularity-rank&ref=sr_st_exact-aware-popularity-rank
Hydration cream,https://www.amazon.com/s?k=Hydration+cream&i=beauty&s=exact-aware-popularity-rank&ref=sr_st_exact-aware-popularity-rank
Skin Mask,https://www.amazon.com/s?k=Skin+Mask&i=beauty&s=exact-aware-popularity-rank&ref=sr_st_exact-aware-popularity-rank
Hyaluronic Mask,https://www.amazon.com/s?k=Hyaluronic+Mask&i=beauty&s=exact-aware-popularity-rank&ref=sr_st_exact-aware-popularity-rank
Moisture Eye Cream,https://www.amazon.com/s?k=Moisture+Eye+Cream&i=beauty&s=exact-aware-popularity-rank&ref=sr_st_exact-aware-popularity-rank
Acne Treatment,https://www.amazon.com/s?k=Acne+Treatment&i=beauty&s=exact-aware-popularity-rank&ref=sr_st_exact-aware-popularity-rank
Brightening Mask,https://www.amazon.com/s?k=Brightening+Mask&i=beauty&s=exact-aware-popularity-rank&ref=sr_st_exact-aware-popularity-rank
Cold Plasma,https://www.amazon.com/s?k=Cold+Plasma&i=beauty&s=exact-aware-popularity-rank&ref=sr_st_exact-aware-popularity-rank
Youth masks,https://www.amazon.com/s?k=Youth+masks&i=beauty&s=exact-aware-popularity-rank&ref=sr_st_exact-aware-popularity-rank
Foaming Cleanser,https://www.amazon.com/s?k=Foaming+Cleanser&i=beauty&s=exact-aware-popularity-rank&ref=sr_st_exact-aware-popularity-rank
Skin smoothie,https://www.amazon.com/s?k=Skin+smoothie&i=beauty&s=exact-aware-popularity-rank&ref=sr_st_exact-aware-popularity-rank
Illuminating Mask,https://www.amazon.com/s?k=Illuminating+Mask&i=beauty&s=exact-aware-popularity-rank&ref=sr_st_exact-aware-popularity-rank
Blemish patches,https://www.amazon.com/s?k=Blemish+patches&i=beauty&s=exact-aware-popularity-rank&ref=sr_st_exact-aware-popularity-rank
Acne Wash,https://www.amazon.com/s?k=Acne+Wash&i=beauty&s=exact-aware-popularity-rank&ref=sr_st_exact-aware-popularity-rank
Gold mask,https://www.amazon.com/s?k=Gold+mask&i=beauty&s=exact-aware-popularity-rank&ref=sr_st_exact-aware-popularity-rank
Clear Duo,https://www.amazon.com/s?k=Clear+Duo&i=beauty&s=exact-aware-popularity-rank&ref=sr_st_exact-aware-popularity-rank
Cactus Mask,https://www.amazon.com/s?k=Cactus+Mask&i=beauty&s=exact-aware-popularity-rank&ref=sr_st_exact-aware-popularity-rank
Barrier Mist,https://www.amazon.com/s?k=Barrier+Mist&i=beauty&s=exact-aware-popularity-rank&ref=sr_st_exact-aware-popularity-rank
Calming Mask,https://www.amazon.com/s?k=Calming+Mask&i=beauty&s=exact-aware-popularity-rank&ref=sr_st_exact-aware-popularity-rank
Retinol Gel-Cream,https://www.amazon.com/s?k=Retinol+Gel-Cream&i=beauty&s=exact-aware-popularity-rank&ref=sr_st_exact-aware-popularity-rank
Micellar Treatment,https://www.amazon.com/s?k=Micellar+Treatment&i=beauty&s=exact-aware-popularity-rank&ref=sr_st_exact-aware-popularity-rank
Oily Cleanser,https://www.amazon.com/s?k=Oily+Cleanser&i=beauty&s=exact-aware-popularity-rank&ref=sr_st_exact-aware-popularity-rank
Vitamin C Moisturizer,https://www.amazon.com/s?k=Vitamin+C+Moisturizer&i=beauty&s=exact-aware-popularity-rank&ref=sr_st_exact-aware-popularity-rank
Lifting Neck Cream,https://www.amazon.com/s?k=Lifting+Neck+Cream&i=beauty&s=exact-aware-popularity-rank&ref=sr_st_exact-aware-popularity-rank
Eye treatment,https://www.amazon.com/s?k=Eye+treatment&i=beauty&s=exact-aware-popularity-rank&ref=sr_st_exact-aware-popularity-rank
Sheer Sunscreen,https://www.amazon.com/s?k=Sheer+Sunscreen&i=beauty&s=exact-aware-popularity-rank&ref=sr_st_exact-aware-popularity-rank
Cucumber Mask,https://www.amazon.com/s?k=Cucumber+Mask&i=beauty&s=exact-aware-popularity-rank&ref=sr_st_exact-aware-popularity-rank
Facial Oil,https://www.amazon.com/s?k=Facial+Oil&i=beauty&s=exact-aware-popularity-rank&ref=sr_st_exact-aware-popularity-rank
Omega-3 Supplement,https://www.amazon.com/s?k=Omega-3+Supplement&i=beauty&s=exact-aware-popularity-rank&ref=sr_st_exact-aware-popularity-rank
Glow Moisturiser,https://www.amazon.com/s?k=Glow+Moisturiser&i=beauty&s=exact-aware-popularity-rank&ref=sr_st_exact-aware-popularity-rank
Advanced Serum,https://www.amazon.com/s?k=Advanced+Serum&i=beauty&s=exact-aware-popularity-rank&ref=sr_st_exact-aware-popularity-rank
Acne Cleanser,https://www.amazon.com/s?k=Acne+Cleanser&i=beauty&s=exact-aware-popularity-rank&ref=sr_st_exact-aware-popularity-rank
Vitamin C Kit,https://www.amazon.com/s?k=Vitamin+C+Kit&i=beauty&s=exact-aware-popularity-rank&ref=sr_st_exact-aware-popularity-rank
Nourishing Lip Balm,https://www.amazon.com/s?k=Nourishing+Lip+Balm&i=beauty&s=exact-aware-popularity-rank&ref=sr_st_exact-aware-popularity-rank
Lip mask,https://www.amazon.com/s?k=Lip+mask&i=beauty&s=exact-aware-popularity-rank&ref=sr_st_exact-aware-popularity-rank
Brightening Complex,https://www.amazon.com/s?k=Brightening+Complex&i=beauty&s=exact-aware-popularity-rank&ref=sr_st_exact-aware-popularity-rank
