Keyword,Links
Plant Based Pre-workout,https://www.amazon.com/s?k=Plant+Based+Pre-workout&i=hpc&s=exact-aware-popularity-rank&ref=sr_st_exact-aware-popularity-rank
Citrus Pre-Workout,https://www.amazon.com/s?k=Citrus+Pre-Workout&i=hpc&s=exact-aware-popularity-rank&ref=sr_st_exact-aware-popularity-rank
Pre-Workout Serum,https://www.amazon.com/s?k=Pre-Workout+Serum&i=hpc&s=exact-aware-popularity-rank&ref=sr_st_exact-aware-popularity-rank
Pre-Workout Boost,https://www.amazon.com/s?k=Pre-Workout+Boost&i=hpc&s=exact-aware-popularity-rank&ref=sr_st_exact-aware-popularity-rank
Pre-Workout Caffeine,https://www.amazon.com/s?k=Pre-Workout+Caffeine&i=hpc&s=exact-aware-popularity-rank&ref=sr_st_exact-aware-popularity-rank
Preworkout Punch,https://www.amazon.com/s?k=Preworkout+Punch&i=hpc&s=exact-aware-popularity-rank&ref=sr_st_exact-aware-popularity-rank
Pump Enhancer,https://www.amazon.com/s?k=Pump+Enhancer&i=hpc&s=exact-aware-popularity-rank&ref=sr_st_exact-aware-popularity-rank
Citrulline Malate,https://www.amazon.com/s?k=Citrulline+Malate&i=hpc&s=exact-aware-popularity-rank&ref=sr_st_exact-aware-popularity-rank
L-Carnitine Gummies,https://www.amazon.com/s?k=L-Carnitine+Gummies&i=hpc&s=exact-aware-popularity-rank&ref=sr_st_exact-aware-popularity-rank
Energy shots,https://www.amazon.com/s?k=Energy+shots&i=hpc&s=exact-aware-popularity-rank&ref=sr_st_exact-aware-popularity-rank
L-Theanine Powder,https://www.amazon.com/s?k=L-Theanine+Powder&i=hpc&s=exact-aware-popularity-rank&ref=sr_st_exact-aware-popularity-rank
Muscle Growth,https://www.amazon.com/s?k=Muscle+Growth&i=hpc&s=exact-aware-popularity-rank&ref=sr_st_exact-aware-popularity-rank
Fast Digesting,https://www.amazon.com/s?k=Fast+Digesting&i=hpc&s=exact-aware-popularity-rank&ref=sr_st_exact-aware-popularity-rank
Male Performance,https://www.amazon.com/s?k=Male+Performance&i=hpc&s=exact-aware-popularity-rank&ref=sr_st_exact-aware-popularity-rank
Carb Powder,https://www.amazon.com/s?k=Carb+Powder&i=hpc&s=exact-aware-popularity-rank&ref=sr_st_exact-aware-popularity-rank
Pre-Workout Apple,https://www.amazon.com/s?k=Pre-Workout+Apple&i=hpc&s=exact-aware-popularity-rank&ref=sr_st_exact-aware-popularity-rank
Caffeine Free Pre-Workout,https://www.amazon.com/s?k=Caffeine+Free+Pre-Workout&i=hpc&s=exact-aware-popularity-rank&ref=sr_st_exact-aware-popularity-rank
High-Stim Pre-Workout,https://www.amazon.com/s?k=High-Stim+Pre-Workout&i=hpc&s=exact-aware-popularity-rank&ref=sr_st_exact-aware-popularity-rank
Berry energy,https://www.amazon.com/s?k=Berry+energy&i=hpc&s=exact-aware-popularity-rank&ref=sr_st_exact-aware-popularity-rank
Dextrose Powder,https://www.amazon.com/s?k=Dextrose+Powder&i=hpc&s=exact-aware-popularity-rank&ref=sr_st_exact-aware-popularity-rank
BCAA Supplement,https://www.amazon.com/s?k=BCAA+Supplement&i=hpc&s=exact-aware-popularity-rank&ref=sr_st_exact-aware-popularity-rank
Pre-Workout Juice,https://www.amazon.com/s?k=Pre-Workout+Juice&i=hpc&s=exact-aware-popularity-rank&ref=sr_st_exact-aware-popularity-rank
BCAAs Powder,https://www.amazon.com/s?k=BCAAs+Powder&i=hpc&s=exact-aware-popularity-rank&ref=sr_st_exact-aware-popularity-rank
Tropical Pre-Workout,https://www.amazon.com/s?k=Tropical+Pre-Workout&i=hpc&s=exact-aware-popularity-rank&ref=sr_st_exact-aware-popularity-rank
Nitric Booster,https://www.amazon.com/s?k=Nitric+Booster&i=hpc&s=exact-aware-popularity-rank&ref=sr_st_exact-aware-popularity-rank
Caffeine-Free Pre-Workout,https://www.amazon.com/s?k=Caffeine-Free+Pre-Workout&i=hpc&s=exact-aware-popularity-rank&ref=sr_st_exact-aware-popularity-rank
Villain Pre-Workout,https://www.amazon.com/s?k=Villain+Pre-Workout&i=hpc&s=exact-aware-popularity-rank&ref=sr_st_exact-aware-popularity-rank
Watermelon Energy,https://www.amazon.com/s?k=Watermelon+Energy&i=hpc&s=exact-aware-popularity-rank&ref=sr_st_exact-aware-popularity-rank
Pre-Workout Fat Burn,https://www.amazon.com/s?k=Pre-Workout+Fat+Burn&i=hpc&s=exact-aware-popularity-rank&ref=sr_st_exact-aware-popularity-rank
Thermogenic Powder,https://www.amazon.com/s?k=Thermogenic+Powder&i=hpc&s=exact-aware-popularity-rank&ref=sr_st_exact-aware-popularity-rank
Shaved Ice,https://www.amazon.com/s?k=Shaved+Ice&i=hpc&s=exact-aware-popularity-rank&ref=sr_st_exact-aware-popularity-rank
Nootropic Pre-Workout,https://www.amazon.com/s?k=Nootropic+Pre-Workout&i=hpc&s=exact-aware-popularity-rank&ref=sr_st_exact-aware-popularity-rank
Blue Slush,https://www.amazon.com/s?k=Blue+Slush&i=hpc&s=exact-aware-popularity-rank&ref=sr_st_exact-aware-popularity-rank
Cosmic Pre-Workout,https://www.amazon.com/s?k=Cosmic+Pre-Workout&i=hpc&s=exact-aware-popularity-rank&ref=sr_st_exact-aware-popularity-rank
Pre-Workout Formula,https://www.amazon.com/s?k=Pre-Workout+Formula&i=hpc&s=exact-aware-popularity-rank&ref=sr_st_exact-aware-popularity-rank
Pre-Workout Packets,https://www.amazon.com/s?k=Pre-Workout+Packets&i=hpc&s=exact-aware-popularity-rank&ref=sr_st_exact-aware-popularity-rank
Muscle Pump,https://www.amazon.com/s?k=Muscle+Pump&i=hpc&s=exact-aware-popularity-rank&ref=sr_st_exact-aware-popularity-rank
Natural Pre Workout,https://www.amazon.com/s?k=Natural+Pre+Workout&i=hpc&s=exact-aware-popularity-rank&ref=sr_st_exact-aware-popularity-rank
Lean Muscle,https://www.amazon.com/s?k=Lean+Muscle&i=hpc&s=exact-aware-popularity-rank&ref=sr_st_exact-aware-popularity-rank
Pre-Workout Mix,https://www.amazon.com/s?k=Pre-Workout+Mix&i=hpc&s=exact-aware-popularity-rank&ref=sr_st_exact-aware-popularity-rank
Pre-Workout Lemon,https://www.amazon.com/s?k=Pre-Workout+Lemon&i=hpc&s=exact-aware-popularity-rank&ref=sr_st_exact-aware-popularity-rank
Snakebite Pre-Workout,https://www.amazon.com/s?k=Snakebite+Pre-Workout&i=hpc&s=exact-aware-popularity-rank&ref=sr_st_exact-aware-popularity-rank
preworkout drink,https://www.amazon.com/s?k=preworkout+drink&i=hpc&s=exact-aware-popularity-rank&ref=sr_st_exact-aware-popularity-rank
Carnitine Energy,https://www.amazon.com/s?k=Carnitine+Energy&i=hpc&s=exact-aware-popularity-rank&ref=sr_st_exact-aware-popularity-rank
Amino Pre-Workout,https://www.amazon.com/s?k=Amino+Pre-Workout&i=hpc&s=exact-aware-popularity-rank&ref=sr_st_exact-aware-popularity-rank
Extra Strength,https://www.amazon.com/s?k=Extra+Strength&i=hpc&s=exact-aware-popularity-rank&ref=sr_st_exact-aware-popularity-rank
Pomegranate Energy,https://www.amazon.com/s?k=Pomegranate+Energy&i=hpc&s=exact-aware-popularity-rank&ref=sr_st_exact-aware-popularity-rank
Popsicle Cherry,https://www.amazon.com/s?k=Popsicle+Cherry&i=hpc&s=exact-aware-popularity-rank&ref=sr_st_exact-aware-popularity-rank
Extreme Pre-Workout,https://www.amazon.com/s?k=Extreme+Pre-Workout&i=hpc&s=exact-aware-popularity-rank&ref=sr_st_exact-aware-popularity-rank
Preworkout Lemon,https://www.amazon.com/s?k=Preworkout+Lemon&i=hpc&s=exact-aware-popularity-rank&ref=sr_st_exact-aware-popularity-rank
