Keyword,Links
Bee Pollen,https://www.ebay.com/sch/i.html?_from=R40&_nkw=Bee+Pollen&_sacat=26395&rt=nc&LH_ItemCondition=3&LH_BIN=1&rt=nc&LH_PrefLoc=1
ACV Capsules,https://www.ebay.com/sch/i.html?_from=R40&_nkw=ACV+Capsules&_sacat=26395&rt=nc&LH_ItemCondition=3&LH_BIN=1&rt=nc&LH_PrefLoc=1
Lingzhi Capsules,https://www.ebay.com/sch/i.html?_from=R40&_nkw=Lingzhi+Capsules&_sacat=26395&rt=nc&LH_ItemCondition=3&LH_BIN=1&rt=nc&LH_PrefLoc=1
Beet Extract,https://www.ebay.com/sch/i.html?_from=R40&_nkw=Beet+Extract&_sacat=26395&rt=nc&LH_ItemCondition=3&LH_BIN=1&rt=nc&LH_PrefLoc=1
Maca Gummies,https://www.ebay.com/sch/i.html?_from=R40&_nkw=Maca+Gummies&_sacat=26395&rt=nc&LH_ItemCondition=3&LH_BIN=1&rt=nc&LH_PrefLoc=1
Hawaiian Spirulina,https://www.ebay.com/sch/i.html?_from=R40&_nkw=Hawaiian+Spirulina&_sacat=26395&rt=nc&LH_ItemCondition=3&LH_BIN=1&rt=nc&LH_PrefLoc=1
Chlorella Tablets,https://www.ebay.com/sch/i.html?_from=R40&_nkw=Chlorella+Tablets&_sacat=26395&rt=nc&LH_ItemCondition=3&LH_BIN=1&rt=nc&LH_PrefLoc=1
Papaya Enzyme,https://www.ebay.com/sch/i.html?_from=R40&_nkw=Papaya+Enzyme&_sacat=26395&rt=nc&LH_ItemCondition=3&LH_BIN=1&rt=nc&LH_PrefLoc=1
Cleanse Drink,https://www.ebay.com/sch/i.html?_from=R40&_nkw=Cleanse+Drink&_sacat=26395&rt=nc&LH_ItemCondition=3&LH_BIN=1&rt=nc&LH_PrefLoc=1
Wheat Grass,https://www.ebay.com/sch/i.html?_from=R40&_nkw=Wheat+Grass&_sacat=26395&rt=nc&LH_ItemCondition=3&LH_BIN=1&rt=nc&LH_PrefLoc=1
Chlorophyll Capsules,https://www.ebay.com/sch/i.html?_from=R40&_nkw=Chlorophyll+Capsules&_sacat=26395&rt=nc&LH_ItemCondition=3&LH_BIN=1&rt=nc&LH_PrefLoc=1
Digestion Fiber,https://www.ebay.com/sch/i.html?_from=R40&_nkw=Digestion+Fiber&_sacat=26395&rt=nc&LH_ItemCondition=3&LH_BIN=1&rt=nc&LH_PrefLoc=1
Gut superfood,https://www.ebay.com/sch/i.html?_from=R40&_nkw=Gut+superfood&_sacat=26395&rt=nc&LH_ItemCondition=3&LH_BIN=1&rt=nc&LH_PrefLoc=1
Superfoods Capsules,https://www.ebay.com/sch/i.html?_from=R40&_nkw=Superfoods+Capsules&_sacat=26395&rt=nc&LH_ItemCondition=3&LH_BIN=1&rt=nc&LH_PrefLoc=1
Acai Cleanse,https://www.ebay.com/sch/i.html?_from=R40&_nkw=Acai+Cleanse&_sacat=26395&rt=nc&LH_ItemCondition=3&LH_BIN=1&rt=nc&LH_PrefLoc=1
Mullein Drops,https://www.ebay.com/sch/i.html?_from=R40&_nkw=Mullein+Drops&_sacat=26395&rt=nc&LH_ItemCondition=3&LH_BIN=1&rt=nc&LH_PrefLoc=1
Organic Bee Pollen,https://www.ebay.com/sch/i.html?_from=R40&_nkw=Organic+Bee+Pollen&_sacat=26395&rt=nc&LH_ItemCondition=3&LH_BIN=1&rt=nc&LH_PrefLoc=1
Organic Maca,https://www.ebay.com/sch/i.html?_from=R40&_nkw=Organic+Maca&_sacat=26395&rt=nc&LH_ItemCondition=3&LH_BIN=1&rt=nc&LH_PrefLoc=1
Superfood Energy,https://www.ebay.com/sch/i.html?_from=R40&_nkw=Superfood+Energy&_sacat=26395&rt=nc&LH_ItemCondition=3&LH_BIN=1&rt=nc&LH_PrefLoc=1
Organic Goji,https://www.ebay.com/sch/i.html?_from=R40&_nkw=Organic+Goji&_sacat=26395&rt=nc&LH_ItemCondition=3&LH_BIN=1&rt=nc&LH_PrefLoc=1
Cordyceps Gummies,https://www.ebay.com/sch/i.html?_from=R40&_nkw=Cordyceps+Gummies&_sacat=26395&rt=nc&LH_ItemCondition=3&LH_BIN=1&rt=nc&LH_PrefLoc=1
Moringa Superfood,https://www.ebay.com/sch/i.html?_from=R40&_nkw=Moringa+Superfood&_sacat=26395&rt=nc&LH_ItemCondition=3&LH_BIN=1&rt=nc&LH_PrefLoc=1
Activated Charcoal,https://www.ebay.com/sch/i.html?_from=R40&_nkw=Activated+Charcoal&_sacat=26395&rt=nc&LH_ItemCondition=3&LH_BIN=1&rt=nc&LH_PrefLoc=1
Chlorophyll Chewables,https://www.ebay.com/sch/i.html?_from=R40&_nkw=Chlorophyll+Chewables&_sacat=26395&rt=nc&LH_ItemCondition=3&LH_BIN=1&rt=nc&LH_PrefLoc=1
Immune Drink,https://www.ebay.com/sch/i.html?_from=R40&_nkw=Immune+Drink&_sacat=26395&rt=nc&LH_ItemCondition=3&LH_BIN=1&rt=nc&LH_PrefLoc=1
Digestive Probiotics,https://www.ebay.com/sch/i.html?_from=R40&_nkw=Digestive+Probiotics&_sacat=26395&rt=nc&LH_ItemCondition=3&LH_BIN=1&rt=nc&LH_PrefLoc=1
Mushroom Chews,https://www.ebay.com/sch/i.html?_from=R40&_nkw=Mushroom+Chews&_sacat=26395&rt=nc&LH_ItemCondition=3&LH_BIN=1&rt=nc&LH_PrefLoc=1
Charcoal Capsules,https://www.ebay.com/sch/i.html?_from=R40&_nkw=Charcoal+Capsules&_sacat=26395&rt=nc&LH_ItemCondition=3&LH_BIN=1&rt=nc&LH_PrefLoc=1
Chlorophyll Liquid,https://www.ebay.com/sch/i.html?_from=R40&_nkw=Chlorophyll+Liquid&_sacat=26395&rt=nc&LH_ItemCondition=3&LH_BIN=1&rt=nc&LH_PrefLoc=1
Cacao Goji,https://www.ebay.com/sch/i.html?_from=R40&_nkw=Cacao+Goji&_sacat=26395&rt=nc&LH_ItemCondition=3&LH_BIN=1&rt=nc&LH_PrefLoc=1
Energy chews,https://www.ebay.com/sch/i.html?_from=R40&_nkw=Energy+chews&_sacat=26395&rt=nc&LH_ItemCondition=3&LH_BIN=1&rt=nc&LH_PrefLoc=1
Spirulina Chlorella,https://www.ebay.com/sch/i.html?_from=R40&_nkw=Spirulina+Chlorella&_sacat=26395&rt=nc&LH_ItemCondition=3&LH_BIN=1&rt=nc&LH_PrefLoc=1
Cider Capsules,https://www.ebay.com/sch/i.html?_from=R40&_nkw=Cider+Capsules&_sacat=26395&rt=nc&LH_ItemCondition=3&LH_BIN=1&rt=nc&LH_PrefLoc=1
Pre-Workout Energy,https://www.ebay.com/sch/i.html?_from=R40&_nkw=Pre-Workout+Energy&_sacat=26395&rt=nc&LH_ItemCondition=3&LH_BIN=1&rt=nc&LH_PrefLoc=1
Vegan Greens,https://www.ebay.com/sch/i.html?_from=R40&_nkw=Vegan+Greens&_sacat=26395&rt=nc&LH_ItemCondition=3&LH_BIN=1&rt=nc&LH_PrefLoc=1
Detox Powder,https://www.ebay.com/sch/i.html?_from=R40&_nkw=Detox+Powder&_sacat=26395&rt=nc&LH_ItemCondition=3&LH_BIN=1&rt=nc&LH_PrefLoc=1
Acai Supplement,https://www.ebay.com/sch/i.html?_from=R40&_nkw=Acai+Supplement&_sacat=26395&rt=nc&LH_ItemCondition=3&LH_BIN=1&rt=nc&LH_PrefLoc=1
Keto Pills,https://www.ebay.com/sch/i.html?_from=R40&_nkw=Keto+Pills&_sacat=26395&rt=nc&LH_ItemCondition=3&LH_BIN=1&rt=nc&LH_PrefLoc=1
Greens Antioxidant,https://www.ebay.com/sch/i.html?_from=R40&_nkw=Greens+Antioxidant&_sacat=26395&rt=nc&LH_ItemCondition=3&LH_BIN=1&rt=nc&LH_PrefLoc=1
Mushroom Extracts,https://www.ebay.com/sch/i.html?_from=R40&_nkw=Mushroom+Extracts&_sacat=26395&rt=nc&LH_ItemCondition=3&LH_BIN=1&rt=nc&LH_PrefLoc=1
Turkesterone Maca,https://www.ebay.com/sch/i.html?_from=R40&_nkw=Turkesterone+Maca&_sacat=26395&rt=nc&LH_ItemCondition=3&LH_BIN=1&rt=nc&LH_PrefLoc=1
Cordyceps Extract,https://www.ebay.com/sch/i.html?_from=R40&_nkw=Cordyceps+Extract&_sacat=26395&rt=nc&LH_ItemCondition=3&LH_BIN=1&rt=nc&LH_PrefLoc=1
Sea Moss Cleanse,https://www.ebay.com/sch/i.html?_from=R40&_nkw=Sea+Moss+Cleanse&_sacat=26395&rt=nc&LH_ItemCondition=3&LH_BIN=1&rt=nc&LH_PrefLoc=1
DNA Protection,https://www.ebay.com/sch/i.html?_from=R40&_nkw=DNA+Protection&_sacat=26395&rt=nc&LH_ItemCondition=3&LH_BIN=1&rt=nc&LH_PrefLoc=1
Supergreens Gummies,https://www.ebay.com/sch/i.html?_from=R40&_nkw=Supergreens+Gummies&_sacat=26395&rt=nc&LH_ItemCondition=3&LH_BIN=1&rt=nc&LH_PrefLoc=1
Black Maca,https://www.ebay.com/sch/i.html?_from=R40&_nkw=Black+Maca&_sacat=26395&rt=nc&LH_ItemCondition=3&LH_BIN=1&rt=nc&LH_PrefLoc=1
Digestive Supplement,https://www.ebay.com/sch/i.html?_from=R40&_nkw=Digestive+Supplement&_sacat=26395&rt=nc&LH_ItemCondition=3&LH_BIN=1&rt=nc&LH_PrefLoc=1
Chlorella benefits,https://www.ebay.com/sch/i.html?_from=R40&_nkw=Chlorella+benefits&_sacat=26395&rt=nc&LH_ItemCondition=3&LH_BIN=1&rt=nc&LH_PrefLoc=1
Functional Chlorella,https://www.ebay.com/sch/i.html?_from=R40&_nkw=Functional+Chlorella&_sacat=26395&rt=nc&LH_ItemCondition=3&LH_BIN=1&rt=nc&LH_PrefLoc=1
Maca Extract,https://www.ebay.com/sch/i.html?_from=R40&_nkw=Maca+Extract&_sacat=26395&rt=nc&LH_ItemCondition=3&LH_BIN=1&rt=nc&LH_PrefLoc=1
