Keyword,Links
LED Pressing Comb,https://www.amazon.com/s?k=LED+Pressing+Comb&i=beauty&s=exact-aware-popularity-rank&ref=sr_st_exact-aware-popularity-rank
Frizz Reducer,https://www.amazon.com/s?k=Frizz+Reducer&i=beauty&s=exact-aware-popularity-rank&ref=sr_st_exact-aware-popularity-rank
Perm rods,https://www.amazon.com/s?k=Perm+rods&i=beauty&s=exact-aware-popularity-rank&ref=sr_st_exact-aware-popularity-rank
Air Straightener,https://www.amazon.com/s?k=Air+Straightener&i=beauty&s=exact-aware-popularity-rank&ref=sr_st_exact-aware-popularity-rank
White Dryer,https://www.amazon.com/s?k=White+Dryer&i=beauty&s=exact-aware-popularity-rank&ref=sr_st_exact-aware-popularity-rank
Soft Bonnet Dryer,https://www.amazon.com/s?k=Soft+Bonnet+Dryer&i=beauty&s=exact-aware-popularity-rank&ref=sr_st_exact-aware-popularity-rank
Palm shine,https://www.amazon.com/s?k=Palm+shine&i=beauty&s=exact-aware-popularity-rank&ref=sr_st_exact-aware-popularity-rank
Microfiber Towels,https://www.amazon.com/s?k=Microfiber+Towels&i=beauty&s=exact-aware-popularity-rank&ref=sr_st_exact-aware-popularity-rank
Infrared Flat Iron,https://www.amazon.com/s?k=Infrared+Flat+Iron&i=beauty&s=exact-aware-popularity-rank&ref=sr_st_exact-aware-popularity-rank
Drying Wand,https://www.amazon.com/s?k=Drying+Wand&i=beauty&s=exact-aware-popularity-rank&ref=sr_st_exact-aware-popularity-rank
Argan Paddle,https://www.amazon.com/s?k=Argan+Paddle&i=beauty&s=exact-aware-popularity-rank&ref=sr_st_exact-aware-popularity-rank
Hooded Dryer,https://www.amazon.com/s?k=Hooded+Dryer&i=beauty&s=exact-aware-popularity-rank&ref=sr_st_exact-aware-popularity-rank
Coconut comb,https://www.amazon.com/s?k=Coconut+comb&i=beauty&s=exact-aware-popularity-rank&ref=sr_st_exact-aware-popularity-rank
Wide Toothpick,https://www.amazon.com/s?k=Wide+Toothpick&i=beauty&s=exact-aware-popularity-rank&ref=sr_st_exact-aware-popularity-rank
Ionic Bonnet,https://www.amazon.com/s?k=Ionic+Bonnet&i=beauty&s=exact-aware-popularity-rank&ref=sr_st_exact-aware-popularity-rank
Giftset Dryer,https://www.amazon.com/s?k=Giftset+Dryer&i=beauty&s=exact-aware-popularity-rank&ref=sr_st_exact-aware-popularity-rank
Styling Dryer,https://www.amazon.com/s?k=Styling+Dryer&i=beauty&s=exact-aware-popularity-rank&ref=sr_st_exact-aware-popularity-rank
Volcanic Roller,https://www.amazon.com/s?k=Volcanic+Roller&i=beauty&s=exact-aware-popularity-rank&ref=sr_st_exact-aware-popularity-rank
Foam Curlers,https://www.amazon.com/s?k=Foam+Curlers&i=beauty&s=exact-aware-popularity-rank&ref=sr_st_exact-aware-popularity-rank
Nose Hair Scissors,https://www.amazon.com/s?k=Nose+Hair+Scissors&i=beauty&s=exact-aware-popularity-rank&ref=sr_st_exact-aware-popularity-rank
Slim Straightener,https://www.amazon.com/s?k=Slim+Straightener&i=beauty&s=exact-aware-popularity-rank&ref=sr_st_exact-aware-popularity-rank
Heat cap,https://www.amazon.com/s?k=Heat+cap&i=beauty&s=exact-aware-popularity-rank&ref=sr_st_exact-aware-popularity-rank
Heat brush,https://www.amazon.com/s?k=Heat+brush&i=beauty&s=exact-aware-popularity-rank&ref=sr_st_exact-aware-popularity-rank
Lead barrier,https://www.amazon.com/s?k=Lead+barrier&i=beauty&s=exact-aware-popularity-rank&ref=sr_st_exact-aware-popularity-rank
Styling System,https://www.amazon.com/s?k=Styling+System&i=beauty&s=exact-aware-popularity-rank&ref=sr_st_exact-aware-popularity-rank
Hair Tool Organizer,https://www.amazon.com/s?k=Hair+Tool+Organizer&i=beauty&s=exact-aware-popularity-rank&ref=sr_st_exact-aware-popularity-rank
Satin Rollers,https://www.amazon.com/s?k=Satin+Rollers&i=beauty&s=exact-aware-popularity-rank&ref=sr_st_exact-aware-popularity-rank
Airstyler Curler,https://www.amazon.com/s?k=Airstyler+Curler&i=beauty&s=exact-aware-popularity-rank&ref=sr_st_exact-aware-popularity-rank
Self Cleaning Brush,https://www.amazon.com/s?k=Self+Cleaning+Brush&i=beauty&s=exact-aware-popularity-rank&ref=sr_st_exact-aware-popularity-rank
Unbreakable Combs,https://www.amazon.com/s?k=Unbreakable+Combs&i=beauty&s=exact-aware-popularity-rank&ref=sr_st_exact-aware-popularity-rank
Sponge Rollers,https://www.amazon.com/s?k=Sponge+Rollers&i=beauty&s=exact-aware-popularity-rank&ref=sr_st_exact-aware-popularity-rank
Max Styler,https://www.amazon.com/s?k=Max+Styler&i=beauty&s=exact-aware-popularity-rank&ref=sr_st_exact-aware-popularity-rank
Thick Hairbrush,https://www.amazon.com/s?k=Thick+Hairbrush&i=beauty&s=exact-aware-popularity-rank&ref=sr_st_exact-aware-popularity-rank
Tease Comb,https://www.amazon.com/s?k=Tease+Comb&i=beauty&s=exact-aware-popularity-rank&ref=sr_st_exact-aware-popularity-rank
Ceramic Diffuser,https://www.amazon.com/s?k=Ceramic+Diffuser&i=beauty&s=exact-aware-popularity-rank&ref=sr_st_exact-aware-popularity-rank
Quick Dry,https://www.amazon.com/s?k=Quick+Dry&i=beauty&s=exact-aware-popularity-rank&ref=sr_st_exact-aware-popularity-rank
Nail Clipper,https://www.amazon.com/s?k=Nail+Clipper&i=beauty&s=exact-aware-popularity-rank&ref=sr_st_exact-aware-popularity-rank
Nail Glue,https://www.amazon.com/s?k=Nail+Glue&i=beauty&s=exact-aware-popularity-rank&ref=sr_st_exact-aware-popularity-rank
Nail Polish,https://www.amazon.com/s?k=Nail+Polish&i=beauty&s=exact-aware-popularity-rank&ref=sr_st_exact-aware-popularity-rank
Gel strips,https://www.amazon.com/s?k=Gel+strips&i=beauty&s=exact-aware-popularity-rank&ref=sr_st_exact-aware-popularity-rank
French press nails,https://www.amazon.com/s?k=French+press+nails&i=beauty&s=exact-aware-popularity-rank&ref=sr_st_exact-aware-popularity-rank
Toenail clipper,https://www.amazon.com/s?k=Toenail+clipper&i=beauty&s=exact-aware-popularity-rank&ref=sr_st_exact-aware-popularity-rank
Cuticle Remover,https://www.amazon.com/s?k=Cuticle+Remover&i=beauty&s=exact-aware-popularity-rank&ref=sr_st_exact-aware-popularity-rank
Acetone Remover,https://www.amazon.com/s?k=Acetone+Remover&i=beauty&s=exact-aware-popularity-rank&ref=sr_st_exact-aware-popularity-rank
Chrome Top Coat,https://www.amazon.com/s?k=Chrome+Top+Coat&i=beauty&s=exact-aware-popularity-rank&ref=sr_st_exact-aware-popularity-rank
Nail Strengthener,https://www.amazon.com/s?k=Nail+Strengthener&i=beauty&s=exact-aware-popularity-rank&ref=sr_st_exact-aware-popularity-rank
Nail File,https://www.amazon.com/s?k=Nail+File&i=beauty&s=exact-aware-popularity-rank&ref=sr_st_exact-aware-popularity-rank
Fuzzy Coat,https://www.amazon.com/s?k=Fuzzy+Coat&i=beauty&s=exact-aware-popularity-rank&ref=sr_st_exact-aware-popularity-rank
Iridescent Gel,https://www.amazon.com/s?k=Iridescent+Gel&i=beauty&s=exact-aware-popularity-rank&ref=sr_st_exact-aware-popularity-rank
Nail Drill Cord,https://www.amazon.com/s?k=Nail+Drill+Cord&i=beauty&s=exact-aware-popularity-rank&ref=sr_st_exact-aware-popularity-rank
