Keyword,Links
LED Pressing Comb,https://www.ebay.com/sch/i.html?_from=R40&_nkw=LED+Pressing+Comb&_sacat=26395&rt=nc&LH_ItemCondition=3&LH_BIN=1&rt=nc&LH_PrefLoc=1
Frizz Reducer,https://www.ebay.com/sch/i.html?_from=R40&_nkw=Frizz+Reducer&_sacat=26395&rt=nc&LH_ItemCondition=3&LH_BIN=1&rt=nc&LH_PrefLoc=1
Perm rods,https://www.ebay.com/sch/i.html?_from=R40&_nkw=Perm+rods&_sacat=26395&rt=nc&LH_ItemCondition=3&LH_BIN=1&rt=nc&LH_PrefLoc=1
Air Straightener,https://www.ebay.com/sch/i.html?_from=R40&_nkw=Air+Straightener&_sacat=26395&rt=nc&LH_ItemCondition=3&LH_BIN=1&rt=nc&LH_PrefLoc=1
White Dryer,https://www.ebay.com/sch/i.html?_from=R40&_nkw=White+Dryer&_sacat=26395&rt=nc&LH_ItemCondition=3&LH_BIN=1&rt=nc&LH_PrefLoc=1
Soft Bonnet Dryer,https://www.ebay.com/sch/i.html?_from=R40&_nkw=Soft+Bonnet+Dryer&_sacat=26395&rt=nc&LH_ItemCondition=3&LH_BIN=1&rt=nc&LH_PrefLoc=1
Palm shine,https://www.ebay.com/sch/i.html?_from=R40&_nkw=Palm+shine&_sacat=26395&rt=nc&LH_ItemCondition=3&LH_BIN=1&rt=nc&LH_PrefLoc=1
Microfiber Towels,https://www.ebay.com/sch/i.html?_from=R40&_nkw=Microfiber+Towels&_sacat=26395&rt=nc&LH_ItemCondition=3&LH_BIN=1&rt=nc&LH_PrefLoc=1
Infrared Flat Iron,https://www.ebay.com/sch/i.html?_from=R40&_nkw=Infrared+Flat+Iron&_sacat=26395&rt=nc&LH_ItemCondition=3&LH_BIN=1&rt=nc&LH_PrefLoc=1
Drying Wand,https://www.ebay.com/sch/i.html?_from=R40&_nkw=Drying+Wand&_sacat=26395&rt=nc&LH_ItemCondition=3&LH_BIN=1&rt=nc&LH_PrefLoc=1
Argan Paddle,https://www.ebay.com/sch/i.html?_from=R40&_nkw=Argan+Paddle&_sacat=26395&rt=nc&LH_ItemCondition=3&LH_BIN=1&rt=nc&LH_PrefLoc=1
Hooded Dryer,https://www.ebay.com/sch/i.html?_from=R40&_nkw=Hooded+Dryer&_sacat=26395&rt=nc&LH_ItemCondition=3&LH_BIN=1&rt=nc&LH_PrefLoc=1
Coconut comb,https://www.ebay.com/sch/i.html?_from=R40&_nkw=Coconut+comb&_sacat=26395&rt=nc&LH_ItemCondition=3&LH_BIN=1&rt=nc&LH_PrefLoc=1
Wide Toothpick,https://www.ebay.com/sch/i.html?_from=R40&_nkw=Wide+Toothpick&_sacat=26395&rt=nc&LH_ItemCondition=3&LH_BIN=1&rt=nc&LH_PrefLoc=1
Ionic Bonnet,https://www.ebay.com/sch/i.html?_from=R40&_nkw=Ionic+Bonnet&_sacat=26395&rt=nc&LH_ItemCondition=3&LH_BIN=1&rt=nc&LH_PrefLoc=1
Giftset Dryer,https://www.ebay.com/sch/i.html?_from=R40&_nkw=Giftset+Dryer&_sacat=26395&rt=nc&LH_ItemCondition=3&LH_BIN=1&rt=nc&LH_PrefLoc=1
Styling Dryer,https://www.ebay.com/sch/i.html?_from=R40&_nkw=Styling+Dryer&_sacat=26395&rt=nc&LH_ItemCondition=3&LH_BIN=1&rt=nc&LH_PrefLoc=1
Volcanic Roller,https://www.ebay.com/sch/i.html?_from=R40&_nkw=Volcanic+Roller&_sacat=26395&rt=nc&LH_ItemCondition=3&LH_BIN=1&rt=nc&LH_PrefLoc=1
Foam Curlers,https://www.ebay.com/sch/i.html?_from=R40&_nkw=Foam+Curlers&_sacat=26395&rt=nc&LH_ItemCondition=3&LH_BIN=1&rt=nc&LH_PrefLoc=1
Nose Hair Scissors,https://www.ebay.com/sch/i.html?_from=R40&_nkw=Nose+Hair+Scissors&_sacat=26395&rt=nc&LH_ItemCondition=3&LH_BIN=1&rt=nc&LH_PrefLoc=1
Slim Straightener,https://www.ebay.com/sch/i.html?_from=R40&_nkw=Slim+Straightener&_sacat=26395&rt=nc&LH_ItemCondition=3&LH_BIN=1&rt=nc&LH_PrefLoc=1
Heat cap,https://www.ebay.com/sch/i.html?_from=R40&_nkw=Heat+cap&_sacat=26395&rt=nc&LH_ItemCondition=3&LH_BIN=1&rt=nc&LH_PrefLoc=1
Heat brush,https://www.ebay.com/sch/i.html?_from=R40&_nkw=Heat+brush&_sacat=26395&rt=nc&LH_ItemCondition=3&LH_BIN=1&rt=nc&LH_PrefLoc=1
Lead barrier,https://www.ebay.com/sch/i.html?_from=R40&_nkw=Lead+barrier&_sacat=26395&rt=nc&LH_ItemCondition=3&LH_BIN=1&rt=nc&LH_PrefLoc=1
Styling System,https://www.ebay.com/sch/i.html?_from=R40&_nkw=Styling+System&_sacat=26395&rt=nc&LH_ItemCondition=3&LH_BIN=1&rt=nc&LH_PrefLoc=1
Hair Tool Organizer,https://www.ebay.com/sch/i.html?_from=R40&_nkw=Hair+Tool+Organizer&_sacat=26395&rt=nc&LH_ItemCondition=3&LH_BIN=1&rt=nc&LH_PrefLoc=1
Satin Rollers,https://www.ebay.com/sch/i.html?_from=R40&_nkw=Satin+Rollers&_sacat=26395&rt=nc&LH_ItemCondition=3&LH_BIN=1&rt=nc&LH_PrefLoc=1
Airstyler Curler,https://www.ebay.com/sch/i.html?_from=R40&_nkw=Airstyler+Curler&_sacat=26395&rt=nc&LH_ItemCondition=3&LH_BIN=1&rt=nc&LH_PrefLoc=1
Self Cleaning Brush,https://www.ebay.com/sch/i.html?_from=R40&_nkw=Self+Cleaning+Brush&_sacat=26395&rt=nc&LH_ItemCondition=3&LH_BIN=1&rt=nc&LH_PrefLoc=1
Unbreakable Combs,https://www.ebay.com/sch/i.html?_from=R40&_nkw=Unbreakable+Combs&_sacat=26395&rt=nc&LH_ItemCondition=3&LH_BIN=1&rt=nc&LH_PrefLoc=1
Sponge Rollers,https://www.ebay.com/sch/i.html?_from=R40&_nkw=Sponge+Rollers&_sacat=26395&rt=nc&LH_ItemCondition=3&LH_BIN=1&rt=nc&LH_PrefLoc=1
Max Styler,https://www.ebay.com/sch/i.html?_from=R40&_nkw=Max+Styler&_sacat=26395&rt=nc&LH_ItemCondition=3&LH_BIN=1&rt=nc&LH_PrefLoc=1
Thick Hairbrush,https://www.ebay.com/sch/i.html?_from=R40&_nkw=Thick+Hairbrush&_sacat=26395&rt=nc&LH_ItemCondition=3&LH_BIN=1&rt=nc&LH_PrefLoc=1
Tease Comb,https://www.ebay.com/sch/i.html?_from=R40&_nkw=Tease+Comb&_sacat=26395&rt=nc&LH_ItemCondition=3&LH_BIN=1&rt=nc&LH_PrefLoc=1
Ceramic Diffuser,https://www.ebay.com/sch/i.html?_from=R40&_nkw=Ceramic+Diffuser&_sacat=26395&rt=nc&LH_ItemCondition=3&LH_BIN=1&rt=nc&LH_PrefLoc=1
Quick Dry,https://www.ebay.com/sch/i.html?_from=R40&_nkw=Quick+Dry&_sacat=26395&rt=nc&LH_ItemCondition=3&LH_BIN=1&rt=nc&LH_PrefLoc=1
Nail Clipper,https://www.ebay.com/sch/i.html?_from=R40&_nkw=Nail+Clipper&_sacat=26395&rt=nc&LH_ItemCondition=3&LH_BIN=1&rt=nc&LH_PrefLoc=1
Nail Glue,https://www.ebay.com/sch/i.html?_from=R40&_nkw=Nail+Glue&_sacat=26395&rt=nc&LH_ItemCondition=3&LH_BIN=1&rt=nc&LH_PrefLoc=1
Nail Polish,https://www.ebay.com/sch/i.html?_from=R40&_nkw=Nail+Polish&_sacat=26395&rt=nc&LH_ItemCondition=3&LH_BIN=1&rt=nc&LH_PrefLoc=1
Gel strips,https://www.ebay.com/sch/i.html?_from=R40&_nkw=Gel+strips&_sacat=26395&rt=nc&LH_ItemCondition=3&LH_BIN=1&rt=nc&LH_PrefLoc=1
French press nails,https://www.ebay.com/sch/i.html?_from=R40&_nkw=French+press+nails&_sacat=26395&rt=nc&LH_ItemCondition=3&LH_BIN=1&rt=nc&LH_PrefLoc=1
Toenail clipper,https://www.ebay.com/sch/i.html?_from=R40&_nkw=Toenail+clipper&_sacat=26395&rt=nc&LH_ItemCondition=3&LH_BIN=1&rt=nc&LH_PrefLoc=1
Cuticle Remover,https://www.ebay.com/sch/i.html?_from=R40&_nkw=Cuticle+Remover&_sacat=26395&rt=nc&LH_ItemCondition=3&LH_BIN=1&rt=nc&LH_PrefLoc=1
Acetone Remover,https://www.ebay.com/sch/i.html?_from=R40&_nkw=Acetone+Remover&_sacat=26395&rt=nc&LH_ItemCondition=3&LH_BIN=1&rt=nc&LH_PrefLoc=1
Chrome Top Coat,https://www.ebay.com/sch/i.html?_from=R40&_nkw=Chrome+Top+Coat&_sacat=26395&rt=nc&LH_ItemCondition=3&LH_BIN=1&rt=nc&LH_PrefLoc=1
Nail Strengthener,https://www.ebay.com/sch/i.html?_from=R40&_nkw=Nail+Strengthener&_sacat=26395&rt=nc&LH_ItemCondition=3&LH_BIN=1&rt=nc&LH_PrefLoc=1
Nail File,https://www.ebay.com/sch/i.html?_from=R40&_nkw=Nail+File&_sacat=26395&rt=nc&LH_ItemCondition=3&LH_BIN=1&rt=nc&LH_PrefLoc=1
Fuzzy Coat,https://www.ebay.com/sch/i.html?_from=R40&_nkw=Fuzzy+Coat&_sacat=26395&rt=nc&LH_ItemCondition=3&LH_BIN=1&rt=nc&LH_PrefLoc=1
Iridescent Gel,https://www.ebay.com/sch/i.html?_from=R40&_nkw=Iridescent+Gel&_sacat=26395&rt=nc&LH_ItemCondition=3&LH_BIN=1&rt=nc&LH_PrefLoc=1
Nail Drill Cord,https://www.ebay.com/sch/i.html?_from=R40&_nkw=Nail+Drill+Cord&_sacat=26395&rt=nc&LH_ItemCondition=3&LH_BIN=1&rt=nc&LH_PrefLoc=1
