Keyword,Links
Elegant perfume,https://www.ebay.com/sch/i.html?_from=R40&_nkw=Elegant+perfume&_sacat=26395&rt=nc&LH_ItemCondition=3&LH_BIN=1&rt=nc&LH_PrefLoc=1
Clementine perfume,https://www.ebay.com/sch/i.html?_from=R40&_nkw=Clementine+perfume&_sacat=26395&rt=nc&LH_ItemCondition=3&LH_BIN=1&rt=nc&LH_PrefLoc=1
Vanilla fragrance,https://www.ebay.com/sch/i.html?_from=R40&_nkw=Vanilla+fragrance&_sacat=26395&rt=nc&LH_ItemCondition=3&LH_BIN=1&rt=nc&LH_PrefLoc=1
Impression Cologne,https://www.ebay.com/sch/i.html?_from=R40&_nkw=Impression+Cologne&_sacat=26395&rt=nc&LH_ItemCondition=3&LH_BIN=1&rt=nc&LH_PrefLoc=1
Ladies Fragrance,https://www.ebay.com/sch/i.html?_from=R40&_nkw=Ladies+Fragrance&_sacat=26395&rt=nc&LH_ItemCondition=3&LH_BIN=1&rt=nc&LH_PrefLoc=1
Rugby Fragrance,https://www.ebay.com/sch/i.html?_from=R40&_nkw=Rugby+Fragrance&_sacat=26395&rt=nc&LH_ItemCondition=3&LH_BIN=1&rt=nc&LH_PrefLoc=1
Floral Perfume,https://www.ebay.com/sch/i.html?_from=R40&_nkw=Floral+Perfume&_sacat=26395&rt=nc&LH_ItemCondition=3&LH_BIN=1&rt=nc&LH_PrefLoc=1
Men's fragrance,https://www.ebay.com/sch/i.html?_from=R40&_nkw=Men's+fragrance&_sacat=26395&rt=nc&LH_ItemCondition=3&LH_BIN=1&rt=nc&LH_PrefLoc=1
Unisex fragrance,https://www.ebay.com/sch/i.html?_from=R40&_nkw=Unisex+fragrance&_sacat=26395&rt=nc&LH_ItemCondition=3&LH_BIN=1&rt=nc&LH_PrefLoc=1
Driftwood Perfume,https://www.ebay.com/sch/i.html?_from=R40&_nkw=Driftwood+Perfume&_sacat=26395&rt=nc&LH_ItemCondition=3&LH_BIN=1&rt=nc&LH_PrefLoc=1
Blue EDT,https://www.ebay.com/sch/i.html?_from=R40&_nkw=Blue+EDT&_sacat=26395&rt=nc&LH_ItemCondition=3&LH_BIN=1&rt=nc&LH_PrefLoc=1
Daisy perfume,https://www.ebay.com/sch/i.html?_from=R40&_nkw=Daisy+perfume&_sacat=26395&rt=nc&LH_ItemCondition=3&LH_BIN=1&rt=nc&LH_PrefLoc=1
Eau de Cologne,https://www.ebay.com/sch/i.html?_from=R40&_nkw=Eau+de+Cologne&_sacat=26395&rt=nc&LH_ItemCondition=3&LH_BIN=1&rt=nc&LH_PrefLoc=1
Spring fragrance,https://www.ebay.com/sch/i.html?_from=R40&_nkw=Spring+fragrance&_sacat=26395&rt=nc&LH_ItemCondition=3&LH_BIN=1&rt=nc&LH_PrefLoc=1
Pure Addiction,https://www.ebay.com/sch/i.html?_from=R40&_nkw=Pure+Addiction&_sacat=26395&rt=nc&LH_ItemCondition=3&LH_BIN=1&rt=nc&LH_PrefLoc=1
Women's parfum,https://www.ebay.com/sch/i.html?_from=R40&_nkw=Women's+parfum&_sacat=26395&rt=nc&LH_ItemCondition=3&LH_BIN=1&rt=nc&LH_PrefLoc=1
Nectar fragrance,https://www.ebay.com/sch/i.html?_from=R40&_nkw=Nectar+fragrance&_sacat=26395&rt=nc&LH_ItemCondition=3&LH_BIN=1&rt=nc&LH_PrefLoc=1
Magnetic Pink,https://www.ebay.com/sch/i.html?_from=R40&_nkw=Magnetic+Pink&_sacat=26395&rt=nc&LH_ItemCondition=3&LH_BIN=1&rt=nc&LH_PrefLoc=1
SpongeBob fragrance,https://www.ebay.com/sch/i.html?_from=R40&_nkw=SpongeBob+fragrance&_sacat=26395&rt=nc&LH_ItemCondition=3&LH_BIN=1&rt=nc&LH_PrefLoc=1
Sweet Cupcake,https://www.ebay.com/sch/i.html?_from=R40&_nkw=Sweet+Cupcake&_sacat=26395&rt=nc&LH_ItemCondition=3&LH_BIN=1&rt=nc&LH_PrefLoc=1
Lavender Cologne,https://www.ebay.com/sch/i.html?_from=R40&_nkw=Lavender+Cologne&_sacat=26395&rt=nc&LH_ItemCondition=3&LH_BIN=1&rt=nc&LH_PrefLoc=1
Floral Spray,https://www.ebay.com/sch/i.html?_from=R40&_nkw=Floral+Spray&_sacat=26395&rt=nc&LH_ItemCondition=3&LH_BIN=1&rt=nc&LH_PrefLoc=1
Perfumed Mist,https://www.ebay.com/sch/i.html?_from=R40&_nkw=Perfumed+Mist&_sacat=26395&rt=nc&LH_ItemCondition=3&LH_BIN=1&rt=nc&LH_PrefLoc=1
Vanilla Musk,https://www.ebay.com/sch/i.html?_from=R40&_nkw=Vanilla+Musk&_sacat=26395&rt=nc&LH_ItemCondition=3&LH_BIN=1&rt=nc&LH_PrefLoc=1
Oud fragrance,https://www.ebay.com/sch/i.html?_from=R40&_nkw=Oud+fragrance&_sacat=26395&rt=nc&LH_ItemCondition=3&LH_BIN=1&rt=nc&LH_PrefLoc=1
Rose Cologne,https://www.ebay.com/sch/i.html?_from=R40&_nkw=Rose+Cologne&_sacat=26395&rt=nc&LH_ItemCondition=3&LH_BIN=1&rt=nc&LH_PrefLoc=1
Pheromone Cologne,https://www.ebay.com/sch/i.html?_from=R40&_nkw=Pheromone+Cologne&_sacat=26395&rt=nc&LH_ItemCondition=3&LH_BIN=1&rt=nc&LH_PrefLoc=1
Perfume Oil,https://www.ebay.com/sch/i.html?_from=R40&_nkw=Perfume+Oil&_sacat=26395&rt=nc&LH_ItemCondition=3&LH_BIN=1&rt=nc&LH_PrefLoc=1
Men's perfume,https://www.ebay.com/sch/i.html?_from=R40&_nkw=Men's+perfume&_sacat=26395&rt=nc&LH_ItemCondition=3&LH_BIN=1&rt=nc&LH_PrefLoc=1
Eau De Spray,https://www.ebay.com/sch/i.html?_from=R40&_nkw=Eau+De+Spray&_sacat=26395&rt=nc&LH_ItemCondition=3&LH_BIN=1&rt=nc&LH_PrefLoc=1
EDT Spray,https://www.ebay.com/sch/i.html?_from=R40&_nkw=EDT+Spray&_sacat=26395&rt=nc&LH_ItemCondition=3&LH_BIN=1&rt=nc&LH_PrefLoc=1
Timeless Elegance,https://www.ebay.com/sch/i.html?_from=R40&_nkw=Timeless+Elegance&_sacat=26395&rt=nc&LH_ItemCondition=3&LH_BIN=1&rt=nc&LH_PrefLoc=1
Scent Library,https://www.ebay.com/sch/i.html?_from=R40&_nkw=Scent+Library&_sacat=26395&rt=nc&LH_ItemCondition=3&LH_BIN=1&rt=nc&LH_PrefLoc=1
Musk Cologne,https://www.ebay.com/sch/i.html?_from=R40&_nkw=Musk+Cologne&_sacat=26395&rt=nc&LH_ItemCondition=3&LH_BIN=1&rt=nc&LH_PrefLoc=1
Vanilla Spray,https://www.ebay.com/sch/i.html?_from=R40&_nkw=Vanilla+Spray&_sacat=26395&rt=nc&LH_ItemCondition=3&LH_BIN=1&rt=nc&LH_PrefLoc=1
Women's fragrance,https://www.ebay.com/sch/i.html?_from=R40&_nkw=Women's+fragrance&_sacat=26395&rt=nc&LH_ItemCondition=3&LH_BIN=1&rt=nc&LH_PrefLoc=1
Joy perfume,https://www.ebay.com/sch/i.html?_from=R40&_nkw=Joy+perfume&_sacat=26395&rt=nc&LH_ItemCondition=3&LH_BIN=1&rt=nc&LH_PrefLoc=1
Cool fragrance,https://www.ebay.com/sch/i.html?_from=R40&_nkw=Cool+fragrance&_sacat=26395&rt=nc&LH_ItemCondition=3&LH_BIN=1&rt=nc&LH_PrefLoc=1
French Grey,https://www.ebay.com/sch/i.html?_from=R40&_nkw=French+Grey&_sacat=26395&rt=nc&LH_ItemCondition=3&LH_BIN=1&rt=nc&LH_PrefLoc=1
Gilded Perfume,https://www.ebay.com/sch/i.html?_from=R40&_nkw=Gilded+Perfume&_sacat=26395&rt=nc&LH_ItemCondition=3&LH_BIN=1&rt=nc&LH_PrefLoc=1
Red Intense,https://www.ebay.com/sch/i.html?_from=R40&_nkw=Red+Intense&_sacat=26395&rt=nc&LH_ItemCondition=3&LH_BIN=1&rt=nc&LH_PrefLoc=1
Basilic Cologne,https://www.ebay.com/sch/i.html?_from=R40&_nkw=Basilic+Cologne&_sacat=26395&rt=nc&LH_ItemCondition=3&LH_BIN=1&rt=nc&LH_PrefLoc=1
Aqua Perfume,https://www.ebay.com/sch/i.html?_from=R40&_nkw=Aqua+Perfume&_sacat=26395&rt=nc&LH_ItemCondition=3&LH_BIN=1&rt=nc&LH_PrefLoc=1
Floral Bouquet,https://www.ebay.com/sch/i.html?_from=R40&_nkw=Floral+Bouquet&_sacat=26395&rt=nc&LH_ItemCondition=3&LH_BIN=1&rt=nc&LH_PrefLoc=1
Blue Sail,https://www.ebay.com/sch/i.html?_from=R40&_nkw=Blue+Sail&_sacat=26395&rt=nc&LH_ItemCondition=3&LH_BIN=1&rt=nc&LH_PrefLoc=1
Cologne Spray,https://www.ebay.com/sch/i.html?_from=R40&_nkw=Cologne+Spray&_sacat=26395&rt=nc&LH_ItemCondition=3&LH_BIN=1&rt=nc&LH_PrefLoc=1
Coconuts Summer,https://www.ebay.com/sch/i.html?_from=R40&_nkw=Coconuts+Summer&_sacat=26395&rt=nc&LH_ItemCondition=3&LH_BIN=1&rt=nc&LH_PrefLoc=1
Honeysuckle Perfume,https://www.ebay.com/sch/i.html?_from=R40&_nkw=Honeysuckle+Perfume&_sacat=26395&rt=nc&LH_ItemCondition=3&LH_BIN=1&rt=nc&LH_PrefLoc=1
Intense Cologne,https://www.ebay.com/sch/i.html?_from=R40&_nkw=Intense+Cologne&_sacat=26395&rt=nc&LH_ItemCondition=3&LH_BIN=1&rt=nc&LH_PrefLoc=1
Beverly Hills,https://www.ebay.com/sch/i.html?_from=R40&_nkw=Beverly+Hills&_sacat=26395&rt=nc&LH_ItemCondition=3&LH_BIN=1&rt=nc&LH_PrefLoc=1
