Keyword,Links
Matte Foundation,https://www.amazon.com/s?k=Matte+Foundation&i=beauty&s=exact-aware-popularity-rank&ref=sr_st_exact-aware-popularity-rank
Honey lotion,https://www.amazon.com/s?k=Honey+lotion&i=beauty&s=exact-aware-popularity-rank&ref=sr_st_exact-aware-popularity-rank
Face Exfoliator,https://www.amazon.com/s?k=Face+Exfoliator&i=beauty&s=exact-aware-popularity-rank&ref=sr_st_exact-aware-popularity-rank
Blush Cream,https://www.amazon.com/s?k=Blush+Cream&i=beauty&s=exact-aware-popularity-rank&ref=sr_st_exact-aware-popularity-rank
Amber Romance,https://www.amazon.com/s?k=Amber+Romance&i=beauty&s=exact-aware-popularity-rank&ref=sr_st_exact-aware-popularity-rank
Clipper Trimmer,https://www.amazon.com/s?k=Clipper+Trimmer&i=beauty&s=exact-aware-popularity-rank&ref=sr_st_exact-aware-popularity-rank
Brightening Spray,https://www.amazon.com/s?k=Brightening+Spray&i=beauty&s=exact-aware-popularity-rank&ref=sr_st_exact-aware-popularity-rank
Texturizing Shampoo,https://www.amazon.com/s?k=Texturizing+Shampoo&i=beauty&s=exact-aware-popularity-rank&ref=sr_st_exact-aware-popularity-rank
Grooming Pomade,https://www.amazon.com/s?k=Grooming+Pomade&i=beauty&s=exact-aware-popularity-rank&ref=sr_st_exact-aware-popularity-rank
Dark Spot,https://www.amazon.com/s?k=Dark+Spot&i=beauty&s=exact-aware-popularity-rank&ref=sr_st_exact-aware-popularity-rank
Cheeky Blush,https://www.amazon.com/s?k=Cheeky+Blush&i=beauty&s=exact-aware-popularity-rank&ref=sr_st_exact-aware-popularity-rank
Fresh lotion,https://www.amazon.com/s?k=Fresh+lotion&i=beauty&s=exact-aware-popularity-rank&ref=sr_st_exact-aware-popularity-rank
Tea Tree Soap,https://www.amazon.com/s?k=Tea+Tree+Soap&i=beauty&s=exact-aware-popularity-rank&ref=sr_st_exact-aware-popularity-rank
Firming Mask,https://www.amazon.com/s?k=Firming+Mask&i=beauty&s=exact-aware-popularity-rank&ref=sr_st_exact-aware-popularity-rank
Hydration Device,https://www.amazon.com/s?k=Hydration+Device&i=beauty&s=exact-aware-popularity-rank&ref=sr_st_exact-aware-popularity-rank
Eyelash Serum,https://www.amazon.com/s?k=Eyelash+Serum&i=beauty&s=exact-aware-popularity-rank&ref=sr_st_exact-aware-popularity-rank
Coconut Mist,https://www.amazon.com/s?k=Coconut+Mist&i=beauty&s=exact-aware-popularity-rank&ref=sr_st_exact-aware-popularity-rank
Love Spell,https://www.amazon.com/s?k=Love+Spell&i=beauty&s=exact-aware-popularity-rank&ref=sr_st_exact-aware-popularity-rank
Wave Brush,https://www.amazon.com/s?k=Wave+Brush&i=beauty&s=exact-aware-popularity-rank&ref=sr_st_exact-aware-popularity-rank
Root lifting,https://www.amazon.com/s?k=Root+lifting&i=beauty&s=exact-aware-popularity-rank&ref=sr_st_exact-aware-popularity-rank
Powder Foundation,https://www.amazon.com/s?k=Powder+Foundation&i=beauty&s=exact-aware-popularity-rank&ref=sr_st_exact-aware-popularity-rank
LED skincare,https://www.amazon.com/s?k=LED+skincare&i=beauty&s=exact-aware-popularity-rank&ref=sr_st_exact-aware-popularity-rank
Hair removal,https://www.amazon.com/s?k=Hair+removal&i=beauty&s=exact-aware-popularity-rank&ref=sr_st_exact-aware-popularity-rank
Hydrating Moisturizer,https://www.amazon.com/s?k=Hydrating+Moisturizer&i=beauty&s=exact-aware-popularity-rank&ref=sr_st_exact-aware-popularity-rank
Brightening Complexion,https://www.amazon.com/s?k=Brightening+Complexion&i=beauty&s=exact-aware-popularity-rank&ref=sr_st_exact-aware-popularity-rank
Fragrance Mist,https://www.amazon.com/s?k=Fragrance+Mist&i=beauty&s=exact-aware-popularity-rank&ref=sr_st_exact-aware-popularity-rank
Curl masque,https://www.amazon.com/s?k=Curl+masque&i=beauty&s=exact-aware-popularity-rank&ref=sr_st_exact-aware-popularity-rank
Texture balm,https://www.amazon.com/s?k=Texture+balm&i=beauty&s=exact-aware-popularity-rank&ref=sr_st_exact-aware-popularity-rank
Styling Lotion,https://www.amazon.com/s?k=Styling+Lotion&i=beauty&s=exact-aware-popularity-rank&ref=sr_st_exact-aware-popularity-rank
Men's cologne,https://www.amazon.com/s?k=Men's+cologne&i=beauty&s=exact-aware-popularity-rank&ref=sr_st_exact-aware-popularity-rank
Shine Control,https://www.amazon.com/s?k=Shine+Control&i=beauty&s=exact-aware-popularity-rank&ref=sr_st_exact-aware-popularity-rank
Waterproof Mascara,https://www.amazon.com/s?k=Waterproof+Mascara&i=beauty&s=exact-aware-popularity-rank&ref=sr_st_exact-aware-popularity-rank
Concealer Brush,https://www.amazon.com/s?k=Concealer+Brush&i=beauty&s=exact-aware-popularity-rank&ref=sr_st_exact-aware-popularity-rank
Vanilla lotion,https://www.amazon.com/s?k=Vanilla+lotion&i=beauty&s=exact-aware-popularity-rank&ref=sr_st_exact-aware-popularity-rank
Velvet Petals,https://www.amazon.com/s?k=Velvet+Petals&i=beauty&s=exact-aware-popularity-rank&ref=sr_st_exact-aware-popularity-rank
Blowout Primer,https://www.amazon.com/s?k=Blowout+Primer&i=beauty&s=exact-aware-popularity-rank&ref=sr_st_exact-aware-popularity-rank
Roughness Lotion,https://www.amazon.com/s?k=Roughness+Lotion&i=beauty&s=exact-aware-popularity-rank&ref=sr_st_exact-aware-popularity-rank
Milky Cleanser,https://www.amazon.com/s?k=Milky+Cleanser&i=beauty&s=exact-aware-popularity-rank&ref=sr_st_exact-aware-popularity-rank
Soothing Spray,https://www.amazon.com/s?k=Soothing+Spray&i=beauty&s=exact-aware-popularity-rank&ref=sr_st_exact-aware-popularity-rank
Hairspray Flexible,https://www.amazon.com/s?k=Hairspray+Flexible&i=beauty&s=exact-aware-popularity-rank&ref=sr_st_exact-aware-popularity-rank
Body Powder,https://www.amazon.com/s?k=Body+Powder&i=beauty&s=exact-aware-popularity-rank&ref=sr_st_exact-aware-popularity-rank
UV Sunscreen,https://www.amazon.com/s?k=UV+Sunscreen&i=beauty&s=exact-aware-popularity-rank&ref=sr_st_exact-aware-popularity-rank
Exfoliating Shampoo,https://www.amazon.com/s?k=Exfoliating+Shampoo&i=beauty&s=exact-aware-popularity-rank&ref=sr_st_exact-aware-popularity-rank
Nourishing Body Wash,https://www.amazon.com/s?k=Nourishing+Body+Wash&i=beauty&s=exact-aware-popularity-rank&ref=sr_st_exact-aware-popularity-rank
Angled Brush,https://www.amazon.com/s?k=Angled+Brush&i=beauty&s=exact-aware-popularity-rank&ref=sr_st_exact-aware-popularity-rank
Loose Powder,https://www.amazon.com/s?k=Loose+Powder&i=beauty&s=exact-aware-popularity-rank&ref=sr_st_exact-aware-popularity-rank
All-in-one Elixir,https://www.amazon.com/s?k=All-in-one+Elixir&i=beauty&s=exact-aware-popularity-rank&ref=sr_st_exact-aware-popularity-rank
Mineral Moisturizer,https://www.amazon.com/s?k=Mineral+Moisturizer&i=beauty&s=exact-aware-popularity-rank&ref=sr_st_exact-aware-popularity-rank
Stress Gel,https://www.amazon.com/s?k=Stress+Gel&i=beauty&s=exact-aware-popularity-rank&ref=sr_st_exact-aware-popularity-rank
Flexible Paste,https://www.amazon.com/s?k=Flexible+Paste&i=beauty&s=exact-aware-popularity-rank&ref=sr_st_exact-aware-popularity-rank
