Keyword,Links
Nail Care,https://www.amazon.com/s?k=Nail+Care&i=beauty&s=exact-aware-popularity-rank&ref=sr_st_exact-aware-popularity-rank
Nail Gel,https://www.amazon.com/s?k=Nail+Gel&i=beauty&s=exact-aware-popularity-rank&ref=sr_st_exact-aware-popularity-rank
Press On Nails,https://www.amazon.com/s?k=Press+On+Nails&i=beauty&s=exact-aware-popularity-rank&ref=sr_st_exact-aware-popularity-rank
Cuticle Oil,https://www.amazon.com/s?k=Cuticle+Oil&i=beauty&s=exact-aware-popularity-rank&ref=sr_st_exact-aware-popularity-rank
Mermaid Nail Polish,https://www.amazon.com/s?k=Mermaid+Nail+Polish&i=beauty&s=exact-aware-popularity-rank&ref=sr_st_exact-aware-popularity-rank
Nail Brush,https://www.amazon.com/s?k=Nail+Brush&i=beauty&s=exact-aware-popularity-rank&ref=sr_st_exact-aware-popularity-rank
Nail treatment,https://www.amazon.com/s?k=Nail+treatment&i=beauty&s=exact-aware-popularity-rank&ref=sr_st_exact-aware-popularity-rank
Nail Dryer,https://www.amazon.com/s?k=Nail+Dryer&i=beauty&s=exact-aware-popularity-rank&ref=sr_st_exact-aware-popularity-rank
Gel lamp,https://www.amazon.com/s?k=Gel+lamp&i=beauty&s=exact-aware-popularity-rank&ref=sr_st_exact-aware-popularity-rank
matte nail,https://www.amazon.com/s?k=matte+nail&i=beauty&s=exact-aware-popularity-rank&ref=sr_st_exact-aware-popularity-rank
Gel Nail Polish,https://www.amazon.com/s?k=Gel+Nail+Polish&i=beauty&s=exact-aware-popularity-rank&ref=sr_st_exact-aware-popularity-rank
Magnetic Nails,https://www.amazon.com/s?k=Magnetic+Nails&i=beauty&s=exact-aware-popularity-rank&ref=sr_st_exact-aware-popularity-rank
Glitzy Nails,https://www.amazon.com/s?k=Glitzy+Nails&i=beauty&s=exact-aware-popularity-rank&ref=sr_st_exact-aware-popularity-rank
Matte Top Coat,https://www.amazon.com/s?k=Matte+Top+Coat&i=beauty&s=exact-aware-popularity-rank&ref=sr_st_exact-aware-popularity-rank
Gel Nail Strips,https://www.amazon.com/s?k=Gel+Nail+Strips&i=beauty&s=exact-aware-popularity-rank&ref=sr_st_exact-aware-popularity-rank
Nail Lacquer,https://www.amazon.com/s?k=Nail+Lacquer&i=beauty&s=exact-aware-popularity-rank&ref=sr_st_exact-aware-popularity-rank
Nail Oil,https://www.amazon.com/s?k=Nail+Oil&i=beauty&s=exact-aware-popularity-rank&ref=sr_st_exact-aware-popularity-rank
Nail Kit,https://www.amazon.com/s?k=Nail+Kit&i=beauty&s=exact-aware-popularity-rank&ref=sr_st_exact-aware-popularity-rank
Shimmery Nail Kit,https://www.amazon.com/s?k=Shimmery+Nail+Kit&i=beauty&s=exact-aware-popularity-rank&ref=sr_st_exact-aware-popularity-rank
Bronze Gel,https://www.amazon.com/s?k=Bronze+Gel&i=beauty&s=exact-aware-popularity-rank&ref=sr_st_exact-aware-popularity-rank
Press-on Nails,https://www.amazon.com/s?k=Press-on+Nails&i=beauty&s=exact-aware-popularity-rank&ref=sr_st_exact-aware-popularity-rank
Cuticle Pusher,https://www.amazon.com/s?k=Cuticle+Pusher&i=beauty&s=exact-aware-popularity-rank&ref=sr_st_exact-aware-popularity-rank
Manicure Machine,https://www.amazon.com/s?k=Manicure+Machine&i=beauty&s=exact-aware-popularity-rank&ref=sr_st_exact-aware-popularity-rank
Gel set,https://www.amazon.com/s?k=Gel+set&i=beauty&s=exact-aware-popularity-rank&ref=sr_st_exact-aware-popularity-rank
Nail Combo,https://www.amazon.com/s?k=Nail+Combo&i=beauty&s=exact-aware-popularity-rank&ref=sr_st_exact-aware-popularity-rank
Cuticle Nipper,https://www.amazon.com/s?k=Cuticle+Nipper&i=beauty&s=exact-aware-popularity-rank&ref=sr_st_exact-aware-popularity-rank
Gel polish,https://www.amazon.com/s?k=Gel+polish&i=beauty&s=exact-aware-popularity-rank&ref=sr_st_exact-aware-popularity-rank
Nail Files,https://www.amazon.com/s?k=Nail+Files&i=beauty&s=exact-aware-popularity-rank&ref=sr_st_exact-aware-popularity-rank
Press On,https://www.amazon.com/s?k=Press+On&i=beauty&s=exact-aware-popularity-rank&ref=sr_st_exact-aware-popularity-rank
Red Nail Polish,https://www.amazon.com/s?k=Red+Nail+Polish&i=beauty&s=exact-aware-popularity-rank&ref=sr_st_exact-aware-popularity-rank
Nail Filler,https://www.amazon.com/s?k=Nail+Filler&i=beauty&s=exact-aware-popularity-rank&ref=sr_st_exact-aware-popularity-rank
Acrylic Nails,https://www.amazon.com/s?k=Acrylic+Nails&i=beauty&s=exact-aware-popularity-rank&ref=sr_st_exact-aware-popularity-rank
Nail device,https://www.amazon.com/s?k=Nail+device&i=beauty&s=exact-aware-popularity-rank&ref=sr_st_exact-aware-popularity-rank
Fantasy Nails,https://www.amazon.com/s?k=Fantasy+Nails&i=beauty&s=exact-aware-popularity-rank&ref=sr_st_exact-aware-popularity-rank
Gel Nail,https://www.amazon.com/s?k=Gel+Nail&i=beauty&s=exact-aware-popularity-rank&ref=sr_st_exact-aware-popularity-rank
Pink Glitter,https://www.amazon.com/s?k=Pink+Glitter&i=beauty&s=exact-aware-popularity-rank&ref=sr_st_exact-aware-popularity-rank
Blue press-ons,https://www.amazon.com/s?k=Blue+press-ons&i=beauty&s=exact-aware-popularity-rank&ref=sr_st_exact-aware-popularity-rank
Nail Art,https://www.amazon.com/s?k=Nail+Art&i=beauty&s=exact-aware-popularity-rank&ref=sr_st_exact-aware-popularity-rank
Nail Dip,https://www.amazon.com/s?k=Nail+Dip&i=beauty&s=exact-aware-popularity-rank&ref=sr_st_exact-aware-popularity-rank
Bubble Bath,https://www.amazon.com/s?k=Bubble+Bath&i=beauty&s=exact-aware-popularity-rank&ref=sr_st_exact-aware-popularity-rank
Glossy Press-On,https://www.amazon.com/s?k=Glossy+Press-On&i=beauty&s=exact-aware-popularity-rank&ref=sr_st_exact-aware-popularity-rank
Lavender Cat Eye,https://www.amazon.com/s?k=Lavender+Cat+Eye&i=beauty&s=exact-aware-popularity-rank&ref=sr_st_exact-aware-popularity-rank
Black press-ons,https://www.amazon.com/s?k=Black+press-ons&i=beauty&s=exact-aware-popularity-rank&ref=sr_st_exact-aware-popularity-rank
Chip Resistant,https://www.amazon.com/s?k=Chip+Resistant&i=beauty&s=exact-aware-popularity-rank&ref=sr_st_exact-aware-popularity-rank
Vegan Nail Hardener,https://www.amazon.com/s?k=Vegan+Nail+Hardener&i=beauty&s=exact-aware-popularity-rank&ref=sr_st_exact-aware-popularity-rank
Odorless Acrylic,https://www.amazon.com/s?k=Odorless+Acrylic&i=beauty&s=exact-aware-popularity-rank&ref=sr_st_exact-aware-popularity-rank
Toenail nipper,https://www.amazon.com/s?k=Toenail+nipper&i=beauty&s=exact-aware-popularity-rank&ref=sr_st_exact-aware-popularity-rank
Barbie Nail,https://www.amazon.com/s?k=Barbie+Nail&i=beauty&s=exact-aware-popularity-rank&ref=sr_st_exact-aware-popularity-rank
French nails,https://www.amazon.com/s?k=French+nails&i=beauty&s=exact-aware-popularity-rank&ref=sr_st_exact-aware-popularity-rank
Top Coat,https://www.amazon.com/s?k=Top+Coat&i=beauty&s=exact-aware-popularity-rank&ref=sr_st_exact-aware-popularity-rank
