Keyword,Links
Nail Care,https://www.ebay.com/sch/i.html?_from=R40&_nkw=Nail+Care&_sacat=26395&rt=nc&LH_ItemCondition=3&LH_BIN=1&rt=nc&LH_PrefLoc=1
Nail Gel,https://www.ebay.com/sch/i.html?_from=R40&_nkw=Nail+Gel&_sacat=26395&rt=nc&LH_ItemCondition=3&LH_BIN=1&rt=nc&LH_PrefLoc=1
Press On Nails,https://www.ebay.com/sch/i.html?_from=R40&_nkw=Press+On+Nails&_sacat=26395&rt=nc&LH_ItemCondition=3&LH_BIN=1&rt=nc&LH_PrefLoc=1
Cuticle Oil,https://www.ebay.com/sch/i.html?_from=R40&_nkw=Cuticle+Oil&_sacat=26395&rt=nc&LH_ItemCondition=3&LH_BIN=1&rt=nc&LH_PrefLoc=1
Mermaid Nail Polish,https://www.ebay.com/sch/i.html?_from=R40&_nkw=Mermaid+Nail+Polish&_sacat=26395&rt=nc&LH_ItemCondition=3&LH_BIN=1&rt=nc&LH_PrefLoc=1
Nail Brush,https://www.ebay.com/sch/i.html?_from=R40&_nkw=Nail+Brush&_sacat=26395&rt=nc&LH_ItemCondition=3&LH_BIN=1&rt=nc&LH_PrefLoc=1
Nail treatment,https://www.ebay.com/sch/i.html?_from=R40&_nkw=Nail+treatment&_sacat=26395&rt=nc&LH_ItemCondition=3&LH_BIN=1&rt=nc&LH_PrefLoc=1
Nail Dryer,https://www.ebay.com/sch/i.html?_from=R40&_nkw=Nail+Dryer&_sacat=26395&rt=nc&LH_ItemCondition=3&LH_BIN=1&rt=nc&LH_PrefLoc=1
Gel lamp,https://www.ebay.com/sch/i.html?_from=R40&_nkw=Gel+lamp&_sacat=26395&rt=nc&LH_ItemCondition=3&LH_BIN=1&rt=nc&LH_PrefLoc=1
matte nail,https://www.ebay.com/sch/i.html?_from=R40&_nkw=matte+nail&_sacat=26395&rt=nc&LH_ItemCondition=3&LH_BIN=1&rt=nc&LH_PrefLoc=1
Gel Nail Polish,https://www.ebay.com/sch/i.html?_from=R40&_nkw=Gel+Nail+Polish&_sacat=26395&rt=nc&LH_ItemCondition=3&LH_BIN=1&rt=nc&LH_PrefLoc=1
Magnetic Nails,https://www.ebay.com/sch/i.html?_from=R40&_nkw=Magnetic+Nails&_sacat=26395&rt=nc&LH_ItemCondition=3&LH_BIN=1&rt=nc&LH_PrefLoc=1
Glitzy Nails,https://www.ebay.com/sch/i.html?_from=R40&_nkw=Glitzy+Nails&_sacat=26395&rt=nc&LH_ItemCondition=3&LH_BIN=1&rt=nc&LH_PrefLoc=1
Matte Top Coat,https://www.ebay.com/sch/i.html?_from=R40&_nkw=Matte+Top+Coat&_sacat=26395&rt=nc&LH_ItemCondition=3&LH_BIN=1&rt=nc&LH_PrefLoc=1
Gel Nail Strips,https://www.ebay.com/sch/i.html?_from=R40&_nkw=Gel+Nail+Strips&_sacat=26395&rt=nc&LH_ItemCondition=3&LH_BIN=1&rt=nc&LH_PrefLoc=1
Nail Lacquer,https://www.ebay.com/sch/i.html?_from=R40&_nkw=Nail+Lacquer&_sacat=26395&rt=nc&LH_ItemCondition=3&LH_BIN=1&rt=nc&LH_PrefLoc=1
Nail Oil,https://www.ebay.com/sch/i.html?_from=R40&_nkw=Nail+Oil&_sacat=26395&rt=nc&LH_ItemCondition=3&LH_BIN=1&rt=nc&LH_PrefLoc=1
Nail Kit,https://www.ebay.com/sch/i.html?_from=R40&_nkw=Nail+Kit&_sacat=26395&rt=nc&LH_ItemCondition=3&LH_BIN=1&rt=nc&LH_PrefLoc=1
Shimmery Nail Kit,https://www.ebay.com/sch/i.html?_from=R40&_nkw=Shimmery+Nail+Kit&_sacat=26395&rt=nc&LH_ItemCondition=3&LH_BIN=1&rt=nc&LH_PrefLoc=1
Bronze Gel,https://www.ebay.com/sch/i.html?_from=R40&_nkw=Bronze+Gel&_sacat=26395&rt=nc&LH_ItemCondition=3&LH_BIN=1&rt=nc&LH_PrefLoc=1
Press-on Nails,https://www.ebay.com/sch/i.html?_from=R40&_nkw=Press-on+Nails&_sacat=26395&rt=nc&LH_ItemCondition=3&LH_BIN=1&rt=nc&LH_PrefLoc=1
Cuticle Pusher,https://www.ebay.com/sch/i.html?_from=R40&_nkw=Cuticle+Pusher&_sacat=26395&rt=nc&LH_ItemCondition=3&LH_BIN=1&rt=nc&LH_PrefLoc=1
Manicure Machine,https://www.ebay.com/sch/i.html?_from=R40&_nkw=Manicure+Machine&_sacat=26395&rt=nc&LH_ItemCondition=3&LH_BIN=1&rt=nc&LH_PrefLoc=1
Gel set,https://www.ebay.com/sch/i.html?_from=R40&_nkw=Gel+set&_sacat=26395&rt=nc&LH_ItemCondition=3&LH_BIN=1&rt=nc&LH_PrefLoc=1
Nail Combo,https://www.ebay.com/sch/i.html?_from=R40&_nkw=Nail+Combo&_sacat=26395&rt=nc&LH_ItemCondition=3&LH_BIN=1&rt=nc&LH_PrefLoc=1
Cuticle Nipper,https://www.ebay.com/sch/i.html?_from=R40&_nkw=Cuticle+Nipper&_sacat=26395&rt=nc&LH_ItemCondition=3&LH_BIN=1&rt=nc&LH_PrefLoc=1
Gel polish,https://www.ebay.com/sch/i.html?_from=R40&_nkw=Gel+polish&_sacat=26395&rt=nc&LH_ItemCondition=3&LH_BIN=1&rt=nc&LH_PrefLoc=1
Nail Files,https://www.ebay.com/sch/i.html?_from=R40&_nkw=Nail+Files&_sacat=26395&rt=nc&LH_ItemCondition=3&LH_BIN=1&rt=nc&LH_PrefLoc=1
Press On,https://www.ebay.com/sch/i.html?_from=R40&_nkw=Press+On&_sacat=26395&rt=nc&LH_ItemCondition=3&LH_BIN=1&rt=nc&LH_PrefLoc=1
Red Nail Polish,https://www.ebay.com/sch/i.html?_from=R40&_nkw=Red+Nail+Polish&_sacat=26395&rt=nc&LH_ItemCondition=3&LH_BIN=1&rt=nc&LH_PrefLoc=1
Nail Filler,https://www.ebay.com/sch/i.html?_from=R40&_nkw=Nail+Filler&_sacat=26395&rt=nc&LH_ItemCondition=3&LH_BIN=1&rt=nc&LH_PrefLoc=1
Acrylic Nails,https://www.ebay.com/sch/i.html?_from=R40&_nkw=Acrylic+Nails&_sacat=26395&rt=nc&LH_ItemCondition=3&LH_BIN=1&rt=nc&LH_PrefLoc=1
Nail device,https://www.ebay.com/sch/i.html?_from=R40&_nkw=Nail+device&_sacat=26395&rt=nc&LH_ItemCondition=3&LH_BIN=1&rt=nc&LH_PrefLoc=1
Fantasy Nails,https://www.ebay.com/sch/i.html?_from=R40&_nkw=Fantasy+Nails&_sacat=26395&rt=nc&LH_ItemCondition=3&LH_BIN=1&rt=nc&LH_PrefLoc=1
Gel Nail,https://www.ebay.com/sch/i.html?_from=R40&_nkw=Gel+Nail&_sacat=26395&rt=nc&LH_ItemCondition=3&LH_BIN=1&rt=nc&LH_PrefLoc=1
Pink Glitter,https://www.ebay.com/sch/i.html?_from=R40&_nkw=Pink+Glitter&_sacat=26395&rt=nc&LH_ItemCondition=3&LH_BIN=1&rt=nc&LH_PrefLoc=1
Blue press-ons,https://www.ebay.com/sch/i.html?_from=R40&_nkw=Blue+press-ons&_sacat=26395&rt=nc&LH_ItemCondition=3&LH_BIN=1&rt=nc&LH_PrefLoc=1
Nail Art,https://www.ebay.com/sch/i.html?_from=R40&_nkw=Nail+Art&_sacat=26395&rt=nc&LH_ItemCondition=3&LH_BIN=1&rt=nc&LH_PrefLoc=1
Nail Dip,https://www.ebay.com/sch/i.html?_from=R40&_nkw=Nail+Dip&_sacat=26395&rt=nc&LH_ItemCondition=3&LH_BIN=1&rt=nc&LH_PrefLoc=1
Bubble Bath,https://www.ebay.com/sch/i.html?_from=R40&_nkw=Bubble+Bath&_sacat=26395&rt=nc&LH_ItemCondition=3&LH_BIN=1&rt=nc&LH_PrefLoc=1
Glossy Press-On,https://www.ebay.com/sch/i.html?_from=R40&_nkw=Glossy+Press-On&_sacat=26395&rt=nc&LH_ItemCondition=3&LH_BIN=1&rt=nc&LH_PrefLoc=1
Lavender Cat Eye,https://www.ebay.com/sch/i.html?_from=R40&_nkw=Lavender+Cat+Eye&_sacat=26395&rt=nc&LH_ItemCondition=3&LH_BIN=1&rt=nc&LH_PrefLoc=1
Black press-ons,https://www.ebay.com/sch/i.html?_from=R40&_nkw=Black+press-ons&_sacat=26395&rt=nc&LH_ItemCondition=3&LH_BIN=1&rt=nc&LH_PrefLoc=1
Chip Resistant,https://www.ebay.com/sch/i.html?_from=R40&_nkw=Chip+Resistant&_sacat=26395&rt=nc&LH_ItemCondition=3&LH_BIN=1&rt=nc&LH_PrefLoc=1
Vegan Nail Hardener,https://www.ebay.com/sch/i.html?_from=R40&_nkw=Vegan+Nail+Hardener&_sacat=26395&rt=nc&LH_ItemCondition=3&LH_BIN=1&rt=nc&LH_PrefLoc=1
Odorless Acrylic,https://www.ebay.com/sch/i.html?_from=R40&_nkw=Odorless+Acrylic&_sacat=26395&rt=nc&LH_ItemCondition=3&LH_BIN=1&rt=nc&LH_PrefLoc=1
Toenail nipper,https://www.ebay.com/sch/i.html?_from=R40&_nkw=Toenail+nipper&_sacat=26395&rt=nc&LH_ItemCondition=3&LH_BIN=1&rt=nc&LH_PrefLoc=1
Barbie Nail,https://www.ebay.com/sch/i.html?_from=R40&_nkw=Barbie+Nail&_sacat=26395&rt=nc&LH_ItemCondition=3&LH_BIN=1&rt=nc&LH_PrefLoc=1
French nails,https://www.ebay.com/sch/i.html?_from=R40&_nkw=French+nails&_sacat=26395&rt=nc&LH_ItemCondition=3&LH_BIN=1&rt=nc&LH_PrefLoc=1
Top Coat,https://www.ebay.com/sch/i.html?_from=R40&_nkw=Top+Coat&_sacat=26395&rt=nc&LH_ItemCondition=3&LH_BIN=1&rt=nc&LH_PrefLoc=1
