Keyword,Links
Cuticle Trimmer,https://www.amazon.com/s?k=Cuticle+Trimmer&i=beauty&s=exact-aware-popularity-rank&ref=sr_st_exact-aware-popularity-rank
Lilac Shimmer,https://www.amazon.com/s?k=Lilac+Shimmer&i=beauty&s=exact-aware-popularity-rank&ref=sr_st_exact-aware-popularity-rank
Press-on manicure,https://www.amazon.com/s?k=Press-on+manicure&i=beauty&s=exact-aware-popularity-rank&ref=sr_st_exact-aware-popularity-rank
pastel pink,https://www.amazon.com/s?k=pastel+pink&i=beauty&s=exact-aware-popularity-rank&ref=sr_st_exact-aware-popularity-rank
White press-on nails,https://www.amazon.com/s?k=White+press-on+nails&i=beauty&s=exact-aware-popularity-rank&ref=sr_st_exact-aware-popularity-rank
Glittery Nails,https://www.amazon.com/s?k=Glittery+Nails&i=beauty&s=exact-aware-popularity-rank&ref=sr_st_exact-aware-popularity-rank
Toenail Clippers,https://www.amazon.com/s?k=Toenail+Clippers&i=beauty&s=exact-aware-popularity-rank&ref=sr_st_exact-aware-popularity-rank
Cajun Shrimp,https://www.amazon.com/s?k=Cajun+Shrimp&i=beauty&s=exact-aware-popularity-rank&ref=sr_st_exact-aware-popularity-rank
Red press-on nails,https://www.amazon.com/s?k=Red+press-on+nails&i=beauty&s=exact-aware-popularity-rank&ref=sr_st_exact-aware-popularity-rank
Halloween Nail Polish,https://www.amazon.com/s?k=Halloween+Nail+Polish&i=beauty&s=exact-aware-popularity-rank&ref=sr_st_exact-aware-popularity-rank
Funny Bunny,https://www.amazon.com/s?k=Funny+Bunny&i=beauty&s=exact-aware-popularity-rank&ref=sr_st_exact-aware-popularity-rank
French nude nails,https://www.amazon.com/s?k=French+nude+nails&i=beauty&s=exact-aware-popularity-rank&ref=sr_st_exact-aware-popularity-rank
Ocean Nails,https://www.amazon.com/s?k=Ocean+Nails&i=beauty&s=exact-aware-popularity-rank&ref=sr_st_exact-aware-popularity-rank
Budapest Nail Polish,https://www.amazon.com/s?k=Budapest+Nail+Polish&i=beauty&s=exact-aware-popularity-rank&ref=sr_st_exact-aware-popularity-rank
Golden Harvest Nails,https://www.amazon.com/s?k=Golden+Harvest+Nails&i=beauty&s=exact-aware-popularity-rank&ref=sr_st_exact-aware-popularity-rank
Gel manicure,https://www.amazon.com/s?k=Gel+manicure&i=beauty&s=exact-aware-popularity-rank&ref=sr_st_exact-aware-popularity-rank
Fake toenails,https://www.amazon.com/s?k=Fake+toenails&i=beauty&s=exact-aware-popularity-rank&ref=sr_st_exact-aware-popularity-rank
Ergonomic Nail Clippers,https://www.amazon.com/s?k=Ergonomic+Nail+Clippers&i=beauty&s=exact-aware-popularity-rank&ref=sr_st_exact-aware-popularity-rank
Pink Press-ons,https://www.amazon.com/s?k=Pink+Press-ons&i=beauty&s=exact-aware-popularity-rank&ref=sr_st_exact-aware-popularity-rank
Bakers Gonna Bake,https://www.amazon.com/s?k=Bakers+Gonna+Bake&i=beauty&s=exact-aware-popularity-rank&ref=sr_st_exact-aware-popularity-rank
Cuticle Serum,https://www.amazon.com/s?k=Cuticle+Serum&i=beauty&s=exact-aware-popularity-rank&ref=sr_st_exact-aware-popularity-rank
Nail Studio,https://www.amazon.com/s?k=Nail+Studio&i=beauty&s=exact-aware-popularity-rank&ref=sr_st_exact-aware-popularity-rank
Hello Kitty,https://www.amazon.com/s?k=Hello+Kitty&i=beauty&s=exact-aware-popularity-rank&ref=sr_st_exact-aware-popularity-rank
Salon Nails,https://www.amazon.com/s?k=Salon+Nails&i=beauty&s=exact-aware-popularity-rank&ref=sr_st_exact-aware-popularity-rank
Blooming Gel,https://www.amazon.com/s?k=Blooming+Gel&i=beauty&s=exact-aware-popularity-rank&ref=sr_st_exact-aware-popularity-rank
Flexible Base Coat,https://www.amazon.com/s?k=Flexible+Base+Coat&i=beauty&s=exact-aware-popularity-rank&ref=sr_st_exact-aware-popularity-rank
Bonding Gel,https://www.amazon.com/s?k=Bonding+Gel&i=beauty&s=exact-aware-popularity-rank&ref=sr_st_exact-aware-popularity-rank
Rechargeable Nail File,https://www.amazon.com/s?k=Rechargeable+Nail+File&i=beauty&s=exact-aware-popularity-rank&ref=sr_st_exact-aware-popularity-rank
Nail Desk,https://www.amazon.com/s?k=Nail+Desk&i=beauty&s=exact-aware-popularity-rank&ref=sr_st_exact-aware-popularity-rank
French manicure,https://www.amazon.com/s?k=French+manicure&i=beauty&s=exact-aware-popularity-rank&ref=sr_st_exact-aware-popularity-rank
Color Therapy,https://www.amazon.com/s?k=Color+Therapy&i=beauty&s=exact-aware-popularity-rank&ref=sr_st_exact-aware-popularity-rank
French Tip,https://www.amazon.com/s?k=French+Tip&i=beauty&s=exact-aware-popularity-rank&ref=sr_st_exact-aware-popularity-rank
Floral Press-ons,https://www.amazon.com/s?k=Floral+Press-ons&i=beauty&s=exact-aware-popularity-rank&ref=sr_st_exact-aware-popularity-rank
Gel coat,https://www.amazon.com/s?k=Gel+coat&i=beauty&s=exact-aware-popularity-rank&ref=sr_st_exact-aware-popularity-rank
Black Coffin,https://www.amazon.com/s?k=Black+Coffin&i=beauty&s=exact-aware-popularity-rank&ref=sr_st_exact-aware-popularity-rank
Non-toxic Nail Polish,https://www.amazon.com/s?k=Non-toxic+Nail+Polish&i=beauty&s=exact-aware-popularity-rank&ref=sr_st_exact-aware-popularity-rank
Galaxy Nails,https://www.amazon.com/s?k=Galaxy+Nails&i=beauty&s=exact-aware-popularity-rank&ref=sr_st_exact-aware-popularity-rank
Red Press-ons,https://www.amazon.com/s?k=Red+Press-ons&i=beauty&s=exact-aware-popularity-rank&ref=sr_st_exact-aware-popularity-rank
Acrylic Nail Kit,https://www.amazon.com/s?k=Acrylic+Nail+Kit&i=beauty&s=exact-aware-popularity-rank&ref=sr_st_exact-aware-popularity-rank
Gel Toenails,https://www.amazon.com/s?k=Gel+Toenails&i=beauty&s=exact-aware-popularity-rank&ref=sr_st_exact-aware-popularity-rank
Halloween nails,https://www.amazon.com/s?k=Halloween+nails&i=beauty&s=exact-aware-popularity-rank&ref=sr_st_exact-aware-popularity-rank
Gel Color,https://www.amazon.com/s?k=Gel+Color&i=beauty&s=exact-aware-popularity-rank&ref=sr_st_exact-aware-popularity-rank
Beige Nail Polish,https://www.amazon.com/s?k=Beige+Nail+Polish&i=beauty&s=exact-aware-popularity-rank&ref=sr_st_exact-aware-popularity-rank
Electric Nail Clipper,https://www.amazon.com/s?k=Electric+Nail+Clipper&i=beauty&s=exact-aware-popularity-rank&ref=sr_st_exact-aware-popularity-rank
Nail Enamel,https://www.amazon.com/s?k=Nail+Enamel&i=beauty&s=exact-aware-popularity-rank&ref=sr_st_exact-aware-popularity-rank
Electric Drill,https://www.amazon.com/s?k=Electric+Drill&i=beauty&s=exact-aware-popularity-rank&ref=sr_st_exact-aware-popularity-rank
Holiday Nails,https://www.amazon.com/s?k=Holiday+Nails&i=beauty&s=exact-aware-popularity-rank&ref=sr_st_exact-aware-popularity-rank
Magnetic Nail,https://www.amazon.com/s?k=Magnetic+Nail&i=beauty&s=exact-aware-popularity-rank&ref=sr_st_exact-aware-popularity-rank
Wax Pen,https://www.amazon.com/s?k=Wax+Pen&i=beauty&s=exact-aware-popularity-rank&ref=sr_st_exact-aware-popularity-rank
Sheer Fantasy,https://www.amazon.com/s?k=Sheer+Fantasy&i=beauty&s=exact-aware-popularity-rank&ref=sr_st_exact-aware-popularity-rank
