Keyword,Links
Cuticle Trimmer,https://www.ebay.com/sch/i.html?_from=R40&_nkw=Cuticle+Trimmer&_sacat=26395&rt=nc&LH_ItemCondition=3&LH_BIN=1&rt=nc&LH_PrefLoc=1
Lilac Shimmer,https://www.ebay.com/sch/i.html?_from=R40&_nkw=Lilac+Shimmer&_sacat=26395&rt=nc&LH_ItemCondition=3&LH_BIN=1&rt=nc&LH_PrefLoc=1
Press-on manicure,https://www.ebay.com/sch/i.html?_from=R40&_nkw=Press-on+manicure&_sacat=26395&rt=nc&LH_ItemCondition=3&LH_BIN=1&rt=nc&LH_PrefLoc=1
pastel pink,https://www.ebay.com/sch/i.html?_from=R40&_nkw=pastel+pink&_sacat=26395&rt=nc&LH_ItemCondition=3&LH_BIN=1&rt=nc&LH_PrefLoc=1
White press-on nails,https://www.ebay.com/sch/i.html?_from=R40&_nkw=White+press-on+nails&_sacat=26395&rt=nc&LH_ItemCondition=3&LH_BIN=1&rt=nc&LH_PrefLoc=1
Glittery Nails,https://www.ebay.com/sch/i.html?_from=R40&_nkw=Glittery+Nails&_sacat=26395&rt=nc&LH_ItemCondition=3&LH_BIN=1&rt=nc&LH_PrefLoc=1
Toenail Clippers,https://www.ebay.com/sch/i.html?_from=R40&_nkw=Toenail+Clippers&_sacat=26395&rt=nc&LH_ItemCondition=3&LH_BIN=1&rt=nc&LH_PrefLoc=1
Cajun Shrimp,https://www.ebay.com/sch/i.html?_from=R40&_nkw=Cajun+Shrimp&_sacat=26395&rt=nc&LH_ItemCondition=3&LH_BIN=1&rt=nc&LH_PrefLoc=1
Red press-on nails,https://www.ebay.com/sch/i.html?_from=R40&_nkw=Red+press-on+nails&_sacat=26395&rt=nc&LH_ItemCondition=3&LH_BIN=1&rt=nc&LH_PrefLoc=1
Halloween Nail Polish,https://www.ebay.com/sch/i.html?_from=R40&_nkw=Halloween+Nail+Polish&_sacat=26395&rt=nc&LH_ItemCondition=3&LH_BIN=1&rt=nc&LH_PrefLoc=1
Funny Bunny,https://www.ebay.com/sch/i.html?_from=R40&_nkw=Funny+Bunny&_sacat=26395&rt=nc&LH_ItemCondition=3&LH_BIN=1&rt=nc&LH_PrefLoc=1
French nude nails,https://www.ebay.com/sch/i.html?_from=R40&_nkw=French+nude+nails&_sacat=26395&rt=nc&LH_ItemCondition=3&LH_BIN=1&rt=nc&LH_PrefLoc=1
Ocean Nails,https://www.ebay.com/sch/i.html?_from=R40&_nkw=Ocean+Nails&_sacat=26395&rt=nc&LH_ItemCondition=3&LH_BIN=1&rt=nc&LH_PrefLoc=1
Budapest Nail Polish,https://www.ebay.com/sch/i.html?_from=R40&_nkw=Budapest+Nail+Polish&_sacat=26395&rt=nc&LH_ItemCondition=3&LH_BIN=1&rt=nc&LH_PrefLoc=1
Golden Harvest Nails,https://www.ebay.com/sch/i.html?_from=R40&_nkw=Golden+Harvest+Nails&_sacat=26395&rt=nc&LH_ItemCondition=3&LH_BIN=1&rt=nc&LH_PrefLoc=1
Gel manicure,https://www.ebay.com/sch/i.html?_from=R40&_nkw=Gel+manicure&_sacat=26395&rt=nc&LH_ItemCondition=3&LH_BIN=1&rt=nc&LH_PrefLoc=1
Fake toenails,https://www.ebay.com/sch/i.html?_from=R40&_nkw=Fake+toenails&_sacat=26395&rt=nc&LH_ItemCondition=3&LH_BIN=1&rt=nc&LH_PrefLoc=1
Ergonomic Nail Clippers,https://www.ebay.com/sch/i.html?_from=R40&_nkw=Ergonomic+Nail+Clippers&_sacat=26395&rt=nc&LH_ItemCondition=3&LH_BIN=1&rt=nc&LH_PrefLoc=1
Pink Press-ons,https://www.ebay.com/sch/i.html?_from=R40&_nkw=Pink+Press-ons&_sacat=26395&rt=nc&LH_ItemCondition=3&LH_BIN=1&rt=nc&LH_PrefLoc=1
Bakers Gonna Bake,https://www.ebay.com/sch/i.html?_from=R40&_nkw=Bakers+Gonna+Bake&_sacat=26395&rt=nc&LH_ItemCondition=3&LH_BIN=1&rt=nc&LH_PrefLoc=1
Cuticle Serum,https://www.ebay.com/sch/i.html?_from=R40&_nkw=Cuticle+Serum&_sacat=26395&rt=nc&LH_ItemCondition=3&LH_BIN=1&rt=nc&LH_PrefLoc=1
Nail Studio,https://www.ebay.com/sch/i.html?_from=R40&_nkw=Nail+Studio&_sacat=26395&rt=nc&LH_ItemCondition=3&LH_BIN=1&rt=nc&LH_PrefLoc=1
Hello Kitty,https://www.ebay.com/sch/i.html?_from=R40&_nkw=Hello+Kitty&_sacat=26395&rt=nc&LH_ItemCondition=3&LH_BIN=1&rt=nc&LH_PrefLoc=1
Salon Nails,https://www.ebay.com/sch/i.html?_from=R40&_nkw=Salon+Nails&_sacat=26395&rt=nc&LH_ItemCondition=3&LH_BIN=1&rt=nc&LH_PrefLoc=1
Blooming Gel,https://www.ebay.com/sch/i.html?_from=R40&_nkw=Blooming+Gel&_sacat=26395&rt=nc&LH_ItemCondition=3&LH_BIN=1&rt=nc&LH_PrefLoc=1
Flexible Base Coat,https://www.ebay.com/sch/i.html?_from=R40&_nkw=Flexible+Base+Coat&_sacat=26395&rt=nc&LH_ItemCondition=3&LH_BIN=1&rt=nc&LH_PrefLoc=1
Bonding Gel,https://www.ebay.com/sch/i.html?_from=R40&_nkw=Bonding+Gel&_sacat=26395&rt=nc&LH_ItemCondition=3&LH_BIN=1&rt=nc&LH_PrefLoc=1
Rechargeable Nail File,https://www.ebay.com/sch/i.html?_from=R40&_nkw=Rechargeable+Nail+File&_sacat=26395&rt=nc&LH_ItemCondition=3&LH_BIN=1&rt=nc&LH_PrefLoc=1
Nail Desk,https://www.ebay.com/sch/i.html?_from=R40&_nkw=Nail+Desk&_sacat=26395&rt=nc&LH_ItemCondition=3&LH_BIN=1&rt=nc&LH_PrefLoc=1
French manicure,https://www.ebay.com/sch/i.html?_from=R40&_nkw=French+manicure&_sacat=26395&rt=nc&LH_ItemCondition=3&LH_BIN=1&rt=nc&LH_PrefLoc=1
Color Therapy,https://www.ebay.com/sch/i.html?_from=R40&_nkw=Color+Therapy&_sacat=26395&rt=nc&LH_ItemCondition=3&LH_BIN=1&rt=nc&LH_PrefLoc=1
French Tip,https://www.ebay.com/sch/i.html?_from=R40&_nkw=French+Tip&_sacat=26395&rt=nc&LH_ItemCondition=3&LH_BIN=1&rt=nc&LH_PrefLoc=1
Floral Press-ons,https://www.ebay.com/sch/i.html?_from=R40&_nkw=Floral+Press-ons&_sacat=26395&rt=nc&LH_ItemCondition=3&LH_BIN=1&rt=nc&LH_PrefLoc=1
Gel coat,https://www.ebay.com/sch/i.html?_from=R40&_nkw=Gel+coat&_sacat=26395&rt=nc&LH_ItemCondition=3&LH_BIN=1&rt=nc&LH_PrefLoc=1
Black Coffin,https://www.ebay.com/sch/i.html?_from=R40&_nkw=Black+Coffin&_sacat=26395&rt=nc&LH_ItemCondition=3&LH_BIN=1&rt=nc&LH_PrefLoc=1
Non-toxic Nail Polish,https://www.ebay.com/sch/i.html?_from=R40&_nkw=Non-toxic+Nail+Polish&_sacat=26395&rt=nc&LH_ItemCondition=3&LH_BIN=1&rt=nc&LH_PrefLoc=1
Galaxy Nails,https://www.ebay.com/sch/i.html?_from=R40&_nkw=Galaxy+Nails&_sacat=26395&rt=nc&LH_ItemCondition=3&LH_BIN=1&rt=nc&LH_PrefLoc=1
Red Press-ons,https://www.ebay.com/sch/i.html?_from=R40&_nkw=Red+Press-ons&_sacat=26395&rt=nc&LH_ItemCondition=3&LH_BIN=1&rt=nc&LH_PrefLoc=1
Acrylic Nail Kit,https://www.ebay.com/sch/i.html?_from=R40&_nkw=Acrylic+Nail+Kit&_sacat=26395&rt=nc&LH_ItemCondition=3&LH_BIN=1&rt=nc&LH_PrefLoc=1
Gel Toenails,https://www.ebay.com/sch/i.html?_from=R40&_nkw=Gel+Toenails&_sacat=26395&rt=nc&LH_ItemCondition=3&LH_BIN=1&rt=nc&LH_PrefLoc=1
Halloween nails,https://www.ebay.com/sch/i.html?_from=R40&_nkw=Halloween+nails&_sacat=26395&rt=nc&LH_ItemCondition=3&LH_BIN=1&rt=nc&LH_PrefLoc=1
Gel Color,https://www.ebay.com/sch/i.html?_from=R40&_nkw=Gel+Color&_sacat=26395&rt=nc&LH_ItemCondition=3&LH_BIN=1&rt=nc&LH_PrefLoc=1
Beige Nail Polish,https://www.ebay.com/sch/i.html?_from=R40&_nkw=Beige+Nail+Polish&_sacat=26395&rt=nc&LH_ItemCondition=3&LH_BIN=1&rt=nc&LH_PrefLoc=1
Electric Nail Clipper,https://www.ebay.com/sch/i.html?_from=R40&_nkw=Electric+Nail+Clipper&_sacat=26395&rt=nc&LH_ItemCondition=3&LH_BIN=1&rt=nc&LH_PrefLoc=1
Nail Enamel,https://www.ebay.com/sch/i.html?_from=R40&_nkw=Nail+Enamel&_sacat=26395&rt=nc&LH_ItemCondition=3&LH_BIN=1&rt=nc&LH_PrefLoc=1
Electric Drill,https://www.ebay.com/sch/i.html?_from=R40&_nkw=Electric+Drill&_sacat=26395&rt=nc&LH_ItemCondition=3&LH_BIN=1&rt=nc&LH_PrefLoc=1
Holiday Nails,https://www.ebay.com/sch/i.html?_from=R40&_nkw=Holiday+Nails&_sacat=26395&rt=nc&LH_ItemCondition=3&LH_BIN=1&rt=nc&LH_PrefLoc=1
Magnetic Nail,https://www.ebay.com/sch/i.html?_from=R40&_nkw=Magnetic+Nail&_sacat=26395&rt=nc&LH_ItemCondition=3&LH_BIN=1&rt=nc&LH_PrefLoc=1
Wax Pen,https://www.ebay.com/sch/i.html?_from=R40&_nkw=Wax+Pen&_sacat=26395&rt=nc&LH_ItemCondition=3&LH_BIN=1&rt=nc&LH_PrefLoc=1
Sheer Fantasy,https://www.ebay.com/sch/i.html?_from=R40&_nkw=Sheer+Fantasy&_sacat=26395&rt=nc&LH_ItemCondition=3&LH_BIN=1&rt=nc&LH_PrefLoc=1
