Keyword,Links
Cranberry Capsules,https://www.ebay.com/sch/i.html?_from=R40&_nkw=Cranberry+Capsules&_sacat=26395&rt=nc&LH_ItemCondition=3&LH_BIN=1&rt=nc&LH_PrefLoc=1
Menopause Multivitamin,https://www.ebay.com/sch/i.html?_from=R40&_nkw=Menopause+Multivitamin&_sacat=26395&rt=nc&LH_ItemCondition=3&LH_BIN=1&rt=nc&LH_PrefLoc=1
L-Lysine Capsules,https://www.ebay.com/sch/i.html?_from=R40&_nkw=L-Lysine+Capsules&_sacat=26395&rt=nc&LH_ItemCondition=3&LH_BIN=1&rt=nc&LH_PrefLoc=1
Hyaluronic Acid,https://www.ebay.com/sch/i.html?_from=R40&_nkw=Hyaluronic+Acid&_sacat=26395&rt=nc&LH_ItemCondition=3&LH_BIN=1&rt=nc&LH_PrefLoc=1
Womens Multivitamin,https://www.ebay.com/sch/i.html?_from=R40&_nkw=Womens+Multivitamin&_sacat=26395&rt=nc&LH_ItemCondition=3&LH_BIN=1&rt=nc&LH_PrefLoc=1
Urinary Cleanse,https://www.ebay.com/sch/i.html?_from=R40&_nkw=Urinary+Cleanse&_sacat=26395&rt=nc&LH_ItemCondition=3&LH_BIN=1&rt=nc&LH_PrefLoc=1
Vitamin B Gummies,https://www.ebay.com/sch/i.html?_from=R40&_nkw=Vitamin+B+Gummies&_sacat=26395&rt=nc&LH_ItemCondition=3&LH_BIN=1&rt=nc&LH_PrefLoc=1
Vitamin D3 Drops,https://www.ebay.com/sch/i.html?_from=R40&_nkw=Vitamin+D3+Drops&_sacat=26395&rt=nc&LH_ItemCondition=3&LH_BIN=1&rt=nc&LH_PrefLoc=1
Probiotic Softgels,https://www.ebay.com/sch/i.html?_from=R40&_nkw=Probiotic+Softgels&_sacat=26395&rt=nc&LH_ItemCondition=3&LH_BIN=1&rt=nc&LH_PrefLoc=1
Immunity Support,https://www.ebay.com/sch/i.html?_from=R40&_nkw=Immunity+Support&_sacat=26395&rt=nc&LH_ItemCondition=3&LH_BIN=1&rt=nc&LH_PrefLoc=1
Vitamin D,https://www.ebay.com/sch/i.html?_from=R40&_nkw=Vitamin+D&_sacat=26395&rt=nc&LH_ItemCondition=3&LH_BIN=1&rt=nc&LH_PrefLoc=1
Liposomal Vitamin C,https://www.ebay.com/sch/i.html?_from=R40&_nkw=Liposomal+Vitamin+C&_sacat=26395&rt=nc&LH_ItemCondition=3&LH_BIN=1&rt=nc&LH_PrefLoc=1
Fermented Zinc,https://www.ebay.com/sch/i.html?_from=R40&_nkw=Fermented+Zinc&_sacat=26395&rt=nc&LH_ItemCondition=3&LH_BIN=1&rt=nc&LH_PrefLoc=1
Women's vitamins,https://www.ebay.com/sch/i.html?_from=R40&_nkw=Women's+vitamins&_sacat=26395&rt=nc&LH_ItemCondition=3&LH_BIN=1&rt=nc&LH_PrefLoc=1
Immune Supplement,https://www.ebay.com/sch/i.html?_from=R40&_nkw=Immune+Supplement&_sacat=26395&rt=nc&LH_ItemCondition=3&LH_BIN=1&rt=nc&LH_PrefLoc=1
Mushroom Complex,https://www.ebay.com/sch/i.html?_from=R40&_nkw=Mushroom+Complex&_sacat=26395&rt=nc&LH_ItemCondition=3&LH_BIN=1&rt=nc&LH_PrefLoc=1
Immunity Supplements,https://www.ebay.com/sch/i.html?_from=R40&_nkw=Immunity+Supplements&_sacat=26395&rt=nc&LH_ItemCondition=3&LH_BIN=1&rt=nc&LH_PrefLoc=1
Berberine Gummies,https://www.ebay.com/sch/i.html?_from=R40&_nkw=Berberine+Gummies&_sacat=26395&rt=nc&LH_ItemCondition=3&LH_BIN=1&rt=nc&LH_PrefLoc=1
Selenium Supplement,https://www.ebay.com/sch/i.html?_from=R40&_nkw=Selenium+Supplement&_sacat=26395&rt=nc&LH_ItemCondition=3&LH_BIN=1&rt=nc&LH_PrefLoc=1
Fulvic Acid,https://www.ebay.com/sch/i.html?_from=R40&_nkw=Fulvic+Acid&_sacat=26395&rt=nc&LH_ItemCondition=3&LH_BIN=1&rt=nc&LH_PrefLoc=1
Vitamin E,https://www.ebay.com/sch/i.html?_from=R40&_nkw=Vitamin+E&_sacat=26395&rt=nc&LH_ItemCondition=3&LH_BIN=1&rt=nc&LH_PrefLoc=1
Vegan Shake,https://www.ebay.com/sch/i.html?_from=R40&_nkw=Vegan+Shake&_sacat=26395&rt=nc&LH_ItemCondition=3&LH_BIN=1&rt=nc&LH_PrefLoc=1
Lion's Mane,https://www.ebay.com/sch/i.html?_from=R40&_nkw=Lion's+Mane&_sacat=26395&rt=nc&LH_ItemCondition=3&LH_BIN=1&rt=nc&LH_PrefLoc=1
Bariatric vitamins,https://www.ebay.com/sch/i.html?_from=R40&_nkw=Bariatric+vitamins&_sacat=26395&rt=nc&LH_ItemCondition=3&LH_BIN=1&rt=nc&LH_PrefLoc=1
Vitamin packets,https://www.ebay.com/sch/i.html?_from=R40&_nkw=Vitamin+packets&_sacat=26395&rt=nc&LH_ItemCondition=3&LH_BIN=1&rt=nc&LH_PrefLoc=1
Zinc Drops,https://www.ebay.com/sch/i.html?_from=R40&_nkw=Zinc+Drops&_sacat=26395&rt=nc&LH_ItemCondition=3&LH_BIN=1&rt=nc&LH_PrefLoc=1
Vegan Gummies,https://www.ebay.com/sch/i.html?_from=R40&_nkw=Vegan+Gummies&_sacat=26395&rt=nc&LH_ItemCondition=3&LH_BIN=1&rt=nc&LH_PrefLoc=1
Vitamin C Drops,https://www.ebay.com/sch/i.html?_from=R40&_nkw=Vitamin+C+Drops&_sacat=26395&rt=nc&LH_ItemCondition=3&LH_BIN=1&rt=nc&LH_PrefLoc=1
Blood Transfusion,https://www.ebay.com/sch/i.html?_from=R40&_nkw=Blood+Transfusion&_sacat=26395&rt=nc&LH_ItemCondition=3&LH_BIN=1&rt=nc&LH_PrefLoc=1
Sore Throat Remedies,https://www.ebay.com/sch/i.html?_from=R40&_nkw=Sore+Throat+Remedies&_sacat=26395&rt=nc&LH_ItemCondition=3&LH_BIN=1&rt=nc&LH_PrefLoc=1
Diet Immune,https://www.ebay.com/sch/i.html?_from=R40&_nkw=Diet+Immune&_sacat=26395&rt=nc&LH_ItemCondition=3&LH_BIN=1&rt=nc&LH_PrefLoc=1
Immune Cure,https://www.ebay.com/sch/i.html?_from=R40&_nkw=Immune+Cure&_sacat=26395&rt=nc&LH_ItemCondition=3&LH_BIN=1&rt=nc&LH_PrefLoc=1
Probiotics Uses,https://www.ebay.com/sch/i.html?_from=R40&_nkw=Probiotics+Uses&_sacat=26395&rt=nc&LH_ItemCondition=3&LH_BIN=1&rt=nc&LH_PrefLoc=1
Immune Response,https://www.ebay.com/sch/i.html?_from=R40&_nkw=Immune+Response&_sacat=26395&rt=nc&LH_ItemCondition=3&LH_BIN=1&rt=nc&LH_PrefLoc=1
Interleukin-10,https://www.ebay.com/sch/i.html?_from=R40&_nkw=Interleukin-10&_sacat=26395&rt=nc&LH_ItemCondition=3&LH_BIN=1&rt=nc&LH_PrefLoc=1
Zinc Caplets,https://www.ebay.com/sch/i.html?_from=R40&_nkw=Zinc+Caplets&_sacat=26395&rt=nc&LH_ItemCondition=3&LH_BIN=1&rt=nc&LH_PrefLoc=1
Joint Gummies,https://www.ebay.com/sch/i.html?_from=R40&_nkw=Joint+Gummies&_sacat=26395&rt=nc&LH_ItemCondition=3&LH_BIN=1&rt=nc&LH_PrefLoc=1
Lymph Support,https://www.ebay.com/sch/i.html?_from=R40&_nkw=Lymph+Support&_sacat=26395&rt=nc&LH_ItemCondition=3&LH_BIN=1&rt=nc&LH_PrefLoc=1
Arginine supplement,https://www.ebay.com/sch/i.html?_from=R40&_nkw=Arginine+supplement&_sacat=26395&rt=nc&LH_ItemCondition=3&LH_BIN=1&rt=nc&LH_PrefLoc=1
Vitamin D K2,https://www.ebay.com/sch/i.html?_from=R40&_nkw=Vitamin+D+K2&_sacat=26395&rt=nc&LH_ItemCondition=3&LH_BIN=1&rt=nc&LH_PrefLoc=1
Berberine supplements,https://www.ebay.com/sch/i.html?_from=R40&_nkw=Berberine+supplements&_sacat=26395&rt=nc&LH_ItemCondition=3&LH_BIN=1&rt=nc&LH_PrefLoc=1
Multivitamin Support,https://www.ebay.com/sch/i.html?_from=R40&_nkw=Multivitamin+Support&_sacat=26395&rt=nc&LH_ItemCondition=3&LH_BIN=1&rt=nc&LH_PrefLoc=1
Elderberry Liquid,https://www.ebay.com/sch/i.html?_from=R40&_nkw=Elderberry+Liquid&_sacat=26395&rt=nc&LH_ItemCondition=3&LH_BIN=1&rt=nc&LH_PrefLoc=1
Black Seed,https://www.ebay.com/sch/i.html?_from=R40&_nkw=Black+Seed&_sacat=26395&rt=nc&LH_ItemCondition=3&LH_BIN=1&rt=nc&LH_PrefLoc=1
High Potency Multivitamins,https://www.ebay.com/sch/i.html?_from=R40&_nkw=High+Potency+Multivitamins&_sacat=26395&rt=nc&LH_ItemCondition=3&LH_BIN=1&rt=nc&LH_PrefLoc=1
Dietary Supplement,https://www.ebay.com/sch/i.html?_from=R40&_nkw=Dietary+Supplement&_sacat=26395&rt=nc&LH_ItemCondition=3&LH_BIN=1&rt=nc&LH_PrefLoc=1
Glutamine Powder,https://www.ebay.com/sch/i.html?_from=R40&_nkw=Glutamine+Powder&_sacat=26395&rt=nc&LH_ItemCondition=3&LH_BIN=1&rt=nc&LH_PrefLoc=1
Zinc Lozenges,https://www.ebay.com/sch/i.html?_from=R40&_nkw=Zinc+Lozenges&_sacat=26395&rt=nc&LH_ItemCondition=3&LH_BIN=1&rt=nc&LH_PrefLoc=1
Electrolyte Tablets,https://www.ebay.com/sch/i.html?_from=R40&_nkw=Electrolyte+Tablets&_sacat=26395&rt=nc&LH_ItemCondition=3&LH_BIN=1&rt=nc&LH_PrefLoc=1
Beauty Gummies,https://www.ebay.com/sch/i.html?_from=R40&_nkw=Beauty+Gummies&_sacat=26395&rt=nc&LH_ItemCondition=3&LH_BIN=1&rt=nc&LH_PrefLoc=1
