Keyword,Links
Tea Tree Oil,https://www.amazon.com/s?k=Tea+Tree+Oil&i=beauty&s=exact-aware-popularity-rank&ref=sr_st_exact-aware-popularity-rank
Moisture Balm,https://www.amazon.com/s?k=Moisture+Balm&i=beauty&s=exact-aware-popularity-rank&ref=sr_st_exact-aware-popularity-rank
Baby skincare,https://www.amazon.com/s?k=Baby+skincare&i=beauty&s=exact-aware-popularity-rank&ref=sr_st_exact-aware-popularity-rank
Pink serum,https://www.amazon.com/s?k=Pink+serum&i=beauty&s=exact-aware-popularity-rank&ref=sr_st_exact-aware-popularity-rank
Anti-Wrinkle Moisturizer,https://www.amazon.com/s?k=Anti-Wrinkle+Moisturizer&i=beauty&s=exact-aware-popularity-rank&ref=sr_st_exact-aware-popularity-rank
Petroleum Jelly,https://www.amazon.com/s?k=Petroleum+Jelly&i=beauty&s=exact-aware-popularity-rank&ref=sr_st_exact-aware-popularity-rank
Bronzer Sunscreen,https://www.amazon.com/s?k=Bronzer+Sunscreen&i=beauty&s=exact-aware-popularity-rank&ref=sr_st_exact-aware-popularity-rank
Basic Duo,https://www.amazon.com/s?k=Basic+Duo&i=beauty&s=exact-aware-popularity-rank&ref=sr_st_exact-aware-popularity-rank
Sensitive deodorant,https://www.amazon.com/s?k=Sensitive+deodorant&i=beauty&s=exact-aware-popularity-rank&ref=sr_st_exact-aware-popularity-rank
Intensive Repair,https://www.amazon.com/s?k=Intensive+Repair&i=beauty&s=exact-aware-popularity-rank&ref=sr_st_exact-aware-popularity-rank
Argan Coconut,https://www.amazon.com/s?k=Argan+Coconut&i=beauty&s=exact-aware-popularity-rank&ref=sr_st_exact-aware-popularity-rank
Quinoa Mask,https://www.amazon.com/s?k=Quinoa+Mask&i=beauty&s=exact-aware-popularity-rank&ref=sr_st_exact-aware-popularity-rank
Balancing Toner,https://www.amazon.com/s?k=Balancing+Toner&i=beauty&s=exact-aware-popularity-rank&ref=sr_st_exact-aware-popularity-rank
facial tan,https://www.amazon.com/s?k=facial+tan&i=beauty&s=exact-aware-popularity-rank&ref=sr_st_exact-aware-popularity-rank
Moisturizing Ampoules,https://www.amazon.com/s?k=Moisturizing+Ampoules&i=beauty&s=exact-aware-popularity-rank&ref=sr_st_exact-aware-popularity-rank
Healing Cream,https://www.amazon.com/s?k=Healing+Cream&i=beauty&s=exact-aware-popularity-rank&ref=sr_st_exact-aware-popularity-rank
A Thousand Wishes,https://www.amazon.com/s?k=A+Thousand+Wishes&i=beauty&s=exact-aware-popularity-rank&ref=sr_st_exact-aware-popularity-rank
Scented Balms,https://www.amazon.com/s?k=Scented+Balms&i=beauty&s=exact-aware-popularity-rank&ref=sr_st_exact-aware-popularity-rank
Collagen Serum,https://www.amazon.com/s?k=Collagen+Serum&i=beauty&s=exact-aware-popularity-rank&ref=sr_st_exact-aware-popularity-rank
Tan intensifier,https://www.amazon.com/s?k=Tan+intensifier&i=beauty&s=exact-aware-popularity-rank&ref=sr_st_exact-aware-popularity-rank
Exfoliator Rejuvenator,https://www.amazon.com/s?k=Exfoliator+Rejuvenator&i=beauty&s=exact-aware-popularity-rank&ref=sr_st_exact-aware-popularity-rank
Cupuacu Lip Butter,https://www.amazon.com/s?k=Cupuacu+Lip+Butter&i=beauty&s=exact-aware-popularity-rank&ref=sr_st_exact-aware-popularity-rank
Lip ointment,https://www.amazon.com/s?k=Lip+ointment&i=beauty&s=exact-aware-popularity-rank&ref=sr_st_exact-aware-popularity-rank
Wrinkle Patches,https://www.amazon.com/s?k=Wrinkle+Patches&i=beauty&s=exact-aware-popularity-rank&ref=sr_st_exact-aware-popularity-rank
Nourishing Lip Serum,https://www.amazon.com/s?k=Nourishing+Lip+Serum&i=beauty&s=exact-aware-popularity-rank&ref=sr_st_exact-aware-popularity-rank
Intensive lotion,https://www.amazon.com/s?k=Intensive+lotion&i=beauty&s=exact-aware-popularity-rank&ref=sr_st_exact-aware-popularity-rank
Essentials Creme,https://www.amazon.com/s?k=Essentials+Creme&i=beauty&s=exact-aware-popularity-rank&ref=sr_st_exact-aware-popularity-rank
Tinted Lip Balm,https://www.amazon.com/s?k=Tinted+Lip+Balm&i=beauty&s=exact-aware-popularity-rank&ref=sr_st_exact-aware-popularity-rank
Watermelon Spray,https://www.amazon.com/s?k=Watermelon+Spray&i=beauty&s=exact-aware-popularity-rank&ref=sr_st_exact-aware-popularity-rank
Power Infusing,https://www.amazon.com/s?k=Power+Infusing&i=beauty&s=exact-aware-popularity-rank&ref=sr_st_exact-aware-popularity-rank
After Sun,https://www.amazon.com/s?k=After+Sun&i=beauty&s=exact-aware-popularity-rank&ref=sr_st_exact-aware-popularity-rank
Lip moisturizer,https://www.amazon.com/s?k=Lip+moisturizer&i=beauty&s=exact-aware-popularity-rank&ref=sr_st_exact-aware-popularity-rank
Mouth patches,https://www.amazon.com/s?k=Mouth+patches&i=beauty&s=exact-aware-popularity-rank&ref=sr_st_exact-aware-popularity-rank
Laser focus,https://www.amazon.com/s?k=Laser+focus&i=beauty&s=exact-aware-popularity-rank&ref=sr_st_exact-aware-popularity-rank
Exfoliating cream,https://www.amazon.com/s?k=Exfoliating+cream&i=beauty&s=exact-aware-popularity-rank&ref=sr_st_exact-aware-popularity-rank
Uplifting Cream,https://www.amazon.com/s?k=Uplifting+Cream&i=beauty&s=exact-aware-popularity-rank&ref=sr_st_exact-aware-popularity-rank
Glossy Balm,https://www.amazon.com/s?k=Glossy+Balm&i=beauty&s=exact-aware-popularity-rank&ref=sr_st_exact-aware-popularity-rank
Youth Eye Cream,https://www.amazon.com/s?k=Youth+Eye+Cream&i=beauty&s=exact-aware-popularity-rank&ref=sr_st_exact-aware-popularity-rank
Roll-on Deodorant,https://www.amazon.com/s?k=Roll-on+Deodorant&i=beauty&s=exact-aware-popularity-rank&ref=sr_st_exact-aware-popularity-rank
Moisturizing Factors,https://www.amazon.com/s?k=Moisturizing+Factors&i=beauty&s=exact-aware-popularity-rank&ref=sr_st_exact-aware-popularity-rank
Pore-Tight Toner,https://www.amazon.com/s?k=Pore-Tight+Toner&i=beauty&s=exact-aware-popularity-rank&ref=sr_st_exact-aware-popularity-rank
Gel deodorant,https://www.amazon.com/s?k=Gel+deodorant&i=beauty&s=exact-aware-popularity-rank&ref=sr_st_exact-aware-popularity-rank
Toner Liquid,https://www.amazon.com/s?k=Toner+Liquid&i=beauty&s=exact-aware-popularity-rank&ref=sr_st_exact-aware-popularity-rank
Ice Cream Lip Balm,https://www.amazon.com/s?k=Ice+Cream+Lip+Balm&i=beauty&s=exact-aware-popularity-rank&ref=sr_st_exact-aware-popularity-rank
Shea Lip Balm,https://www.amazon.com/s?k=Shea+Lip+Balm&i=beauty&s=exact-aware-popularity-rank&ref=sr_st_exact-aware-popularity-rank
Salicylic Cleanser,https://www.amazon.com/s?k=Salicylic+Cleanser&i=beauty&s=exact-aware-popularity-rank&ref=sr_st_exact-aware-popularity-rank
Sour Lip Balm,https://www.amazon.com/s?k=Sour+Lip+Balm&i=beauty&s=exact-aware-popularity-rank&ref=sr_st_exact-aware-popularity-rank
Moisturizing Stick,https://www.amazon.com/s?k=Moisturizing+Stick&i=beauty&s=exact-aware-popularity-rank&ref=sr_st_exact-aware-popularity-rank
Resurface Cream,https://www.amazon.com/s?k=Resurface+Cream&i=beauty&s=exact-aware-popularity-rank&ref=sr_st_exact-aware-popularity-rank
Barrier cream,https://www.amazon.com/s?k=Barrier+cream&i=beauty&s=exact-aware-popularity-rank&ref=sr_st_exact-aware-popularity-rank
