Keyword,Links
Makeup Bags,https://www.amazon.com/s?k=Makeup+Bags&i=beauty&s=exact-aware-popularity-rank&ref=sr_st_exact-aware-popularity-rank
Makeup Storage,https://www.amazon.com/s?k=Makeup+Storage&i=beauty&s=exact-aware-popularity-rank&ref=sr_st_exact-aware-popularity-rank
Cinderella Handbag,https://www.amazon.com/s?k=Cinderella+Handbag&i=beauty&s=exact-aware-popularity-rank&ref=sr_st_exact-aware-popularity-rank
Canvas Pouches,https://www.amazon.com/s?k=Canvas+Pouches&i=beauty&s=exact-aware-popularity-rank&ref=sr_st_exact-aware-popularity-rank
Cotton Pad,https://www.amazon.com/s?k=Cotton+Pad&i=beauty&s=exact-aware-popularity-rank&ref=sr_st_exact-aware-popularity-rank
Curved tweezers,https://www.amazon.com/s?k=Curved+tweezers&i=beauty&s=exact-aware-popularity-rank&ref=sr_st_exact-aware-popularity-rank
Microdermabrasion Device,https://www.amazon.com/s?k=Microdermabrasion+Device&i=beauty&s=exact-aware-popularity-rank&ref=sr_st_exact-aware-popularity-rank
Drawer organizers,https://www.amazon.com/s?k=Drawer+organizers&i=beauty&s=exact-aware-popularity-rank&ref=sr_st_exact-aware-popularity-rank
Nail Polish Organizer,https://www.amazon.com/s?k=Nail+Polish+Organizer&i=beauty&s=exact-aware-popularity-rank&ref=sr_st_exact-aware-popularity-rank
Play Purse,https://www.amazon.com/s?k=Play+Purse&i=beauty&s=exact-aware-popularity-rank&ref=sr_st_exact-aware-popularity-rank
Slant Tweezers,https://www.amazon.com/s?k=Slant+Tweezers&i=beauty&s=exact-aware-popularity-rank&ref=sr_st_exact-aware-popularity-rank
Facial Steamer,https://www.amazon.com/s?k=Facial+Steamer&i=beauty&s=exact-aware-popularity-rank&ref=sr_st_exact-aware-popularity-rank
Ice Roller,https://www.amazon.com/s?k=Ice+Roller&i=beauty&s=exact-aware-popularity-rank&ref=sr_st_exact-aware-popularity-rank
Microneedle Attachment,https://www.amazon.com/s?k=Microneedle+Attachment&i=beauty&s=exact-aware-popularity-rank&ref=sr_st_exact-aware-popularity-rank
Reusable cotton rounds,https://www.amazon.com/s?k=Reusable+cotton+rounds&i=beauty&s=exact-aware-popularity-rank&ref=sr_st_exact-aware-popularity-rank
Paddle Hairbrush,https://www.amazon.com/s?k=Paddle+Hairbrush&i=beauty&s=exact-aware-popularity-rank&ref=sr_st_exact-aware-popularity-rank
Nail Storage,https://www.amazon.com/s?k=Nail+Storage&i=beauty&s=exact-aware-popularity-rank&ref=sr_st_exact-aware-popularity-rank
Comb assembly,https://www.amazon.com/s?k=Comb+assembly&i=beauty&s=exact-aware-popularity-rank&ref=sr_st_exact-aware-popularity-rank
Stretch Comb,https://www.amazon.com/s?k=Stretch+Comb&i=beauty&s=exact-aware-popularity-rank&ref=sr_st_exact-aware-popularity-rank
Home Salon,https://www.amazon.com/s?k=Home+Salon&i=beauty&s=exact-aware-popularity-rank&ref=sr_st_exact-aware-popularity-rank
Acrylic Organizer,https://www.amazon.com/s?k=Acrylic+Organizer&i=beauty&s=exact-aware-popularity-rank&ref=sr_st_exact-aware-popularity-rank
Face sponge case,https://www.amazon.com/s?k=Face+sponge+case&i=beauty&s=exact-aware-popularity-rank&ref=sr_st_exact-aware-popularity-rank
Putty Tools,https://www.amazon.com/s?k=Putty+Tools&i=beauty&s=exact-aware-popularity-rank&ref=sr_st_exact-aware-popularity-rank
Professional Dryer,https://www.amazon.com/s?k=Professional+Dryer&i=beauty&s=exact-aware-popularity-rank&ref=sr_st_exact-aware-popularity-rank
Blackhead Remover,https://www.amazon.com/s?k=Blackhead+Remover&i=beauty&s=exact-aware-popularity-rank&ref=sr_st_exact-aware-popularity-rank
Beauty Organizer,https://www.amazon.com/s?k=Beauty+Organizer&i=beauty&s=exact-aware-popularity-rank&ref=sr_st_exact-aware-popularity-rank
Weekend set,https://www.amazon.com/s?k=Weekend+set&i=beauty&s=exact-aware-popularity-rank&ref=sr_st_exact-aware-popularity-rank
Cosmetic Sponges,https://www.amazon.com/s?k=Cosmetic+Sponges&i=beauty&s=exact-aware-popularity-rank&ref=sr_st_exact-aware-popularity-rank
Foldable Mirror,https://www.amazon.com/s?k=Foldable+Mirror&i=beauty&s=exact-aware-popularity-rank&ref=sr_st_exact-aware-popularity-rank
Slanted Tweezer,https://www.amazon.com/s?k=Slanted+Tweezer&i=beauty&s=exact-aware-popularity-rank&ref=sr_st_exact-aware-popularity-rank
Nose patches,https://www.amazon.com/s?k=Nose+patches&i=beauty&s=exact-aware-popularity-rank&ref=sr_st_exact-aware-popularity-rank
Shine Brush,https://www.amazon.com/s?k=Shine+Brush&i=beauty&s=exact-aware-popularity-rank&ref=sr_st_exact-aware-popularity-rank
Clincher Comb,https://www.amazon.com/s?k=Clincher+Comb&i=beauty&s=exact-aware-popularity-rank&ref=sr_st_exact-aware-popularity-rank
Eye Blending,https://www.amazon.com/s?k=Eye+Blending&i=beauty&s=exact-aware-popularity-rank&ref=sr_st_exact-aware-popularity-rank
Cotton Pads,https://www.amazon.com/s?k=Cotton+Pads&i=beauty&s=exact-aware-popularity-rank&ref=sr_st_exact-aware-popularity-rank
Crease Brush,https://www.amazon.com/s?k=Crease+Brush&i=beauty&s=exact-aware-popularity-rank&ref=sr_st_exact-aware-popularity-rank
Styling Comb,https://www.amazon.com/s?k=Styling+Comb&i=beauty&s=exact-aware-popularity-rank&ref=sr_st_exact-aware-popularity-rank
Curling Rods,https://www.amazon.com/s?k=Curling+Rods&i=beauty&s=exact-aware-popularity-rank&ref=sr_st_exact-aware-popularity-rank
Curling device,https://www.amazon.com/s?k=Curling+device&i=beauty&s=exact-aware-popularity-rank&ref=sr_st_exact-aware-popularity-rank
Shader Brush,https://www.amazon.com/s?k=Shader+Brush&i=beauty&s=exact-aware-popularity-rank&ref=sr_st_exact-aware-popularity-rank
Web Browser,https://www.amazon.com/s?k=Web+Browser&i=beauty&s=exact-aware-popularity-rank&ref=sr_st_exact-aware-popularity-rank
Blurring Brush,https://www.amazon.com/s?k=Blurring+Brush&i=beauty&s=exact-aware-popularity-rank&ref=sr_st_exact-aware-popularity-rank
Tapered Bronzer,https://www.amazon.com/s?k=Tapered+Bronzer&i=beauty&s=exact-aware-popularity-rank&ref=sr_st_exact-aware-popularity-rank
Barber Scissors,https://www.amazon.com/s?k=Barber+Scissors&i=beauty&s=exact-aware-popularity-rank&ref=sr_st_exact-aware-popularity-rank
Acne Therapy,https://www.amazon.com/s?k=Acne+Therapy&i=beauty&s=exact-aware-popularity-rank&ref=sr_st_exact-aware-popularity-rank
Compact Mirror,https://www.amazon.com/s?k=Compact+Mirror&i=beauty&s=exact-aware-popularity-rank&ref=sr_st_exact-aware-popularity-rank
Hair organizer,https://www.amazon.com/s?k=Hair+organizer&i=beauty&s=exact-aware-popularity-rank&ref=sr_st_exact-aware-popularity-rank
Beard Shears,https://www.amazon.com/s?k=Beard+Shears&i=beauty&s=exact-aware-popularity-rank&ref=sr_st_exact-aware-popularity-rank
Acne device,https://www.amazon.com/s?k=Acne+device&i=beauty&s=exact-aware-popularity-rank&ref=sr_st_exact-aware-popularity-rank
Slant Tip Tweezer,https://www.amazon.com/s?k=Slant+Tip+Tweezer&i=beauty&s=exact-aware-popularity-rank&ref=sr_st_exact-aware-popularity-rank
