Keyword,Links
Makeup Bags,https://www.ebay.com/sch/i.html?_from=R40&_nkw=Makeup+Bags&_sacat=26395&rt=nc&LH_ItemCondition=3&LH_BIN=1&rt=nc&LH_PrefLoc=1
Makeup Storage,https://www.ebay.com/sch/i.html?_from=R40&_nkw=Makeup+Storage&_sacat=26395&rt=nc&LH_ItemCondition=3&LH_BIN=1&rt=nc&LH_PrefLoc=1
Cinderella Handbag,https://www.ebay.com/sch/i.html?_from=R40&_nkw=Cinderella+Handbag&_sacat=26395&rt=nc&LH_ItemCondition=3&LH_BIN=1&rt=nc&LH_PrefLoc=1
Canvas Pouches,https://www.ebay.com/sch/i.html?_from=R40&_nkw=Canvas+Pouches&_sacat=26395&rt=nc&LH_ItemCondition=3&LH_BIN=1&rt=nc&LH_PrefLoc=1
Cotton Pad,https://www.ebay.com/sch/i.html?_from=R40&_nkw=Cotton+Pad&_sacat=26395&rt=nc&LH_ItemCondition=3&LH_BIN=1&rt=nc&LH_PrefLoc=1
Curved tweezers,https://www.ebay.com/sch/i.html?_from=R40&_nkw=Curved+tweezers&_sacat=26395&rt=nc&LH_ItemCondition=3&LH_BIN=1&rt=nc&LH_PrefLoc=1
Microdermabrasion Device,https://www.ebay.com/sch/i.html?_from=R40&_nkw=Microdermabrasion+Device&_sacat=26395&rt=nc&LH_ItemCondition=3&LH_BIN=1&rt=nc&LH_PrefLoc=1
Drawer organizers,https://www.ebay.com/sch/i.html?_from=R40&_nkw=Drawer+organizers&_sacat=26395&rt=nc&LH_ItemCondition=3&LH_BIN=1&rt=nc&LH_PrefLoc=1
Nail Polish Organizer,https://www.ebay.com/sch/i.html?_from=R40&_nkw=Nail+Polish+Organizer&_sacat=26395&rt=nc&LH_ItemCondition=3&LH_BIN=1&rt=nc&LH_PrefLoc=1
Play Purse,https://www.ebay.com/sch/i.html?_from=R40&_nkw=Play+Purse&_sacat=26395&rt=nc&LH_ItemCondition=3&LH_BIN=1&rt=nc&LH_PrefLoc=1
Slant Tweezers,https://www.ebay.com/sch/i.html?_from=R40&_nkw=Slant+Tweezers&_sacat=26395&rt=nc&LH_ItemCondition=3&LH_BIN=1&rt=nc&LH_PrefLoc=1
Facial Steamer,https://www.ebay.com/sch/i.html?_from=R40&_nkw=Facial+Steamer&_sacat=26395&rt=nc&LH_ItemCondition=3&LH_BIN=1&rt=nc&LH_PrefLoc=1
Ice Roller,https://www.ebay.com/sch/i.html?_from=R40&_nkw=Ice+Roller&_sacat=26395&rt=nc&LH_ItemCondition=3&LH_BIN=1&rt=nc&LH_PrefLoc=1
Microneedle Attachment,https://www.ebay.com/sch/i.html?_from=R40&_nkw=Microneedle+Attachment&_sacat=26395&rt=nc&LH_ItemCondition=3&LH_BIN=1&rt=nc&LH_PrefLoc=1
Reusable cotton rounds,https://www.ebay.com/sch/i.html?_from=R40&_nkw=Reusable+cotton+rounds&_sacat=26395&rt=nc&LH_ItemCondition=3&LH_BIN=1&rt=nc&LH_PrefLoc=1
Paddle Hairbrush,https://www.ebay.com/sch/i.html?_from=R40&_nkw=Paddle+Hairbrush&_sacat=26395&rt=nc&LH_ItemCondition=3&LH_BIN=1&rt=nc&LH_PrefLoc=1
Nail Storage,https://www.ebay.com/sch/i.html?_from=R40&_nkw=Nail+Storage&_sacat=26395&rt=nc&LH_ItemCondition=3&LH_BIN=1&rt=nc&LH_PrefLoc=1
Comb assembly,https://www.ebay.com/sch/i.html?_from=R40&_nkw=Comb+assembly&_sacat=26395&rt=nc&LH_ItemCondition=3&LH_BIN=1&rt=nc&LH_PrefLoc=1
Stretch Comb,https://www.ebay.com/sch/i.html?_from=R40&_nkw=Stretch+Comb&_sacat=26395&rt=nc&LH_ItemCondition=3&LH_BIN=1&rt=nc&LH_PrefLoc=1
Home Salon,https://www.ebay.com/sch/i.html?_from=R40&_nkw=Home+Salon&_sacat=26395&rt=nc&LH_ItemCondition=3&LH_BIN=1&rt=nc&LH_PrefLoc=1
Acrylic Organizer,https://www.ebay.com/sch/i.html?_from=R40&_nkw=Acrylic+Organizer&_sacat=26395&rt=nc&LH_ItemCondition=3&LH_BIN=1&rt=nc&LH_PrefLoc=1
Face sponge case,https://www.ebay.com/sch/i.html?_from=R40&_nkw=Face+sponge+case&_sacat=26395&rt=nc&LH_ItemCondition=3&LH_BIN=1&rt=nc&LH_PrefLoc=1
Putty Tools,https://www.ebay.com/sch/i.html?_from=R40&_nkw=Putty+Tools&_sacat=26395&rt=nc&LH_ItemCondition=3&LH_BIN=1&rt=nc&LH_PrefLoc=1
Professional Dryer,https://www.ebay.com/sch/i.html?_from=R40&_nkw=Professional+Dryer&_sacat=26395&rt=nc&LH_ItemCondition=3&LH_BIN=1&rt=nc&LH_PrefLoc=1
Blackhead Remover,https://www.ebay.com/sch/i.html?_from=R40&_nkw=Blackhead+Remover&_sacat=26395&rt=nc&LH_ItemCondition=3&LH_BIN=1&rt=nc&LH_PrefLoc=1
Beauty Organizer,https://www.ebay.com/sch/i.html?_from=R40&_nkw=Beauty+Organizer&_sacat=26395&rt=nc&LH_ItemCondition=3&LH_BIN=1&rt=nc&LH_PrefLoc=1
Weekend set,https://www.ebay.com/sch/i.html?_from=R40&_nkw=Weekend+set&_sacat=26395&rt=nc&LH_ItemCondition=3&LH_BIN=1&rt=nc&LH_PrefLoc=1
Cosmetic Sponges,https://www.ebay.com/sch/i.html?_from=R40&_nkw=Cosmetic+Sponges&_sacat=26395&rt=nc&LH_ItemCondition=3&LH_BIN=1&rt=nc&LH_PrefLoc=1
Foldable Mirror,https://www.ebay.com/sch/i.html?_from=R40&_nkw=Foldable+Mirror&_sacat=26395&rt=nc&LH_ItemCondition=3&LH_BIN=1&rt=nc&LH_PrefLoc=1
Slanted Tweezer,https://www.ebay.com/sch/i.html?_from=R40&_nkw=Slanted+Tweezer&_sacat=26395&rt=nc&LH_ItemCondition=3&LH_BIN=1&rt=nc&LH_PrefLoc=1
Nose patches,https://www.ebay.com/sch/i.html?_from=R40&_nkw=Nose+patches&_sacat=26395&rt=nc&LH_ItemCondition=3&LH_BIN=1&rt=nc&LH_PrefLoc=1
Shine Brush,https://www.ebay.com/sch/i.html?_from=R40&_nkw=Shine+Brush&_sacat=26395&rt=nc&LH_ItemCondition=3&LH_BIN=1&rt=nc&LH_PrefLoc=1
Clincher Comb,https://www.ebay.com/sch/i.html?_from=R40&_nkw=Clincher+Comb&_sacat=26395&rt=nc&LH_ItemCondition=3&LH_BIN=1&rt=nc&LH_PrefLoc=1
Eye Blending,https://www.ebay.com/sch/i.html?_from=R40&_nkw=Eye+Blending&_sacat=26395&rt=nc&LH_ItemCondition=3&LH_BIN=1&rt=nc&LH_PrefLoc=1
Cotton Pads,https://www.ebay.com/sch/i.html?_from=R40&_nkw=Cotton+Pads&_sacat=26395&rt=nc&LH_ItemCondition=3&LH_BIN=1&rt=nc&LH_PrefLoc=1
Crease Brush,https://www.ebay.com/sch/i.html?_from=R40&_nkw=Crease+Brush&_sacat=26395&rt=nc&LH_ItemCondition=3&LH_BIN=1&rt=nc&LH_PrefLoc=1
Styling Comb,https://www.ebay.com/sch/i.html?_from=R40&_nkw=Styling+Comb&_sacat=26395&rt=nc&LH_ItemCondition=3&LH_BIN=1&rt=nc&LH_PrefLoc=1
Curling Rods,https://www.ebay.com/sch/i.html?_from=R40&_nkw=Curling+Rods&_sacat=26395&rt=nc&LH_ItemCondition=3&LH_BIN=1&rt=nc&LH_PrefLoc=1
Curling device,https://www.ebay.com/sch/i.html?_from=R40&_nkw=Curling+device&_sacat=26395&rt=nc&LH_ItemCondition=3&LH_BIN=1&rt=nc&LH_PrefLoc=1
Shader Brush,https://www.ebay.com/sch/i.html?_from=R40&_nkw=Shader+Brush&_sacat=26395&rt=nc&LH_ItemCondition=3&LH_BIN=1&rt=nc&LH_PrefLoc=1
Web Browser,https://www.ebay.com/sch/i.html?_from=R40&_nkw=Web+Browser&_sacat=26395&rt=nc&LH_ItemCondition=3&LH_BIN=1&rt=nc&LH_PrefLoc=1
Blurring Brush,https://www.ebay.com/sch/i.html?_from=R40&_nkw=Blurring+Brush&_sacat=26395&rt=nc&LH_ItemCondition=3&LH_BIN=1&rt=nc&LH_PrefLoc=1
Tapered Bronzer,https://www.ebay.com/sch/i.html?_from=R40&_nkw=Tapered+Bronzer&_sacat=26395&rt=nc&LH_ItemCondition=3&LH_BIN=1&rt=nc&LH_PrefLoc=1
Barber Scissors,https://www.ebay.com/sch/i.html?_from=R40&_nkw=Barber+Scissors&_sacat=26395&rt=nc&LH_ItemCondition=3&LH_BIN=1&rt=nc&LH_PrefLoc=1
Acne Therapy,https://www.ebay.com/sch/i.html?_from=R40&_nkw=Acne+Therapy&_sacat=26395&rt=nc&LH_ItemCondition=3&LH_BIN=1&rt=nc&LH_PrefLoc=1
Compact Mirror,https://www.ebay.com/sch/i.html?_from=R40&_nkw=Compact+Mirror&_sacat=26395&rt=nc&LH_ItemCondition=3&LH_BIN=1&rt=nc&LH_PrefLoc=1
Hair organizer,https://www.ebay.com/sch/i.html?_from=R40&_nkw=Hair+organizer&_sacat=26395&rt=nc&LH_ItemCondition=3&LH_BIN=1&rt=nc&LH_PrefLoc=1
Beard Shears,https://www.ebay.com/sch/i.html?_from=R40&_nkw=Beard+Shears&_sacat=26395&rt=nc&LH_ItemCondition=3&LH_BIN=1&rt=nc&LH_PrefLoc=1
Acne device,https://www.ebay.com/sch/i.html?_from=R40&_nkw=Acne+device&_sacat=26395&rt=nc&LH_ItemCondition=3&LH_BIN=1&rt=nc&LH_PrefLoc=1
Slant Tip Tweezer,https://www.ebay.com/sch/i.html?_from=R40&_nkw=Slant+Tip+Tweezer&_sacat=26395&rt=nc&LH_ItemCondition=3&LH_BIN=1&rt=nc&LH_PrefLoc=1
