Keyword,Links
Tea Tree Oil,https://www.ebay.com/sch/i.html?_from=R40&_nkw=Tea+Tree+Oil&_sacat=26395&rt=nc&LH_ItemCondition=3&LH_BIN=1&rt=nc&LH_PrefLoc=1
Moisture Balm,https://www.ebay.com/sch/i.html?_from=R40&_nkw=Moisture+Balm&_sacat=26395&rt=nc&LH_ItemCondition=3&LH_BIN=1&rt=nc&LH_PrefLoc=1
Baby skincare,https://www.ebay.com/sch/i.html?_from=R40&_nkw=Baby+skincare&_sacat=26395&rt=nc&LH_ItemCondition=3&LH_BIN=1&rt=nc&LH_PrefLoc=1
Pink serum,https://www.ebay.com/sch/i.html?_from=R40&_nkw=Pink+serum&_sacat=26395&rt=nc&LH_ItemCondition=3&LH_BIN=1&rt=nc&LH_PrefLoc=1
Anti-Wrinkle Moisturizer,https://www.ebay.com/sch/i.html?_from=R40&_nkw=Anti-Wrinkle+Moisturizer&_sacat=26395&rt=nc&LH_ItemCondition=3&LH_BIN=1&rt=nc&LH_PrefLoc=1
Petroleum Jelly,https://www.ebay.com/sch/i.html?_from=R40&_nkw=Petroleum+Jelly&_sacat=26395&rt=nc&LH_ItemCondition=3&LH_BIN=1&rt=nc&LH_PrefLoc=1
Bronzer Sunscreen,https://www.ebay.com/sch/i.html?_from=R40&_nkw=Bronzer+Sunscreen&_sacat=26395&rt=nc&LH_ItemCondition=3&LH_BIN=1&rt=nc&LH_PrefLoc=1
Basic Duo,https://www.ebay.com/sch/i.html?_from=R40&_nkw=Basic+Duo&_sacat=26395&rt=nc&LH_ItemCondition=3&LH_BIN=1&rt=nc&LH_PrefLoc=1
Sensitive deodorant,https://www.ebay.com/sch/i.html?_from=R40&_nkw=Sensitive+deodorant&_sacat=26395&rt=nc&LH_ItemCondition=3&LH_BIN=1&rt=nc&LH_PrefLoc=1
Intensive Repair,https://www.ebay.com/sch/i.html?_from=R40&_nkw=Intensive+Repair&_sacat=26395&rt=nc&LH_ItemCondition=3&LH_BIN=1&rt=nc&LH_PrefLoc=1
Argan Coconut,https://www.ebay.com/sch/i.html?_from=R40&_nkw=Argan+Coconut&_sacat=26395&rt=nc&LH_ItemCondition=3&LH_BIN=1&rt=nc&LH_PrefLoc=1
Quinoa Mask,https://www.ebay.com/sch/i.html?_from=R40&_nkw=Quinoa+Mask&_sacat=26395&rt=nc&LH_ItemCondition=3&LH_BIN=1&rt=nc&LH_PrefLoc=1
Balancing Toner,https://www.ebay.com/sch/i.html?_from=R40&_nkw=Balancing+Toner&_sacat=26395&rt=nc&LH_ItemCondition=3&LH_BIN=1&rt=nc&LH_PrefLoc=1
facial tan,https://www.ebay.com/sch/i.html?_from=R40&_nkw=facial+tan&_sacat=26395&rt=nc&LH_ItemCondition=3&LH_BIN=1&rt=nc&LH_PrefLoc=1
Moisturizing Ampoules,https://www.ebay.com/sch/i.html?_from=R40&_nkw=Moisturizing+Ampoules&_sacat=26395&rt=nc&LH_ItemCondition=3&LH_BIN=1&rt=nc&LH_PrefLoc=1
Healing Cream,https://www.ebay.com/sch/i.html?_from=R40&_nkw=Healing+Cream&_sacat=26395&rt=nc&LH_ItemCondition=3&LH_BIN=1&rt=nc&LH_PrefLoc=1
A Thousand Wishes,https://www.ebay.com/sch/i.html?_from=R40&_nkw=A+Thousand+Wishes&_sacat=26395&rt=nc&LH_ItemCondition=3&LH_BIN=1&rt=nc&LH_PrefLoc=1
Scented Balms,https://www.ebay.com/sch/i.html?_from=R40&_nkw=Scented+Balms&_sacat=26395&rt=nc&LH_ItemCondition=3&LH_BIN=1&rt=nc&LH_PrefLoc=1
Collagen Serum,https://www.ebay.com/sch/i.html?_from=R40&_nkw=Collagen+Serum&_sacat=26395&rt=nc&LH_ItemCondition=3&LH_BIN=1&rt=nc&LH_PrefLoc=1
Tan intensifier,https://www.ebay.com/sch/i.html?_from=R40&_nkw=Tan+intensifier&_sacat=26395&rt=nc&LH_ItemCondition=3&LH_BIN=1&rt=nc&LH_PrefLoc=1
Exfoliator Rejuvenator,https://www.ebay.com/sch/i.html?_from=R40&_nkw=Exfoliator+Rejuvenator&_sacat=26395&rt=nc&LH_ItemCondition=3&LH_BIN=1&rt=nc&LH_PrefLoc=1
Cupuacu Lip Butter,https://www.ebay.com/sch/i.html?_from=R40&_nkw=Cupuacu+Lip+Butter&_sacat=26395&rt=nc&LH_ItemCondition=3&LH_BIN=1&rt=nc&LH_PrefLoc=1
Lip ointment,https://www.ebay.com/sch/i.html?_from=R40&_nkw=Lip+ointment&_sacat=26395&rt=nc&LH_ItemCondition=3&LH_BIN=1&rt=nc&LH_PrefLoc=1
Wrinkle Patches,https://www.ebay.com/sch/i.html?_from=R40&_nkw=Wrinkle+Patches&_sacat=26395&rt=nc&LH_ItemCondition=3&LH_BIN=1&rt=nc&LH_PrefLoc=1
Nourishing Lip Serum,https://www.ebay.com/sch/i.html?_from=R40&_nkw=Nourishing+Lip+Serum&_sacat=26395&rt=nc&LH_ItemCondition=3&LH_BIN=1&rt=nc&LH_PrefLoc=1
Intensive lotion,https://www.ebay.com/sch/i.html?_from=R40&_nkw=Intensive+lotion&_sacat=26395&rt=nc&LH_ItemCondition=3&LH_BIN=1&rt=nc&LH_PrefLoc=1
Essentials Creme,https://www.ebay.com/sch/i.html?_from=R40&_nkw=Essentials+Creme&_sacat=26395&rt=nc&LH_ItemCondition=3&LH_BIN=1&rt=nc&LH_PrefLoc=1
Tinted Lip Balm,https://www.ebay.com/sch/i.html?_from=R40&_nkw=Tinted+Lip+Balm&_sacat=26395&rt=nc&LH_ItemCondition=3&LH_BIN=1&rt=nc&LH_PrefLoc=1
Watermelon Spray,https://www.ebay.com/sch/i.html?_from=R40&_nkw=Watermelon+Spray&_sacat=26395&rt=nc&LH_ItemCondition=3&LH_BIN=1&rt=nc&LH_PrefLoc=1
Power Infusing,https://www.ebay.com/sch/i.html?_from=R40&_nkw=Power+Infusing&_sacat=26395&rt=nc&LH_ItemCondition=3&LH_BIN=1&rt=nc&LH_PrefLoc=1
After Sun,https://www.ebay.com/sch/i.html?_from=R40&_nkw=After+Sun&_sacat=26395&rt=nc&LH_ItemCondition=3&LH_BIN=1&rt=nc&LH_PrefLoc=1
Lip moisturizer,https://www.ebay.com/sch/i.html?_from=R40&_nkw=Lip+moisturizer&_sacat=26395&rt=nc&LH_ItemCondition=3&LH_BIN=1&rt=nc&LH_PrefLoc=1
Mouth patches,https://www.ebay.com/sch/i.html?_from=R40&_nkw=Mouth+patches&_sacat=26395&rt=nc&LH_ItemCondition=3&LH_BIN=1&rt=nc&LH_PrefLoc=1
Laser focus,https://www.ebay.com/sch/i.html?_from=R40&_nkw=Laser+focus&_sacat=26395&rt=nc&LH_ItemCondition=3&LH_BIN=1&rt=nc&LH_PrefLoc=1
Exfoliating cream,https://www.ebay.com/sch/i.html?_from=R40&_nkw=Exfoliating+cream&_sacat=26395&rt=nc&LH_ItemCondition=3&LH_BIN=1&rt=nc&LH_PrefLoc=1
Uplifting Cream,https://www.ebay.com/sch/i.html?_from=R40&_nkw=Uplifting+Cream&_sacat=26395&rt=nc&LH_ItemCondition=3&LH_BIN=1&rt=nc&LH_PrefLoc=1
Glossy Balm,https://www.ebay.com/sch/i.html?_from=R40&_nkw=Glossy+Balm&_sacat=26395&rt=nc&LH_ItemCondition=3&LH_BIN=1&rt=nc&LH_PrefLoc=1
Youth Eye Cream,https://www.ebay.com/sch/i.html?_from=R40&_nkw=Youth+Eye+Cream&_sacat=26395&rt=nc&LH_ItemCondition=3&LH_BIN=1&rt=nc&LH_PrefLoc=1
Roll-on Deodorant,https://www.ebay.com/sch/i.html?_from=R40&_nkw=Roll-on+Deodorant&_sacat=26395&rt=nc&LH_ItemCondition=3&LH_BIN=1&rt=nc&LH_PrefLoc=1
Moisturizing Factors,https://www.ebay.com/sch/i.html?_from=R40&_nkw=Moisturizing+Factors&_sacat=26395&rt=nc&LH_ItemCondition=3&LH_BIN=1&rt=nc&LH_PrefLoc=1
Pore-Tight Toner,https://www.ebay.com/sch/i.html?_from=R40&_nkw=Pore-Tight+Toner&_sacat=26395&rt=nc&LH_ItemCondition=3&LH_BIN=1&rt=nc&LH_PrefLoc=1
Gel deodorant,https://www.ebay.com/sch/i.html?_from=R40&_nkw=Gel+deodorant&_sacat=26395&rt=nc&LH_ItemCondition=3&LH_BIN=1&rt=nc&LH_PrefLoc=1
Toner Liquid,https://www.ebay.com/sch/i.html?_from=R40&_nkw=Toner+Liquid&_sacat=26395&rt=nc&LH_ItemCondition=3&LH_BIN=1&rt=nc&LH_PrefLoc=1
Ice Cream Lip Balm,https://www.ebay.com/sch/i.html?_from=R40&_nkw=Ice+Cream+Lip+Balm&_sacat=26395&rt=nc&LH_ItemCondition=3&LH_BIN=1&rt=nc&LH_PrefLoc=1
Shea Lip Balm,https://www.ebay.com/sch/i.html?_from=R40&_nkw=Shea+Lip+Balm&_sacat=26395&rt=nc&LH_ItemCondition=3&LH_BIN=1&rt=nc&LH_PrefLoc=1
Salicylic Cleanser,https://www.ebay.com/sch/i.html?_from=R40&_nkw=Salicylic+Cleanser&_sacat=26395&rt=nc&LH_ItemCondition=3&LH_BIN=1&rt=nc&LH_PrefLoc=1
Sour Lip Balm,https://www.ebay.com/sch/i.html?_from=R40&_nkw=Sour+Lip+Balm&_sacat=26395&rt=nc&LH_ItemCondition=3&LH_BIN=1&rt=nc&LH_PrefLoc=1
Moisturizing Stick,https://www.ebay.com/sch/i.html?_from=R40&_nkw=Moisturizing+Stick&_sacat=26395&rt=nc&LH_ItemCondition=3&LH_BIN=1&rt=nc&LH_PrefLoc=1
Resurface Cream,https://www.ebay.com/sch/i.html?_from=R40&_nkw=Resurface+Cream&_sacat=26395&rt=nc&LH_ItemCondition=3&LH_BIN=1&rt=nc&LH_PrefLoc=1
Barrier cream,https://www.ebay.com/sch/i.html?_from=R40&_nkw=Barrier+cream&_sacat=26395&rt=nc&LH_ItemCondition=3&LH_BIN=1&rt=nc&LH_PrefLoc=1
