Keyword,Links
OTC Capsules,https://www.ebay.com/sch/i.html?_from=R40&_nkw=OTC+Capsules&_sacat=26395&rt=nc&LH_ItemCondition=3&LH_BIN=1&rt=nc&LH_PrefLoc=1
Nausea relief,https://www.ebay.com/sch/i.html?_from=R40&_nkw=Nausea+relief&_sacat=26395&rt=nc&LH_ItemCondition=3&LH_BIN=1&rt=nc&LH_PrefLoc=1
Tummy Relief,https://www.ebay.com/sch/i.html?_from=R40&_nkw=Tummy+Relief&_sacat=26395&rt=nc&LH_ItemCondition=3&LH_BIN=1&rt=nc&LH_PrefLoc=1
Antacid Supplement,https://www.ebay.com/sch/i.html?_from=R40&_nkw=Antacid+Supplement&_sacat=26395&rt=nc&LH_ItemCondition=3&LH_BIN=1&rt=nc&LH_PrefLoc=1
Bladder supplement,https://www.ebay.com/sch/i.html?_from=R40&_nkw=Bladder+supplement&_sacat=26395&rt=nc&LH_ItemCondition=3&LH_BIN=1&rt=nc&LH_PrefLoc=1
Peppermint Antacid,https://www.ebay.com/sch/i.html?_from=R40&_nkw=Peppermint+Antacid&_sacat=26395&rt=nc&LH_ItemCondition=3&LH_BIN=1&rt=nc&LH_PrefLoc=1
Antacid Powder,https://www.ebay.com/sch/i.html?_from=R40&_nkw=Antacid+Powder&_sacat=26395&rt=nc&LH_ItemCondition=3&LH_BIN=1&rt=nc&LH_PrefLoc=1
Fizzy Antacid,https://www.ebay.com/sch/i.html?_from=R40&_nkw=Fizzy+Antacid&_sacat=26395&rt=nc&LH_ItemCondition=3&LH_BIN=1&rt=nc&LH_PrefLoc=1
Lemon Effervescent,https://www.ebay.com/sch/i.html?_from=R40&_nkw=Lemon+Effervescent&_sacat=26395&rt=nc&LH_ItemCondition=3&LH_BIN=1&rt=nc&LH_PrefLoc=1
Eye drops,https://www.ebay.com/sch/i.html?_from=R40&_nkw=Eye+drops&_sacat=26395&rt=nc&LH_ItemCondition=3&LH_BIN=1&rt=nc&LH_PrefLoc=1
Stomach remedy,https://www.ebay.com/sch/i.html?_from=R40&_nkw=Stomach+remedy&_sacat=26395&rt=nc&LH_ItemCondition=3&LH_BIN=1&rt=nc&LH_PrefLoc=1
Herbal Relief,https://www.ebay.com/sch/i.html?_from=R40&_nkw=Herbal+Relief&_sacat=26395&rt=nc&LH_ItemCondition=3&LH_BIN=1&rt=nc&LH_PrefLoc=1
Chocolat Th,https://www.ebay.com/sch/i.html?_from=R40&_nkw=Chocolat+Th&_sacat=26395&rt=nc&LH_ItemCondition=3&LH_BIN=1&rt=nc&LH_PrefLoc=1
Children's chewables,https://www.ebay.com/sch/i.html?_from=R40&_nkw=Children's+chewables&_sacat=26395&rt=nc&LH_ItemCondition=3&LH_BIN=1&rt=nc&LH_PrefLoc=1
Antacid Original,https://www.ebay.com/sch/i.html?_from=R40&_nkw=Antacid+Original&_sacat=26395&rt=nc&LH_ItemCondition=3&LH_BIN=1&rt=nc&LH_PrefLoc=1
Cherry liquid,https://www.ebay.com/sch/i.html?_from=R40&_nkw=Cherry+liquid&_sacat=26395&rt=nc&LH_ItemCondition=3&LH_BIN=1&rt=nc&LH_PrefLoc=1
Fast relief,https://www.ebay.com/sch/i.html?_from=R40&_nkw=Fast+relief&_sacat=26395&rt=nc&LH_ItemCondition=3&LH_BIN=1&rt=nc&LH_PrefLoc=1
Lemon Lime,https://www.ebay.com/sch/i.html?_from=R40&_nkw=Lemon+Lime&_sacat=26395&rt=nc&LH_ItemCondition=3&LH_BIN=1&rt=nc&LH_PrefLoc=1
Extra Strength Antacids,https://www.ebay.com/sch/i.html?_from=R40&_nkw=Extra+Strength+Antacids&_sacat=26395&rt=nc&LH_ItemCondition=3&LH_BIN=1&rt=nc&LH_PrefLoc=1
Mintox Liquid,https://www.ebay.com/sch/i.html?_from=R40&_nkw=Mintox+Liquid&_sacat=26395&rt=nc&LH_ItemCondition=3&LH_BIN=1&rt=nc&LH_PrefLoc=1
Effervescent tablet,https://www.ebay.com/sch/i.html?_from=R40&_nkw=Effervescent+tablet&_sacat=26395&rt=nc&LH_ItemCondition=3&LH_BIN=1&rt=nc&LH_PrefLoc=1
Antidiarrheal Liquid,https://www.ebay.com/sch/i.html?_from=R40&_nkw=Antidiarrheal+Liquid&_sacat=26395&rt=nc&LH_ItemCondition=3&LH_BIN=1&rt=nc&LH_PrefLoc=1
Lansoprazole 24-Hour,https://www.ebay.com/sch/i.html?_from=R40&_nkw=Lansoprazole+24-Hour&_sacat=26395&rt=nc&LH_ItemCondition=3&LH_BIN=1&rt=nc&LH_PrefLoc=1
Diarrhea Relief,https://www.ebay.com/sch/i.html?_from=R40&_nkw=Diarrhea+Relief&_sacat=26395&rt=nc&LH_ItemCondition=3&LH_BIN=1&rt=nc&LH_PrefLoc=1
Upset Stomach,https://www.ebay.com/sch/i.html?_from=R40&_nkw=Upset+Stomach&_sacat=26395&rt=nc&LH_ItemCondition=3&LH_BIN=1&rt=nc&LH_PrefLoc=1
Fruit Antacid,https://www.ebay.com/sch/i.html?_from=R40&_nkw=Fruit+Antacid&_sacat=26395&rt=nc&LH_ItemCondition=3&LH_BIN=1&rt=nc&LH_PrefLoc=1
Antacid Pain Relief,https://www.ebay.com/sch/i.html?_from=R40&_nkw=Antacid+Pain+Relief&_sacat=26395&rt=nc&LH_ItemCondition=3&LH_BIN=1&rt=nc&LH_PrefLoc=1
Bismuth Relief,https://www.ebay.com/sch/i.html?_from=R40&_nkw=Bismuth+Relief&_sacat=26395&rt=nc&LH_ItemCondition=3&LH_BIN=1&rt=nc&LH_PrefLoc=1
Max Strength,https://www.ebay.com/sch/i.html?_from=R40&_nkw=Max+Strength&_sacat=26395&rt=nc&LH_ItemCondition=3&LH_BIN=1&rt=nc&LH_PrefLoc=1
Tummy Pops,https://www.ebay.com/sch/i.html?_from=R40&_nkw=Tummy+Pops&_sacat=26395&rt=nc&LH_ItemCondition=3&LH_BIN=1&rt=nc&LH_PrefLoc=1
Antacid Gas,https://www.ebay.com/sch/i.html?_from=R40&_nkw=Antacid+Gas&_sacat=26395&rt=nc&LH_ItemCondition=3&LH_BIN=1&rt=nc&LH_PrefLoc=1
Maximum Antacid,https://www.ebay.com/sch/i.html?_from=R40&_nkw=Maximum+Antacid&_sacat=26395&rt=nc&LH_ItemCondition=3&LH_BIN=1&rt=nc&LH_PrefLoc=1
Extra Strength Antacid,https://www.ebay.com/sch/i.html?_from=R40&_nkw=Extra+Strength+Antacid&_sacat=26395&rt=nc&LH_ItemCondition=3&LH_BIN=1&rt=nc&LH_PrefLoc=1
Omeprazole Capsules,https://www.ebay.com/sch/i.html?_from=R40&_nkw=Omeprazole+Capsules&_sacat=26395&rt=nc&LH_ItemCondition=3&LH_BIN=1&rt=nc&LH_PrefLoc=1
Fruit salt,https://www.ebay.com/sch/i.html?_from=R40&_nkw=Fruit+salt&_sacat=26395&rt=nc&LH_ItemCondition=3&LH_BIN=1&rt=nc&LH_PrefLoc=1
Melon Berry,https://www.ebay.com/sch/i.html?_from=R40&_nkw=Melon+Berry&_sacat=26395&rt=nc&LH_ItemCondition=3&LH_BIN=1&rt=nc&LH_PrefLoc=1
Children's antacid,https://www.ebay.com/sch/i.html?_from=R40&_nkw=Children's+antacid&_sacat=26395&rt=nc&LH_ItemCondition=3&LH_BIN=1&rt=nc&LH_PrefLoc=1
Chewy Soft Chews,https://www.ebay.com/sch/i.html?_from=R40&_nkw=Chewy+Soft+Chews&_sacat=26395&rt=nc&LH_ItemCondition=3&LH_BIN=1&rt=nc&LH_PrefLoc=1
Maximum Strength,https://www.ebay.com/sch/i.html?_from=R40&_nkw=Maximum+Strength&_sacat=26395&rt=nc&LH_ItemCondition=3&LH_BIN=1&rt=nc&LH_PrefLoc=1
Acid Reducers,https://www.ebay.com/sch/i.html?_from=R40&_nkw=Acid+Reducers&_sacat=26395&rt=nc&LH_ItemCondition=3&LH_BIN=1&rt=nc&LH_PrefLoc=1
Esomeprazole Capsules,https://www.ebay.com/sch/i.html?_from=R40&_nkw=Esomeprazole+Capsules&_sacat=26395&rt=nc&LH_ItemCondition=3&LH_BIN=1&rt=nc&LH_PrefLoc=1
Garlic Spread,https://www.ebay.com/sch/i.html?_from=R40&_nkw=Garlic+Spread&_sacat=26395&rt=nc&LH_ItemCondition=3&LH_BIN=1&rt=nc&LH_PrefLoc=1
Antacid Maximum,https://www.ebay.com/sch/i.html?_from=R40&_nkw=Antacid+Maximum&_sacat=26395&rt=nc&LH_ItemCondition=3&LH_BIN=1&rt=nc&LH_PrefLoc=1
Acid Controller,https://www.ebay.com/sch/i.html?_from=R40&_nkw=Acid+Controller&_sacat=26395&rt=nc&LH_ItemCondition=3&LH_BIN=1&rt=nc&LH_PrefLoc=1
Extra Strength Chewables,https://www.ebay.com/sch/i.html?_from=R40&_nkw=Extra+Strength+Chewables&_sacat=26395&rt=nc&LH_ItemCondition=3&LH_BIN=1&rt=nc&LH_PrefLoc=1
Fruit antacids,https://www.ebay.com/sch/i.html?_from=R40&_nkw=Fruit+antacids&_sacat=26395&rt=nc&LH_ItemCondition=3&LH_BIN=1&rt=nc&LH_PrefLoc=1
Stomach Acid,https://www.ebay.com/sch/i.html?_from=R40&_nkw=Stomach+Acid&_sacat=26395&rt=nc&LH_ItemCondition=3&LH_BIN=1&rt=nc&LH_PrefLoc=1
Ultra Antacid,https://www.ebay.com/sch/i.html?_from=R40&_nkw=Ultra+Antacid&_sacat=26395&rt=nc&LH_ItemCondition=3&LH_BIN=1&rt=nc&LH_PrefLoc=1
Chewable Antacids,https://www.ebay.com/sch/i.html?_from=R40&_nkw=Chewable+Antacids&_sacat=26395&rt=nc&LH_ItemCondition=3&LH_BIN=1&rt=nc&LH_PrefLoc=1
Antacid 8 Oz,https://www.ebay.com/sch/i.html?_from=R40&_nkw=Antacid+8+Oz&_sacat=26395&rt=nc&LH_ItemCondition=3&LH_BIN=1&rt=nc&LH_PrefLoc=1
