Keyword,Links
Hair Bonnet,https://www.amazon.com/s?k=Hair+Bonnet&i=beauty&s=exact-aware-popularity-rank&ref=sr_st_exact-aware-popularity-rank
Macadamia Oil,https://www.amazon.com/s?k=Macadamia+Oil&i=beauty&s=exact-aware-popularity-rank&ref=sr_st_exact-aware-popularity-rank
Hydrating Jelly,https://www.amazon.com/s?k=Hydrating+Jelly&i=beauty&s=exact-aware-popularity-rank&ref=sr_st_exact-aware-popularity-rank
Curl smoothie,https://www.amazon.com/s?k=Curl+smoothie&i=beauty&s=exact-aware-popularity-rank&ref=sr_st_exact-aware-popularity-rank
Vibrating Straightener,https://www.amazon.com/s?k=Vibrating+Straightener&i=beauty&s=exact-aware-popularity-rank&ref=sr_st_exact-aware-popularity-rank
Papaya Oil,https://www.amazon.com/s?k=Papaya+Oil&i=beauty&s=exact-aware-popularity-rank&ref=sr_st_exact-aware-popularity-rank
Moisturizer Oil,https://www.amazon.com/s?k=Moisturizer+Oil&i=beauty&s=exact-aware-popularity-rank&ref=sr_st_exact-aware-popularity-rank
Max Hold,https://www.amazon.com/s?k=Max+Hold&i=beauty&s=exact-aware-popularity-rank&ref=sr_st_exact-aware-popularity-rank
Olive Oil Gel,https://www.amazon.com/s?k=Olive+Oil+Gel&i=beauty&s=exact-aware-popularity-rank&ref=sr_st_exact-aware-popularity-rank
Curling Mousse,https://www.amazon.com/s?k=Curling+Mousse&i=beauty&s=exact-aware-popularity-rank&ref=sr_st_exact-aware-popularity-rank
Curls Amplifier,https://www.amazon.com/s?k=Curls+Amplifier&i=beauty&s=exact-aware-popularity-rank&ref=sr_st_exact-aware-popularity-rank
Curl creator,https://www.amazon.com/s?k=Curl+creator&i=beauty&s=exact-aware-popularity-rank&ref=sr_st_exact-aware-popularity-rank
Define Custard,https://www.amazon.com/s?k=Define+Custard&i=beauty&s=exact-aware-popularity-rank&ref=sr_st_exact-aware-popularity-rank
Retexturing Gel,https://www.amazon.com/s?k=Retexturing+Gel&i=beauty&s=exact-aware-popularity-rank&ref=sr_st_exact-aware-popularity-rank
Curl pudding,https://www.amazon.com/s?k=Curl+pudding&i=beauty&s=exact-aware-popularity-rank&ref=sr_st_exact-aware-popularity-rank
Defining Cream,https://www.amazon.com/s?k=Defining+Cream&i=beauty&s=exact-aware-popularity-rank&ref=sr_st_exact-aware-popularity-rank
Twist Gel,https://www.amazon.com/s?k=Twist+Gel&i=beauty&s=exact-aware-popularity-rank&ref=sr_st_exact-aware-popularity-rank
Curl revitalizer,https://www.amazon.com/s?k=Curl+revitalizer&i=beauty&s=exact-aware-popularity-rank&ref=sr_st_exact-aware-popularity-rank
Men's pomade,https://www.amazon.com/s?k=Men's+pomade&i=beauty&s=exact-aware-popularity-rank&ref=sr_st_exact-aware-popularity-rank
Tinted Lace Spray,https://www.amazon.com/s?k=Tinted+Lace+Spray&i=beauty&s=exact-aware-popularity-rank&ref=sr_st_exact-aware-popularity-rank
Twist Cream,https://www.amazon.com/s?k=Twist+Cream&i=beauty&s=exact-aware-popularity-rank&ref=sr_st_exact-aware-popularity-rank
Waves Pomade,https://www.amazon.com/s?k=Waves+Pomade&i=beauty&s=exact-aware-popularity-rank&ref=sr_st_exact-aware-popularity-rank
Wave Butter,https://www.amazon.com/s?k=Wave+Butter&i=beauty&s=exact-aware-popularity-rank&ref=sr_st_exact-aware-popularity-rank
Peach Cobbler,https://www.amazon.com/s?k=Peach+Cobbler&i=beauty&s=exact-aware-popularity-rank&ref=sr_st_exact-aware-popularity-rank
Curly Foam,https://www.amazon.com/s?k=Curly+Foam&i=beauty&s=exact-aware-popularity-rank&ref=sr_st_exact-aware-popularity-rank
Curling Wax,https://www.amazon.com/s?k=Curling+Wax&i=beauty&s=exact-aware-popularity-rank&ref=sr_st_exact-aware-popularity-rank
Curls Mousse,https://www.amazon.com/s?k=Curls+Mousse&i=beauty&s=exact-aware-popularity-rank&ref=sr_st_exact-aware-popularity-rank
Irish moss cream,https://www.amazon.com/s?k=Irish+moss+cream&i=beauty&s=exact-aware-popularity-rank&ref=sr_st_exact-aware-popularity-rank
Frizz-Free Mist,https://www.amazon.com/s?k=Frizz-Free+Mist&i=beauty&s=exact-aware-popularity-rank&ref=sr_st_exact-aware-popularity-rank
Hairstyling Gel,https://www.amazon.com/s?k=Hairstyling+Gel&i=beauty&s=exact-aware-popularity-rank&ref=sr_st_exact-aware-popularity-rank
Polish Balm,https://www.amazon.com/s?k=Polish+Balm&i=beauty&s=exact-aware-popularity-rank&ref=sr_st_exact-aware-popularity-rank
Microweb Fiber,https://www.amazon.com/s?k=Microweb+Fiber&i=beauty&s=exact-aware-popularity-rank&ref=sr_st_exact-aware-popularity-rank
Edge fixer,https://www.amazon.com/s?k=Edge+fixer&i=beauty&s=exact-aware-popularity-rank&ref=sr_st_exact-aware-popularity-rank
Curl repair,https://www.amazon.com/s?k=Curl+repair&i=beauty&s=exact-aware-popularity-rank&ref=sr_st_exact-aware-popularity-rank
Coconut spray,https://www.amazon.com/s?k=Coconut+spray&i=beauty&s=exact-aware-popularity-rank&ref=sr_st_exact-aware-popularity-rank
Nourishing Spray,https://www.amazon.com/s?k=Nourishing+Spray&i=beauty&s=exact-aware-popularity-rank&ref=sr_st_exact-aware-popularity-rank
Rosemary Spray,https://www.amazon.com/s?k=Rosemary+Spray&i=beauty&s=exact-aware-popularity-rank&ref=sr_st_exact-aware-popularity-rank
Curl spray,https://www.amazon.com/s?k=Curl+spray&i=beauty&s=exact-aware-popularity-rank&ref=sr_st_exact-aware-popularity-rank
Edge gel,https://www.amazon.com/s?k=Edge+gel&i=beauty&s=exact-aware-popularity-rank&ref=sr_st_exact-aware-popularity-rank
Wave mousse,https://www.amazon.com/s?k=Wave+mousse&i=beauty&s=exact-aware-popularity-rank&ref=sr_st_exact-aware-popularity-rank
Curly cream,https://www.amazon.com/s?k=Curly+cream&i=beauty&s=exact-aware-popularity-rank&ref=sr_st_exact-aware-popularity-rank
Hair Texture,https://www.amazon.com/s?k=Hair+Texture&i=beauty&s=exact-aware-popularity-rank&ref=sr_st_exact-aware-popularity-rank
Twisting Paste,https://www.amazon.com/s?k=Twisting+Paste&i=beauty&s=exact-aware-popularity-rank&ref=sr_st_exact-aware-popularity-rank
Nourishing Mousse,https://www.amazon.com/s?k=Nourishing+Mousse&i=beauty&s=exact-aware-popularity-rank&ref=sr_st_exact-aware-popularity-rank
Curl Locking,https://www.amazon.com/s?k=Curl+Locking&i=beauty&s=exact-aware-popularity-rank&ref=sr_st_exact-aware-popularity-rank
Silky Edges,https://www.amazon.com/s?k=Silky+Edges&i=beauty&s=exact-aware-popularity-rank&ref=sr_st_exact-aware-popularity-rank
Braid Spray,https://www.amazon.com/s?k=Braid+Spray&i=beauty&s=exact-aware-popularity-rank&ref=sr_st_exact-aware-popularity-rank
Coconut Curls,https://www.amazon.com/s?k=Coconut+Curls&i=beauty&s=exact-aware-popularity-rank&ref=sr_st_exact-aware-popularity-rank
Multi Curls,https://www.amazon.com/s?k=Multi+Curls&i=beauty&s=exact-aware-popularity-rank&ref=sr_st_exact-aware-popularity-rank
Curl Crème,https://www.amazon.com/s?k=Curl+Crème&i=beauty&s=exact-aware-popularity-rank&ref=sr_st_exact-aware-popularity-rank
