Keyword,Links
Brightening Primer,https://www.amazon.com/s?k=Brightening+Primer&i=beauty&s=exact-aware-popularity-rank&ref=sr_st_exact-aware-popularity-rank
Baked Foundation,https://www.amazon.com/s?k=Baked+Foundation&i=beauty&s=exact-aware-popularity-rank&ref=sr_st_exact-aware-popularity-rank
Foundation NC44,https://www.amazon.com/s?k=Foundation+NC44&i=beauty&s=exact-aware-popularity-rank&ref=sr_st_exact-aware-popularity-rank
Radiant Foundation,https://www.amazon.com/s?k=Radiant+Foundation&i=beauty&s=exact-aware-popularity-rank&ref=sr_st_exact-aware-popularity-rank
Skin perfecting,https://www.amazon.com/s?k=Skin+perfecting&i=beauty&s=exact-aware-popularity-rank&ref=sr_st_exact-aware-popularity-rank
Oxygenating Foundation,https://www.amazon.com/s?k=Oxygenating+Foundation&i=beauty&s=exact-aware-popularity-rank&ref=sr_st_exact-aware-popularity-rank
Eye Pencil,https://www.amazon.com/s?k=Eye+Pencil&i=beauty&s=exact-aware-popularity-rank&ref=sr_st_exact-aware-popularity-rank
Anti-wrinkle cream,https://www.amazon.com/s?k=Anti-wrinkle+cream&i=beauty&s=exact-aware-popularity-rank&ref=sr_st_exact-aware-popularity-rank
Powder Makeup,https://www.amazon.com/s?k=Powder+Makeup&i=beauty&s=exact-aware-popularity-rank&ref=sr_st_exact-aware-popularity-rank
Mineral Makeup,https://www.amazon.com/s?k=Mineral+Makeup&i=beauty&s=exact-aware-popularity-rank&ref=sr_st_exact-aware-popularity-rank
Holiday Set,https://www.amazon.com/s?k=Holiday+Set&i=beauty&s=exact-aware-popularity-rank&ref=sr_st_exact-aware-popularity-rank
Electric Nail File,https://www.amazon.com/s?k=Electric+Nail+File&i=beauty&s=exact-aware-popularity-rank&ref=sr_st_exact-aware-popularity-rank
Defense Cream,https://www.amazon.com/s?k=Defense+Cream&i=beauty&s=exact-aware-popularity-rank&ref=sr_st_exact-aware-popularity-rank
Eye shadow,https://www.amazon.com/s?k=Eye+shadow&i=beauty&s=exact-aware-popularity-rank&ref=sr_st_exact-aware-popularity-rank
Maleficent Eyeliner,https://www.amazon.com/s?k=Maleficent+Eyeliner&i=beauty&s=exact-aware-popularity-rank&ref=sr_st_exact-aware-popularity-rank
Mint Daisy,https://www.amazon.com/s?k=Mint+Daisy&i=beauty&s=exact-aware-popularity-rank&ref=sr_st_exact-aware-popularity-rank
Trolls Tattoos,https://www.amazon.com/s?k=Trolls+Tattoos&i=beauty&s=exact-aware-popularity-rank&ref=sr_st_exact-aware-popularity-rank
Cushion Foundation,https://www.amazon.com/s?k=Cushion+Foundation&i=beauty&s=exact-aware-popularity-rank&ref=sr_st_exact-aware-popularity-rank
Contour Palette,https://www.amazon.com/s?k=Contour+Palette&i=beauty&s=exact-aware-popularity-rank&ref=sr_st_exact-aware-popularity-rank
Illuminations Palette,https://www.amazon.com/s?k=Illuminations+Palette&i=beauty&s=exact-aware-popularity-rank&ref=sr_st_exact-aware-popularity-rank
Plastics Set,https://www.amazon.com/s?k=Plastics+Set&i=beauty&s=exact-aware-popularity-rank&ref=sr_st_exact-aware-popularity-rank
Pigment Perfector,https://www.amazon.com/s?k=Pigment+Perfector&i=beauty&s=exact-aware-popularity-rank&ref=sr_st_exact-aware-popularity-rank
Blendable Blush,https://www.amazon.com/s?k=Blendable+Blush&i=beauty&s=exact-aware-popularity-rank&ref=sr_st_exact-aware-popularity-rank
Brightening Palette,https://www.amazon.com/s?k=Brightening+Palette&i=beauty&s=exact-aware-popularity-rank&ref=sr_st_exact-aware-popularity-rank
Kohl Pencil,https://www.amazon.com/s?k=Kohl+Pencil&i=beauty&s=exact-aware-popularity-rank&ref=sr_st_exact-aware-popularity-rank
Lipstick Rouge,https://www.amazon.com/s?k=Lipstick+Rouge&i=beauty&s=exact-aware-popularity-rank&ref=sr_st_exact-aware-popularity-rank
Dual Eyeliner,https://www.amazon.com/s?k=Dual+Eyeliner&i=beauty&s=exact-aware-popularity-rank&ref=sr_st_exact-aware-popularity-rank
Eyebrow Conditioner,https://www.amazon.com/s?k=Eyebrow+Conditioner&i=beauty&s=exact-aware-popularity-rank&ref=sr_st_exact-aware-popularity-rank
Scar cover,https://www.amazon.com/s?k=Scar+cover&i=beauty&s=exact-aware-popularity-rank&ref=sr_st_exact-aware-popularity-rank
Nude Lipstick,https://www.amazon.com/s?k=Nude+Lipstick&i=beauty&s=exact-aware-popularity-rank&ref=sr_st_exact-aware-popularity-rank
Fungus Treatment,https://www.amazon.com/s?k=Fungus+Treatment&i=beauty&s=exact-aware-popularity-rank&ref=sr_st_exact-aware-popularity-rank
Kiss-Proof Lipstick,https://www.amazon.com/s?k=Kiss-Proof+Lipstick&i=beauty&s=exact-aware-popularity-rank&ref=sr_st_exact-aware-popularity-rank
Trolls Nail Polish,https://www.amazon.com/s?k=Trolls+Nail+Polish&i=beauty&s=exact-aware-popularity-rank&ref=sr_st_exact-aware-popularity-rank
Mineral Primer,https://www.amazon.com/s?k=Mineral+Primer&i=beauty&s=exact-aware-popularity-rank&ref=sr_st_exact-aware-popularity-rank
Tinted Treatment,https://www.amazon.com/s?k=Tinted+Treatment&i=beauty&s=exact-aware-popularity-rank&ref=sr_st_exact-aware-popularity-rank
Cushion Complexion,https://www.amazon.com/s?k=Cushion+Complexion&i=beauty&s=exact-aware-popularity-rank&ref=sr_st_exact-aware-popularity-rank
Smokey Palette,https://www.amazon.com/s?k=Smokey+Palette&i=beauty&s=exact-aware-popularity-rank&ref=sr_st_exact-aware-popularity-rank
Blush Duo,https://www.amazon.com/s?k=Blush+Duo&i=beauty&s=exact-aware-popularity-rank&ref=sr_st_exact-aware-popularity-rank
Ninja Turtles Eyeshadow,https://www.amazon.com/s?k=Ninja+Turtles+Eyeshadow&i=beauty&s=exact-aware-popularity-rank&ref=sr_st_exact-aware-popularity-rank
Eye Shadow Palette,https://www.amazon.com/s?k=Eye+Shadow+Palette&i=beauty&s=exact-aware-popularity-rank&ref=sr_st_exact-aware-popularity-rank
Mermaid Tattoos,https://www.amazon.com/s?k=Mermaid+Tattoos&i=beauty&s=exact-aware-popularity-rank&ref=sr_st_exact-aware-popularity-rank
Makeup Tester,https://www.amazon.com/s?k=Makeup+Tester&i=beauty&s=exact-aware-popularity-rank&ref=sr_st_exact-aware-popularity-rank
Lash Conditioner,https://www.amazon.com/s?k=Lash+Conditioner&i=beauty&s=exact-aware-popularity-rank&ref=sr_st_exact-aware-popularity-rank
Stay-In-Place Foundation,https://www.amazon.com/s?k=Stay-In-Place+Foundation&i=beauty&s=exact-aware-popularity-rank&ref=sr_st_exact-aware-popularity-rank
Frozen makeup,https://www.amazon.com/s?k=Frozen+makeup&i=beauty&s=exact-aware-popularity-rank&ref=sr_st_exact-aware-popularity-rank
Foundation Stick,https://www.amazon.com/s?k=Foundation+Stick&i=beauty&s=exact-aware-popularity-rank&ref=sr_st_exact-aware-popularity-rank
Make-Up Remover,https://www.amazon.com/s?k=Make-Up+Remover&i=beauty&s=exact-aware-popularity-rank&ref=sr_st_exact-aware-popularity-rank
Matte Powder,https://www.amazon.com/s?k=Matte+Powder&i=beauty&s=exact-aware-popularity-rank&ref=sr_st_exact-aware-popularity-rank
Bronzing Primer,https://www.amazon.com/s?k=Bronzing+Primer&i=beauty&s=exact-aware-popularity-rank&ref=sr_st_exact-aware-popularity-rank
Denim Nail Polish,https://www.amazon.com/s?k=Denim+Nail+Polish&i=beauty&s=exact-aware-popularity-rank&ref=sr_st_exact-aware-popularity-rank
