Keyword,Links
Funny fragrance,https://www.amazon.com/s?k=Funny+fragrance&i=beauty&s=exact-aware-popularity-rank&ref=sr_st_exact-aware-popularity-rank
Intense Spray,https://www.amazon.com/s?k=Intense+Spray&i=beauty&s=exact-aware-popularity-rank&ref=sr_st_exact-aware-popularity-rank
Happy perfume,https://www.amazon.com/s?k=Happy+perfume&i=beauty&s=exact-aware-popularity-rank&ref=sr_st_exact-aware-popularity-rank
Danger fragrance,https://www.amazon.com/s?k=Danger+fragrance&i=beauty&s=exact-aware-popularity-rank&ref=sr_st_exact-aware-popularity-rank
Twilight Mist,https://www.amazon.com/s?k=Twilight+Mist&i=beauty&s=exact-aware-popularity-rank&ref=sr_st_exact-aware-popularity-rank
Jasmine Spray,https://www.amazon.com/s?k=Jasmine+Spray&i=beauty&s=exact-aware-popularity-rank&ref=sr_st_exact-aware-popularity-rank
Parfum Stick,https://www.amazon.com/s?k=Parfum+Stick&i=beauty&s=exact-aware-popularity-rank&ref=sr_st_exact-aware-popularity-rank
Luxury perfume,https://www.amazon.com/s?k=Luxury+perfume&i=beauty&s=exact-aware-popularity-rank&ref=sr_st_exact-aware-popularity-rank
Coriander Cologne,https://www.amazon.com/s?k=Coriander+Cologne&i=beauty&s=exact-aware-popularity-rank&ref=sr_st_exact-aware-popularity-rank
Sunflower perfume,https://www.amazon.com/s?k=Sunflower+perfume&i=beauty&s=exact-aware-popularity-rank&ref=sr_st_exact-aware-popularity-rank
Eternity Gift Set,https://www.amazon.com/s?k=Eternity+Gift+Set&i=beauty&s=exact-aware-popularity-rank&ref=sr_st_exact-aware-popularity-rank
White Linen,https://www.amazon.com/s?k=White+Linen&i=beauty&s=exact-aware-popularity-rank&ref=sr_st_exact-aware-popularity-rank
Blush EDP,https://www.amazon.com/s?k=Blush+EDP&i=beauty&s=exact-aware-popularity-rank&ref=sr_st_exact-aware-popularity-rank
Coconut Perfume,https://www.amazon.com/s?k=Coconut+Perfume&i=beauty&s=exact-aware-popularity-rank&ref=sr_st_exact-aware-popularity-rank
Club membership,https://www.amazon.com/s?k=Club+membership&i=beauty&s=exact-aware-popularity-rank&ref=sr_st_exact-aware-popularity-rank
Scent Absolute,https://www.amazon.com/s?k=Scent+Absolute&i=beauty&s=exact-aware-popularity-rank&ref=sr_st_exact-aware-popularity-rank
Redness Corrector,https://www.amazon.com/s?k=Redness+Corrector&i=beauty&s=exact-aware-popularity-rank&ref=sr_st_exact-aware-popularity-rank
Gardenia Mist,https://www.amazon.com/s?k=Gardenia+Mist&i=beauty&s=exact-aware-popularity-rank&ref=sr_st_exact-aware-popularity-rank
Sport fragrance,https://www.amazon.com/s?k=Sport+fragrance&i=beauty&s=exact-aware-popularity-rank&ref=sr_st_exact-aware-popularity-rank
Fireside Mist,https://www.amazon.com/s?k=Fireside+Mist&i=beauty&s=exact-aware-popularity-rank&ref=sr_st_exact-aware-popularity-rank
Mini Gift,https://www.amazon.com/s?k=Mini+Gift&i=beauty&s=exact-aware-popularity-rank&ref=sr_st_exact-aware-popularity-rank
Foundation Makeup,https://www.amazon.com/s?k=Foundation+Makeup&i=beauty&s=exact-aware-popularity-rank&ref=sr_st_exact-aware-popularity-rank
Purple fragrance,https://www.amazon.com/s?k=Purple+fragrance&i=beauty&s=exact-aware-popularity-rank&ref=sr_st_exact-aware-popularity-rank
Warm Cotton,https://www.amazon.com/s?k=Warm+Cotton&i=beauty&s=exact-aware-popularity-rank&ref=sr_st_exact-aware-popularity-rank
Night fragrance,https://www.amazon.com/s?k=Night+fragrance&i=beauty&s=exact-aware-popularity-rank&ref=sr_st_exact-aware-popularity-rank
Red Jeans,https://www.amazon.com/s?k=Red+Jeans&i=beauty&s=exact-aware-popularity-rank&ref=sr_st_exact-aware-popularity-rank
Girl Perfume,https://www.amazon.com/s?k=Girl+Perfume&i=beauty&s=exact-aware-popularity-rank&ref=sr_st_exact-aware-popularity-rank
Cool Water,https://www.amazon.com/s?k=Cool+Water&i=beauty&s=exact-aware-popularity-rank&ref=sr_st_exact-aware-popularity-rank
Mediterranean Perfume,https://www.amazon.com/s?k=Mediterranean+Perfume&i=beauty&s=exact-aware-popularity-rank&ref=sr_st_exact-aware-popularity-rank
Caramel perfume,https://www.amazon.com/s?k=Caramel+perfume&i=beauty&s=exact-aware-popularity-rank&ref=sr_st_exact-aware-popularity-rank
Lavender Spray,https://www.amazon.com/s?k=Lavender+Spray&i=beauty&s=exact-aware-popularity-rank&ref=sr_st_exact-aware-popularity-rank
Travel fragrance,https://www.amazon.com/s?k=Travel+fragrance&i=beauty&s=exact-aware-popularity-rank&ref=sr_st_exact-aware-popularity-rank
Rapunzel Doll,https://www.amazon.com/s?k=Rapunzel+Doll&i=beauty&s=exact-aware-popularity-rank&ref=sr_st_exact-aware-popularity-rank
I Want Choo,https://www.amazon.com/s?k=I+Want+Choo&i=beauty&s=exact-aware-popularity-rank&ref=sr_st_exact-aware-popularity-rank
Dubai Jade,https://www.amazon.com/s?k=Dubai+Jade&i=beauty&s=exact-aware-popularity-rank&ref=sr_st_exact-aware-popularity-rank
EDT Kit,https://www.amazon.com/s?k=EDT+Kit&i=beauty&s=exact-aware-popularity-rank&ref=sr_st_exact-aware-popularity-rank
Alien perfume,https://www.amazon.com/s?k=Alien+perfume&i=beauty&s=exact-aware-popularity-rank&ref=sr_st_exact-aware-popularity-rank
Opium perfume,https://www.amazon.com/s?k=Opium+perfume&i=beauty&s=exact-aware-popularity-rank&ref=sr_st_exact-aware-popularity-rank
Chocolate fragrance,https://www.amazon.com/s?k=Chocolate+fragrance&i=beauty&s=exact-aware-popularity-rank&ref=sr_st_exact-aware-popularity-rank
White Gardenia,https://www.amazon.com/s?k=White+Gardenia&i=beauty&s=exact-aware-popularity-rank&ref=sr_st_exact-aware-popularity-rank
Lavender Soap,https://www.amazon.com/s?k=Lavender+Soap&i=beauty&s=exact-aware-popularity-rank&ref=sr_st_exact-aware-popularity-rank
Bronze Goddess,https://www.amazon.com/s?k=Bronze+Goddess&i=beauty&s=exact-aware-popularity-rank&ref=sr_st_exact-aware-popularity-rank
Fresh Blossom,https://www.amazon.com/s?k=Fresh+Blossom&i=beauty&s=exact-aware-popularity-rank&ref=sr_st_exact-aware-popularity-rank
Amethyst perfume,https://www.amazon.com/s?k=Amethyst+perfume&i=beauty&s=exact-aware-popularity-rank&ref=sr_st_exact-aware-popularity-rank
Love Perfume,https://www.amazon.com/s?k=Love+Perfume&i=beauty&s=exact-aware-popularity-rank&ref=sr_st_exact-aware-popularity-rank
Women’s fragrance set,https://www.amazon.com/s?k=Women’s+fragrance+set&i=beauty&s=exact-aware-popularity-rank&ref=sr_st_exact-aware-popularity-rank
Orange cologne,https://www.amazon.com/s?k=Orange+cologne&i=beauty&s=exact-aware-popularity-rank&ref=sr_st_exact-aware-popularity-rank
Black Rose,https://www.amazon.com/s?k=Black+Rose&i=beauty&s=exact-aware-popularity-rank&ref=sr_st_exact-aware-popularity-rank
Bob Mackie,https://www.amazon.com/s?k=Bob+Mackie&i=beauty&s=exact-aware-popularity-rank&ref=sr_st_exact-aware-popularity-rank
Alcohol Free Deodorant,https://www.amazon.com/s?k=Alcohol+Free+Deodorant&i=beauty&s=exact-aware-popularity-rank&ref=sr_st_exact-aware-popularity-rank
