Keyword,Links
Nail stamper,https://www.amazon.com/s?k=Nail+stamper&i=beauty&s=exact-aware-popularity-rank&ref=sr_st_exact-aware-popularity-rank
Wig Stand,https://www.amazon.com/s?k=Wig+Stand&i=beauty&s=exact-aware-popularity-rank&ref=sr_st_exact-aware-popularity-rank
Color Struck Lipstick,https://www.amazon.com/s?k=Color+Struck+Lipstick&i=beauty&s=exact-aware-popularity-rank&ref=sr_st_exact-aware-popularity-rank
Lion King Tattoos,https://www.amazon.com/s?k=Lion+King+Tattoos&i=beauty&s=exact-aware-popularity-rank&ref=sr_st_exact-aware-popularity-rank
Frozen cosmetics,https://www.amazon.com/s?k=Frozen+cosmetics&i=beauty&s=exact-aware-popularity-rank&ref=sr_st_exact-aware-popularity-rank
Oil Blocking,https://www.amazon.com/s?k=Oil+Blocking&i=beauty&s=exact-aware-popularity-rank&ref=sr_st_exact-aware-popularity-rank
Kajal eyeliner,https://www.amazon.com/s?k=Kajal+eyeliner&i=beauty&s=exact-aware-popularity-rank&ref=sr_st_exact-aware-popularity-rank
Black Mascara,https://www.amazon.com/s?k=Black+Mascara&i=beauty&s=exact-aware-popularity-rank&ref=sr_st_exact-aware-popularity-rank
Alien Balm,https://www.amazon.com/s?k=Alien+Balm&i=beauty&s=exact-aware-popularity-rank&ref=sr_st_exact-aware-popularity-rank
Lip set,https://www.amazon.com/s?k=Lip+set&i=beauty&s=exact-aware-popularity-rank&ref=sr_st_exact-aware-popularity-rank
Blue mascara,https://www.amazon.com/s?k=Blue+mascara&i=beauty&s=exact-aware-popularity-rank&ref=sr_st_exact-aware-popularity-rank
Lip Plumper,https://www.amazon.com/s?k=Lip+Plumper&i=beauty&s=exact-aware-popularity-rank&ref=sr_st_exact-aware-popularity-rank
Princess Crafts,https://www.amazon.com/s?k=Princess+Crafts&i=beauty&s=exact-aware-popularity-rank&ref=sr_st_exact-aware-popularity-rank
Unicorn Makeup,https://www.amazon.com/s?k=Unicorn+Makeup&i=beauty&s=exact-aware-popularity-rank&ref=sr_st_exact-aware-popularity-rank
Party lip gloss,https://www.amazon.com/s?k=Party+lip+gloss&i=beauty&s=exact-aware-popularity-rank&ref=sr_st_exact-aware-popularity-rank
Snail BB Cream,https://www.amazon.com/s?k=Snail+BB+Cream&i=beauty&s=exact-aware-popularity-rank&ref=sr_st_exact-aware-popularity-rank
Bronze Highlighter,https://www.amazon.com/s?k=Bronze+Highlighter&i=beauty&s=exact-aware-popularity-rank&ref=sr_st_exact-aware-popularity-rank
Bright primer,https://www.amazon.com/s?k=Bright+primer&i=beauty&s=exact-aware-popularity-rank&ref=sr_st_exact-aware-popularity-rank
Makeup towel,https://www.amazon.com/s?k=Makeup+towel&i=beauty&s=exact-aware-popularity-rank&ref=sr_st_exact-aware-popularity-rank
Lip Exfoliator,https://www.amazon.com/s?k=Lip+Exfoliator&i=beauty&s=exact-aware-popularity-rank&ref=sr_st_exact-aware-popularity-rank
Color Corrector,https://www.amazon.com/s?k=Color+Corrector&i=beauty&s=exact-aware-popularity-rank&ref=sr_st_exact-aware-popularity-rank
Cherry Lip Gloss,https://www.amazon.com/s?k=Cherry+Lip+Gloss&i=beauty&s=exact-aware-popularity-rank&ref=sr_st_exact-aware-popularity-rank
Rose Cucumber Mask,https://www.amazon.com/s?k=Rose+Cucumber+Mask&i=beauty&s=exact-aware-popularity-rank&ref=sr_st_exact-aware-popularity-rank
Moisturizing Lip Balm,https://www.amazon.com/s?k=Moisturizing+Lip+Balm&i=beauty&s=exact-aware-popularity-rank&ref=sr_st_exact-aware-popularity-rank
Mascara Black,https://www.amazon.com/s?k=Mascara+Black&i=beauty&s=exact-aware-popularity-rank&ref=sr_st_exact-aware-popularity-rank
Burn Book,https://www.amazon.com/s?k=Burn+Book&i=beauty&s=exact-aware-popularity-rank&ref=sr_st_exact-aware-popularity-rank
Strange Mascara,https://www.amazon.com/s?k=Strange+Mascara&i=beauty&s=exact-aware-popularity-rank&ref=sr_st_exact-aware-popularity-rank
Cool Vanilla,https://www.amazon.com/s?k=Cool+Vanilla&i=beauty&s=exact-aware-popularity-rank&ref=sr_st_exact-aware-popularity-rank
Cream Blush,https://www.amazon.com/s?k=Cream+Blush&i=beauty&s=exact-aware-popularity-rank&ref=sr_st_exact-aware-popularity-rank
Makeup SPF,https://www.amazon.com/s?k=Makeup+SPF&i=beauty&s=exact-aware-popularity-rank&ref=sr_st_exact-aware-popularity-rank
Lip Tint,https://www.amazon.com/s?k=Lip+Tint&i=beauty&s=exact-aware-popularity-rank&ref=sr_st_exact-aware-popularity-rank
Colour Changing Stick,https://www.amazon.com/s?k=Colour+Changing+Stick&i=beauty&s=exact-aware-popularity-rank&ref=sr_st_exact-aware-popularity-rank
Long-Lasting Blush,https://www.amazon.com/s?k=Long-Lasting+Blush&i=beauty&s=exact-aware-popularity-rank&ref=sr_st_exact-aware-popularity-rank
False eyelashes,https://www.amazon.com/s?k=False+eyelashes&i=beauty&s=exact-aware-popularity-rank&ref=sr_st_exact-aware-popularity-rank
Eyeshadow Stick,https://www.amazon.com/s?k=Eyeshadow+Stick&i=beauty&s=exact-aware-popularity-rank&ref=sr_st_exact-aware-popularity-rank
Brow Pencil,https://www.amazon.com/s?k=Brow+Pencil&i=beauty&s=exact-aware-popularity-rank&ref=sr_st_exact-aware-popularity-rank
Liquid Eye Shadow,https://www.amazon.com/s?k=Liquid+Eye+Shadow&i=beauty&s=exact-aware-popularity-rank&ref=sr_st_exact-aware-popularity-rank
Full Exposure,https://www.amazon.com/s?k=Full+Exposure&i=beauty&s=exact-aware-popularity-rank&ref=sr_st_exact-aware-popularity-rank
Silicone Primer,https://www.amazon.com/s?k=Silicone+Primer&i=beauty&s=exact-aware-popularity-rank&ref=sr_st_exact-aware-popularity-rank
Beetle House Palette,https://www.amazon.com/s?k=Beetle+House+Palette&i=beauty&s=exact-aware-popularity-rank&ref=sr_st_exact-aware-popularity-rank
Glitter Lip Duo,https://www.amazon.com/s?k=Glitter+Lip+Duo&i=beauty&s=exact-aware-popularity-rank&ref=sr_st_exact-aware-popularity-rank
Nail accessories,https://www.amazon.com/s?k=Nail+accessories&i=beauty&s=exact-aware-popularity-rank&ref=sr_st_exact-aware-popularity-rank
Glow Kit,https://www.amazon.com/s?k=Glow+Kit&i=beauty&s=exact-aware-popularity-rank&ref=sr_st_exact-aware-popularity-rank
Cooling Primer,https://www.amazon.com/s?k=Cooling+Primer&i=beauty&s=exact-aware-popularity-rank&ref=sr_st_exact-aware-popularity-rank
New Year Tattoos,https://www.amazon.com/s?k=New+Year+Tattoos&i=beauty&s=exact-aware-popularity-rank&ref=sr_st_exact-aware-popularity-rank
Saline Solution,https://www.amazon.com/s?k=Saline+Solution&i=beauty&s=exact-aware-popularity-rank&ref=sr_st_exact-aware-popularity-rank
Waterproof Eye Liner,https://www.amazon.com/s?k=Waterproof+Eye+Liner&i=beauty&s=exact-aware-popularity-rank&ref=sr_st_exact-aware-popularity-rank
Pedicure Set,https://www.amazon.com/s?k=Pedicure+Set&i=beauty&s=exact-aware-popularity-rank&ref=sr_st_exact-aware-popularity-rank
Lip shimmer,https://www.amazon.com/s?k=Lip+shimmer&i=beauty&s=exact-aware-popularity-rank&ref=sr_st_exact-aware-popularity-rank
Pastel Eyeshadow,https://www.amazon.com/s?k=Pastel+Eyeshadow&i=beauty&s=exact-aware-popularity-rank&ref=sr_st_exact-aware-popularity-rank
