Keyword,Links
Nail stamper,https://www.ebay.com/sch/i.html?_from=R40&_nkw=Nail+stamper&_sacat=26395&rt=nc&LH_ItemCondition=3&LH_BIN=1&rt=nc&LH_PrefLoc=1
Wig Stand,https://www.ebay.com/sch/i.html?_from=R40&_nkw=Wig+Stand&_sacat=26395&rt=nc&LH_ItemCondition=3&LH_BIN=1&rt=nc&LH_PrefLoc=1
Color Struck Lipstick,https://www.ebay.com/sch/i.html?_from=R40&_nkw=Color+Struck+Lipstick&_sacat=26395&rt=nc&LH_ItemCondition=3&LH_BIN=1&rt=nc&LH_PrefLoc=1
Lion King Tattoos,https://www.ebay.com/sch/i.html?_from=R40&_nkw=Lion+King+Tattoos&_sacat=26395&rt=nc&LH_ItemCondition=3&LH_BIN=1&rt=nc&LH_PrefLoc=1
Frozen cosmetics,https://www.ebay.com/sch/i.html?_from=R40&_nkw=Frozen+cosmetics&_sacat=26395&rt=nc&LH_ItemCondition=3&LH_BIN=1&rt=nc&LH_PrefLoc=1
Oil Blocking,https://www.ebay.com/sch/i.html?_from=R40&_nkw=Oil+Blocking&_sacat=26395&rt=nc&LH_ItemCondition=3&LH_BIN=1&rt=nc&LH_PrefLoc=1
Kajal eyeliner,https://www.ebay.com/sch/i.html?_from=R40&_nkw=Kajal+eyeliner&_sacat=26395&rt=nc&LH_ItemCondition=3&LH_BIN=1&rt=nc&LH_PrefLoc=1
Black Mascara,https://www.ebay.com/sch/i.html?_from=R40&_nkw=Black+Mascara&_sacat=26395&rt=nc&LH_ItemCondition=3&LH_BIN=1&rt=nc&LH_PrefLoc=1
Alien Balm,https://www.ebay.com/sch/i.html?_from=R40&_nkw=Alien+Balm&_sacat=26395&rt=nc&LH_ItemCondition=3&LH_BIN=1&rt=nc&LH_PrefLoc=1
Lip set,https://www.ebay.com/sch/i.html?_from=R40&_nkw=Lip+set&_sacat=26395&rt=nc&LH_ItemCondition=3&LH_BIN=1&rt=nc&LH_PrefLoc=1
Blue mascara,https://www.ebay.com/sch/i.html?_from=R40&_nkw=Blue+mascara&_sacat=26395&rt=nc&LH_ItemCondition=3&LH_BIN=1&rt=nc&LH_PrefLoc=1
Lip Plumper,https://www.ebay.com/sch/i.html?_from=R40&_nkw=Lip+Plumper&_sacat=26395&rt=nc&LH_ItemCondition=3&LH_BIN=1&rt=nc&LH_PrefLoc=1
Princess Crafts,https://www.ebay.com/sch/i.html?_from=R40&_nkw=Princess+Crafts&_sacat=26395&rt=nc&LH_ItemCondition=3&LH_BIN=1&rt=nc&LH_PrefLoc=1
Unicorn Makeup,https://www.ebay.com/sch/i.html?_from=R40&_nkw=Unicorn+Makeup&_sacat=26395&rt=nc&LH_ItemCondition=3&LH_BIN=1&rt=nc&LH_PrefLoc=1
Party lip gloss,https://www.ebay.com/sch/i.html?_from=R40&_nkw=Party+lip+gloss&_sacat=26395&rt=nc&LH_ItemCondition=3&LH_BIN=1&rt=nc&LH_PrefLoc=1
Snail BB Cream,https://www.ebay.com/sch/i.html?_from=R40&_nkw=Snail+BB+Cream&_sacat=26395&rt=nc&LH_ItemCondition=3&LH_BIN=1&rt=nc&LH_PrefLoc=1
Bronze Highlighter,https://www.ebay.com/sch/i.html?_from=R40&_nkw=Bronze+Highlighter&_sacat=26395&rt=nc&LH_ItemCondition=3&LH_BIN=1&rt=nc&LH_PrefLoc=1
Bright primer,https://www.ebay.com/sch/i.html?_from=R40&_nkw=Bright+primer&_sacat=26395&rt=nc&LH_ItemCondition=3&LH_BIN=1&rt=nc&LH_PrefLoc=1
Makeup towel,https://www.ebay.com/sch/i.html?_from=R40&_nkw=Makeup+towel&_sacat=26395&rt=nc&LH_ItemCondition=3&LH_BIN=1&rt=nc&LH_PrefLoc=1
Lip Exfoliator,https://www.ebay.com/sch/i.html?_from=R40&_nkw=Lip+Exfoliator&_sacat=26395&rt=nc&LH_ItemCondition=3&LH_BIN=1&rt=nc&LH_PrefLoc=1
Color Corrector,https://www.ebay.com/sch/i.html?_from=R40&_nkw=Color+Corrector&_sacat=26395&rt=nc&LH_ItemCondition=3&LH_BIN=1&rt=nc&LH_PrefLoc=1
Cherry Lip Gloss,https://www.ebay.com/sch/i.html?_from=R40&_nkw=Cherry+Lip+Gloss&_sacat=26395&rt=nc&LH_ItemCondition=3&LH_BIN=1&rt=nc&LH_PrefLoc=1
Rose Cucumber Mask,https://www.ebay.com/sch/i.html?_from=R40&_nkw=Rose+Cucumber+Mask&_sacat=26395&rt=nc&LH_ItemCondition=3&LH_BIN=1&rt=nc&LH_PrefLoc=1
Moisturizing Lip Balm,https://www.ebay.com/sch/i.html?_from=R40&_nkw=Moisturizing+Lip+Balm&_sacat=26395&rt=nc&LH_ItemCondition=3&LH_BIN=1&rt=nc&LH_PrefLoc=1
Mascara Black,https://www.ebay.com/sch/i.html?_from=R40&_nkw=Mascara+Black&_sacat=26395&rt=nc&LH_ItemCondition=3&LH_BIN=1&rt=nc&LH_PrefLoc=1
Burn Book,https://www.ebay.com/sch/i.html?_from=R40&_nkw=Burn+Book&_sacat=26395&rt=nc&LH_ItemCondition=3&LH_BIN=1&rt=nc&LH_PrefLoc=1
Strange Mascara,https://www.ebay.com/sch/i.html?_from=R40&_nkw=Strange+Mascara&_sacat=26395&rt=nc&LH_ItemCondition=3&LH_BIN=1&rt=nc&LH_PrefLoc=1
Cool Vanilla,https://www.ebay.com/sch/i.html?_from=R40&_nkw=Cool+Vanilla&_sacat=26395&rt=nc&LH_ItemCondition=3&LH_BIN=1&rt=nc&LH_PrefLoc=1
Cream Blush,https://www.ebay.com/sch/i.html?_from=R40&_nkw=Cream+Blush&_sacat=26395&rt=nc&LH_ItemCondition=3&LH_BIN=1&rt=nc&LH_PrefLoc=1
Makeup SPF,https://www.ebay.com/sch/i.html?_from=R40&_nkw=Makeup+SPF&_sacat=26395&rt=nc&LH_ItemCondition=3&LH_BIN=1&rt=nc&LH_PrefLoc=1
Lip Tint,https://www.ebay.com/sch/i.html?_from=R40&_nkw=Lip+Tint&_sacat=26395&rt=nc&LH_ItemCondition=3&LH_BIN=1&rt=nc&LH_PrefLoc=1
Colour Changing Stick,https://www.ebay.com/sch/i.html?_from=R40&_nkw=Colour+Changing+Stick&_sacat=26395&rt=nc&LH_ItemCondition=3&LH_BIN=1&rt=nc&LH_PrefLoc=1
Long-Lasting Blush,https://www.ebay.com/sch/i.html?_from=R40&_nkw=Long-Lasting+Blush&_sacat=26395&rt=nc&LH_ItemCondition=3&LH_BIN=1&rt=nc&LH_PrefLoc=1
False eyelashes,https://www.ebay.com/sch/i.html?_from=R40&_nkw=False+eyelashes&_sacat=26395&rt=nc&LH_ItemCondition=3&LH_BIN=1&rt=nc&LH_PrefLoc=1
Eyeshadow Stick,https://www.ebay.com/sch/i.html?_from=R40&_nkw=Eyeshadow+Stick&_sacat=26395&rt=nc&LH_ItemCondition=3&LH_BIN=1&rt=nc&LH_PrefLoc=1
Brow Pencil,https://www.ebay.com/sch/i.html?_from=R40&_nkw=Brow+Pencil&_sacat=26395&rt=nc&LH_ItemCondition=3&LH_BIN=1&rt=nc&LH_PrefLoc=1
Liquid Eye Shadow,https://www.ebay.com/sch/i.html?_from=R40&_nkw=Liquid+Eye+Shadow&_sacat=26395&rt=nc&LH_ItemCondition=3&LH_BIN=1&rt=nc&LH_PrefLoc=1
Full Exposure,https://www.ebay.com/sch/i.html?_from=R40&_nkw=Full+Exposure&_sacat=26395&rt=nc&LH_ItemCondition=3&LH_BIN=1&rt=nc&LH_PrefLoc=1
Silicone Primer,https://www.ebay.com/sch/i.html?_from=R40&_nkw=Silicone+Primer&_sacat=26395&rt=nc&LH_ItemCondition=3&LH_BIN=1&rt=nc&LH_PrefLoc=1
Beetle House Palette,https://www.ebay.com/sch/i.html?_from=R40&_nkw=Beetle+House+Palette&_sacat=26395&rt=nc&LH_ItemCondition=3&LH_BIN=1&rt=nc&LH_PrefLoc=1
Glitter Lip Duo,https://www.ebay.com/sch/i.html?_from=R40&_nkw=Glitter+Lip+Duo&_sacat=26395&rt=nc&LH_ItemCondition=3&LH_BIN=1&rt=nc&LH_PrefLoc=1
Nail accessories,https://www.ebay.com/sch/i.html?_from=R40&_nkw=Nail+accessories&_sacat=26395&rt=nc&LH_ItemCondition=3&LH_BIN=1&rt=nc&LH_PrefLoc=1
Glow Kit,https://www.ebay.com/sch/i.html?_from=R40&_nkw=Glow+Kit&_sacat=26395&rt=nc&LH_ItemCondition=3&LH_BIN=1&rt=nc&LH_PrefLoc=1
Cooling Primer,https://www.ebay.com/sch/i.html?_from=R40&_nkw=Cooling+Primer&_sacat=26395&rt=nc&LH_ItemCondition=3&LH_BIN=1&rt=nc&LH_PrefLoc=1
New Year Tattoos,https://www.ebay.com/sch/i.html?_from=R40&_nkw=New+Year+Tattoos&_sacat=26395&rt=nc&LH_ItemCondition=3&LH_BIN=1&rt=nc&LH_PrefLoc=1
Saline Solution,https://www.ebay.com/sch/i.html?_from=R40&_nkw=Saline+Solution&_sacat=26395&rt=nc&LH_ItemCondition=3&LH_BIN=1&rt=nc&LH_PrefLoc=1
Waterproof Eye Liner,https://www.ebay.com/sch/i.html?_from=R40&_nkw=Waterproof+Eye+Liner&_sacat=26395&rt=nc&LH_ItemCondition=3&LH_BIN=1&rt=nc&LH_PrefLoc=1
Pedicure Set,https://www.ebay.com/sch/i.html?_from=R40&_nkw=Pedicure+Set&_sacat=26395&rt=nc&LH_ItemCondition=3&LH_BIN=1&rt=nc&LH_PrefLoc=1
Lip shimmer,https://www.ebay.com/sch/i.html?_from=R40&_nkw=Lip+shimmer&_sacat=26395&rt=nc&LH_ItemCondition=3&LH_BIN=1&rt=nc&LH_PrefLoc=1
Pastel Eyeshadow,https://www.ebay.com/sch/i.html?_from=R40&_nkw=Pastel+Eyeshadow&_sacat=26395&rt=nc&LH_ItemCondition=3&LH_BIN=1&rt=nc&LH_PrefLoc=1
