Keyword,Links
Curly Hair Kit,https://www.amazon.com/s?k=Curly+Hair+Kit&i=beauty&s=exact-aware-popularity-rank&ref=sr_st_exact-aware-popularity-rank
Shampoo Comb,https://www.amazon.com/s?k=Shampoo+Comb&i=beauty&s=exact-aware-popularity-rank&ref=sr_st_exact-aware-popularity-rank
Curly Co-Wash,https://www.amazon.com/s?k=Curly+Co-Wash&i=beauty&s=exact-aware-popularity-rank&ref=sr_st_exact-aware-popularity-rank
Curl nourish,https://www.amazon.com/s?k=Curl+nourish&i=beauty&s=exact-aware-popularity-rank&ref=sr_st_exact-aware-popularity-rank
Detangle Shampoo,https://www.amazon.com/s?k=Detangle+Shampoo&i=beauty&s=exact-aware-popularity-rank&ref=sr_st_exact-aware-popularity-rank
Bambu Shampoo,https://www.amazon.com/s?k=Bambu+Shampoo&i=beauty&s=exact-aware-popularity-rank&ref=sr_st_exact-aware-popularity-rank
Nutrient Shampoo,https://www.amazon.com/s?k=Nutrient+Shampoo&i=beauty&s=exact-aware-popularity-rank&ref=sr_st_exact-aware-popularity-rank
Shampoo 13.5 oz,https://www.amazon.com/s?k=Shampoo+13.5+oz&i=beauty&s=exact-aware-popularity-rank&ref=sr_st_exact-aware-popularity-rank
Cleanse Shampoo,https://www.amazon.com/s?k=Cleanse+Shampoo&i=beauty&s=exact-aware-popularity-rank&ref=sr_st_exact-aware-popularity-rank
Cucumber shampoo,https://www.amazon.com/s?k=Cucumber+shampoo&i=beauty&s=exact-aware-popularity-rank&ref=sr_st_exact-aware-popularity-rank
Moisture Combo,https://www.amazon.com/s?k=Moisture+Combo&i=beauty&s=exact-aware-popularity-rank&ref=sr_st_exact-aware-popularity-rank
Curl Bond,https://www.amazon.com/s?k=Curl+Bond&i=beauty&s=exact-aware-popularity-rank&ref=sr_st_exact-aware-popularity-rank
Dark Brown Shampoo,https://www.amazon.com/s?k=Dark+Brown+Shampoo&i=beauty&s=exact-aware-popularity-rank&ref=sr_st_exact-aware-popularity-rank
Sulfate-free cleanser,https://www.amazon.com/s?k=Sulfate-free+cleanser&i=beauty&s=exact-aware-popularity-rank&ref=sr_st_exact-aware-popularity-rank
Straightening Shampoo,https://www.amazon.com/s?k=Straightening+Shampoo&i=beauty&s=exact-aware-popularity-rank&ref=sr_st_exact-aware-popularity-rank
Children's shampoo,https://www.amazon.com/s?k=Children's+shampoo&i=beauty&s=exact-aware-popularity-rank&ref=sr_st_exact-aware-popularity-rank
Colour Goddess,https://www.amazon.com/s?k=Colour+Goddess&i=beauty&s=exact-aware-popularity-rank&ref=sr_st_exact-aware-popularity-rank
Intensive Conditioner,https://www.amazon.com/s?k=Intensive+Conditioner&i=beauty&s=exact-aware-popularity-rank&ref=sr_st_exact-aware-popularity-rank
Flaxseed Shampoo,https://www.amazon.com/s?k=Flaxseed+Shampoo&i=beauty&s=exact-aware-popularity-rank&ref=sr_st_exact-aware-popularity-rank
Natural curls,https://www.amazon.com/s?k=Natural+curls&i=beauty&s=exact-aware-popularity-rank&ref=sr_st_exact-aware-popularity-rank
Extra Intense Conditioner,https://www.amazon.com/s?k=Extra+Intense+Conditioner&i=beauty&s=exact-aware-popularity-rank&ref=sr_st_exact-aware-popularity-rank
Herbal Cleanse,https://www.amazon.com/s?k=Herbal+Cleanse&i=beauty&s=exact-aware-popularity-rank&ref=sr_st_exact-aware-popularity-rank
Nourishing Set,https://www.amazon.com/s?k=Nourishing+Set&i=beauty&s=exact-aware-popularity-rank&ref=sr_st_exact-aware-popularity-rank
Softening Conditioner,https://www.amazon.com/s?k=Softening+Conditioner&i=beauty&s=exact-aware-popularity-rank&ref=sr_st_exact-aware-popularity-rank
After Care Set,https://www.amazon.com/s?k=After+Care+Set&i=beauty&s=exact-aware-popularity-rank&ref=sr_st_exact-aware-popularity-rank
Litsea Conditioner,https://www.amazon.com/s?k=Litsea+Conditioner&i=beauty&s=exact-aware-popularity-rank&ref=sr_st_exact-aware-popularity-rank
Caution Curls,https://www.amazon.com/s?k=Caution+Curls&i=beauty&s=exact-aware-popularity-rank&ref=sr_st_exact-aware-popularity-rank
Rose Gold Shampoo,https://www.amazon.com/s?k=Rose+Gold+Shampoo&i=beauty&s=exact-aware-popularity-rank&ref=sr_st_exact-aware-popularity-rank
Tingling Shampoo,https://www.amazon.com/s?k=Tingling+Shampoo&i=beauty&s=exact-aware-popularity-rank&ref=sr_st_exact-aware-popularity-rank
Marula Oil,https://www.amazon.com/s?k=Marula+Oil&i=beauty&s=exact-aware-popularity-rank&ref=sr_st_exact-aware-popularity-rank
Rice Water Shampoo,https://www.amazon.com/s?k=Rice+Water+Shampoo&i=beauty&s=exact-aware-popularity-rank&ref=sr_st_exact-aware-popularity-rank
Hinoki Duo,https://www.amazon.com/s?k=Hinoki+Duo&i=beauty&s=exact-aware-popularity-rank&ref=sr_st_exact-aware-popularity-rank
Shower Caps,https://www.amazon.com/s?k=Shower+Caps&i=beauty&s=exact-aware-popularity-rank&ref=sr_st_exact-aware-popularity-rank
No-Lye Relaxer,https://www.amazon.com/s?k=No-Lye+Relaxer&i=beauty&s=exact-aware-popularity-rank&ref=sr_st_exact-aware-popularity-rank
Anti-Breakage Lotion,https://www.amazon.com/s?k=Anti-Breakage+Lotion&i=beauty&s=exact-aware-popularity-rank&ref=sr_st_exact-aware-popularity-rank
Fade cream,https://www.amazon.com/s?k=Fade+cream&i=beauty&s=exact-aware-popularity-rank&ref=sr_st_exact-aware-popularity-rank
Beach sunscreen,https://www.amazon.com/s?k=Beach+sunscreen&i=beauty&s=exact-aware-popularity-rank&ref=sr_st_exact-aware-popularity-rank
Sport Sunscreen,https://www.amazon.com/s?k=Sport+Sunscreen&i=beauty&s=exact-aware-popularity-rank&ref=sr_st_exact-aware-popularity-rank
DNA Damage,https://www.amazon.com/s?k=DNA+Damage&i=beauty&s=exact-aware-popularity-rank&ref=sr_st_exact-aware-popularity-rank
Suntouchable SPF,https://www.amazon.com/s?k=Suntouchable+SPF&i=beauty&s=exact-aware-popularity-rank&ref=sr_st_exact-aware-popularity-rank
Sun stick,https://www.amazon.com/s?k=Sun+stick&i=beauty&s=exact-aware-popularity-rank&ref=sr_st_exact-aware-popularity-rank
Hawaiian Sunscreen,https://www.amazon.com/s?k=Hawaiian+Sunscreen&i=beauty&s=exact-aware-popularity-rank&ref=sr_st_exact-aware-popularity-rank
Sensitive Sunscreen,https://www.amazon.com/s?k=Sensitive+Sunscreen&i=beauty&s=exact-aware-popularity-rank&ref=sr_st_exact-aware-popularity-rank
Sunscreen Emulsion,https://www.amazon.com/s?k=Sunscreen+Emulsion&i=beauty&s=exact-aware-popularity-rank&ref=sr_st_exact-aware-popularity-rank
Sun Protection,https://www.amazon.com/s?k=Sun+Protection&i=beauty&s=exact-aware-popularity-rank&ref=sr_st_exact-aware-popularity-rank
Oil control sunscreen,https://www.amazon.com/s?k=Oil+control+sunscreen&i=beauty&s=exact-aware-popularity-rank&ref=sr_st_exact-aware-popularity-rank
Baby Sunscreen,https://www.amazon.com/s?k=Baby+Sunscreen&i=beauty&s=exact-aware-popularity-rank&ref=sr_st_exact-aware-popularity-rank
Sunscreen SPF,https://www.amazon.com/s?k=Sunscreen+SPF&i=beauty&s=exact-aware-popularity-rank&ref=sr_st_exact-aware-popularity-rank
Centella sunscreen,https://www.amazon.com/s?k=Centella+sunscreen&i=beauty&s=exact-aware-popularity-rank&ref=sr_st_exact-aware-popularity-rank
SPF sunscreen,https://www.amazon.com/s?k=SPF+sunscreen&i=beauty&s=exact-aware-popularity-rank&ref=sr_st_exact-aware-popularity-rank
