Keyword,Links
Digestive Health,https://www.amazon.com/s?k=Digestive+Health&i=hpc&s=exact-aware-popularity-rank&ref=sr_st_exact-aware-popularity-rank
Vegetable Culture,https://www.amazon.com/s?k=Vegetable+Culture&i=hpc&s=exact-aware-popularity-rank&ref=sr_st_exact-aware-popularity-rank
Acidophilus Pectin,https://www.amazon.com/s?k=Acidophilus+Pectin&i=hpc&s=exact-aware-popularity-rank&ref=sr_st_exact-aware-popularity-rank
Probiotic Digestive,https://www.amazon.com/s?k=Probiotic+Digestive&i=hpc&s=exact-aware-popularity-rank&ref=sr_st_exact-aware-popularity-rank
Kids toys,https://www.amazon.com/s?k=Kids+toys&i=hpc&s=exact-aware-popularity-rank&ref=sr_st_exact-aware-popularity-rank
Digestive Balance,https://www.amazon.com/s?k=Digestive+Balance&i=hpc&s=exact-aware-popularity-rank&ref=sr_st_exact-aware-popularity-rank
Metabolism Superfood,https://www.amazon.com/s?k=Metabolism+Superfood&i=hpc&s=exact-aware-popularity-rank&ref=sr_st_exact-aware-popularity-rank
Elderberry Immune,https://www.amazon.com/s?k=Elderberry+Immune&i=hpc&s=exact-aware-popularity-rank&ref=sr_st_exact-aware-popularity-rank
Tooth fairy,https://www.amazon.com/s?k=Tooth+fairy&i=hpc&s=exact-aware-popularity-rank&ref=sr_st_exact-aware-popularity-rank
Lysine Probiotics,https://www.amazon.com/s?k=Lysine+Probiotics&i=hpc&s=exact-aware-popularity-rank&ref=sr_st_exact-aware-popularity-rank
Keto Cleanse,https://www.amazon.com/s?k=Keto+Cleanse&i=hpc&s=exact-aware-popularity-rank&ref=sr_st_exact-aware-popularity-rank
Baby Probiotics,https://www.amazon.com/s?k=Baby+Probiotics&i=hpc&s=exact-aware-popularity-rank&ref=sr_st_exact-aware-popularity-rank
Psyllium Capsules,https://www.amazon.com/s?k=Psyllium+Capsules&i=hpc&s=exact-aware-popularity-rank&ref=sr_st_exact-aware-popularity-rank
Candida Probiotics,https://www.amazon.com/s?k=Candida+Probiotics&i=hpc&s=exact-aware-popularity-rank&ref=sr_st_exact-aware-popularity-rank
Fungus Support,https://www.amazon.com/s?k=Fungus+Support&i=hpc&s=exact-aware-popularity-rank&ref=sr_st_exact-aware-popularity-rank
Digestive Wellness,https://www.amazon.com/s?k=Digestive+Wellness&i=hpc&s=exact-aware-popularity-rank&ref=sr_st_exact-aware-popularity-rank
Probiotic Lozenges,https://www.amazon.com/s?k=Probiotic+Lozenges&i=hpc&s=exact-aware-popularity-rank&ref=sr_st_exact-aware-popularity-rank
Amino Suppositories,https://www.amazon.com/s?k=Amino+Suppositories&i=hpc&s=exact-aware-popularity-rank&ref=sr_st_exact-aware-popularity-rank
Align Capsules,https://www.amazon.com/s?k=Align+Capsules&i=hpc&s=exact-aware-popularity-rank&ref=sr_st_exact-aware-popularity-rank
Bifido capsules,https://www.amazon.com/s?k=Bifido+capsules&i=hpc&s=exact-aware-popularity-rank&ref=sr_st_exact-aware-popularity-rank
Prebiotic Support,https://www.amazon.com/s?k=Prebiotic+Support&i=hpc&s=exact-aware-popularity-rank&ref=sr_st_exact-aware-popularity-rank
Probiotic Cleanse,https://www.amazon.com/s?k=Probiotic+Cleanse&i=hpc&s=exact-aware-popularity-rank&ref=sr_st_exact-aware-popularity-rank
AHCC Probiotics,https://www.amazon.com/s?k=AHCC+Probiotics&i=hpc&s=exact-aware-popularity-rank&ref=sr_st_exact-aware-popularity-rank
Probiotic Packets,https://www.amazon.com/s?k=Probiotic+Packets&i=hpc&s=exact-aware-popularity-rank&ref=sr_st_exact-aware-popularity-rank
Prebiotic Blend,https://www.amazon.com/s?k=Prebiotic+Blend&i=hpc&s=exact-aware-popularity-rank&ref=sr_st_exact-aware-popularity-rank
Probiotics Adults,https://www.amazon.com/s?k=Probiotics+Adults&i=hpc&s=exact-aware-popularity-rank&ref=sr_st_exact-aware-popularity-rank
Feminine Balance,https://www.amazon.com/s?k=Feminine+Balance&i=hpc&s=exact-aware-popularity-rank&ref=sr_st_exact-aware-popularity-rank
Probiotic Caps,https://www.amazon.com/s?k=Probiotic+Caps&i=hpc&s=exact-aware-popularity-rank&ref=sr_st_exact-aware-popularity-rank
Complete Probiotic,https://www.amazon.com/s?k=Complete+Probiotic&i=hpc&s=exact-aware-popularity-rank&ref=sr_st_exact-aware-popularity-rank
HMO Supplement,https://www.amazon.com/s?k=HMO+Supplement&i=hpc&s=exact-aware-popularity-rank&ref=sr_st_exact-aware-popularity-rank
Kid vitamins,https://www.amazon.com/s?k=Kid+vitamins&i=hpc&s=exact-aware-popularity-rank&ref=sr_st_exact-aware-popularity-rank
Probiotic Relaxation,https://www.amazon.com/s?k=Probiotic+Relaxation&i=hpc&s=exact-aware-popularity-rank&ref=sr_st_exact-aware-popularity-rank
Weightloss Capsules,https://www.amazon.com/s?k=Weightloss+Capsules&i=hpc&s=exact-aware-popularity-rank&ref=sr_st_exact-aware-popularity-rank
Fungus Clear,https://www.amazon.com/s?k=Fungus+Clear&i=hpc&s=exact-aware-popularity-rank&ref=sr_st_exact-aware-popularity-rank
Synbiotic Probiotics,https://www.amazon.com/s?k=Synbiotic+Probiotics&i=hpc&s=exact-aware-popularity-rank&ref=sr_st_exact-aware-popularity-rank
Probiotic Lemon,https://www.amazon.com/s?k=Probiotic+Lemon&i=hpc&s=exact-aware-popularity-rank&ref=sr_st_exact-aware-popularity-rank
Digestion optimizer,https://www.amazon.com/s?k=Digestion+optimizer&i=hpc&s=exact-aware-popularity-rank&ref=sr_st_exact-aware-popularity-rank
Bifidobacterium capsules,https://www.amazon.com/s?k=Bifidobacterium+capsules&i=hpc&s=exact-aware-popularity-rank&ref=sr_st_exact-aware-popularity-rank
Caprylic Acid,https://www.amazon.com/s?k=Caprylic+Acid&i=hpc&s=exact-aware-popularity-rank&ref=sr_st_exact-aware-popularity-rank
Allergy Probiotic,https://www.amazon.com/s?k=Allergy+Probiotic&i=hpc&s=exact-aware-popularity-rank&ref=sr_st_exact-aware-popularity-rank
Bowel Probiotics,https://www.amazon.com/s?k=Bowel+Probiotics&i=hpc&s=exact-aware-popularity-rank&ref=sr_st_exact-aware-popularity-rank
Bifidobacterium probiotic,https://www.amazon.com/s?k=Bifidobacterium+probiotic&i=hpc&s=exact-aware-popularity-rank&ref=sr_st_exact-aware-popularity-rank
Psyllium Fiber,https://www.amazon.com/s?k=Psyllium+Fiber&i=hpc&s=exact-aware-popularity-rank&ref=sr_st_exact-aware-popularity-rank
Fiber Caplets,https://www.amazon.com/s?k=Fiber+Caplets&i=hpc&s=exact-aware-popularity-rank&ref=sr_st_exact-aware-popularity-rank
Fiber Chewables,https://www.amazon.com/s?k=Fiber+Chewables&i=hpc&s=exact-aware-popularity-rank&ref=sr_st_exact-aware-popularity-rank
Soluble fiber,https://www.amazon.com/s?k=Soluble+fiber&i=hpc&s=exact-aware-popularity-rank&ref=sr_st_exact-aware-popularity-rank
Psyllium husks,https://www.amazon.com/s?k=Psyllium+husks&i=hpc&s=exact-aware-popularity-rank&ref=sr_st_exact-aware-popularity-rank
Fiber therapy,https://www.amazon.com/s?k=Fiber+therapy&i=hpc&s=exact-aware-popularity-rank&ref=sr_st_exact-aware-popularity-rank
Fiber capsules,https://www.amazon.com/s?k=Fiber+capsules&i=hpc&s=exact-aware-popularity-rank&ref=sr_st_exact-aware-popularity-rank
Psyllium Powder,https://www.amazon.com/s?k=Psyllium+Powder&i=hpc&s=exact-aware-popularity-rank&ref=sr_st_exact-aware-popularity-rank
