Keyword,Links
Eye Shader,https://www.amazon.com/s?k=Eye+Shader&i=beauty&s=exact-aware-popularity-rank&ref=sr_st_exact-aware-popularity-rank
Serum Booster,https://www.amazon.com/s?k=Serum+Booster&i=beauty&s=exact-aware-popularity-rank&ref=sr_st_exact-aware-popularity-rank
Microdermabrasion Wand,https://www.amazon.com/s?k=Microdermabrasion+Wand&i=beauty&s=exact-aware-popularity-rank&ref=sr_st_exact-aware-popularity-rank
Makeup Clutch,https://www.amazon.com/s?k=Makeup+Clutch&i=beauty&s=exact-aware-popularity-rank&ref=sr_st_exact-aware-popularity-rank
Travel comb,https://www.amazon.com/s?k=Travel+comb&i=beauty&s=exact-aware-popularity-rank&ref=sr_st_exact-aware-popularity-rank
Sleep roller,https://www.amazon.com/s?k=Sleep+roller&i=beauty&s=exact-aware-popularity-rank&ref=sr_st_exact-aware-popularity-rank
Lighted Makeup Mirror,https://www.amazon.com/s?k=Lighted+Makeup+Mirror&i=beauty&s=exact-aware-popularity-rank&ref=sr_st_exact-aware-popularity-rank
Hair tools,https://www.amazon.com/s?k=Hair+tools&i=beauty&s=exact-aware-popularity-rank&ref=sr_st_exact-aware-popularity-rank
Precision Tweezers,https://www.amazon.com/s?k=Precision+Tweezers&i=beauty&s=exact-aware-popularity-rank&ref=sr_st_exact-aware-popularity-rank
Magic Brush,https://www.amazon.com/s?k=Magic+Brush&i=beauty&s=exact-aware-popularity-rank&ref=sr_st_exact-aware-popularity-rank
Hair Dryer Diffuser,https://www.amazon.com/s?k=Hair+Dryer+Diffuser&i=beauty&s=exact-aware-popularity-rank&ref=sr_st_exact-aware-popularity-rank
LED Wand,https://www.amazon.com/s?k=LED+Wand&i=beauty&s=exact-aware-popularity-rank&ref=sr_st_exact-aware-popularity-rank
Tourmaline Hair Dryer,https://www.amazon.com/s?k=Tourmaline+Hair+Dryer&i=beauty&s=exact-aware-popularity-rank&ref=sr_st_exact-aware-popularity-rank
Heat resistant pouch,https://www.amazon.com/s?k=Heat+resistant+pouch&i=beauty&s=exact-aware-popularity-rank&ref=sr_st_exact-aware-popularity-rank
Charcoal Strips,https://www.amazon.com/s?k=Charcoal+Strips&i=beauty&s=exact-aware-popularity-rank&ref=sr_st_exact-aware-popularity-rank
Facial Dermaplaner,https://www.amazon.com/s?k=Facial+Dermaplaner&i=beauty&s=exact-aware-popularity-rank&ref=sr_st_exact-aware-popularity-rank
Color switch,https://www.amazon.com/s?k=Color+switch&i=beauty&s=exact-aware-popularity-rank&ref=sr_st_exact-aware-popularity-rank
train case,https://www.amazon.com/s?k=train+case&i=beauty&s=exact-aware-popularity-rank&ref=sr_st_exact-aware-popularity-rank
Mandalorian Detangler,https://www.amazon.com/s?k=Mandalorian+Detangler&i=beauty&s=exact-aware-popularity-rank&ref=sr_st_exact-aware-popularity-rank
Cotton Dispenser,https://www.amazon.com/s?k=Cotton+Dispenser&i=beauty&s=exact-aware-popularity-rank&ref=sr_st_exact-aware-popularity-rank
Lighted Vanity Mirror,https://www.amazon.com/s?k=Lighted+Vanity+Mirror&i=beauty&s=exact-aware-popularity-rank&ref=sr_st_exact-aware-popularity-rank
Powder Brush,https://www.amazon.com/s?k=Powder+Brush&i=beauty&s=exact-aware-popularity-rank&ref=sr_st_exact-aware-popularity-rank
Powder Puff,https://www.amazon.com/s?k=Powder+Puff&i=beauty&s=exact-aware-popularity-rank&ref=sr_st_exact-aware-popularity-rank
Hairsetter rollers,https://www.amazon.com/s?k=Hairsetter+rollers&i=beauty&s=exact-aware-popularity-rank&ref=sr_st_exact-aware-popularity-rank
Beauty Blender,https://www.amazon.com/s?k=Beauty+Blender&i=beauty&s=exact-aware-popularity-rank&ref=sr_st_exact-aware-popularity-rank
Sponge Set,https://www.amazon.com/s?k=Sponge+Set&i=beauty&s=exact-aware-popularity-rank&ref=sr_st_exact-aware-popularity-rank
Ninja Turtles Mirror,https://www.amazon.com/s?k=Ninja+Turtles+Mirror&i=beauty&s=exact-aware-popularity-rank&ref=sr_st_exact-aware-popularity-rank
Pore Cleansing,https://www.amazon.com/s?k=Pore+Cleansing&i=beauty&s=exact-aware-popularity-rank&ref=sr_st_exact-aware-popularity-rank
Round Hairbrush,https://www.amazon.com/s?k=Round+Hairbrush&i=beauty&s=exact-aware-popularity-rank&ref=sr_st_exact-aware-popularity-rank
Tourmaline Flat Iron,https://www.amazon.com/s?k=Tourmaline+Flat+Iron&i=beauty&s=exact-aware-popularity-rank&ref=sr_st_exact-aware-popularity-rank
Bonnet Dryer,https://www.amazon.com/s?k=Bonnet+Dryer&i=beauty&s=exact-aware-popularity-rank&ref=sr_st_exact-aware-popularity-rank
Ionic Hairsetter,https://www.amazon.com/s?k=Ionic+Hairsetter&i=beauty&s=exact-aware-popularity-rank&ref=sr_st_exact-aware-popularity-rank
Fleece Makeup Bag,https://www.amazon.com/s?k=Fleece+Makeup+Bag&i=beauty&s=exact-aware-popularity-rank&ref=sr_st_exact-aware-popularity-rank
Ionic Blow Dryer,https://www.amazon.com/s?k=Ionic+Blow+Dryer&i=beauty&s=exact-aware-popularity-rank&ref=sr_st_exact-aware-popularity-rank
Blue Light,https://www.amazon.com/s?k=Blue+Light&i=beauty&s=exact-aware-popularity-rank&ref=sr_st_exact-aware-popularity-rank
Tapered Brush,https://www.amazon.com/s?k=Tapered+Brush&i=beauty&s=exact-aware-popularity-rank&ref=sr_st_exact-aware-popularity-rank
Accessory Bags,https://www.amazon.com/s?k=Accessory+Bags&i=beauty&s=exact-aware-popularity-rank&ref=sr_st_exact-aware-popularity-rank
Washable Sponge,https://www.amazon.com/s?k=Washable+Sponge&i=beauty&s=exact-aware-popularity-rank&ref=sr_st_exact-aware-popularity-rank
Fan Brush,https://www.amazon.com/s?k=Fan+Brush&i=beauty&s=exact-aware-popularity-rank&ref=sr_st_exact-aware-popularity-rank
Point Tweezer,https://www.amazon.com/s?k=Point+Tweezer&i=beauty&s=exact-aware-popularity-rank&ref=sr_st_exact-aware-popularity-rank
Tweezer Combo,https://www.amazon.com/s?k=Tweezer+Combo&i=beauty&s=exact-aware-popularity-rank&ref=sr_st_exact-aware-popularity-rank
Blow-Dryer Brush,https://www.amazon.com/s?k=Blow-Dryer+Brush&i=beauty&s=exact-aware-popularity-rank&ref=sr_st_exact-aware-popularity-rank
Light therapy,https://www.amazon.com/s?k=Light+therapy&i=beauty&s=exact-aware-popularity-rank&ref=sr_st_exact-aware-popularity-rank
Two-Sided Mirror,https://www.amazon.com/s?k=Two-Sided+Mirror&i=beauty&s=exact-aware-popularity-rank&ref=sr_st_exact-aware-popularity-rank
Crocodile Makeup,https://www.amazon.com/s?k=Crocodile+Makeup&i=beauty&s=exact-aware-popularity-rank&ref=sr_st_exact-aware-popularity-rank
Sonic Cleanser,https://www.amazon.com/s?k=Sonic+Cleanser&i=beauty&s=exact-aware-popularity-rank&ref=sr_st_exact-aware-popularity-rank
LED Makeup Mirror,https://www.amazon.com/s?k=LED+Makeup+Mirror&i=beauty&s=exact-aware-popularity-rank&ref=sr_st_exact-aware-popularity-rank
Beard Straightener,https://www.amazon.com/s?k=Beard+Straightener&i=beauty&s=exact-aware-popularity-rank&ref=sr_st_exact-aware-popularity-rank
Jumbo Hairsetter,https://www.amazon.com/s?k=Jumbo+Hairsetter&i=beauty&s=exact-aware-popularity-rank&ref=sr_st_exact-aware-popularity-rank
Makeup Brush Set,https://www.amazon.com/s?k=Makeup+Brush+Set&i=beauty&s=exact-aware-popularity-rank&ref=sr_st_exact-aware-popularity-rank
