Keyword,Links
Eye Shader,https://www.ebay.com/sch/i.html?_from=R40&_nkw=Eye+Shader&_sacat=26395&rt=nc&LH_ItemCondition=3&LH_BIN=1&rt=nc&LH_PrefLoc=1
Serum Booster,https://www.ebay.com/sch/i.html?_from=R40&_nkw=Serum+Booster&_sacat=26395&rt=nc&LH_ItemCondition=3&LH_BIN=1&rt=nc&LH_PrefLoc=1
Microdermabrasion Wand,https://www.ebay.com/sch/i.html?_from=R40&_nkw=Microdermabrasion+Wand&_sacat=26395&rt=nc&LH_ItemCondition=3&LH_BIN=1&rt=nc&LH_PrefLoc=1
Makeup Clutch,https://www.ebay.com/sch/i.html?_from=R40&_nkw=Makeup+Clutch&_sacat=26395&rt=nc&LH_ItemCondition=3&LH_BIN=1&rt=nc&LH_PrefLoc=1
Travel comb,https://www.ebay.com/sch/i.html?_from=R40&_nkw=Travel+comb&_sacat=26395&rt=nc&LH_ItemCondition=3&LH_BIN=1&rt=nc&LH_PrefLoc=1
Sleep roller,https://www.ebay.com/sch/i.html?_from=R40&_nkw=Sleep+roller&_sacat=26395&rt=nc&LH_ItemCondition=3&LH_BIN=1&rt=nc&LH_PrefLoc=1
Lighted Makeup Mirror,https://www.ebay.com/sch/i.html?_from=R40&_nkw=Lighted+Makeup+Mirror&_sacat=26395&rt=nc&LH_ItemCondition=3&LH_BIN=1&rt=nc&LH_PrefLoc=1
Hair tools,https://www.ebay.com/sch/i.html?_from=R40&_nkw=Hair+tools&_sacat=26395&rt=nc&LH_ItemCondition=3&LH_BIN=1&rt=nc&LH_PrefLoc=1
Precision Tweezers,https://www.ebay.com/sch/i.html?_from=R40&_nkw=Precision+Tweezers&_sacat=26395&rt=nc&LH_ItemCondition=3&LH_BIN=1&rt=nc&LH_PrefLoc=1
Magic Brush,https://www.ebay.com/sch/i.html?_from=R40&_nkw=Magic+Brush&_sacat=26395&rt=nc&LH_ItemCondition=3&LH_BIN=1&rt=nc&LH_PrefLoc=1
Hair Dryer Diffuser,https://www.ebay.com/sch/i.html?_from=R40&_nkw=Hair+Dryer+Diffuser&_sacat=26395&rt=nc&LH_ItemCondition=3&LH_BIN=1&rt=nc&LH_PrefLoc=1
LED Wand,https://www.ebay.com/sch/i.html?_from=R40&_nkw=LED+Wand&_sacat=26395&rt=nc&LH_ItemCondition=3&LH_BIN=1&rt=nc&LH_PrefLoc=1
Tourmaline Hair Dryer,https://www.ebay.com/sch/i.html?_from=R40&_nkw=Tourmaline+Hair+Dryer&_sacat=26395&rt=nc&LH_ItemCondition=3&LH_BIN=1&rt=nc&LH_PrefLoc=1
Heat resistant pouch,https://www.ebay.com/sch/i.html?_from=R40&_nkw=Heat+resistant+pouch&_sacat=26395&rt=nc&LH_ItemCondition=3&LH_BIN=1&rt=nc&LH_PrefLoc=1
Charcoal Strips,https://www.ebay.com/sch/i.html?_from=R40&_nkw=Charcoal+Strips&_sacat=26395&rt=nc&LH_ItemCondition=3&LH_BIN=1&rt=nc&LH_PrefLoc=1
Facial Dermaplaner,https://www.ebay.com/sch/i.html?_from=R40&_nkw=Facial+Dermaplaner&_sacat=26395&rt=nc&LH_ItemCondition=3&LH_BIN=1&rt=nc&LH_PrefLoc=1
Color switch,https://www.ebay.com/sch/i.html?_from=R40&_nkw=Color+switch&_sacat=26395&rt=nc&LH_ItemCondition=3&LH_BIN=1&rt=nc&LH_PrefLoc=1
train case,https://www.ebay.com/sch/i.html?_from=R40&_nkw=train+case&_sacat=26395&rt=nc&LH_ItemCondition=3&LH_BIN=1&rt=nc&LH_PrefLoc=1
Mandalorian Detangler,https://www.ebay.com/sch/i.html?_from=R40&_nkw=Mandalorian+Detangler&_sacat=26395&rt=nc&LH_ItemCondition=3&LH_BIN=1&rt=nc&LH_PrefLoc=1
Cotton Dispenser,https://www.ebay.com/sch/i.html?_from=R40&_nkw=Cotton+Dispenser&_sacat=26395&rt=nc&LH_ItemCondition=3&LH_BIN=1&rt=nc&LH_PrefLoc=1
Lighted Vanity Mirror,https://www.ebay.com/sch/i.html?_from=R40&_nkw=Lighted+Vanity+Mirror&_sacat=26395&rt=nc&LH_ItemCondition=3&LH_BIN=1&rt=nc&LH_PrefLoc=1
Powder Brush,https://www.ebay.com/sch/i.html?_from=R40&_nkw=Powder+Brush&_sacat=26395&rt=nc&LH_ItemCondition=3&LH_BIN=1&rt=nc&LH_PrefLoc=1
Powder Puff,https://www.ebay.com/sch/i.html?_from=R40&_nkw=Powder+Puff&_sacat=26395&rt=nc&LH_ItemCondition=3&LH_BIN=1&rt=nc&LH_PrefLoc=1
Hairsetter rollers,https://www.ebay.com/sch/i.html?_from=R40&_nkw=Hairsetter+rollers&_sacat=26395&rt=nc&LH_ItemCondition=3&LH_BIN=1&rt=nc&LH_PrefLoc=1
Beauty Blender,https://www.ebay.com/sch/i.html?_from=R40&_nkw=Beauty+Blender&_sacat=26395&rt=nc&LH_ItemCondition=3&LH_BIN=1&rt=nc&LH_PrefLoc=1
Sponge Set,https://www.ebay.com/sch/i.html?_from=R40&_nkw=Sponge+Set&_sacat=26395&rt=nc&LH_ItemCondition=3&LH_BIN=1&rt=nc&LH_PrefLoc=1
Ninja Turtles Mirror,https://www.ebay.com/sch/i.html?_from=R40&_nkw=Ninja+Turtles+Mirror&_sacat=26395&rt=nc&LH_ItemCondition=3&LH_BIN=1&rt=nc&LH_PrefLoc=1
Pore Cleansing,https://www.ebay.com/sch/i.html?_from=R40&_nkw=Pore+Cleansing&_sacat=26395&rt=nc&LH_ItemCondition=3&LH_BIN=1&rt=nc&LH_PrefLoc=1
Round Hairbrush,https://www.ebay.com/sch/i.html?_from=R40&_nkw=Round+Hairbrush&_sacat=26395&rt=nc&LH_ItemCondition=3&LH_BIN=1&rt=nc&LH_PrefLoc=1
Tourmaline Flat Iron,https://www.ebay.com/sch/i.html?_from=R40&_nkw=Tourmaline+Flat+Iron&_sacat=26395&rt=nc&LH_ItemCondition=3&LH_BIN=1&rt=nc&LH_PrefLoc=1
Bonnet Dryer,https://www.ebay.com/sch/i.html?_from=R40&_nkw=Bonnet+Dryer&_sacat=26395&rt=nc&LH_ItemCondition=3&LH_BIN=1&rt=nc&LH_PrefLoc=1
Ionic Hairsetter,https://www.ebay.com/sch/i.html?_from=R40&_nkw=Ionic+Hairsetter&_sacat=26395&rt=nc&LH_ItemCondition=3&LH_BIN=1&rt=nc&LH_PrefLoc=1
Fleece Makeup Bag,https://www.ebay.com/sch/i.html?_from=R40&_nkw=Fleece+Makeup+Bag&_sacat=26395&rt=nc&LH_ItemCondition=3&LH_BIN=1&rt=nc&LH_PrefLoc=1
Ionic Blow Dryer,https://www.ebay.com/sch/i.html?_from=R40&_nkw=Ionic+Blow+Dryer&_sacat=26395&rt=nc&LH_ItemCondition=3&LH_BIN=1&rt=nc&LH_PrefLoc=1
Blue Light,https://www.ebay.com/sch/i.html?_from=R40&_nkw=Blue+Light&_sacat=26395&rt=nc&LH_ItemCondition=3&LH_BIN=1&rt=nc&LH_PrefLoc=1
Tapered Brush,https://www.ebay.com/sch/i.html?_from=R40&_nkw=Tapered+Brush&_sacat=26395&rt=nc&LH_ItemCondition=3&LH_BIN=1&rt=nc&LH_PrefLoc=1
Accessory Bags,https://www.ebay.com/sch/i.html?_from=R40&_nkw=Accessory+Bags&_sacat=26395&rt=nc&LH_ItemCondition=3&LH_BIN=1&rt=nc&LH_PrefLoc=1
Washable Sponge,https://www.ebay.com/sch/i.html?_from=R40&_nkw=Washable+Sponge&_sacat=26395&rt=nc&LH_ItemCondition=3&LH_BIN=1&rt=nc&LH_PrefLoc=1
Fan Brush,https://www.ebay.com/sch/i.html?_from=R40&_nkw=Fan+Brush&_sacat=26395&rt=nc&LH_ItemCondition=3&LH_BIN=1&rt=nc&LH_PrefLoc=1
Point Tweezer,https://www.ebay.com/sch/i.html?_from=R40&_nkw=Point+Tweezer&_sacat=26395&rt=nc&LH_ItemCondition=3&LH_BIN=1&rt=nc&LH_PrefLoc=1
Tweezer Combo,https://www.ebay.com/sch/i.html?_from=R40&_nkw=Tweezer+Combo&_sacat=26395&rt=nc&LH_ItemCondition=3&LH_BIN=1&rt=nc&LH_PrefLoc=1
Blow-Dryer Brush,https://www.ebay.com/sch/i.html?_from=R40&_nkw=Blow-Dryer+Brush&_sacat=26395&rt=nc&LH_ItemCondition=3&LH_BIN=1&rt=nc&LH_PrefLoc=1
Light therapy,https://www.ebay.com/sch/i.html?_from=R40&_nkw=Light+therapy&_sacat=26395&rt=nc&LH_ItemCondition=3&LH_BIN=1&rt=nc&LH_PrefLoc=1
Two-Sided Mirror,https://www.ebay.com/sch/i.html?_from=R40&_nkw=Two-Sided+Mirror&_sacat=26395&rt=nc&LH_ItemCondition=3&LH_BIN=1&rt=nc&LH_PrefLoc=1
Crocodile Makeup,https://www.ebay.com/sch/i.html?_from=R40&_nkw=Crocodile+Makeup&_sacat=26395&rt=nc&LH_ItemCondition=3&LH_BIN=1&rt=nc&LH_PrefLoc=1
Sonic Cleanser,https://www.ebay.com/sch/i.html?_from=R40&_nkw=Sonic+Cleanser&_sacat=26395&rt=nc&LH_ItemCondition=3&LH_BIN=1&rt=nc&LH_PrefLoc=1
LED Makeup Mirror,https://www.ebay.com/sch/i.html?_from=R40&_nkw=LED+Makeup+Mirror&_sacat=26395&rt=nc&LH_ItemCondition=3&LH_BIN=1&rt=nc&LH_PrefLoc=1
Beard Straightener,https://www.ebay.com/sch/i.html?_from=R40&_nkw=Beard+Straightener&_sacat=26395&rt=nc&LH_ItemCondition=3&LH_BIN=1&rt=nc&LH_PrefLoc=1
Jumbo Hairsetter,https://www.ebay.com/sch/i.html?_from=R40&_nkw=Jumbo+Hairsetter&_sacat=26395&rt=nc&LH_ItemCondition=3&LH_BIN=1&rt=nc&LH_PrefLoc=1
Makeup Brush Set,https://www.ebay.com/sch/i.html?_from=R40&_nkw=Makeup+Brush+Set&_sacat=26395&rt=nc&LH_ItemCondition=3&LH_BIN=1&rt=nc&LH_PrefLoc=1
