Keyword,Links
Strawberry Probiotic,https://www.amazon.com/s?k=Strawberry+Probiotic&i=hpc&s=exact-aware-popularity-rank&ref=sr_st_exact-aware-popularity-rank
Probiotic Chewables,https://www.amazon.com/s?k=Probiotic+Chewables&i=hpc&s=exact-aware-popularity-rank&ref=sr_st_exact-aware-popularity-rank
Acne Supplements,https://www.amazon.com/s?k=Acne+Supplements&i=hpc&s=exact-aware-popularity-rank&ref=sr_st_exact-aware-popularity-rank
Organic Probiotics,https://www.amazon.com/s?k=Organic+Probiotics&i=hpc&s=exact-aware-popularity-rank&ref=sr_st_exact-aware-popularity-rank
Biome Gummies,https://www.amazon.com/s?k=Biome+Gummies&i=hpc&s=exact-aware-popularity-rank&ref=sr_st_exact-aware-popularity-rank
Detox Probiotic,https://www.amazon.com/s?k=Detox+Probiotic&i=hpc&s=exact-aware-popularity-rank&ref=sr_st_exact-aware-popularity-rank
Probiotic Multivitamin,https://www.amazon.com/s?k=Probiotic+Multivitamin&i=hpc&s=exact-aware-popularity-rank&ref=sr_st_exact-aware-popularity-rank
Fiber Powder,https://www.amazon.com/s?k=Fiber+Powder&i=hpc&s=exact-aware-popularity-rank&ref=sr_st_exact-aware-popularity-rank
Probiotics Gummies,https://www.amazon.com/s?k=Probiotics+Gummies&i=hpc&s=exact-aware-popularity-rank&ref=sr_st_exact-aware-popularity-rank
Probiotic Tummy,https://www.amazon.com/s?k=Probiotic+Tummy&i=hpc&s=exact-aware-popularity-rank&ref=sr_st_exact-aware-popularity-rank
Men's Probiotic,https://www.amazon.com/s?k=Men's+Probiotic&i=hpc&s=exact-aware-popularity-rank&ref=sr_st_exact-aware-popularity-rank
Probiotics Gift,https://www.amazon.com/s?k=Probiotics+Gift&i=hpc&s=exact-aware-popularity-rank&ref=sr_st_exact-aware-popularity-rank
Probiotics Weight Loss,https://www.amazon.com/s?k=Probiotics+Weight+Loss&i=hpc&s=exact-aware-popularity-rank&ref=sr_st_exact-aware-popularity-rank
Probiotic Immune,https://www.amazon.com/s?k=Probiotic+Immune&i=hpc&s=exact-aware-popularity-rank&ref=sr_st_exact-aware-popularity-rank
Fermented Greens,https://www.amazon.com/s?k=Fermented+Greens&i=hpc&s=exact-aware-popularity-rank&ref=sr_st_exact-aware-popularity-rank
Throat Probiotics,https://www.amazon.com/s?k=Throat+Probiotics&i=hpc&s=exact-aware-popularity-rank&ref=sr_st_exact-aware-popularity-rank
Children's Probiotics,https://www.amazon.com/s?k=Children's+Probiotics&i=hpc&s=exact-aware-popularity-rank&ref=sr_st_exact-aware-popularity-rank
Probiotic Flora,https://www.amazon.com/s?k=Probiotic+Flora&i=hpc&s=exact-aware-popularity-rank&ref=sr_st_exact-aware-popularity-rank
SBO Probiotics,https://www.amazon.com/s?k=SBO+Probiotics&i=hpc&s=exact-aware-popularity-rank&ref=sr_st_exact-aware-popularity-rank
Healing Probiotics,https://www.amazon.com/s?k=Healing+Probiotics&i=hpc&s=exact-aware-popularity-rank&ref=sr_st_exact-aware-popularity-rank
Liquid Probiotics,https://www.amazon.com/s?k=Liquid+Probiotics&i=hpc&s=exact-aware-popularity-rank&ref=sr_st_exact-aware-popularity-rank
Energy greens,https://www.amazon.com/s?k=Energy+greens&i=hpc&s=exact-aware-popularity-rank&ref=sr_st_exact-aware-popularity-rank
Prebiotic Formula,https://www.amazon.com/s?k=Prebiotic+Formula&i=hpc&s=exact-aware-popularity-rank&ref=sr_st_exact-aware-popularity-rank
D-Mannose Probiotics,https://www.amazon.com/s?k=D-Mannose+Probiotics&i=hpc&s=exact-aware-popularity-rank&ref=sr_st_exact-aware-popularity-rank
Morning Sickness,https://www.amazon.com/s?k=Morning+Sickness&i=hpc&s=exact-aware-popularity-rank&ref=sr_st_exact-aware-popularity-rank
Women Probiotic,https://www.amazon.com/s?k=Women+Probiotic&i=hpc&s=exact-aware-popularity-rank&ref=sr_st_exact-aware-popularity-rank
Synbiotic Enzymes,https://www.amazon.com/s?k=Synbiotic+Enzymes&i=hpc&s=exact-aware-popularity-rank&ref=sr_st_exact-aware-popularity-rank
Greens Drink,https://www.amazon.com/s?k=Greens+Drink&i=hpc&s=exact-aware-popularity-rank&ref=sr_st_exact-aware-popularity-rank
Fertility Probiotic,https://www.amazon.com/s?k=Fertility+Probiotic&i=hpc&s=exact-aware-popularity-rank&ref=sr_st_exact-aware-popularity-rank
Inulin Powder,https://www.amazon.com/s?k=Inulin+Powder&i=hpc&s=exact-aware-popularity-rank&ref=sr_st_exact-aware-popularity-rank
Aloe Supplement,https://www.amazon.com/s?k=Aloe+Supplement&i=hpc&s=exact-aware-popularity-rank&ref=sr_st_exact-aware-popularity-rank
Mouth Probiotics,https://www.amazon.com/s?k=Mouth+Probiotics&i=hpc&s=exact-aware-popularity-rank&ref=sr_st_exact-aware-popularity-rank
Probiotic Spray,https://www.amazon.com/s?k=Probiotic+Spray&i=hpc&s=exact-aware-popularity-rank&ref=sr_st_exact-aware-popularity-rank
Dental gummies,https://www.amazon.com/s?k=Dental+gummies&i=hpc&s=exact-aware-popularity-rank&ref=sr_st_exact-aware-popularity-rank
Brain Probiotic,https://www.amazon.com/s?k=Brain+Probiotic&i=hpc&s=exact-aware-popularity-rank&ref=sr_st_exact-aware-popularity-rank
Berrydophilus Probiotic,https://www.amazon.com/s?k=Berrydophilus+Probiotic&i=hpc&s=exact-aware-popularity-rank&ref=sr_st_exact-aware-popularity-rank
Probiotics Support,https://www.amazon.com/s?k=Probiotics+Support&i=hpc&s=exact-aware-popularity-rank&ref=sr_st_exact-aware-popularity-rank
Chewable Probiotic,https://www.amazon.com/s?k=Chewable+Probiotic&i=hpc&s=exact-aware-popularity-rank&ref=sr_st_exact-aware-popularity-rank
Probiotics Kids,https://www.amazon.com/s?k=Probiotics+Kids&i=hpc&s=exact-aware-popularity-rank&ref=sr_st_exact-aware-popularity-rank
Weight Probiotic,https://www.amazon.com/s?k=Weight+Probiotic&i=hpc&s=exact-aware-popularity-rank&ref=sr_st_exact-aware-popularity-rank
Anti-Diarrheal Prebiotics,https://www.amazon.com/s?k=Anti-Diarrheal+Prebiotics&i=hpc&s=exact-aware-popularity-rank&ref=sr_st_exact-aware-popularity-rank
Natural Probiotic,https://www.amazon.com/s?k=Natural+Probiotic&i=hpc&s=exact-aware-popularity-rank&ref=sr_st_exact-aware-popularity-rank
Topical Probiotic,https://www.amazon.com/s?k=Topical+Probiotic&i=hpc&s=exact-aware-popularity-rank&ref=sr_st_exact-aware-popularity-rank
Probiotic Seniors,https://www.amazon.com/s?k=Probiotic+Seniors&i=hpc&s=exact-aware-popularity-rank&ref=sr_st_exact-aware-popularity-rank
Beauty Collagen,https://www.amazon.com/s?k=Beauty+Collagen&i=hpc&s=exact-aware-popularity-rank&ref=sr_st_exact-aware-popularity-rank
Bone Probiotics,https://www.amazon.com/s?k=Bone+Probiotics&i=hpc&s=exact-aware-popularity-rank&ref=sr_st_exact-aware-popularity-rank
Liquid Fiber,https://www.amazon.com/s?k=Liquid+Fiber&i=hpc&s=exact-aware-popularity-rank&ref=sr_st_exact-aware-popularity-rank
Fungus Treatment,https://www.amazon.com/s?k=Fungus+Treatment&i=hpc&s=exact-aware-popularity-rank&ref=sr_st_exact-aware-popularity-rank
Kombucha Probiotics,https://www.amazon.com/s?k=Kombucha+Probiotics&i=hpc&s=exact-aware-popularity-rank&ref=sr_st_exact-aware-popularity-rank
Probiotic Cats,https://www.amazon.com/s?k=Probiotic+Cats&i=hpc&s=exact-aware-popularity-rank&ref=sr_st_exact-aware-popularity-rank
