Keyword,Links
Magnesium Kids,https://www.amazon.com/s?k=Magnesium+Kids&i=hpc&s=exact-aware-popularity-rank&ref=sr_st_exact-aware-popularity-rank
High-Potency Iron,https://www.amazon.com/s?k=High-Potency+Iron&i=hpc&s=exact-aware-popularity-rank&ref=sr_st_exact-aware-popularity-rank
Chelated Calcium,https://www.amazon.com/s?k=Chelated+Calcium&i=hpc&s=exact-aware-popularity-rank&ref=sr_st_exact-aware-popularity-rank
Gas relief,https://www.amazon.com/s?k=Gas+relief&i=hpc&s=exact-aware-popularity-rank&ref=sr_st_exact-aware-popularity-rank
Aces Zinc,https://www.amazon.com/s?k=Aces+Zinc&i=hpc&s=exact-aware-popularity-rank&ref=sr_st_exact-aware-popularity-rank
Zinc Lemon,https://www.amazon.com/s?k=Zinc+Lemon&i=hpc&s=exact-aware-popularity-rank&ref=sr_st_exact-aware-popularity-rank
Ferrous Fumarate,https://www.amazon.com/s?k=Ferrous+Fumarate&i=hpc&s=exact-aware-popularity-rank&ref=sr_st_exact-aware-popularity-rank
Bone Supplement,https://www.amazon.com/s?k=Bone+Supplement&i=hpc&s=exact-aware-popularity-rank&ref=sr_st_exact-aware-popularity-rank
Citrate Capsules,https://www.amazon.com/s?k=Citrate+Capsules&i=hpc&s=exact-aware-popularity-rank&ref=sr_st_exact-aware-popularity-rank
Oyster Shell Calcium,https://www.amazon.com/s?k=Oyster+Shell+Calcium&i=hpc&s=exact-aware-popularity-rank&ref=sr_st_exact-aware-popularity-rank
Kelp Tablets,https://www.amazon.com/s?k=Kelp+Tablets&i=hpc&s=exact-aware-popularity-rank&ref=sr_st_exact-aware-popularity-rank
Magnesium Bromelain,https://www.amazon.com/s?k=Magnesium+Bromelain&i=hpc&s=exact-aware-popularity-rank&ref=sr_st_exact-aware-popularity-rank
Iodide Tablets,https://www.amazon.com/s?k=Iodide+Tablets&i=hpc&s=exact-aware-popularity-rank&ref=sr_st_exact-aware-popularity-rank
Potassium Drops,https://www.amazon.com/s?k=Potassium+Drops&i=hpc&s=exact-aware-popularity-rank&ref=sr_st_exact-aware-popularity-rank
Energy minerals,https://www.amazon.com/s?k=Energy+minerals&i=hpc&s=exact-aware-popularity-rank&ref=sr_st_exact-aware-popularity-rank
Epsom Salts,https://www.amazon.com/s?k=Epsom+Salts&i=hpc&s=exact-aware-popularity-rank&ref=sr_st_exact-aware-popularity-rank
Multi Minerals,https://www.amazon.com/s?k=Multi+Minerals&i=hpc&s=exact-aware-popularity-rank&ref=sr_st_exact-aware-popularity-rank
Oyster Calcium,https://www.amazon.com/s?k=Oyster+Calcium&i=hpc&s=exact-aware-popularity-rank&ref=sr_st_exact-aware-popularity-rank
Calcium Threonate,https://www.amazon.com/s?k=Calcium+Threonate&i=hpc&s=exact-aware-popularity-rank&ref=sr_st_exact-aware-popularity-rank
Zeolite Powder,https://www.amazon.com/s?k=Zeolite+Powder&i=hpc&s=exact-aware-popularity-rank&ref=sr_st_exact-aware-popularity-rank
Vanadium Chromium,https://www.amazon.com/s?k=Vanadium+Chromium&i=hpc&s=exact-aware-popularity-rank&ref=sr_st_exact-aware-popularity-rank
Chromium Gummies,https://www.amazon.com/s?k=Chromium+Gummies&i=hpc&s=exact-aware-popularity-rank&ref=sr_st_exact-aware-popularity-rank
Cell Salts,https://www.amazon.com/s?k=Cell+Salts&i=hpc&s=exact-aware-popularity-rank&ref=sr_st_exact-aware-popularity-rank
Chelated Iron,https://www.amazon.com/s?k=Chelated+Iron&i=hpc&s=exact-aware-popularity-rank&ref=sr_st_exact-aware-popularity-rank
Energizing Iron,https://www.amazon.com/s?k=Energizing+Iron&i=hpc&s=exact-aware-popularity-rank&ref=sr_st_exact-aware-popularity-rank
pH Booster,https://www.amazon.com/s?k=pH+Booster&i=hpc&s=exact-aware-popularity-rank&ref=sr_st_exact-aware-popularity-rank
Iron Bisglycinate,https://www.amazon.com/s?k=Iron+Bisglycinate&i=hpc&s=exact-aware-popularity-rank&ref=sr_st_exact-aware-popularity-rank
Systemic Enzymes,https://www.amazon.com/s?k=Systemic+Enzymes&i=hpc&s=exact-aware-popularity-rank&ref=sr_st_exact-aware-popularity-rank
Beetroot Supplement,https://www.amazon.com/s?k=Beetroot+Supplement&i=hpc&s=exact-aware-popularity-rank&ref=sr_st_exact-aware-popularity-rank
Potassium Gummies,https://www.amazon.com/s?k=Potassium+Gummies&i=hpc&s=exact-aware-popularity-rank&ref=sr_st_exact-aware-popularity-rank
Milk chocolate,https://www.amazon.com/s?k=Milk+chocolate&i=hpc&s=exact-aware-popularity-rank&ref=sr_st_exact-aware-popularity-rank
Dry Eye,https://www.amazon.com/s?k=Dry+Eye&i=hpc&s=exact-aware-popularity-rank&ref=sr_st_exact-aware-popularity-rank
Zinc Chelate,https://www.amazon.com/s?k=Zinc+Chelate&i=hpc&s=exact-aware-popularity-rank&ref=sr_st_exact-aware-popularity-rank
Manganese Supplement,https://www.amazon.com/s?k=Manganese+Supplement&i=hpc&s=exact-aware-popularity-rank&ref=sr_st_exact-aware-popularity-rank
Gotu Kola,https://www.amazon.com/s?k=Gotu+Kola&i=hpc&s=exact-aware-popularity-rank&ref=sr_st_exact-aware-popularity-rank
Daily Multivitamins,https://www.amazon.com/s?k=Daily+Multivitamins&i=hpc&s=exact-aware-popularity-rank&ref=sr_st_exact-aware-popularity-rank
Mineral Water,https://www.amazon.com/s?k=Mineral+Water&i=hpc&s=exact-aware-popularity-rank&ref=sr_st_exact-aware-popularity-rank
Smart Speaker,https://www.amazon.com/s?k=Smart+Speaker&i=hpc&s=exact-aware-popularity-rank&ref=sr_st_exact-aware-popularity-rank
Salt supplement,https://www.amazon.com/s?k=Salt+supplement&i=hpc&s=exact-aware-popularity-rank&ref=sr_st_exact-aware-popularity-rank
Calcium Vitamin D3,https://www.amazon.com/s?k=Calcium+Vitamin+D3&i=hpc&s=exact-aware-popularity-rank&ref=sr_st_exact-aware-popularity-rank
Manganese Capsules,https://www.amazon.com/s?k=Manganese+Capsules&i=hpc&s=exact-aware-popularity-rank&ref=sr_st_exact-aware-popularity-rank
Calcium Suspension,https://www.amazon.com/s?k=Calcium+Suspension&i=hpc&s=exact-aware-popularity-rank&ref=sr_st_exact-aware-popularity-rank
Strontium Citrate,https://www.amazon.com/s?k=Strontium+Citrate&i=hpc&s=exact-aware-popularity-rank&ref=sr_st_exact-aware-popularity-rank
Recovery drink,https://www.amazon.com/s?k=Recovery+drink&i=hpc&s=exact-aware-popularity-rank&ref=sr_st_exact-aware-popularity-rank
Rhodiola tincture,https://www.amazon.com/s?k=Rhodiola+tincture&i=hpc&s=exact-aware-popularity-rank&ref=sr_st_exact-aware-popularity-rank
Citric Acid,https://www.amazon.com/s?k=Citric+Acid&i=hpc&s=exact-aware-popularity-rank&ref=sr_st_exact-aware-popularity-rank
Iron caplets,https://www.amazon.com/s?k=Iron+caplets&i=hpc&s=exact-aware-popularity-rank&ref=sr_st_exact-aware-popularity-rank
Boron supplements,https://www.amazon.com/s?k=Boron+supplements&i=hpc&s=exact-aware-popularity-rank&ref=sr_st_exact-aware-popularity-rank
Liquid Iodine,https://www.amazon.com/s?k=Liquid+Iodine&i=hpc&s=exact-aware-popularity-rank&ref=sr_st_exact-aware-popularity-rank
Blackstrap Molasses,https://www.amazon.com/s?k=Blackstrap+Molasses&i=hpc&s=exact-aware-popularity-rank&ref=sr_st_exact-aware-popularity-rank
