Keyword,Links
Hair Detangler,https://www.amazon.com/s?k=Hair+Detangler&i=beauty&s=exact-aware-popularity-rank&ref=sr_st_exact-aware-popularity-rank
Mouse Headband,https://www.amazon.com/s?k=Mouse+Headband&i=beauty&s=exact-aware-popularity-rank&ref=sr_st_exact-aware-popularity-rank
Vegan Oil,https://www.amazon.com/s?k=Vegan+Oil&i=beauty&s=exact-aware-popularity-rank&ref=sr_st_exact-aware-popularity-rank
Rosemary Shampoo,https://www.amazon.com/s?k=Rosemary+Shampoo&i=beauty&s=exact-aware-popularity-rank&ref=sr_st_exact-aware-popularity-rank
Curl booster,https://www.amazon.com/s?k=Curl+booster&i=beauty&s=exact-aware-popularity-rank&ref=sr_st_exact-aware-popularity-rank
Halloween headband,https://www.amazon.com/s?k=Halloween+headband&i=beauty&s=exact-aware-popularity-rank&ref=sr_st_exact-aware-popularity-rank
Hair barrettes,https://www.amazon.com/s?k=Hair+barrettes&i=beauty&s=exact-aware-popularity-rank&ref=sr_st_exact-aware-popularity-rank
Shine Spray,https://www.amazon.com/s?k=Shine+Spray&i=beauty&s=exact-aware-popularity-rank&ref=sr_st_exact-aware-popularity-rank
Hydrating Lotion,https://www.amazon.com/s?k=Hydrating+Lotion&i=beauty&s=exact-aware-popularity-rank&ref=sr_st_exact-aware-popularity-rank
Ponytail Holders,https://www.amazon.com/s?k=Ponytail+Holders&i=beauty&s=exact-aware-popularity-rank&ref=sr_st_exact-aware-popularity-rank
mild shampoo,https://www.amazon.com/s?k=mild+shampoo&i=beauty&s=exact-aware-popularity-rank&ref=sr_st_exact-aware-popularity-rank
Light Treatment,https://www.amazon.com/s?k=Light+Treatment&i=beauty&s=exact-aware-popularity-rank&ref=sr_st_exact-aware-popularity-rank
Moisturizer Shampoo,https://www.amazon.com/s?k=Moisturizer+Shampoo&i=beauty&s=exact-aware-popularity-rank&ref=sr_st_exact-aware-popularity-rank
Grey Pixie,https://www.amazon.com/s?k=Grey+Pixie&i=beauty&s=exact-aware-popularity-rank&ref=sr_st_exact-aware-popularity-rank
Avocado Conditioner,https://www.amazon.com/s?k=Avocado+Conditioner&i=beauty&s=exact-aware-popularity-rank&ref=sr_st_exact-aware-popularity-rank
Mandalorian Brush,https://www.amazon.com/s?k=Mandalorian+Brush&i=beauty&s=exact-aware-popularity-rank&ref=sr_st_exact-aware-popularity-rank
Body cream,https://www.amazon.com/s?k=Body+cream&i=beauty&s=exact-aware-popularity-rank&ref=sr_st_exact-aware-popularity-rank
Hair Dryer,https://www.amazon.com/s?k=Hair+Dryer&i=beauty&s=exact-aware-popularity-rank&ref=sr_st_exact-aware-popularity-rank
Color Correcting,https://www.amazon.com/s?k=Color+Correcting&i=beauty&s=exact-aware-popularity-rank&ref=sr_st_exact-aware-popularity-rank
Wave curl,https://www.amazon.com/s?k=Wave+curl&i=beauty&s=exact-aware-popularity-rank&ref=sr_st_exact-aware-popularity-rank
Coarse Shampoo,https://www.amazon.com/s?k=Coarse+Shampoo&i=beauty&s=exact-aware-popularity-rank&ref=sr_st_exact-aware-popularity-rank
Root concealer,https://www.amazon.com/s?k=Root+concealer&i=beauty&s=exact-aware-popularity-rank&ref=sr_st_exact-aware-popularity-rank
Black Castor Oil,https://www.amazon.com/s?k=Black+Castor+Oil&i=beauty&s=exact-aware-popularity-rank&ref=sr_st_exact-aware-popularity-rank
Argan Shampoo,https://www.amazon.com/s?k=Argan+Shampoo&i=beauty&s=exact-aware-popularity-rank&ref=sr_st_exact-aware-popularity-rank
Curl smoother,https://www.amazon.com/s?k=Curl+smoother&i=beauty&s=exact-aware-popularity-rank&ref=sr_st_exact-aware-popularity-rank
Hair loss,https://www.amazon.com/s?k=Hair+loss&i=beauty&s=exact-aware-popularity-rank&ref=sr_st_exact-aware-popularity-rank
Citrus Wash,https://www.amazon.com/s?k=Citrus+Wash&i=beauty&s=exact-aware-popularity-rank&ref=sr_st_exact-aware-popularity-rank
Hair fibers,https://www.amazon.com/s?k=Hair+fibers&i=beauty&s=exact-aware-popularity-rank&ref=sr_st_exact-aware-popularity-rank
Hydrating Cream,https://www.amazon.com/s?k=Hydrating+Cream&i=beauty&s=exact-aware-popularity-rank&ref=sr_st_exact-aware-popularity-rank
Black Elastic,https://www.amazon.com/s?k=Black+Elastic&i=beauty&s=exact-aware-popularity-rank&ref=sr_st_exact-aware-popularity-rank
Confetti Clip,https://www.amazon.com/s?k=Confetti+Clip&i=beauty&s=exact-aware-popularity-rank&ref=sr_st_exact-aware-popularity-rank
Medium Dark Brown,https://www.amazon.com/s?k=Medium+Dark+Brown&i=beauty&s=exact-aware-popularity-rank&ref=sr_st_exact-aware-popularity-rank
Thicken Spray,https://www.amazon.com/s?k=Thicken+Spray&i=beauty&s=exact-aware-popularity-rank&ref=sr_st_exact-aware-popularity-rank
Shark Tooth Comb,https://www.amazon.com/s?k=Shark+Tooth+Comb&i=beauty&s=exact-aware-popularity-rank&ref=sr_st_exact-aware-popularity-rank
Hair treatment,https://www.amazon.com/s?k=Hair+treatment&i=beauty&s=exact-aware-popularity-rank&ref=sr_st_exact-aware-popularity-rank
Shampoo Lot,https://www.amazon.com/s?k=Shampoo+Lot&i=beauty&s=exact-aware-popularity-rank&ref=sr_st_exact-aware-popularity-rank
Co Wash,https://www.amazon.com/s?k=Co+Wash&i=beauty&s=exact-aware-popularity-rank&ref=sr_st_exact-aware-popularity-rank
Curl conditioner,https://www.amazon.com/s?k=Curl+conditioner&i=beauty&s=exact-aware-popularity-rank&ref=sr_st_exact-aware-popularity-rank
Cedarwood Wash,https://www.amazon.com/s?k=Cedarwood+Wash&i=beauty&s=exact-aware-popularity-rank&ref=sr_st_exact-aware-popularity-rank
Miracle Styling,https://www.amazon.com/s?k=Miracle+Styling&i=beauty&s=exact-aware-popularity-rank&ref=sr_st_exact-aware-popularity-rank
Turmeric Hair Mask,https://www.amazon.com/s?k=Turmeric+Hair+Mask&i=beauty&s=exact-aware-popularity-rank&ref=sr_st_exact-aware-popularity-rank
Cradle Cap,https://www.amazon.com/s?k=Cradle+Cap&i=beauty&s=exact-aware-popularity-rank&ref=sr_st_exact-aware-popularity-rank
Length conditioner,https://www.amazon.com/s?k=Length+conditioner&i=beauty&s=exact-aware-popularity-rank&ref=sr_st_exact-aware-popularity-rank
Argan Aloe,https://www.amazon.com/s?k=Argan+Aloe&i=beauty&s=exact-aware-popularity-rank&ref=sr_st_exact-aware-popularity-rank
Sleek Shampoo,https://www.amazon.com/s?k=Sleek+Shampoo&i=beauty&s=exact-aware-popularity-rank&ref=sr_st_exact-aware-popularity-rank
Baby wash,https://www.amazon.com/s?k=Baby+wash&i=beauty&s=exact-aware-popularity-rank&ref=sr_st_exact-aware-popularity-rank
Reconstruct Shampoo,https://www.amazon.com/s?k=Reconstruct+Shampoo&i=beauty&s=exact-aware-popularity-rank&ref=sr_st_exact-aware-popularity-rank
Trolls clips,https://www.amazon.com/s?k=Trolls+clips&i=beauty&s=exact-aware-popularity-rank&ref=sr_st_exact-aware-popularity-rank
Vegan Shampoo,https://www.amazon.com/s?k=Vegan+Shampoo&i=beauty&s=exact-aware-popularity-rank&ref=sr_st_exact-aware-popularity-rank
Argan Carrot Gel,https://www.amazon.com/s?k=Argan+Carrot+Gel&i=beauty&s=exact-aware-popularity-rank&ref=sr_st_exact-aware-popularity-rank
