Keyword,Links
Orange Cod Liver,https://www.amazon.com/s?k=Orange+Cod+Liver&i=hpc&s=exact-aware-popularity-rank&ref=sr_st_exact-aware-popularity-rank
Cacao Nibs,https://www.amazon.com/s?k=Cacao+Nibs&i=hpc&s=exact-aware-popularity-rank&ref=sr_st_exact-aware-popularity-rank
Omega complex,https://www.amazon.com/s?k=Omega+complex&i=hpc&s=exact-aware-popularity-rank&ref=sr_st_exact-aware-popularity-rank
Methyl Folate,https://www.amazon.com/s?k=Methyl+Folate&i=hpc&s=exact-aware-popularity-rank&ref=sr_st_exact-aware-popularity-rank
Dandelion Extract,https://www.amazon.com/s?k=Dandelion+Extract&i=hpc&s=exact-aware-popularity-rank&ref=sr_st_exact-aware-popularity-rank
CoQ10 Ubiquinol,https://www.amazon.com/s?k=CoQ10+Ubiquinol&i=hpc&s=exact-aware-popularity-rank&ref=sr_st_exact-aware-popularity-rank
Detox Cleanse,https://www.amazon.com/s?k=Detox+Cleanse&i=hpc&s=exact-aware-popularity-rank&ref=sr_st_exact-aware-popularity-rank
Organic Turmeric,https://www.amazon.com/s?k=Organic+Turmeric&i=hpc&s=exact-aware-popularity-rank&ref=sr_st_exact-aware-popularity-rank
Beta-Sitosterol Capsules,https://www.amazon.com/s?k=Beta-Sitosterol+Capsules&i=hpc&s=exact-aware-popularity-rank&ref=sr_st_exact-aware-popularity-rank
Turmeric Resveratrol,https://www.amazon.com/s?k=Turmeric+Resveratrol&i=hpc&s=exact-aware-popularity-rank&ref=sr_st_exact-aware-popularity-rank
Artichoke Supplements,https://www.amazon.com/s?k=Artichoke+Supplements&i=hpc&s=exact-aware-popularity-rank&ref=sr_st_exact-aware-popularity-rank
Omega liquid,https://www.amazon.com/s?k=Omega+liquid&i=hpc&s=exact-aware-popularity-rank&ref=sr_st_exact-aware-popularity-rank
Tocotrienols Capsules,https://www.amazon.com/s?k=Tocotrienols+Capsules&i=hpc&s=exact-aware-popularity-rank&ref=sr_st_exact-aware-popularity-rank
Omega 3-6-9,https://www.amazon.com/s?k=Omega+3-6-9&i=hpc&s=exact-aware-popularity-rank&ref=sr_st_exact-aware-popularity-rank
Turmeric Supplements,https://www.amazon.com/s?k=Turmeric+Supplements&i=hpc&s=exact-aware-popularity-rank&ref=sr_st_exact-aware-popularity-rank
American Ginseng,https://www.amazon.com/s?k=American+Ginseng&i=hpc&s=exact-aware-popularity-rank&ref=sr_st_exact-aware-popularity-rank
Uric Acid,https://www.amazon.com/s?k=Uric+Acid&i=hpc&s=exact-aware-popularity-rank&ref=sr_st_exact-aware-popularity-rank
Cleanse Digestion,https://www.amazon.com/s?k=Cleanse+Digestion&i=hpc&s=exact-aware-popularity-rank&ref=sr_st_exact-aware-popularity-rank
Niacin Supplement,https://www.amazon.com/s?k=Niacin+Supplement&i=hpc&s=exact-aware-popularity-rank&ref=sr_st_exact-aware-popularity-rank
CoQ10 Vcaps,https://www.amazon.com/s?k=CoQ10+Vcaps&i=hpc&s=exact-aware-popularity-rank&ref=sr_st_exact-aware-popularity-rank
Nopal Powder,https://www.amazon.com/s?k=Nopal+Powder&i=hpc&s=exact-aware-popularity-rank&ref=sr_st_exact-aware-popularity-rank
Grape Seed,https://www.amazon.com/s?k=Grape+Seed&i=hpc&s=exact-aware-popularity-rank&ref=sr_st_exact-aware-popularity-rank
Cardiovascular Health,https://www.amazon.com/s?k=Cardiovascular+Health&i=hpc&s=exact-aware-popularity-rank&ref=sr_st_exact-aware-popularity-rank
Weight loss,https://www.amazon.com/s?k=Weight+loss&i=hpc&s=exact-aware-popularity-rank&ref=sr_st_exact-aware-popularity-rank
Cardio supplement,https://www.amazon.com/s?k=Cardio+supplement&i=hpc&s=exact-aware-popularity-rank&ref=sr_st_exact-aware-popularity-rank
MCT Oil,https://www.amazon.com/s?k=MCT+Oil&i=hpc&s=exact-aware-popularity-rank&ref=sr_st_exact-aware-popularity-rank
Maca Powder,https://www.amazon.com/s?k=Maca+Powder&i=hpc&s=exact-aware-popularity-rank&ref=sr_st_exact-aware-popularity-rank
Detox supplement,https://www.amazon.com/s?k=Detox+supplement&i=hpc&s=exact-aware-popularity-rank&ref=sr_st_exact-aware-popularity-rank
Superfood Tablets,https://www.amazon.com/s?k=Superfood+Tablets&i=hpc&s=exact-aware-popularity-rank&ref=sr_st_exact-aware-popularity-rank
Bergamot Supplement,https://www.amazon.com/s?k=Bergamot+Supplement&i=hpc&s=exact-aware-popularity-rank&ref=sr_st_exact-aware-popularity-rank
Carb Blocker,https://www.amazon.com/s?k=Carb+Blocker&i=hpc&s=exact-aware-popularity-rank&ref=sr_st_exact-aware-popularity-rank
Phytosterol supplements,https://www.amazon.com/s?k=Phytosterol+supplements&i=hpc&s=exact-aware-popularity-rank&ref=sr_st_exact-aware-popularity-rank
Total Woman,https://www.amazon.com/s?k=Total+Woman&i=hpc&s=exact-aware-popularity-rank&ref=sr_st_exact-aware-popularity-rank
Bergamot Capsules,https://www.amazon.com/s?k=Bergamot+Capsules&i=hpc&s=exact-aware-popularity-rank&ref=sr_st_exact-aware-popularity-rank
Probiotic Pearls,https://www.amazon.com/s?k=Probiotic+Pearls&i=hpc&s=exact-aware-popularity-rank&ref=sr_st_exact-aware-popularity-rank
CoQ10 Omega-3,https://www.amazon.com/s?k=CoQ10+Omega-3&i=hpc&s=exact-aware-popularity-rank&ref=sr_st_exact-aware-popularity-rank
Moringa Supplement,https://www.amazon.com/s?k=Moringa+Supplement&i=hpc&s=exact-aware-popularity-rank&ref=sr_st_exact-aware-popularity-rank
Potassium Gluconate,https://www.amazon.com/s?k=Potassium+Gluconate&i=hpc&s=exact-aware-popularity-rank&ref=sr_st_exact-aware-popularity-rank
Bariatric Multivitamin,https://www.amazon.com/s?k=Bariatric+Multivitamin&i=hpc&s=exact-aware-popularity-rank&ref=sr_st_exact-aware-popularity-rank
Liver Health,https://www.amazon.com/s?k=Liver+Health&i=hpc&s=exact-aware-popularity-rank&ref=sr_st_exact-aware-popularity-rank
Berberine Complex,https://www.amazon.com/s?k=Berberine+Complex&i=hpc&s=exact-aware-popularity-rank&ref=sr_st_exact-aware-popularity-rank
Multivitamin Softgels,https://www.amazon.com/s?k=Multivitamin+Softgels&i=hpc&s=exact-aware-popularity-rank&ref=sr_st_exact-aware-popularity-rank
Beta-Sitosterol,https://www.amazon.com/s?k=Beta-Sitosterol&i=hpc&s=exact-aware-popularity-rank&ref=sr_st_exact-aware-popularity-rank
Immunity Shots,https://www.amazon.com/s?k=Immunity+Shots&i=hpc&s=exact-aware-popularity-rank&ref=sr_st_exact-aware-popularity-rank
Vitamin B-Complex,https://www.amazon.com/s?k=Vitamin+B-Complex&i=hpc&s=exact-aware-popularity-rank&ref=sr_st_exact-aware-popularity-rank
Vitamin C,https://www.amazon.com/s?k=Vitamin+C&i=hpc&s=exact-aware-popularity-rank&ref=sr_st_exact-aware-popularity-rank
Women's Gummies,https://www.amazon.com/s?k=Women's+Gummies&i=hpc&s=exact-aware-popularity-rank&ref=sr_st_exact-aware-popularity-rank
Cold swabs,https://www.amazon.com/s?k=Cold+swabs&i=hpc&s=exact-aware-popularity-rank&ref=sr_st_exact-aware-popularity-rank
Elderberry Capsules,https://www.amazon.com/s?k=Elderberry+Capsules&i=hpc&s=exact-aware-popularity-rank&ref=sr_st_exact-aware-popularity-rank
Probiotic Capsules,https://www.amazon.com/s?k=Probiotic+Capsules&i=hpc&s=exact-aware-popularity-rank&ref=sr_st_exact-aware-popularity-rank
