Keyword,Links
Orange Cod Liver,https://www.ebay.com/sch/i.html?_from=R40&_nkw=Orange+Cod+Liver&_sacat=26395&rt=nc&LH_ItemCondition=3&LH_BIN=1&rt=nc&LH_PrefLoc=1
Cacao Nibs,https://www.ebay.com/sch/i.html?_from=R40&_nkw=Cacao+Nibs&_sacat=26395&rt=nc&LH_ItemCondition=3&LH_BIN=1&rt=nc&LH_PrefLoc=1
Omega complex,https://www.ebay.com/sch/i.html?_from=R40&_nkw=Omega+complex&_sacat=26395&rt=nc&LH_ItemCondition=3&LH_BIN=1&rt=nc&LH_PrefLoc=1
Methyl Folate,https://www.ebay.com/sch/i.html?_from=R40&_nkw=Methyl+Folate&_sacat=26395&rt=nc&LH_ItemCondition=3&LH_BIN=1&rt=nc&LH_PrefLoc=1
Dandelion Extract,https://www.ebay.com/sch/i.html?_from=R40&_nkw=Dandelion+Extract&_sacat=26395&rt=nc&LH_ItemCondition=3&LH_BIN=1&rt=nc&LH_PrefLoc=1
CoQ10 Ubiquinol,https://www.ebay.com/sch/i.html?_from=R40&_nkw=CoQ10+Ubiquinol&_sacat=26395&rt=nc&LH_ItemCondition=3&LH_BIN=1&rt=nc&LH_PrefLoc=1
Detox Cleanse,https://www.ebay.com/sch/i.html?_from=R40&_nkw=Detox+Cleanse&_sacat=26395&rt=nc&LH_ItemCondition=3&LH_BIN=1&rt=nc&LH_PrefLoc=1
Organic Turmeric,https://www.ebay.com/sch/i.html?_from=R40&_nkw=Organic+Turmeric&_sacat=26395&rt=nc&LH_ItemCondition=3&LH_BIN=1&rt=nc&LH_PrefLoc=1
Beta-Sitosterol Capsules,https://www.ebay.com/sch/i.html?_from=R40&_nkw=Beta-Sitosterol+Capsules&_sacat=26395&rt=nc&LH_ItemCondition=3&LH_BIN=1&rt=nc&LH_PrefLoc=1
Turmeric Resveratrol,https://www.ebay.com/sch/i.html?_from=R40&_nkw=Turmeric+Resveratrol&_sacat=26395&rt=nc&LH_ItemCondition=3&LH_BIN=1&rt=nc&LH_PrefLoc=1
Artichoke Supplements,https://www.ebay.com/sch/i.html?_from=R40&_nkw=Artichoke+Supplements&_sacat=26395&rt=nc&LH_ItemCondition=3&LH_BIN=1&rt=nc&LH_PrefLoc=1
Omega liquid,https://www.ebay.com/sch/i.html?_from=R40&_nkw=Omega+liquid&_sacat=26395&rt=nc&LH_ItemCondition=3&LH_BIN=1&rt=nc&LH_PrefLoc=1
Tocotrienols Capsules,https://www.ebay.com/sch/i.html?_from=R40&_nkw=Tocotrienols+Capsules&_sacat=26395&rt=nc&LH_ItemCondition=3&LH_BIN=1&rt=nc&LH_PrefLoc=1
Omega 3-6-9,https://www.ebay.com/sch/i.html?_from=R40&_nkw=Omega+3-6-9&_sacat=26395&rt=nc&LH_ItemCondition=3&LH_BIN=1&rt=nc&LH_PrefLoc=1
Turmeric Supplements,https://www.ebay.com/sch/i.html?_from=R40&_nkw=Turmeric+Supplements&_sacat=26395&rt=nc&LH_ItemCondition=3&LH_BIN=1&rt=nc&LH_PrefLoc=1
American Ginseng,https://www.ebay.com/sch/i.html?_from=R40&_nkw=American+Ginseng&_sacat=26395&rt=nc&LH_ItemCondition=3&LH_BIN=1&rt=nc&LH_PrefLoc=1
Uric Acid,https://www.ebay.com/sch/i.html?_from=R40&_nkw=Uric+Acid&_sacat=26395&rt=nc&LH_ItemCondition=3&LH_BIN=1&rt=nc&LH_PrefLoc=1
Cleanse Digestion,https://www.ebay.com/sch/i.html?_from=R40&_nkw=Cleanse+Digestion&_sacat=26395&rt=nc&LH_ItemCondition=3&LH_BIN=1&rt=nc&LH_PrefLoc=1
Niacin Supplement,https://www.ebay.com/sch/i.html?_from=R40&_nkw=Niacin+Supplement&_sacat=26395&rt=nc&LH_ItemCondition=3&LH_BIN=1&rt=nc&LH_PrefLoc=1
CoQ10 Vcaps,https://www.ebay.com/sch/i.html?_from=R40&_nkw=CoQ10+Vcaps&_sacat=26395&rt=nc&LH_ItemCondition=3&LH_BIN=1&rt=nc&LH_PrefLoc=1
Nopal Powder,https://www.ebay.com/sch/i.html?_from=R40&_nkw=Nopal+Powder&_sacat=26395&rt=nc&LH_ItemCondition=3&LH_BIN=1&rt=nc&LH_PrefLoc=1
Grape Seed,https://www.ebay.com/sch/i.html?_from=R40&_nkw=Grape+Seed&_sacat=26395&rt=nc&LH_ItemCondition=3&LH_BIN=1&rt=nc&LH_PrefLoc=1
Cardiovascular Health,https://www.ebay.com/sch/i.html?_from=R40&_nkw=Cardiovascular+Health&_sacat=26395&rt=nc&LH_ItemCondition=3&LH_BIN=1&rt=nc&LH_PrefLoc=1
Weight loss,https://www.ebay.com/sch/i.html?_from=R40&_nkw=Weight+loss&_sacat=26395&rt=nc&LH_ItemCondition=3&LH_BIN=1&rt=nc&LH_PrefLoc=1
Cardio supplement,https://www.ebay.com/sch/i.html?_from=R40&_nkw=Cardio+supplement&_sacat=26395&rt=nc&LH_ItemCondition=3&LH_BIN=1&rt=nc&LH_PrefLoc=1
MCT Oil,https://www.ebay.com/sch/i.html?_from=R40&_nkw=MCT+Oil&_sacat=26395&rt=nc&LH_ItemCondition=3&LH_BIN=1&rt=nc&LH_PrefLoc=1
Maca Powder,https://www.ebay.com/sch/i.html?_from=R40&_nkw=Maca+Powder&_sacat=26395&rt=nc&LH_ItemCondition=3&LH_BIN=1&rt=nc&LH_PrefLoc=1
Detox supplement,https://www.ebay.com/sch/i.html?_from=R40&_nkw=Detox+supplement&_sacat=26395&rt=nc&LH_ItemCondition=3&LH_BIN=1&rt=nc&LH_PrefLoc=1
Superfood Tablets,https://www.ebay.com/sch/i.html?_from=R40&_nkw=Superfood+Tablets&_sacat=26395&rt=nc&LH_ItemCondition=3&LH_BIN=1&rt=nc&LH_PrefLoc=1
Bergamot Supplement,https://www.ebay.com/sch/i.html?_from=R40&_nkw=Bergamot+Supplement&_sacat=26395&rt=nc&LH_ItemCondition=3&LH_BIN=1&rt=nc&LH_PrefLoc=1
Carb Blocker,https://www.ebay.com/sch/i.html?_from=R40&_nkw=Carb+Blocker&_sacat=26395&rt=nc&LH_ItemCondition=3&LH_BIN=1&rt=nc&LH_PrefLoc=1
Phytosterol supplements,https://www.ebay.com/sch/i.html?_from=R40&_nkw=Phytosterol+supplements&_sacat=26395&rt=nc&LH_ItemCondition=3&LH_BIN=1&rt=nc&LH_PrefLoc=1
Total Woman,https://www.ebay.com/sch/i.html?_from=R40&_nkw=Total+Woman&_sacat=26395&rt=nc&LH_ItemCondition=3&LH_BIN=1&rt=nc&LH_PrefLoc=1
Bergamot Capsules,https://www.ebay.com/sch/i.html?_from=R40&_nkw=Bergamot+Capsules&_sacat=26395&rt=nc&LH_ItemCondition=3&LH_BIN=1&rt=nc&LH_PrefLoc=1
Probiotic Pearls,https://www.ebay.com/sch/i.html?_from=R40&_nkw=Probiotic+Pearls&_sacat=26395&rt=nc&LH_ItemCondition=3&LH_BIN=1&rt=nc&LH_PrefLoc=1
CoQ10 Omega-3,https://www.ebay.com/sch/i.html?_from=R40&_nkw=CoQ10+Omega-3&_sacat=26395&rt=nc&LH_ItemCondition=3&LH_BIN=1&rt=nc&LH_PrefLoc=1
Moringa Supplement,https://www.ebay.com/sch/i.html?_from=R40&_nkw=Moringa+Supplement&_sacat=26395&rt=nc&LH_ItemCondition=3&LH_BIN=1&rt=nc&LH_PrefLoc=1
Potassium Gluconate,https://www.ebay.com/sch/i.html?_from=R40&_nkw=Potassium+Gluconate&_sacat=26395&rt=nc&LH_ItemCondition=3&LH_BIN=1&rt=nc&LH_PrefLoc=1
Bariatric Multivitamin,https://www.ebay.com/sch/i.html?_from=R40&_nkw=Bariatric+Multivitamin&_sacat=26395&rt=nc&LH_ItemCondition=3&LH_BIN=1&rt=nc&LH_PrefLoc=1
Liver Health,https://www.ebay.com/sch/i.html?_from=R40&_nkw=Liver+Health&_sacat=26395&rt=nc&LH_ItemCondition=3&LH_BIN=1&rt=nc&LH_PrefLoc=1
Berberine Complex,https://www.ebay.com/sch/i.html?_from=R40&_nkw=Berberine+Complex&_sacat=26395&rt=nc&LH_ItemCondition=3&LH_BIN=1&rt=nc&LH_PrefLoc=1
Multivitamin Softgels,https://www.ebay.com/sch/i.html?_from=R40&_nkw=Multivitamin+Softgels&_sacat=26395&rt=nc&LH_ItemCondition=3&LH_BIN=1&rt=nc&LH_PrefLoc=1
Beta-Sitosterol,https://www.ebay.com/sch/i.html?_from=R40&_nkw=Beta-Sitosterol&_sacat=26395&rt=nc&LH_ItemCondition=3&LH_BIN=1&rt=nc&LH_PrefLoc=1
Immunity Shots,https://www.ebay.com/sch/i.html?_from=R40&_nkw=Immunity+Shots&_sacat=26395&rt=nc&LH_ItemCondition=3&LH_BIN=1&rt=nc&LH_PrefLoc=1
Vitamin B-Complex,https://www.ebay.com/sch/i.html?_from=R40&_nkw=Vitamin+B-Complex&_sacat=26395&rt=nc&LH_ItemCondition=3&LH_BIN=1&rt=nc&LH_PrefLoc=1
Vitamin C,https://www.ebay.com/sch/i.html?_from=R40&_nkw=Vitamin+C&_sacat=26395&rt=nc&LH_ItemCondition=3&LH_BIN=1&rt=nc&LH_PrefLoc=1
Women's Gummies,https://www.ebay.com/sch/i.html?_from=R40&_nkw=Women's+Gummies&_sacat=26395&rt=nc&LH_ItemCondition=3&LH_BIN=1&rt=nc&LH_PrefLoc=1
Cold swabs,https://www.ebay.com/sch/i.html?_from=R40&_nkw=Cold+swabs&_sacat=26395&rt=nc&LH_ItemCondition=3&LH_BIN=1&rt=nc&LH_PrefLoc=1
Elderberry Capsules,https://www.ebay.com/sch/i.html?_from=R40&_nkw=Elderberry+Capsules&_sacat=26395&rt=nc&LH_ItemCondition=3&LH_BIN=1&rt=nc&LH_PrefLoc=1
Probiotic Capsules,https://www.ebay.com/sch/i.html?_from=R40&_nkw=Probiotic+Capsules&_sacat=26395&rt=nc&LH_ItemCondition=3&LH_BIN=1&rt=nc&LH_PrefLoc=1
