Keyword,Links
Hand Massager,https://www.amazon.com/s?k=Hand+Massager&i=beauty&s=exact-aware-popularity-rank&ref=sr_st_exact-aware-popularity-rank
Titanium Flat Iron,https://www.amazon.com/s?k=Titanium+Flat+Iron&i=beauty&s=exact-aware-popularity-rank&ref=sr_st_exact-aware-popularity-rank
Ceramic Flat Iron,https://www.amazon.com/s?k=Ceramic+Flat+Iron&i=beauty&s=exact-aware-popularity-rank&ref=sr_st_exact-aware-popularity-rank
Compact Dryer,https://www.amazon.com/s?k=Compact+Dryer&i=beauty&s=exact-aware-popularity-rank&ref=sr_st_exact-aware-popularity-rank
Curling Iron,https://www.amazon.com/s?k=Curling+Iron&i=beauty&s=exact-aware-popularity-rank&ref=sr_st_exact-aware-popularity-rank
Multi-Styler,https://www.amazon.com/s?k=Multi-Styler&i=beauty&s=exact-aware-popularity-rank&ref=sr_st_exact-aware-popularity-rank
Hair styling,https://www.amazon.com/s?k=Hair+styling&i=beauty&s=exact-aware-popularity-rank&ref=sr_st_exact-aware-popularity-rank
Flat Iron,https://www.amazon.com/s?k=Flat+Iron&i=beauty&s=exact-aware-popularity-rank&ref=sr_st_exact-aware-popularity-rank
Luxury Hair Dryer,https://www.amazon.com/s?k=Luxury+Hair+Dryer&i=beauty&s=exact-aware-popularity-rank&ref=sr_st_exact-aware-popularity-rank
Hair Curler,https://www.amazon.com/s?k=Hair+Curler&i=beauty&s=exact-aware-popularity-rank&ref=sr_st_exact-aware-popularity-rank
Hot Comb,https://www.amazon.com/s?k=Hot+Comb&i=beauty&s=exact-aware-popularity-rank&ref=sr_st_exact-aware-popularity-rank
Folding Hair Dryer,https://www.amazon.com/s?k=Folding+Hair+Dryer&i=beauty&s=exact-aware-popularity-rank&ref=sr_st_exact-aware-popularity-rank
Ionic Paddle Brush,https://www.amazon.com/s?k=Ionic+Paddle+Brush&i=beauty&s=exact-aware-popularity-rank&ref=sr_st_exact-aware-popularity-rank
Mini Straightener,https://www.amazon.com/s?k=Mini+Straightener&i=beauty&s=exact-aware-popularity-rank&ref=sr_st_exact-aware-popularity-rank
Straightening Brush,https://www.amazon.com/s?k=Straightening+Brush&i=beauty&s=exact-aware-popularity-rank&ref=sr_st_exact-aware-popularity-rank
Thermal Round Brush,https://www.amazon.com/s?k=Thermal+Round+Brush&i=beauty&s=exact-aware-popularity-rank&ref=sr_st_exact-aware-popularity-rank
Blow Dry Brush,https://www.amazon.com/s?k=Blow+Dry+Brush&i=beauty&s=exact-aware-popularity-rank&ref=sr_st_exact-aware-popularity-rank
Ion Smooth,https://www.amazon.com/s?k=Ion+Smooth&i=beauty&s=exact-aware-popularity-rank&ref=sr_st_exact-aware-popularity-rank
Ionic Straightener,https://www.amazon.com/s?k=Ionic+Straightener&i=beauty&s=exact-aware-popularity-rank&ref=sr_st_exact-aware-popularity-rank
Conditioning Brush,https://www.amazon.com/s?k=Conditioning+Brush&i=beauty&s=exact-aware-popularity-rank&ref=sr_st_exact-aware-popularity-rank
Fast Drying,https://www.amazon.com/s?k=Fast+Drying&i=beauty&s=exact-aware-popularity-rank&ref=sr_st_exact-aware-popularity-rank
Hairstyling Giftset,https://www.amazon.com/s?k=Hairstyling+Giftset&i=beauty&s=exact-aware-popularity-rank&ref=sr_st_exact-aware-popularity-rank
Paddle Brush,https://www.amazon.com/s?k=Paddle+Brush&i=beauty&s=exact-aware-popularity-rank&ref=sr_st_exact-aware-popularity-rank
Styling Brush,https://www.amazon.com/s?k=Styling+Brush&i=beauty&s=exact-aware-popularity-rank&ref=sr_st_exact-aware-popularity-rank
Styling Iron,https://www.amazon.com/s?k=Styling+Iron&i=beauty&s=exact-aware-popularity-rank&ref=sr_st_exact-aware-popularity-rank
Gold hair dryer,https://www.amazon.com/s?k=Gold+hair+dryer&i=beauty&s=exact-aware-popularity-rank&ref=sr_st_exact-aware-popularity-rank
Professional Trimmer,https://www.amazon.com/s?k=Professional+Trimmer&i=beauty&s=exact-aware-popularity-rank&ref=sr_st_exact-aware-popularity-rank
Compact Hair Dryer,https://www.amazon.com/s?k=Compact+Hair+Dryer&i=beauty&s=exact-aware-popularity-rank&ref=sr_st_exact-aware-popularity-rank
Ionic Flat Iron,https://www.amazon.com/s?k=Ionic+Flat+Iron&i=beauty&s=exact-aware-popularity-rank&ref=sr_st_exact-aware-popularity-rank
Diffuser SoftTouch,https://www.amazon.com/s?k=Diffuser+SoftTouch&i=beauty&s=exact-aware-popularity-rank&ref=sr_st_exact-aware-popularity-rank
Metal Trimmer,https://www.amazon.com/s?k=Metal+Trimmer&i=beauty&s=exact-aware-popularity-rank&ref=sr_st_exact-aware-popularity-rank
Rotating Curling Iron,https://www.amazon.com/s?k=Rotating+Curling+Iron&i=beauty&s=exact-aware-popularity-rank&ref=sr_st_exact-aware-popularity-rank
Ion Dryer,https://www.amazon.com/s?k=Ion+Dryer&i=beauty&s=exact-aware-popularity-rank&ref=sr_st_exact-aware-popularity-rank
Detangler Comb,https://www.amazon.com/s?k=Detangler+Comb&i=beauty&s=exact-aware-popularity-rank&ref=sr_st_exact-aware-popularity-rank
Miracle Brush,https://www.amazon.com/s?k=Miracle+Brush&i=beauty&s=exact-aware-popularity-rank&ref=sr_st_exact-aware-popularity-rank
Fade blade,https://www.amazon.com/s?k=Fade+blade&i=beauty&s=exact-aware-popularity-rank&ref=sr_st_exact-aware-popularity-rank
Curling Rollers,https://www.amazon.com/s?k=Curling+Rollers&i=beauty&s=exact-aware-popularity-rank&ref=sr_st_exact-aware-popularity-rank
Turbo Dryer,https://www.amazon.com/s?k=Turbo+Dryer&i=beauty&s=exact-aware-popularity-rank&ref=sr_st_exact-aware-popularity-rank
Tourmaline Dryer,https://www.amazon.com/s?k=Tourmaline+Dryer&i=beauty&s=exact-aware-popularity-rank&ref=sr_st_exact-aware-popularity-rank
Hair Kit,https://www.amazon.com/s?k=Hair+Kit&i=beauty&s=exact-aware-popularity-rank&ref=sr_st_exact-aware-popularity-rank
Hair dryer set,https://www.amazon.com/s?k=Hair+dryer+set&i=beauty&s=exact-aware-popularity-rank&ref=sr_st_exact-aware-popularity-rank
Hair diffuser,https://www.amazon.com/s?k=Hair+diffuser&i=beauty&s=exact-aware-popularity-rank&ref=sr_st_exact-aware-popularity-rank
Volumizing Rollers,https://www.amazon.com/s?k=Volumizing+Rollers&i=beauty&s=exact-aware-popularity-rank&ref=sr_st_exact-aware-popularity-rank
Metal Comb,https://www.amazon.com/s?k=Metal+Comb&i=beauty&s=exact-aware-popularity-rank&ref=sr_st_exact-aware-popularity-rank
Drying Brush,https://www.amazon.com/s?k=Drying+Brush&i=beauty&s=exact-aware-popularity-rank&ref=sr_st_exact-aware-popularity-rank
Bendable Curling Iron,https://www.amazon.com/s?k=Bendable+Curling+Iron&i=beauty&s=exact-aware-popularity-rank&ref=sr_st_exact-aware-popularity-rank
Battery clipper,https://www.amazon.com/s?k=Battery+clipper&i=beauty&s=exact-aware-popularity-rank&ref=sr_st_exact-aware-popularity-rank
Hair Rollers,https://www.amazon.com/s?k=Hair+Rollers&i=beauty&s=exact-aware-popularity-rank&ref=sr_st_exact-aware-popularity-rank
Hair Styling Tools,https://www.amazon.com/s?k=Hair+Styling+Tools&i=beauty&s=exact-aware-popularity-rank&ref=sr_st_exact-aware-popularity-rank
Ionic Hair Dryer,https://www.amazon.com/s?k=Ionic+Hair+Dryer&i=beauty&s=exact-aware-popularity-rank&ref=sr_st_exact-aware-popularity-rank
