Keyword,Links
Water Sprayer,https://www.ebay.com/sch/i.html?_from=R40&_nkw=Water+Sprayer&_sacat=26395&rt=nc&LH_ItemCondition=3&LH_BIN=1&rt=nc&LH_PrefLoc=1
Peppermint Conditioner,https://www.ebay.com/sch/i.html?_from=R40&_nkw=Peppermint+Conditioner&_sacat=26395&rt=nc&LH_ItemCondition=3&LH_BIN=1&rt=nc&LH_PrefLoc=1
Dry Scalp,https://www.ebay.com/sch/i.html?_from=R40&_nkw=Dry+Scalp&_sacat=26395&rt=nc&LH_ItemCondition=3&LH_BIN=1&rt=nc&LH_PrefLoc=1
Curly Mousse,https://www.ebay.com/sch/i.html?_from=R40&_nkw=Curly+Mousse&_sacat=26395&rt=nc&LH_ItemCondition=3&LH_BIN=1&rt=nc&LH_PrefLoc=1
Sealing Mask,https://www.ebay.com/sch/i.html?_from=R40&_nkw=Sealing+Mask&_sacat=26395&rt=nc&LH_ItemCondition=3&LH_BIN=1&rt=nc&LH_PrefLoc=1
Color Shield,https://www.ebay.com/sch/i.html?_from=R40&_nkw=Color+Shield&_sacat=26395&rt=nc&LH_ItemCondition=3&LH_BIN=1&rt=nc&LH_PrefLoc=1
Blonde Maintenance,https://www.ebay.com/sch/i.html?_from=R40&_nkw=Blonde+Maintenance&_sacat=26395&rt=nc&LH_ItemCondition=3&LH_BIN=1&rt=nc&LH_PrefLoc=1
Cool Angel,https://www.ebay.com/sch/i.html?_from=R40&_nkw=Cool+Angel&_sacat=26395&rt=nc&LH_ItemCondition=3&LH_BIN=1&rt=nc&LH_PrefLoc=1
Moist Shampoo,https://www.ebay.com/sch/i.html?_from=R40&_nkw=Moist+Shampoo&_sacat=26395&rt=nc&LH_ItemCondition=3&LH_BIN=1&rt=nc&LH_PrefLoc=1
Body Boost,https://www.ebay.com/sch/i.html?_from=R40&_nkw=Body+Boost&_sacat=26395&rt=nc&LH_ItemCondition=3&LH_BIN=1&rt=nc&LH_PrefLoc=1
Defrizzing Gel,https://www.ebay.com/sch/i.html?_from=R40&_nkw=Defrizzing+Gel&_sacat=26395&rt=nc&LH_ItemCondition=3&LH_BIN=1&rt=nc&LH_PrefLoc=1
Blonde Conditioner,https://www.ebay.com/sch/i.html?_from=R40&_nkw=Blonde+Conditioner&_sacat=26395&rt=nc&LH_ItemCondition=3&LH_BIN=1&rt=nc&LH_PrefLoc=1
Scalp wash,https://www.ebay.com/sch/i.html?_from=R40&_nkw=Scalp+wash&_sacat=26395&rt=nc&LH_ItemCondition=3&LH_BIN=1&rt=nc&LH_PrefLoc=1
Density booster,https://www.ebay.com/sch/i.html?_from=R40&_nkw=Density+booster&_sacat=26395&rt=nc&LH_ItemCondition=3&LH_BIN=1&rt=nc&LH_PrefLoc=1
Deoxyribose Gel,https://www.ebay.com/sch/i.html?_from=R40&_nkw=Deoxyribose+Gel&_sacat=26395&rt=nc&LH_ItemCondition=3&LH_BIN=1&rt=nc&LH_PrefLoc=1
Flourish Conditioner,https://www.ebay.com/sch/i.html?_from=R40&_nkw=Flourish+Conditioner&_sacat=26395&rt=nc&LH_ItemCondition=3&LH_BIN=1&rt=nc&LH_PrefLoc=1
Modeling Paste,https://www.ebay.com/sch/i.html?_from=R40&_nkw=Modeling+Paste&_sacat=26395&rt=nc&LH_ItemCondition=3&LH_BIN=1&rt=nc&LH_PrefLoc=1
Colour Shine,https://www.ebay.com/sch/i.html?_from=R40&_nkw=Colour+Shine&_sacat=26395&rt=nc&LH_ItemCondition=3&LH_BIN=1&rt=nc&LH_PrefLoc=1
Flourish Mask,https://www.ebay.com/sch/i.html?_from=R40&_nkw=Flourish+Mask&_sacat=26395&rt=nc&LH_ItemCondition=3&LH_BIN=1&rt=nc&LH_PrefLoc=1
Beautiful Shampoo,https://www.ebay.com/sch/i.html?_from=R40&_nkw=Beautiful+Shampoo&_sacat=26395&rt=nc&LH_ItemCondition=3&LH_BIN=1&rt=nc&LH_PrefLoc=1
Recovery Conditioner,https://www.ebay.com/sch/i.html?_from=R40&_nkw=Recovery+Conditioner&_sacat=26395&rt=nc&LH_ItemCondition=3&LH_BIN=1&rt=nc&LH_PrefLoc=1
Cleansing Paste,https://www.ebay.com/sch/i.html?_from=R40&_nkw=Cleansing+Paste&_sacat=26395&rt=nc&LH_ItemCondition=3&LH_BIN=1&rt=nc&LH_PrefLoc=1
Rose shampoo,https://www.ebay.com/sch/i.html?_from=R40&_nkw=Rose+shampoo&_sacat=26395&rt=nc&LH_ItemCondition=3&LH_BIN=1&rt=nc&LH_PrefLoc=1
Scalp Reset,https://www.ebay.com/sch/i.html?_from=R40&_nkw=Scalp+Reset&_sacat=26395&rt=nc&LH_ItemCondition=3&LH_BIN=1&rt=nc&LH_PrefLoc=1
Curl Duo,https://www.ebay.com/sch/i.html?_from=R40&_nkw=Curl+Duo&_sacat=26395&rt=nc&LH_ItemCondition=3&LH_BIN=1&rt=nc&LH_PrefLoc=1
Volumising Shampoo,https://www.ebay.com/sch/i.html?_from=R40&_nkw=Volumising+Shampoo&_sacat=26395&rt=nc&LH_ItemCondition=3&LH_BIN=1&rt=nc&LH_PrefLoc=1
Volume Paste,https://www.ebay.com/sch/i.html?_from=R40&_nkw=Volume+Paste&_sacat=26395&rt=nc&LH_ItemCondition=3&LH_BIN=1&rt=nc&LH_PrefLoc=1
Leave In Gel,https://www.ebay.com/sch/i.html?_from=R40&_nkw=Leave+In+Gel&_sacat=26395&rt=nc&LH_ItemCondition=3&LH_BIN=1&rt=nc&LH_PrefLoc=1
Recovery Kit,https://www.ebay.com/sch/i.html?_from=R40&_nkw=Recovery+Kit&_sacat=26395&rt=nc&LH_ItemCondition=3&LH_BIN=1&rt=nc&LH_PrefLoc=1
Regenerating Masque,https://www.ebay.com/sch/i.html?_from=R40&_nkw=Regenerating+Masque&_sacat=26395&rt=nc&LH_ItemCondition=3&LH_BIN=1&rt=nc&LH_PrefLoc=1
Scalp Supplement,https://www.ebay.com/sch/i.html?_from=R40&_nkw=Scalp+Supplement&_sacat=26395&rt=nc&LH_ItemCondition=3&LH_BIN=1&rt=nc&LH_PrefLoc=1
Volumising Conditioner,https://www.ebay.com/sch/i.html?_from=R40&_nkw=Volumising+Conditioner&_sacat=26395&rt=nc&LH_ItemCondition=3&LH_BIN=1&rt=nc&LH_PrefLoc=1
Regenerating Mask,https://www.ebay.com/sch/i.html?_from=R40&_nkw=Regenerating+Mask&_sacat=26395&rt=nc&LH_ItemCondition=3&LH_BIN=1&rt=nc&LH_PrefLoc=1
Money Mist,https://www.ebay.com/sch/i.html?_from=R40&_nkw=Money+Mist&_sacat=26395&rt=nc&LH_ItemCondition=3&LH_BIN=1&rt=nc&LH_PrefLoc=1
Styling Paste,https://www.ebay.com/sch/i.html?_from=R40&_nkw=Styling+Paste&_sacat=26395&rt=nc&LH_ItemCondition=3&LH_BIN=1&rt=nc&LH_PrefLoc=1
Matte Paste,https://www.ebay.com/sch/i.html?_from=R40&_nkw=Matte+Paste&_sacat=26395&rt=nc&LH_ItemCondition=3&LH_BIN=1&rt=nc&LH_PrefLoc=1
Chamomile Shampoo,https://www.ebay.com/sch/i.html?_from=R40&_nkw=Chamomile+Shampoo&_sacat=26395&rt=nc&LH_ItemCondition=3&LH_BIN=1&rt=nc&LH_PrefLoc=1
Plumping Rinse,https://www.ebay.com/sch/i.html?_from=R40&_nkw=Plumping+Rinse&_sacat=26395&rt=nc&LH_ItemCondition=3&LH_BIN=1&rt=nc&LH_PrefLoc=1
Colored Hair,https://www.ebay.com/sch/i.html?_from=R40&_nkw=Colored+Hair&_sacat=26395&rt=nc&LH_ItemCondition=3&LH_BIN=1&rt=nc&LH_PrefLoc=1
Hair therapy,https://www.ebay.com/sch/i.html?_from=R40&_nkw=Hair+therapy&_sacat=26395&rt=nc&LH_ItemCondition=3&LH_BIN=1&rt=nc&LH_PrefLoc=1
Thinning Conditioner,https://www.ebay.com/sch/i.html?_from=R40&_nkw=Thinning+Conditioner&_sacat=26395&rt=nc&LH_ItemCondition=3&LH_BIN=1&rt=nc&LH_PrefLoc=1
Everyday Conditioner,https://www.ebay.com/sch/i.html?_from=R40&_nkw=Everyday+Conditioner&_sacat=26395&rt=nc&LH_ItemCondition=3&LH_BIN=1&rt=nc&LH_PrefLoc=1
Thick Cream,https://www.ebay.com/sch/i.html?_from=R40&_nkw=Thick+Cream&_sacat=26395&rt=nc&LH_ItemCondition=3&LH_BIN=1&rt=nc&LH_PrefLoc=1
Curl definer,https://www.ebay.com/sch/i.html?_from=R40&_nkw=Curl+definer&_sacat=26395&rt=nc&LH_ItemCondition=3&LH_BIN=1&rt=nc&LH_PrefLoc=1
Curl styler,https://www.ebay.com/sch/i.html?_from=R40&_nkw=Curl+styler&_sacat=26395&rt=nc&LH_ItemCondition=3&LH_BIN=1&rt=nc&LH_PrefLoc=1
Scalp Therapy,https://www.ebay.com/sch/i.html?_from=R40&_nkw=Scalp+Therapy&_sacat=26395&rt=nc&LH_ItemCondition=3&LH_BIN=1&rt=nc&LH_PrefLoc=1
Conditioning Cleanser,https://www.ebay.com/sch/i.html?_from=R40&_nkw=Conditioning+Cleanser&_sacat=26395&rt=nc&LH_ItemCondition=3&LH_BIN=1&rt=nc&LH_PrefLoc=1
Styling Mousse,https://www.ebay.com/sch/i.html?_from=R40&_nkw=Styling+Mousse&_sacat=26395&rt=nc&LH_ItemCondition=3&LH_BIN=1&rt=nc&LH_PrefLoc=1
Cleanser Conditioner,https://www.ebay.com/sch/i.html?_from=R40&_nkw=Cleanser+Conditioner&_sacat=26395&rt=nc&LH_ItemCondition=3&LH_BIN=1&rt=nc&LH_PrefLoc=1
Skinny Shampoo,https://www.ebay.com/sch/i.html?_from=R40&_nkw=Skinny+Shampoo&_sacat=26395&rt=nc&LH_ItemCondition=3&LH_BIN=1&rt=nc&LH_PrefLoc=1
