Keyword,Links
Pore Mask,https://www.amazon.com/s?k=Pore+Mask&i=beauty&s=exact-aware-popularity-rank&ref=sr_st_exact-aware-popularity-rank
Overnight Lip Mask,https://www.amazon.com/s?k=Overnight+Lip+Mask&i=beauty&s=exact-aware-popularity-rank&ref=sr_st_exact-aware-popularity-rank
Hydrating Balm,https://www.amazon.com/s?k=Hydrating+Balm&i=beauty&s=exact-aware-popularity-rank&ref=sr_st_exact-aware-popularity-rank
Hypersensitive Skin,https://www.amazon.com/s?k=Hypersensitive+Skin&i=beauty&s=exact-aware-popularity-rank&ref=sr_st_exact-aware-popularity-rank
Eye Mask,https://www.amazon.com/s?k=Eye+Mask&i=beauty&s=exact-aware-popularity-rank&ref=sr_st_exact-aware-popularity-rank
Skin therapy,https://www.amazon.com/s?k=Skin+therapy&i=beauty&s=exact-aware-popularity-rank&ref=sr_st_exact-aware-popularity-rank
Eye balm,https://www.amazon.com/s?k=Eye+balm&i=beauty&s=exact-aware-popularity-rank&ref=sr_st_exact-aware-popularity-rank
Face mask,https://www.amazon.com/s?k=Face+mask&i=beauty&s=exact-aware-popularity-rank&ref=sr_st_exact-aware-popularity-rank
Lip serum,https://www.amazon.com/s?k=Lip+serum&i=beauty&s=exact-aware-popularity-rank&ref=sr_st_exact-aware-popularity-rank
Vitamin C Retinol,https://www.amazon.com/s?k=Vitamin+C+Retinol&i=beauty&s=exact-aware-popularity-rank&ref=sr_st_exact-aware-popularity-rank
Sleep Mask,https://www.amazon.com/s?k=Sleep+Mask&i=beauty&s=exact-aware-popularity-rank&ref=sr_st_exact-aware-popularity-rank
Acne Cream,https://www.amazon.com/s?k=Acne+Cream&i=beauty&s=exact-aware-popularity-rank&ref=sr_st_exact-aware-popularity-rank
Detox Mask,https://www.amazon.com/s?k=Detox+Mask&i=beauty&s=exact-aware-popularity-rank&ref=sr_st_exact-aware-popularity-rank
Facial serum,https://www.amazon.com/s?k=Facial+serum&i=beauty&s=exact-aware-popularity-rank&ref=sr_st_exact-aware-popularity-rank
Hydrating Essence,https://www.amazon.com/s?k=Hydrating+Essence&i=beauty&s=exact-aware-popularity-rank&ref=sr_st_exact-aware-popularity-rank
Cleansing Capsules,https://www.amazon.com/s?k=Cleansing+Capsules&i=beauty&s=exact-aware-popularity-rank&ref=sr_st_exact-aware-popularity-rank
Overnight Moisturizer,https://www.amazon.com/s?k=Overnight+Moisturizer&i=beauty&s=exact-aware-popularity-rank&ref=sr_st_exact-aware-popularity-rank
Detox Cleanser,https://www.amazon.com/s?k=Detox+Cleanser&i=beauty&s=exact-aware-popularity-rank&ref=sr_st_exact-aware-popularity-rank
Acne Exfoliant,https://www.amazon.com/s?k=Acne+Exfoliant&i=beauty&s=exact-aware-popularity-rank&ref=sr_st_exact-aware-popularity-rank
Coconut Mask,https://www.amazon.com/s?k=Coconut+Mask&i=beauty&s=exact-aware-popularity-rank&ref=sr_st_exact-aware-popularity-rank
Birthday Cake Balm,https://www.amazon.com/s?k=Birthday+Cake+Balm&i=beauty&s=exact-aware-popularity-rank&ref=sr_st_exact-aware-popularity-rank
Vitamin C,https://www.amazon.com/s?k=Vitamin+C&i=beauty&s=exact-aware-popularity-rank&ref=sr_st_exact-aware-popularity-rank
Eye patches,https://www.amazon.com/s?k=Eye+patches&i=beauty&s=exact-aware-popularity-rank&ref=sr_st_exact-aware-popularity-rank
Firming Serum,https://www.amazon.com/s?k=Firming+Serum&i=beauty&s=exact-aware-popularity-rank&ref=sr_st_exact-aware-popularity-rank
Cleansing Oil,https://www.amazon.com/s?k=Cleansing+Oil&i=beauty&s=exact-aware-popularity-rank&ref=sr_st_exact-aware-popularity-rank
Radiance Essence,https://www.amazon.com/s?k=Radiance+Essence&i=beauty&s=exact-aware-popularity-rank&ref=sr_st_exact-aware-popularity-rank
Eye masks,https://www.amazon.com/s?k=Eye+masks&i=beauty&s=exact-aware-popularity-rank&ref=sr_st_exact-aware-popularity-rank
Oil Free Moisturizer,https://www.amazon.com/s?k=Oil+Free+Moisturizer&i=beauty&s=exact-aware-popularity-rank&ref=sr_st_exact-aware-popularity-rank
Rose mask,https://www.amazon.com/s?k=Rose+mask&i=beauty&s=exact-aware-popularity-rank&ref=sr_st_exact-aware-popularity-rank
Rehydration Mask,https://www.amazon.com/s?k=Rehydration+Mask&i=beauty&s=exact-aware-popularity-rank&ref=sr_st_exact-aware-popularity-rank
Good Skin,https://www.amazon.com/s?k=Good+Skin&i=beauty&s=exact-aware-popularity-rank&ref=sr_st_exact-aware-popularity-rank
Gua Sha,https://www.amazon.com/s?k=Gua+Sha&i=beauty&s=exact-aware-popularity-rank&ref=sr_st_exact-aware-popularity-rank
Floral Mask,https://www.amazon.com/s?k=Floral+Mask&i=beauty&s=exact-aware-popularity-rank&ref=sr_st_exact-aware-popularity-rank
Snail Eye Cream,https://www.amazon.com/s?k=Snail+Eye+Cream&i=beauty&s=exact-aware-popularity-rank&ref=sr_st_exact-aware-popularity-rank
Eye care,https://www.amazon.com/s?k=Eye+care&i=beauty&s=exact-aware-popularity-rank&ref=sr_st_exact-aware-popularity-rank
Deep Crease,https://www.amazon.com/s?k=Deep+Crease&i=beauty&s=exact-aware-popularity-rank&ref=sr_st_exact-aware-popularity-rank
Regeneration Booster,https://www.amazon.com/s?k=Regeneration+Booster&i=beauty&s=exact-aware-popularity-rank&ref=sr_st_exact-aware-popularity-rank
Scar gel,https://www.amazon.com/s?k=Scar+gel&i=beauty&s=exact-aware-popularity-rank&ref=sr_st_exact-aware-popularity-rank
Hyaluronic Cream,https://www.amazon.com/s?k=Hyaluronic+Cream&i=beauty&s=exact-aware-popularity-rank&ref=sr_st_exact-aware-popularity-rank
Anti-aging eye cream,https://www.amazon.com/s?k=Anti-aging+eye+cream&i=beauty&s=exact-aware-popularity-rank&ref=sr_st_exact-aware-popularity-rank
Snail Mask,https://www.amazon.com/s?k=Snail+Mask&i=beauty&s=exact-aware-popularity-rank&ref=sr_st_exact-aware-popularity-rank
Cleanser Biotic,https://www.amazon.com/s?k=Cleanser+Biotic&i=beauty&s=exact-aware-popularity-rank&ref=sr_st_exact-aware-popularity-rank
Probiotic Mask,https://www.amazon.com/s?k=Probiotic+Mask&i=beauty&s=exact-aware-popularity-rank&ref=sr_st_exact-aware-popularity-rank
Gold Face Mask,https://www.amazon.com/s?k=Gold+Face+Mask&i=beauty&s=exact-aware-popularity-rank&ref=sr_st_exact-aware-popularity-rank
Revitalizing Serum,https://www.amazon.com/s?k=Revitalizing+Serum&i=beauty&s=exact-aware-popularity-rank&ref=sr_st_exact-aware-popularity-rank
Lip therapy,https://www.amazon.com/s?k=Lip+therapy&i=beauty&s=exact-aware-popularity-rank&ref=sr_st_exact-aware-popularity-rank
Blemish Serum,https://www.amazon.com/s?k=Blemish+Serum&i=beauty&s=exact-aware-popularity-rank&ref=sr_st_exact-aware-popularity-rank
Gold Eye Mask,https://www.amazon.com/s?k=Gold+Eye+Mask&i=beauty&s=exact-aware-popularity-rank&ref=sr_st_exact-aware-popularity-rank
Foaming Wash,https://www.amazon.com/s?k=Foaming+Wash&i=beauty&s=exact-aware-popularity-rank&ref=sr_st_exact-aware-popularity-rank
Sleeping mask,https://www.amazon.com/s?k=Sleeping+mask&i=beauty&s=exact-aware-popularity-rank&ref=sr_st_exact-aware-popularity-rank
