Keyword,Links
Bronzer Brush,https://www.amazon.com/s?k=Bronzer+Brush&i=beauty&s=exact-aware-popularity-rank&ref=sr_st_exact-aware-popularity-rank
Smoky Eye Brushes,https://www.amazon.com/s?k=Smoky+Eye+Brushes&i=beauty&s=exact-aware-popularity-rank&ref=sr_st_exact-aware-popularity-rank
Makeup Organizer,https://www.amazon.com/s?k=Makeup+Organizer&i=beauty&s=exact-aware-popularity-rank&ref=sr_st_exact-aware-popularity-rank
Pore Vacuum,https://www.amazon.com/s?k=Pore+Vacuum&i=beauty&s=exact-aware-popularity-rank&ref=sr_st_exact-aware-popularity-rank
Magnifying Mirror,https://www.amazon.com/s?k=Magnifying+Mirror&i=beauty&s=exact-aware-popularity-rank&ref=sr_st_exact-aware-popularity-rank
Makeup Sponge,https://www.amazon.com/s?k=Makeup+Sponge&i=beauty&s=exact-aware-popularity-rank&ref=sr_st_exact-aware-popularity-rank
Eyebrow Trimmer,https://www.amazon.com/s?k=Eyebrow+Trimmer&i=beauty&s=exact-aware-popularity-rank&ref=sr_st_exact-aware-popularity-rank
Vanity Mirror,https://www.amazon.com/s?k=Vanity+Mirror&i=beauty&s=exact-aware-popularity-rank&ref=sr_st_exact-aware-popularity-rank
Face Scrubber,https://www.amazon.com/s?k=Face+Scrubber&i=beauty&s=exact-aware-popularity-rank&ref=sr_st_exact-aware-popularity-rank
Makeup case,https://www.amazon.com/s?k=Makeup+case&i=beauty&s=exact-aware-popularity-rank&ref=sr_st_exact-aware-popularity-rank
Multistyler Tool,https://www.amazon.com/s?k=Multistyler+Tool&i=beauty&s=exact-aware-popularity-rank&ref=sr_st_exact-aware-popularity-rank
Facial Wand,https://www.amazon.com/s?k=Facial+Wand&i=beauty&s=exact-aware-popularity-rank&ref=sr_st_exact-aware-popularity-rank
Cleansing Pads,https://www.amazon.com/s?k=Cleansing+Pads&i=beauty&s=exact-aware-popularity-rank&ref=sr_st_exact-aware-popularity-rank
Facial Cleanser,https://www.amazon.com/s?k=Facial+Cleanser&i=beauty&s=exact-aware-popularity-rank&ref=sr_st_exact-aware-popularity-rank
Face lift,https://www.amazon.com/s?k=Face+lift&i=beauty&s=exact-aware-popularity-rank&ref=sr_st_exact-aware-popularity-rank
Stainless Steel Tweezers,https://www.amazon.com/s?k=Stainless+Steel+Tweezers&i=beauty&s=exact-aware-popularity-rank&ref=sr_st_exact-aware-popularity-rank
Fine Pointed Tweezers,https://www.amazon.com/s?k=Fine+Pointed+Tweezers&i=beauty&s=exact-aware-popularity-rank&ref=sr_st_exact-aware-popularity-rank
HIFU Machine,https://www.amazon.com/s?k=HIFU+Machine&i=beauty&s=exact-aware-popularity-rank&ref=sr_st_exact-aware-popularity-rank
Makeup Tote,https://www.amazon.com/s?k=Makeup+Tote&i=beauty&s=exact-aware-popularity-rank&ref=sr_st_exact-aware-popularity-rank
Hair Cutting,https://www.amazon.com/s?k=Hair+Cutting&i=beauty&s=exact-aware-popularity-rank&ref=sr_st_exact-aware-popularity-rank
High-Frequency Wand,https://www.amazon.com/s?k=High-Frequency+Wand&i=beauty&s=exact-aware-popularity-rank&ref=sr_st_exact-aware-popularity-rank
Blush Brush,https://www.amazon.com/s?k=Blush+Brush&i=beauty&s=exact-aware-popularity-rank&ref=sr_st_exact-aware-popularity-rank
Eyes Brush,https://www.amazon.com/s?k=Eyes+Brush&i=beauty&s=exact-aware-popularity-rank&ref=sr_st_exact-aware-popularity-rank
Hair waver,https://www.amazon.com/s?k=Hair+waver&i=beauty&s=exact-aware-popularity-rank&ref=sr_st_exact-aware-popularity-rank
Cosmetic Case,https://www.amazon.com/s?k=Cosmetic+Case&i=beauty&s=exact-aware-popularity-rank&ref=sr_st_exact-aware-popularity-rank
Heated Eyelash Curler,https://www.amazon.com/s?k=Heated+Eyelash+Curler&i=beauty&s=exact-aware-popularity-rank&ref=sr_st_exact-aware-popularity-rank
LED Face Mask,https://www.amazon.com/s?k=LED+Face+Mask&i=beauty&s=exact-aware-popularity-rank&ref=sr_st_exact-aware-popularity-rank
Microneedle Roller,https://www.amazon.com/s?k=Microneedle+Roller&i=beauty&s=exact-aware-popularity-rank&ref=sr_st_exact-aware-popularity-rank
Mascara Wands,https://www.amazon.com/s?k=Mascara+Wands&i=beauty&s=exact-aware-popularity-rank&ref=sr_st_exact-aware-popularity-rank
Plasma Pen,https://www.amazon.com/s?k=Plasma+Pen&i=beauty&s=exact-aware-popularity-rank&ref=sr_st_exact-aware-popularity-rank
Glitter Cosmetic Bag,https://www.amazon.com/s?k=Glitter+Cosmetic+Bag&i=beauty&s=exact-aware-popularity-rank&ref=sr_st_exact-aware-popularity-rank
Beauty Pen,https://www.amazon.com/s?k=Beauty+Pen&i=beauty&s=exact-aware-popularity-rank&ref=sr_st_exact-aware-popularity-rank
Tweezer Kit,https://www.amazon.com/s?k=Tweezer+Kit&i=beauty&s=exact-aware-popularity-rank&ref=sr_st_exact-aware-popularity-rank
Quartz Roller,https://www.amazon.com/s?k=Quartz+Roller&i=beauty&s=exact-aware-popularity-rank&ref=sr_st_exact-aware-popularity-rank
Eyelash Tweezers,https://www.amazon.com/s?k=Eyelash+Tweezers&i=beauty&s=exact-aware-popularity-rank&ref=sr_st_exact-aware-popularity-rank
Microdermabrasion Machine,https://www.amazon.com/s?k=Microdermabrasion+Machine&i=beauty&s=exact-aware-popularity-rank&ref=sr_st_exact-aware-popularity-rank
Curved Comb,https://www.amazon.com/s?k=Curved+Comb&i=beauty&s=exact-aware-popularity-rank&ref=sr_st_exact-aware-popularity-rank
Concealer Sponge,https://www.amazon.com/s?k=Concealer+Sponge&i=beauty&s=exact-aware-popularity-rank&ref=sr_st_exact-aware-popularity-rank
Eye Makeup,https://www.amazon.com/s?k=Eye+Makeup&i=beauty&s=exact-aware-popularity-rank&ref=sr_st_exact-aware-popularity-rank
Demi Brush,https://www.amazon.com/s?k=Demi+Brush&i=beauty&s=exact-aware-popularity-rank&ref=sr_st_exact-aware-popularity-rank
Eye contour,https://www.amazon.com/s?k=Eye+contour&i=beauty&s=exact-aware-popularity-rank&ref=sr_st_exact-aware-popularity-rank
Skin Scrubber,https://www.amazon.com/s?k=Skin+Scrubber&i=beauty&s=exact-aware-popularity-rank&ref=sr_st_exact-aware-popularity-rank
Travel Makeup Mirror,https://www.amazon.com/s?k=Travel+Makeup+Mirror&i=beauty&s=exact-aware-popularity-rank&ref=sr_st_exact-aware-popularity-rank
Barber Shears,https://www.amazon.com/s?k=Barber+Shears&i=beauty&s=exact-aware-popularity-rank&ref=sr_st_exact-aware-popularity-rank
Speed Dry Brush,https://www.amazon.com/s?k=Speed+Dry+Brush&i=beauty&s=exact-aware-popularity-rank&ref=sr_st_exact-aware-popularity-rank
Makeup Puff,https://www.amazon.com/s?k=Makeup+Puff&i=beauty&s=exact-aware-popularity-rank&ref=sr_st_exact-aware-popularity-rank
Curling Brush,https://www.amazon.com/s?k=Curling+Brush&i=beauty&s=exact-aware-popularity-rank&ref=sr_st_exact-aware-popularity-rank
Silicone Face Brush,https://www.amazon.com/s?k=Silicone+Face+Brush&i=beauty&s=exact-aware-popularity-rank&ref=sr_st_exact-aware-popularity-rank
Facial Massager,https://www.amazon.com/s?k=Facial+Massager&i=beauty&s=exact-aware-popularity-rank&ref=sr_st_exact-aware-popularity-rank
Cosmetic Pouch,https://www.amazon.com/s?k=Cosmetic+Pouch&i=beauty&s=exact-aware-popularity-rank&ref=sr_st_exact-aware-popularity-rank
