Keyword,Links
Trifold Mirror,https://www.amazon.com/s?k=Trifold+Mirror&i=beauty&s=exact-aware-popularity-rank&ref=sr_st_exact-aware-popularity-rank
Dual Mirror,https://www.amazon.com/s?k=Dual+Mirror&i=beauty&s=exact-aware-popularity-rank&ref=sr_st_exact-aware-popularity-rank
Exfoliating Rounds,https://www.amazon.com/s?k=Exfoliating+Rounds&i=beauty&s=exact-aware-popularity-rank&ref=sr_st_exact-aware-popularity-rank
Styling Combs,https://www.amazon.com/s?k=Styling+Combs&i=beauty&s=exact-aware-popularity-rank&ref=sr_st_exact-aware-popularity-rank
Washable Scrunchies,https://www.amazon.com/s?k=Washable+Scrunchies&i=beauty&s=exact-aware-popularity-rank&ref=sr_st_exact-aware-popularity-rank
Makeup organizers,https://www.amazon.com/s?k=Makeup+organizers&i=beauty&s=exact-aware-popularity-rank&ref=sr_st_exact-aware-popularity-rank
Multi-Style Dryer,https://www.amazon.com/s?k=Multi-Style+Dryer&i=beauty&s=exact-aware-popularity-rank&ref=sr_st_exact-aware-popularity-rank
Cotton Ovals,https://www.amazon.com/s?k=Cotton+Ovals&i=beauty&s=exact-aware-popularity-rank&ref=sr_st_exact-aware-popularity-rank
Curling Set,https://www.amazon.com/s?k=Curling+Set&i=beauty&s=exact-aware-popularity-rank&ref=sr_st_exact-aware-popularity-rank
Detangler Kit,https://www.amazon.com/s?k=Detangler+Kit&i=beauty&s=exact-aware-popularity-rank&ref=sr_st_exact-aware-popularity-rank
Exfoliating Sponges,https://www.amazon.com/s?k=Exfoliating+Sponges&i=beauty&s=exact-aware-popularity-rank&ref=sr_st_exact-aware-popularity-rank
Makeup Cloth,https://www.amazon.com/s?k=Makeup+Cloth&i=beauty&s=exact-aware-popularity-rank&ref=sr_st_exact-aware-popularity-rank
Wedge Sponge,https://www.amazon.com/s?k=Wedge+Sponge&i=beauty&s=exact-aware-popularity-rank&ref=sr_st_exact-aware-popularity-rank
Straightener,https://www.amazon.com/s?k=Straightener&i=beauty&s=exact-aware-popularity-rank&ref=sr_st_exact-aware-popularity-rank
Purple Sponge,https://www.amazon.com/s?k=Purple+Sponge&i=beauty&s=exact-aware-popularity-rank&ref=sr_st_exact-aware-popularity-rank
Blackhead Mask,https://www.amazon.com/s?k=Blackhead+Mask&i=beauty&s=exact-aware-popularity-rank&ref=sr_st_exact-aware-popularity-rank
Ceramic Comb,https://www.amazon.com/s?k=Ceramic+Comb&i=beauty&s=exact-aware-popularity-rank&ref=sr_st_exact-aware-popularity-rank
Detangling Combs,https://www.amazon.com/s?k=Detangling+Combs&i=beauty&s=exact-aware-popularity-rank&ref=sr_st_exact-aware-popularity-rank
Buffing Brush,https://www.amazon.com/s?k=Buffing+Brush&i=beauty&s=exact-aware-popularity-rank&ref=sr_st_exact-aware-popularity-rank
Hot styling,https://www.amazon.com/s?k=Hot+styling&i=beauty&s=exact-aware-popularity-rank&ref=sr_st_exact-aware-popularity-rank
Flexirods Curls,https://www.amazon.com/s?k=Flexirods+Curls&i=beauty&s=exact-aware-popularity-rank&ref=sr_st_exact-aware-popularity-rank
Fast-Drying Blow Dryer,https://www.amazon.com/s?k=Fast-Drying+Blow+Dryer&i=beauty&s=exact-aware-popularity-rank&ref=sr_st_exact-aware-popularity-rank
Velvet Shine Brush,https://www.amazon.com/s?k=Velvet+Shine+Brush&i=beauty&s=exact-aware-popularity-rank&ref=sr_st_exact-aware-popularity-rank
Glass Soap Pump,https://www.amazon.com/s?k=Glass+Soap+Pump&i=beauty&s=exact-aware-popularity-rank&ref=sr_st_exact-aware-popularity-rank
LED Compact Mirror,https://www.amazon.com/s?k=LED+Compact+Mirror&i=beauty&s=exact-aware-popularity-rank&ref=sr_st_exact-aware-popularity-rank
Coconut Hair Dryer,https://www.amazon.com/s?k=Coconut+Hair+Dryer&i=beauty&s=exact-aware-popularity-rank&ref=sr_st_exact-aware-popularity-rank
Heat Press,https://www.amazon.com/s?k=Heat+Press&i=beauty&s=exact-aware-popularity-rank&ref=sr_st_exact-aware-popularity-rank
Liquid Blush,https://www.amazon.com/s?k=Liquid+Blush&i=beauty&s=exact-aware-popularity-rank&ref=sr_st_exact-aware-popularity-rank
Frizz Free Flat Iron,https://www.amazon.com/s?k=Frizz+Free+Flat+Iron&i=beauty&s=exact-aware-popularity-rank&ref=sr_st_exact-aware-popularity-rank
High Speed Hair Dryer,https://www.amazon.com/s?k=High+Speed+Hair+Dryer&i=beauty&s=exact-aware-popularity-rank&ref=sr_st_exact-aware-popularity-rank
Makeup Vanity,https://www.amazon.com/s?k=Makeup+Vanity&i=beauty&s=exact-aware-popularity-rank&ref=sr_st_exact-aware-popularity-rank
Baby swabs,https://www.amazon.com/s?k=Baby+swabs&i=beauty&s=exact-aware-popularity-rank&ref=sr_st_exact-aware-popularity-rank
Volumizing Iron,https://www.amazon.com/s?k=Volumizing+Iron&i=beauty&s=exact-aware-popularity-rank&ref=sr_st_exact-aware-popularity-rank
360 Mirror,https://www.amazon.com/s?k=360+Mirror&i=beauty&s=exact-aware-popularity-rank&ref=sr_st_exact-aware-popularity-rank
Eau de Parfum,https://www.amazon.com/s?k=Eau+de+Parfum&i=beauty&s=exact-aware-popularity-rank&ref=sr_st_exact-aware-popularity-rank
Perfume Mist,https://www.amazon.com/s?k=Perfume+Mist&i=beauty&s=exact-aware-popularity-rank&ref=sr_st_exact-aware-popularity-rank
Women's perfume,https://www.amazon.com/s?k=Women's+perfume&i=beauty&s=exact-aware-popularity-rank&ref=sr_st_exact-aware-popularity-rank
Sweet Tooth Perfume,https://www.amazon.com/s?k=Sweet+Tooth+Perfume&i=beauty&s=exact-aware-popularity-rank&ref=sr_st_exact-aware-popularity-rank
Body Spray,https://www.amazon.com/s?k=Body+Spray&i=beauty&s=exact-aware-popularity-rank&ref=sr_st_exact-aware-popularity-rank
Classic perfume,https://www.amazon.com/s?k=Classic+perfume&i=beauty&s=exact-aware-popularity-rank&ref=sr_st_exact-aware-popularity-rank
Lost Cherry,https://www.amazon.com/s?k=Lost+Cherry&i=beauty&s=exact-aware-popularity-rank&ref=sr_st_exact-aware-popularity-rank
Oud Perfume,https://www.amazon.com/s?k=Oud+Perfume&i=beauty&s=exact-aware-popularity-rank&ref=sr_st_exact-aware-popularity-rank
Eau de Toilette,https://www.amazon.com/s?k=Eau+de+Toilette&i=beauty&s=exact-aware-popularity-rank&ref=sr_st_exact-aware-popularity-rank
Cloud Perfume,https://www.amazon.com/s?k=Cloud+Perfume&i=beauty&s=exact-aware-popularity-rank&ref=sr_st_exact-aware-popularity-rank
Iconic Blend,https://www.amazon.com/s?k=Iconic+Blend&i=beauty&s=exact-aware-popularity-rank&ref=sr_st_exact-aware-popularity-rank
Baby cologne,https://www.amazon.com/s?k=Baby+cologne&i=beauty&s=exact-aware-popularity-rank&ref=sr_st_exact-aware-popularity-rank
Eau Tendre,https://www.amazon.com/s?k=Eau+Tendre&i=beauty&s=exact-aware-popularity-rank&ref=sr_st_exact-aware-popularity-rank
Hibiscus Cologne,https://www.amazon.com/s?k=Hibiscus+Cologne&i=beauty&s=exact-aware-popularity-rank&ref=sr_st_exact-aware-popularity-rank
Lilac perfume,https://www.amazon.com/s?k=Lilac+perfume&i=beauty&s=exact-aware-popularity-rank&ref=sr_st_exact-aware-popularity-rank
Vintage cologne,https://www.amazon.com/s?k=Vintage+cologne&i=beauty&s=exact-aware-popularity-rank&ref=sr_st_exact-aware-popularity-rank
