Keyword,Links
Brownie Protein,https://www.amazon.com/s?k=Brownie+Protein&i=hpc&s=exact-aware-popularity-rank&ref=sr_st_exact-aware-popularity-rank
Egg white,https://www.amazon.com/s?k=Egg+white&i=hpc&s=exact-aware-popularity-rank&ref=sr_st_exact-aware-popularity-rank
Hormone Booster,https://www.amazon.com/s?k=Hormone+Booster&i=hpc&s=exact-aware-popularity-rank&ref=sr_st_exact-aware-popularity-rank
Plant-based shake,https://www.amazon.com/s?k=Plant-based+shake&i=hpc&s=exact-aware-popularity-rank&ref=sr_st_exact-aware-popularity-rank
Organic shake,https://www.amazon.com/s?k=Organic+shake&i=hpc&s=exact-aware-popularity-rank&ref=sr_st_exact-aware-popularity-rank
Hydro Whey,https://www.amazon.com/s?k=Hydro+Whey&i=hpc&s=exact-aware-popularity-rank&ref=sr_st_exact-aware-popularity-rank
Thymic Protein,https://www.amazon.com/s?k=Thymic+Protein&i=hpc&s=exact-aware-popularity-rank&ref=sr_st_exact-aware-popularity-rank
Goat Whey,https://www.amazon.com/s?k=Goat+Whey&i=hpc&s=exact-aware-popularity-rank&ref=sr_st_exact-aware-popularity-rank
Grass-Fed Protein,https://www.amazon.com/s?k=Grass-Fed+Protein&i=hpc&s=exact-aware-popularity-rank&ref=sr_st_exact-aware-popularity-rank
Eggwhite Protein,https://www.amazon.com/s?k=Eggwhite+Protein&i=hpc&s=exact-aware-popularity-rank&ref=sr_st_exact-aware-popularity-rank
Organic Chocolate,https://www.amazon.com/s?k=Organic+Chocolate&i=hpc&s=exact-aware-popularity-rank&ref=sr_st_exact-aware-popularity-rank
Textured Soy,https://www.amazon.com/s?k=Textured+Soy&i=hpc&s=exact-aware-popularity-rank&ref=sr_st_exact-aware-popularity-rank
Nutritional shake,https://www.amazon.com/s?k=Nutritional+shake&i=hpc&s=exact-aware-popularity-rank&ref=sr_st_exact-aware-popularity-rank
Chocolate whey,https://www.amazon.com/s?k=Chocolate+whey&i=hpc&s=exact-aware-popularity-rank&ref=sr_st_exact-aware-popularity-rank
Glucomannan Supplement,https://www.amazon.com/s?k=Glucomannan+Supplement&i=hpc&s=exact-aware-popularity-rank&ref=sr_st_exact-aware-popularity-rank
Muscle Protein,https://www.amazon.com/s?k=Muscle+Protein&i=hpc&s=exact-aware-popularity-rank&ref=sr_st_exact-aware-popularity-rank
Alum Powder,https://www.amazon.com/s?k=Alum+Powder&i=hpc&s=exact-aware-popularity-rank&ref=sr_st_exact-aware-popularity-rank
Glowing Skin,https://www.amazon.com/s?k=Glowing+Skin&i=hpc&s=exact-aware-popularity-rank&ref=sr_st_exact-aware-popularity-rank
Amino Collagen,https://www.amazon.com/s?k=Amino+Collagen&i=hpc&s=exact-aware-popularity-rank&ref=sr_st_exact-aware-popularity-rank
Phytoceramides Capsules,https://www.amazon.com/s?k=Phytoceramides+Capsules&i=hpc&s=exact-aware-popularity-rank&ref=sr_st_exact-aware-popularity-rank
Men's Collagen,https://www.amazon.com/s?k=Men's+Collagen&i=hpc&s=exact-aware-popularity-rank&ref=sr_st_exact-aware-popularity-rank
Protein energy,https://www.amazon.com/s?k=Protein+energy&i=hpc&s=exact-aware-popularity-rank&ref=sr_st_exact-aware-popularity-rank
Collagen Drops,https://www.amazon.com/s?k=Collagen+Drops&i=hpc&s=exact-aware-popularity-rank&ref=sr_st_exact-aware-popularity-rank
Collagen Beauty,https://www.amazon.com/s?k=Collagen+Beauty&i=hpc&s=exact-aware-popularity-rank&ref=sr_st_exact-aware-popularity-rank
Collagen Gel,https://www.amazon.com/s?k=Collagen+Gel&i=hpc&s=exact-aware-popularity-rank&ref=sr_st_exact-aware-popularity-rank
Eggshell Membrane,https://www.amazon.com/s?k=Eggshell+Membrane&i=hpc&s=exact-aware-popularity-rank&ref=sr_st_exact-aware-popularity-rank
Protein shots,https://www.amazon.com/s?k=Protein+shots&i=hpc&s=exact-aware-popularity-rank&ref=sr_st_exact-aware-popularity-rank
Ligaments Tendons,https://www.amazon.com/s?k=Ligaments+Tendons&i=hpc&s=exact-aware-popularity-rank&ref=sr_st_exact-aware-popularity-rank
Collagen Replenish,https://www.amazon.com/s?k=Collagen+Replenish&i=hpc&s=exact-aware-popularity-rank&ref=sr_st_exact-aware-popularity-rank
Osteo Collagen,https://www.amazon.com/s?k=Osteo+Collagen&i=hpc&s=exact-aware-popularity-rank&ref=sr_st_exact-aware-popularity-rank
Hair nails,https://www.amazon.com/s?k=Hair+nails&i=hpc&s=exact-aware-popularity-rank&ref=sr_st_exact-aware-popularity-rank
Hydration capsules,https://www.amazon.com/s?k=Hydration+capsules&i=hpc&s=exact-aware-popularity-rank&ref=sr_st_exact-aware-popularity-rank
Undenatured Collagen,https://www.amazon.com/s?k=Undenatured+Collagen&i=hpc&s=exact-aware-popularity-rank&ref=sr_st_exact-aware-popularity-rank
Fat Burning,https://www.amazon.com/s?k=Fat+Burning&i=hpc&s=exact-aware-popularity-rank&ref=sr_st_exact-aware-popularity-rank
Healthy Hair,https://www.amazon.com/s?k=Healthy+Hair&i=hpc&s=exact-aware-popularity-rank&ref=sr_st_exact-aware-popularity-rank
Inner Beauty,https://www.amazon.com/s?k=Inner+Beauty&i=hpc&s=exact-aware-popularity-rank&ref=sr_st_exact-aware-popularity-rank
Probiotic Shake,https://www.amazon.com/s?k=Probiotic+Shake&i=hpc&s=exact-aware-popularity-rank&ref=sr_st_exact-aware-popularity-rank
Chia Protein,https://www.amazon.com/s?k=Chia+Protein&i=hpc&s=exact-aware-popularity-rank&ref=sr_st_exact-aware-popularity-rank
Clean Protein,https://www.amazon.com/s?k=Clean+Protein&i=hpc&s=exact-aware-popularity-rank&ref=sr_st_exact-aware-popularity-rank
Plant-Based Pre-Workout,https://www.amazon.com/s?k=Plant-Based+Pre-Workout&i=hpc&s=exact-aware-popularity-rank&ref=sr_st_exact-aware-popularity-rank
Veggie Protein,https://www.amazon.com/s?k=Veggie+Protein&i=hpc&s=exact-aware-popularity-rank&ref=sr_st_exact-aware-popularity-rank
Hemp powder,https://www.amazon.com/s?k=Hemp+powder&i=hpc&s=exact-aware-popularity-rank&ref=sr_st_exact-aware-popularity-rank
Cravings Support,https://www.amazon.com/s?k=Cravings+Support&i=hpc&s=exact-aware-popularity-rank&ref=sr_st_exact-aware-popularity-rank
Metabolism Gummies,https://www.amazon.com/s?k=Metabolism+Gummies&i=hpc&s=exact-aware-popularity-rank&ref=sr_st_exact-aware-popularity-rank
Sugar blocker,https://www.amazon.com/s?k=Sugar+blocker&i=hpc&s=exact-aware-popularity-rank&ref=sr_st_exact-aware-popularity-rank
Protein shakes,https://www.amazon.com/s?k=Protein+shakes&i=hpc&s=exact-aware-popularity-rank&ref=sr_st_exact-aware-popularity-rank
Metabolic Boost,https://www.amazon.com/s?k=Metabolic+Boost&i=hpc&s=exact-aware-popularity-rank&ref=sr_st_exact-aware-popularity-rank
Protein Bars,https://www.amazon.com/s?k=Protein+Bars&i=hpc&s=exact-aware-popularity-rank&ref=sr_st_exact-aware-popularity-rank
Vegetable Caps,https://www.amazon.com/s?k=Vegetable+Caps&i=hpc&s=exact-aware-popularity-rank&ref=sr_st_exact-aware-popularity-rank
Ranch Chips,https://www.amazon.com/s?k=Ranch+Chips&i=hpc&s=exact-aware-popularity-rank&ref=sr_st_exact-aware-popularity-rank
