Keyword,Links
Brownie Protein,https://www.ebay.com/sch/i.html?_from=R40&_nkw=Brownie+Protein&_sacat=26395&rt=nc&LH_ItemCondition=3&LH_BIN=1&rt=nc&LH_PrefLoc=1
Egg white,https://www.ebay.com/sch/i.html?_from=R40&_nkw=Egg+white&_sacat=26395&rt=nc&LH_ItemCondition=3&LH_BIN=1&rt=nc&LH_PrefLoc=1
Hormone Booster,https://www.ebay.com/sch/i.html?_from=R40&_nkw=Hormone+Booster&_sacat=26395&rt=nc&LH_ItemCondition=3&LH_BIN=1&rt=nc&LH_PrefLoc=1
Plant-based shake,https://www.ebay.com/sch/i.html?_from=R40&_nkw=Plant-based+shake&_sacat=26395&rt=nc&LH_ItemCondition=3&LH_BIN=1&rt=nc&LH_PrefLoc=1
Organic shake,https://www.ebay.com/sch/i.html?_from=R40&_nkw=Organic+shake&_sacat=26395&rt=nc&LH_ItemCondition=3&LH_BIN=1&rt=nc&LH_PrefLoc=1
Hydro Whey,https://www.ebay.com/sch/i.html?_from=R40&_nkw=Hydro+Whey&_sacat=26395&rt=nc&LH_ItemCondition=3&LH_BIN=1&rt=nc&LH_PrefLoc=1
Thymic Protein,https://www.ebay.com/sch/i.html?_from=R40&_nkw=Thymic+Protein&_sacat=26395&rt=nc&LH_ItemCondition=3&LH_BIN=1&rt=nc&LH_PrefLoc=1
Goat Whey,https://www.ebay.com/sch/i.html?_from=R40&_nkw=Goat+Whey&_sacat=26395&rt=nc&LH_ItemCondition=3&LH_BIN=1&rt=nc&LH_PrefLoc=1
Grass-Fed Protein,https://www.ebay.com/sch/i.html?_from=R40&_nkw=Grass-Fed+Protein&_sacat=26395&rt=nc&LH_ItemCondition=3&LH_BIN=1&rt=nc&LH_PrefLoc=1
Eggwhite Protein,https://www.ebay.com/sch/i.html?_from=R40&_nkw=Eggwhite+Protein&_sacat=26395&rt=nc&LH_ItemCondition=3&LH_BIN=1&rt=nc&LH_PrefLoc=1
Organic Chocolate,https://www.ebay.com/sch/i.html?_from=R40&_nkw=Organic+Chocolate&_sacat=26395&rt=nc&LH_ItemCondition=3&LH_BIN=1&rt=nc&LH_PrefLoc=1
Textured Soy,https://www.ebay.com/sch/i.html?_from=R40&_nkw=Textured+Soy&_sacat=26395&rt=nc&LH_ItemCondition=3&LH_BIN=1&rt=nc&LH_PrefLoc=1
Nutritional shake,https://www.ebay.com/sch/i.html?_from=R40&_nkw=Nutritional+shake&_sacat=26395&rt=nc&LH_ItemCondition=3&LH_BIN=1&rt=nc&LH_PrefLoc=1
Chocolate whey,https://www.ebay.com/sch/i.html?_from=R40&_nkw=Chocolate+whey&_sacat=26395&rt=nc&LH_ItemCondition=3&LH_BIN=1&rt=nc&LH_PrefLoc=1
Glucomannan Supplement,https://www.ebay.com/sch/i.html?_from=R40&_nkw=Glucomannan+Supplement&_sacat=26395&rt=nc&LH_ItemCondition=3&LH_BIN=1&rt=nc&LH_PrefLoc=1
Muscle Protein,https://www.ebay.com/sch/i.html?_from=R40&_nkw=Muscle+Protein&_sacat=26395&rt=nc&LH_ItemCondition=3&LH_BIN=1&rt=nc&LH_PrefLoc=1
Alum Powder,https://www.ebay.com/sch/i.html?_from=R40&_nkw=Alum+Powder&_sacat=26395&rt=nc&LH_ItemCondition=3&LH_BIN=1&rt=nc&LH_PrefLoc=1
Glowing Skin,https://www.ebay.com/sch/i.html?_from=R40&_nkw=Glowing+Skin&_sacat=26395&rt=nc&LH_ItemCondition=3&LH_BIN=1&rt=nc&LH_PrefLoc=1
Amino Collagen,https://www.ebay.com/sch/i.html?_from=R40&_nkw=Amino+Collagen&_sacat=26395&rt=nc&LH_ItemCondition=3&LH_BIN=1&rt=nc&LH_PrefLoc=1
Phytoceramides Capsules,https://www.ebay.com/sch/i.html?_from=R40&_nkw=Phytoceramides+Capsules&_sacat=26395&rt=nc&LH_ItemCondition=3&LH_BIN=1&rt=nc&LH_PrefLoc=1
Men's Collagen,https://www.ebay.com/sch/i.html?_from=R40&_nkw=Men's+Collagen&_sacat=26395&rt=nc&LH_ItemCondition=3&LH_BIN=1&rt=nc&LH_PrefLoc=1
Protein energy,https://www.ebay.com/sch/i.html?_from=R40&_nkw=Protein+energy&_sacat=26395&rt=nc&LH_ItemCondition=3&LH_BIN=1&rt=nc&LH_PrefLoc=1
Collagen Drops,https://www.ebay.com/sch/i.html?_from=R40&_nkw=Collagen+Drops&_sacat=26395&rt=nc&LH_ItemCondition=3&LH_BIN=1&rt=nc&LH_PrefLoc=1
Collagen Beauty,https://www.ebay.com/sch/i.html?_from=R40&_nkw=Collagen+Beauty&_sacat=26395&rt=nc&LH_ItemCondition=3&LH_BIN=1&rt=nc&LH_PrefLoc=1
Collagen Gel,https://www.ebay.com/sch/i.html?_from=R40&_nkw=Collagen+Gel&_sacat=26395&rt=nc&LH_ItemCondition=3&LH_BIN=1&rt=nc&LH_PrefLoc=1
Eggshell Membrane,https://www.ebay.com/sch/i.html?_from=R40&_nkw=Eggshell+Membrane&_sacat=26395&rt=nc&LH_ItemCondition=3&LH_BIN=1&rt=nc&LH_PrefLoc=1
Protein shots,https://www.ebay.com/sch/i.html?_from=R40&_nkw=Protein+shots&_sacat=26395&rt=nc&LH_ItemCondition=3&LH_BIN=1&rt=nc&LH_PrefLoc=1
Ligaments Tendons,https://www.ebay.com/sch/i.html?_from=R40&_nkw=Ligaments+Tendons&_sacat=26395&rt=nc&LH_ItemCondition=3&LH_BIN=1&rt=nc&LH_PrefLoc=1
Collagen Replenish,https://www.ebay.com/sch/i.html?_from=R40&_nkw=Collagen+Replenish&_sacat=26395&rt=nc&LH_ItemCondition=3&LH_BIN=1&rt=nc&LH_PrefLoc=1
Osteo Collagen,https://www.ebay.com/sch/i.html?_from=R40&_nkw=Osteo+Collagen&_sacat=26395&rt=nc&LH_ItemCondition=3&LH_BIN=1&rt=nc&LH_PrefLoc=1
Hair nails,https://www.ebay.com/sch/i.html?_from=R40&_nkw=Hair+nails&_sacat=26395&rt=nc&LH_ItemCondition=3&LH_BIN=1&rt=nc&LH_PrefLoc=1
Hydration capsules,https://www.ebay.com/sch/i.html?_from=R40&_nkw=Hydration+capsules&_sacat=26395&rt=nc&LH_ItemCondition=3&LH_BIN=1&rt=nc&LH_PrefLoc=1
Undenatured Collagen,https://www.ebay.com/sch/i.html?_from=R40&_nkw=Undenatured+Collagen&_sacat=26395&rt=nc&LH_ItemCondition=3&LH_BIN=1&rt=nc&LH_PrefLoc=1
Fat Burning,https://www.ebay.com/sch/i.html?_from=R40&_nkw=Fat+Burning&_sacat=26395&rt=nc&LH_ItemCondition=3&LH_BIN=1&rt=nc&LH_PrefLoc=1
Healthy Hair,https://www.ebay.com/sch/i.html?_from=R40&_nkw=Healthy+Hair&_sacat=26395&rt=nc&LH_ItemCondition=3&LH_BIN=1&rt=nc&LH_PrefLoc=1
Inner Beauty,https://www.ebay.com/sch/i.html?_from=R40&_nkw=Inner+Beauty&_sacat=26395&rt=nc&LH_ItemCondition=3&LH_BIN=1&rt=nc&LH_PrefLoc=1
Probiotic Shake,https://www.ebay.com/sch/i.html?_from=R40&_nkw=Probiotic+Shake&_sacat=26395&rt=nc&LH_ItemCondition=3&LH_BIN=1&rt=nc&LH_PrefLoc=1
Chia Protein,https://www.ebay.com/sch/i.html?_from=R40&_nkw=Chia+Protein&_sacat=26395&rt=nc&LH_ItemCondition=3&LH_BIN=1&rt=nc&LH_PrefLoc=1
Clean Protein,https://www.ebay.com/sch/i.html?_from=R40&_nkw=Clean+Protein&_sacat=26395&rt=nc&LH_ItemCondition=3&LH_BIN=1&rt=nc&LH_PrefLoc=1
Plant-Based Pre-Workout,https://www.ebay.com/sch/i.html?_from=R40&_nkw=Plant-Based+Pre-Workout&_sacat=26395&rt=nc&LH_ItemCondition=3&LH_BIN=1&rt=nc&LH_PrefLoc=1
Veggie Protein,https://www.ebay.com/sch/i.html?_from=R40&_nkw=Veggie+Protein&_sacat=26395&rt=nc&LH_ItemCondition=3&LH_BIN=1&rt=nc&LH_PrefLoc=1
Hemp powder,https://www.ebay.com/sch/i.html?_from=R40&_nkw=Hemp+powder&_sacat=26395&rt=nc&LH_ItemCondition=3&LH_BIN=1&rt=nc&LH_PrefLoc=1
Cravings Support,https://www.ebay.com/sch/i.html?_from=R40&_nkw=Cravings+Support&_sacat=26395&rt=nc&LH_ItemCondition=3&LH_BIN=1&rt=nc&LH_PrefLoc=1
Metabolism Gummies,https://www.ebay.com/sch/i.html?_from=R40&_nkw=Metabolism+Gummies&_sacat=26395&rt=nc&LH_ItemCondition=3&LH_BIN=1&rt=nc&LH_PrefLoc=1
Sugar blocker,https://www.ebay.com/sch/i.html?_from=R40&_nkw=Sugar+blocker&_sacat=26395&rt=nc&LH_ItemCondition=3&LH_BIN=1&rt=nc&LH_PrefLoc=1
Protein shakes,https://www.ebay.com/sch/i.html?_from=R40&_nkw=Protein+shakes&_sacat=26395&rt=nc&LH_ItemCondition=3&LH_BIN=1&rt=nc&LH_PrefLoc=1
Metabolic Boost,https://www.ebay.com/sch/i.html?_from=R40&_nkw=Metabolic+Boost&_sacat=26395&rt=nc&LH_ItemCondition=3&LH_BIN=1&rt=nc&LH_PrefLoc=1
Protein Bars,https://www.ebay.com/sch/i.html?_from=R40&_nkw=Protein+Bars&_sacat=26395&rt=nc&LH_ItemCondition=3&LH_BIN=1&rt=nc&LH_PrefLoc=1
Vegetable Caps,https://www.ebay.com/sch/i.html?_from=R40&_nkw=Vegetable+Caps&_sacat=26395&rt=nc&LH_ItemCondition=3&LH_BIN=1&rt=nc&LH_PrefLoc=1
Ranch Chips,https://www.ebay.com/sch/i.html?_from=R40&_nkw=Ranch+Chips&_sacat=26395&rt=nc&LH_ItemCondition=3&LH_BIN=1&rt=nc&LH_PrefLoc=1
