Keyword,Links
Choline Capsules,https://www.amazon.com/s?k=Choline+Capsules&i=hpc&s=exact-aware-popularity-rank&ref=sr_st_exact-aware-popularity-rank
Nootropic powder,https://www.amazon.com/s?k=Nootropic+powder&i=hpc&s=exact-aware-popularity-rank&ref=sr_st_exact-aware-popularity-rank
Oat Straw,https://www.amazon.com/s?k=Oat+Straw&i=hpc&s=exact-aware-popularity-rank&ref=sr_st_exact-aware-popularity-rank
Phospholipid Complex,https://www.amazon.com/s?k=Phospholipid+Complex&i=hpc&s=exact-aware-popularity-rank&ref=sr_st_exact-aware-popularity-rank
Magnesium L-Threonate,https://www.amazon.com/s?k=Magnesium+L-Threonate&i=hpc&s=exact-aware-popularity-rank&ref=sr_st_exact-aware-popularity-rank
Ginkgo Extract,https://www.amazon.com/s?k=Ginkgo+Extract&i=hpc&s=exact-aware-popularity-rank&ref=sr_st_exact-aware-popularity-rank
B-Complex Energy,https://www.amazon.com/s?k=B-Complex+Energy&i=hpc&s=exact-aware-popularity-rank&ref=sr_st_exact-aware-popularity-rank
Shilajit Pills,https://www.amazon.com/s?k=Shilajit+Pills&i=hpc&s=exact-aware-popularity-rank&ref=sr_st_exact-aware-popularity-rank
Broccoli Sprout,https://www.amazon.com/s?k=Broccoli+Sprout&i=hpc&s=exact-aware-popularity-rank&ref=sr_st_exact-aware-popularity-rank
St Johns Wort,https://www.amazon.com/s?k=St+Johns+Wort&i=hpc&s=exact-aware-popularity-rank&ref=sr_st_exact-aware-popularity-rank
Sage Capsules,https://www.amazon.com/s?k=Sage+Capsules&i=hpc&s=exact-aware-popularity-rank&ref=sr_st_exact-aware-popularity-rank
Green Tea Extract,https://www.amazon.com/s?k=Green+Tea+Extract&i=hpc&s=exact-aware-popularity-rank&ref=sr_st_exact-aware-popularity-rank
Vascular Support,https://www.amazon.com/s?k=Vascular+Support&i=hpc&s=exact-aware-popularity-rank&ref=sr_st_exact-aware-popularity-rank
DHA support,https://www.amazon.com/s?k=DHA+support&i=hpc&s=exact-aware-popularity-rank&ref=sr_st_exact-aware-popularity-rank
B-Complex Vegan,https://www.amazon.com/s?k=B-Complex+Vegan&i=hpc&s=exact-aware-popularity-rank&ref=sr_st_exact-aware-popularity-rank
Detox Nootropic,https://www.amazon.com/s?k=Detox+Nootropic&i=hpc&s=exact-aware-popularity-rank&ref=sr_st_exact-aware-popularity-rank
Eye health,https://www.amazon.com/s?k=Eye+health&i=hpc&s=exact-aware-popularity-rank&ref=sr_st_exact-aware-popularity-rank
Acetyl L-Carnitine,https://www.amazon.com/s?k=Acetyl+L-Carnitine&i=hpc&s=exact-aware-popularity-rank&ref=sr_st_exact-aware-popularity-rank
Butterbur supplement,https://www.amazon.com/s?k=Butterbur+supplement&i=hpc&s=exact-aware-popularity-rank&ref=sr_st_exact-aware-popularity-rank
Attention support,https://www.amazon.com/s?k=Attention+support&i=hpc&s=exact-aware-popularity-rank&ref=sr_st_exact-aware-popularity-rank
Memory Boost,https://www.amazon.com/s?k=Memory+Boost&i=hpc&s=exact-aware-popularity-rank&ref=sr_st_exact-aware-popularity-rank
Caffeine Gum,https://www.amazon.com/s?k=Caffeine+Gum&i=hpc&s=exact-aware-popularity-rank&ref=sr_st_exact-aware-popularity-rank
Taurine Capsules,https://www.amazon.com/s?k=Taurine+Capsules&i=hpc&s=exact-aware-popularity-rank&ref=sr_st_exact-aware-popularity-rank
Brain powder,https://www.amazon.com/s?k=Brain+powder&i=hpc&s=exact-aware-popularity-rank&ref=sr_st_exact-aware-popularity-rank
Neuro support,https://www.amazon.com/s?k=Neuro+support&i=hpc&s=exact-aware-popularity-rank&ref=sr_st_exact-aware-popularity-rank
Cognition Capsules,https://www.amazon.com/s?k=Cognition+Capsules&i=hpc&s=exact-aware-popularity-rank&ref=sr_st_exact-aware-popularity-rank
Think Drink,https://www.amazon.com/s?k=Think+Drink&i=hpc&s=exact-aware-popularity-rank&ref=sr_st_exact-aware-popularity-rank
Fish Eggs,https://www.amazon.com/s?k=Fish+Eggs&i=hpc&s=exact-aware-popularity-rank&ref=sr_st_exact-aware-popularity-rank
L-Carnosine Supplement,https://www.amazon.com/s?k=L-Carnosine+Supplement&i=hpc&s=exact-aware-popularity-rank&ref=sr_st_exact-aware-popularity-rank
Mushroom Supplements,https://www.amazon.com/s?k=Mushroom+Supplements&i=hpc&s=exact-aware-popularity-rank&ref=sr_st_exact-aware-popularity-rank
Brain Power,https://www.amazon.com/s?k=Brain+Power&i=hpc&s=exact-aware-popularity-rank&ref=sr_st_exact-aware-popularity-rank
Brain Optimization,https://www.amazon.com/s?k=Brain+Optimization&i=hpc&s=exact-aware-popularity-rank&ref=sr_st_exact-aware-popularity-rank
Resveratrol Complex,https://www.amazon.com/s?k=Resveratrol+Complex&i=hpc&s=exact-aware-popularity-rank&ref=sr_st_exact-aware-popularity-rank
Brain Antioxidants,https://www.amazon.com/s?k=Brain+Antioxidants&i=hpc&s=exact-aware-popularity-rank&ref=sr_st_exact-aware-popularity-rank
Brain Regain,https://www.amazon.com/s?k=Brain+Regain&i=hpc&s=exact-aware-popularity-rank&ref=sr_st_exact-aware-popularity-rank
Red Reishi,https://www.amazon.com/s?k=Red+Reishi&i=hpc&s=exact-aware-popularity-rank&ref=sr_st_exact-aware-popularity-rank
Butterbur support,https://www.amazon.com/s?k=Butterbur+support&i=hpc&s=exact-aware-popularity-rank&ref=sr_st_exact-aware-popularity-rank
Healthy aging,https://www.amazon.com/s?k=Healthy+aging&i=hpc&s=exact-aware-popularity-rank&ref=sr_st_exact-aware-popularity-rank
Pregnenolone supplement,https://www.amazon.com/s?k=Pregnenolone+supplement&i=hpc&s=exact-aware-popularity-rank&ref=sr_st_exact-aware-popularity-rank
Phosphatidyl Serine,https://www.amazon.com/s?k=Phosphatidyl+Serine&i=hpc&s=exact-aware-popularity-rank&ref=sr_st_exact-aware-popularity-rank
Nootropic Pouches,https://www.amazon.com/s?k=Nootropic+Pouches&i=hpc&s=exact-aware-popularity-rank&ref=sr_st_exact-aware-popularity-rank
Liposomal Trigonelline,https://www.amazon.com/s?k=Liposomal+Trigonelline&i=hpc&s=exact-aware-popularity-rank&ref=sr_st_exact-aware-popularity-rank
Methylcobalamin tablets,https://www.amazon.com/s?k=Methylcobalamin+tablets&i=hpc&s=exact-aware-popularity-rank&ref=sr_st_exact-aware-popularity-rank
Nootropic formula,https://www.amazon.com/s?k=Nootropic+formula&i=hpc&s=exact-aware-popularity-rank&ref=sr_st_exact-aware-popularity-rank
L-Tyrosine,https://www.amazon.com/s?k=L-Tyrosine&i=hpc&s=exact-aware-popularity-rank&ref=sr_st_exact-aware-popularity-rank
Immune Powder,https://www.amazon.com/s?k=Immune+Powder&i=hpc&s=exact-aware-popularity-rank&ref=sr_st_exact-aware-popularity-rank
Bacopa Powder,https://www.amazon.com/s?k=Bacopa+Powder&i=hpc&s=exact-aware-popularity-rank&ref=sr_st_exact-aware-popularity-rank
Intraoral Spray,https://www.amazon.com/s?k=Intraoral+Spray&i=hpc&s=exact-aware-popularity-rank&ref=sr_st_exact-aware-popularity-rank
Betaine Capsules,https://www.amazon.com/s?k=Betaine+Capsules&i=hpc&s=exact-aware-popularity-rank&ref=sr_st_exact-aware-popularity-rank
Neuro Greens,https://www.amazon.com/s?k=Neuro+Greens&i=hpc&s=exact-aware-popularity-rank&ref=sr_st_exact-aware-popularity-rank
