Keyword,Links
Choline Capsules,https://www.ebay.com/sch/i.html?_from=R40&_nkw=Choline+Capsules&_sacat=26395&rt=nc&LH_ItemCondition=3&LH_BIN=1&rt=nc&LH_PrefLoc=1
Nootropic powder,https://www.ebay.com/sch/i.html?_from=R40&_nkw=Nootropic+powder&_sacat=26395&rt=nc&LH_ItemCondition=3&LH_BIN=1&rt=nc&LH_PrefLoc=1
Oat Straw,https://www.ebay.com/sch/i.html?_from=R40&_nkw=Oat+Straw&_sacat=26395&rt=nc&LH_ItemCondition=3&LH_BIN=1&rt=nc&LH_PrefLoc=1
Phospholipid Complex,https://www.ebay.com/sch/i.html?_from=R40&_nkw=Phospholipid+Complex&_sacat=26395&rt=nc&LH_ItemCondition=3&LH_BIN=1&rt=nc&LH_PrefLoc=1
Magnesium L-Threonate,https://www.ebay.com/sch/i.html?_from=R40&_nkw=Magnesium+L-Threonate&_sacat=26395&rt=nc&LH_ItemCondition=3&LH_BIN=1&rt=nc&LH_PrefLoc=1
Ginkgo Extract,https://www.ebay.com/sch/i.html?_from=R40&_nkw=Ginkgo+Extract&_sacat=26395&rt=nc&LH_ItemCondition=3&LH_BIN=1&rt=nc&LH_PrefLoc=1
B-Complex Energy,https://www.ebay.com/sch/i.html?_from=R40&_nkw=B-Complex+Energy&_sacat=26395&rt=nc&LH_ItemCondition=3&LH_BIN=1&rt=nc&LH_PrefLoc=1
Shilajit Pills,https://www.ebay.com/sch/i.html?_from=R40&_nkw=Shilajit+Pills&_sacat=26395&rt=nc&LH_ItemCondition=3&LH_BIN=1&rt=nc&LH_PrefLoc=1
Broccoli Sprout,https://www.ebay.com/sch/i.html?_from=R40&_nkw=Broccoli+Sprout&_sacat=26395&rt=nc&LH_ItemCondition=3&LH_BIN=1&rt=nc&LH_PrefLoc=1
St Johns Wort,https://www.ebay.com/sch/i.html?_from=R40&_nkw=St+Johns+Wort&_sacat=26395&rt=nc&LH_ItemCondition=3&LH_BIN=1&rt=nc&LH_PrefLoc=1
Sage Capsules,https://www.ebay.com/sch/i.html?_from=R40&_nkw=Sage+Capsules&_sacat=26395&rt=nc&LH_ItemCondition=3&LH_BIN=1&rt=nc&LH_PrefLoc=1
Green Tea Extract,https://www.ebay.com/sch/i.html?_from=R40&_nkw=Green+Tea+Extract&_sacat=26395&rt=nc&LH_ItemCondition=3&LH_BIN=1&rt=nc&LH_PrefLoc=1
Vascular Support,https://www.ebay.com/sch/i.html?_from=R40&_nkw=Vascular+Support&_sacat=26395&rt=nc&LH_ItemCondition=3&LH_BIN=1&rt=nc&LH_PrefLoc=1
DHA support,https://www.ebay.com/sch/i.html?_from=R40&_nkw=DHA+support&_sacat=26395&rt=nc&LH_ItemCondition=3&LH_BIN=1&rt=nc&LH_PrefLoc=1
B-Complex Vegan,https://www.ebay.com/sch/i.html?_from=R40&_nkw=B-Complex+Vegan&_sacat=26395&rt=nc&LH_ItemCondition=3&LH_BIN=1&rt=nc&LH_PrefLoc=1
Detox Nootropic,https://www.ebay.com/sch/i.html?_from=R40&_nkw=Detox+Nootropic&_sacat=26395&rt=nc&LH_ItemCondition=3&LH_BIN=1&rt=nc&LH_PrefLoc=1
Eye health,https://www.ebay.com/sch/i.html?_from=R40&_nkw=Eye+health&_sacat=26395&rt=nc&LH_ItemCondition=3&LH_BIN=1&rt=nc&LH_PrefLoc=1
Acetyl L-Carnitine,https://www.ebay.com/sch/i.html?_from=R40&_nkw=Acetyl+L-Carnitine&_sacat=26395&rt=nc&LH_ItemCondition=3&LH_BIN=1&rt=nc&LH_PrefLoc=1
Butterbur supplement,https://www.ebay.com/sch/i.html?_from=R40&_nkw=Butterbur+supplement&_sacat=26395&rt=nc&LH_ItemCondition=3&LH_BIN=1&rt=nc&LH_PrefLoc=1
Attention support,https://www.ebay.com/sch/i.html?_from=R40&_nkw=Attention+support&_sacat=26395&rt=nc&LH_ItemCondition=3&LH_BIN=1&rt=nc&LH_PrefLoc=1
Memory Boost,https://www.ebay.com/sch/i.html?_from=R40&_nkw=Memory+Boost&_sacat=26395&rt=nc&LH_ItemCondition=3&LH_BIN=1&rt=nc&LH_PrefLoc=1
Caffeine Gum,https://www.ebay.com/sch/i.html?_from=R40&_nkw=Caffeine+Gum&_sacat=26395&rt=nc&LH_ItemCondition=3&LH_BIN=1&rt=nc&LH_PrefLoc=1
Taurine Capsules,https://www.ebay.com/sch/i.html?_from=R40&_nkw=Taurine+Capsules&_sacat=26395&rt=nc&LH_ItemCondition=3&LH_BIN=1&rt=nc&LH_PrefLoc=1
Brain powder,https://www.ebay.com/sch/i.html?_from=R40&_nkw=Brain+powder&_sacat=26395&rt=nc&LH_ItemCondition=3&LH_BIN=1&rt=nc&LH_PrefLoc=1
Neuro support,https://www.ebay.com/sch/i.html?_from=R40&_nkw=Neuro+support&_sacat=26395&rt=nc&LH_ItemCondition=3&LH_BIN=1&rt=nc&LH_PrefLoc=1
Cognition Capsules,https://www.ebay.com/sch/i.html?_from=R40&_nkw=Cognition+Capsules&_sacat=26395&rt=nc&LH_ItemCondition=3&LH_BIN=1&rt=nc&LH_PrefLoc=1
Think Drink,https://www.ebay.com/sch/i.html?_from=R40&_nkw=Think+Drink&_sacat=26395&rt=nc&LH_ItemCondition=3&LH_BIN=1&rt=nc&LH_PrefLoc=1
Fish Eggs,https://www.ebay.com/sch/i.html?_from=R40&_nkw=Fish+Eggs&_sacat=26395&rt=nc&LH_ItemCondition=3&LH_BIN=1&rt=nc&LH_PrefLoc=1
L-Carnosine Supplement,https://www.ebay.com/sch/i.html?_from=R40&_nkw=L-Carnosine+Supplement&_sacat=26395&rt=nc&LH_ItemCondition=3&LH_BIN=1&rt=nc&LH_PrefLoc=1
Mushroom Supplements,https://www.ebay.com/sch/i.html?_from=R40&_nkw=Mushroom+Supplements&_sacat=26395&rt=nc&LH_ItemCondition=3&LH_BIN=1&rt=nc&LH_PrefLoc=1
Brain Power,https://www.ebay.com/sch/i.html?_from=R40&_nkw=Brain+Power&_sacat=26395&rt=nc&LH_ItemCondition=3&LH_BIN=1&rt=nc&LH_PrefLoc=1
Brain Optimization,https://www.ebay.com/sch/i.html?_from=R40&_nkw=Brain+Optimization&_sacat=26395&rt=nc&LH_ItemCondition=3&LH_BIN=1&rt=nc&LH_PrefLoc=1
Resveratrol Complex,https://www.ebay.com/sch/i.html?_from=R40&_nkw=Resveratrol+Complex&_sacat=26395&rt=nc&LH_ItemCondition=3&LH_BIN=1&rt=nc&LH_PrefLoc=1
Brain Antioxidants,https://www.ebay.com/sch/i.html?_from=R40&_nkw=Brain+Antioxidants&_sacat=26395&rt=nc&LH_ItemCondition=3&LH_BIN=1&rt=nc&LH_PrefLoc=1
Brain Regain,https://www.ebay.com/sch/i.html?_from=R40&_nkw=Brain+Regain&_sacat=26395&rt=nc&LH_ItemCondition=3&LH_BIN=1&rt=nc&LH_PrefLoc=1
Red Reishi,https://www.ebay.com/sch/i.html?_from=R40&_nkw=Red+Reishi&_sacat=26395&rt=nc&LH_ItemCondition=3&LH_BIN=1&rt=nc&LH_PrefLoc=1
Butterbur support,https://www.ebay.com/sch/i.html?_from=R40&_nkw=Butterbur+support&_sacat=26395&rt=nc&LH_ItemCondition=3&LH_BIN=1&rt=nc&LH_PrefLoc=1
Healthy aging,https://www.ebay.com/sch/i.html?_from=R40&_nkw=Healthy+aging&_sacat=26395&rt=nc&LH_ItemCondition=3&LH_BIN=1&rt=nc&LH_PrefLoc=1
Pregnenolone supplement,https://www.ebay.com/sch/i.html?_from=R40&_nkw=Pregnenolone+supplement&_sacat=26395&rt=nc&LH_ItemCondition=3&LH_BIN=1&rt=nc&LH_PrefLoc=1
Phosphatidyl Serine,https://www.ebay.com/sch/i.html?_from=R40&_nkw=Phosphatidyl+Serine&_sacat=26395&rt=nc&LH_ItemCondition=3&LH_BIN=1&rt=nc&LH_PrefLoc=1
Nootropic Pouches,https://www.ebay.com/sch/i.html?_from=R40&_nkw=Nootropic+Pouches&_sacat=26395&rt=nc&LH_ItemCondition=3&LH_BIN=1&rt=nc&LH_PrefLoc=1
Liposomal Trigonelline,https://www.ebay.com/sch/i.html?_from=R40&_nkw=Liposomal+Trigonelline&_sacat=26395&rt=nc&LH_ItemCondition=3&LH_BIN=1&rt=nc&LH_PrefLoc=1
Methylcobalamin tablets,https://www.ebay.com/sch/i.html?_from=R40&_nkw=Methylcobalamin+tablets&_sacat=26395&rt=nc&LH_ItemCondition=3&LH_BIN=1&rt=nc&LH_PrefLoc=1
Nootropic formula,https://www.ebay.com/sch/i.html?_from=R40&_nkw=Nootropic+formula&_sacat=26395&rt=nc&LH_ItemCondition=3&LH_BIN=1&rt=nc&LH_PrefLoc=1
L-Tyrosine,https://www.ebay.com/sch/i.html?_from=R40&_nkw=L-Tyrosine&_sacat=26395&rt=nc&LH_ItemCondition=3&LH_BIN=1&rt=nc&LH_PrefLoc=1
Immune Powder,https://www.ebay.com/sch/i.html?_from=R40&_nkw=Immune+Powder&_sacat=26395&rt=nc&LH_ItemCondition=3&LH_BIN=1&rt=nc&LH_PrefLoc=1
Bacopa Powder,https://www.ebay.com/sch/i.html?_from=R40&_nkw=Bacopa+Powder&_sacat=26395&rt=nc&LH_ItemCondition=3&LH_BIN=1&rt=nc&LH_PrefLoc=1
Intraoral Spray,https://www.ebay.com/sch/i.html?_from=R40&_nkw=Intraoral+Spray&_sacat=26395&rt=nc&LH_ItemCondition=3&LH_BIN=1&rt=nc&LH_PrefLoc=1
Betaine Capsules,https://www.ebay.com/sch/i.html?_from=R40&_nkw=Betaine+Capsules&_sacat=26395&rt=nc&LH_ItemCondition=3&LH_BIN=1&rt=nc&LH_PrefLoc=1
Neuro Greens,https://www.ebay.com/sch/i.html?_from=R40&_nkw=Neuro+Greens&_sacat=26395&rt=nc&LH_ItemCondition=3&LH_BIN=1&rt=nc&LH_PrefLoc=1
