Keyword,Links
Repairing Cream,https://www.ebay.com/sch/i.html?_from=R40&_nkw=Repairing+Cream&_sacat=26395&rt=nc&LH_ItemCondition=3&LH_BIN=1&rt=nc&LH_PrefLoc=1
Sunscreen Spray,https://www.ebay.com/sch/i.html?_from=R40&_nkw=Sunscreen+Spray&_sacat=26395&rt=nc&LH_ItemCondition=3&LH_BIN=1&rt=nc&LH_PrefLoc=1
Acne Serum,https://www.ebay.com/sch/i.html?_from=R40&_nkw=Acne+Serum&_sacat=26395&rt=nc&LH_ItemCondition=3&LH_BIN=1&rt=nc&LH_PrefLoc=1
Miracle Oil,https://www.ebay.com/sch/i.html?_from=R40&_nkw=Miracle+Oil&_sacat=26395&rt=nc&LH_ItemCondition=3&LH_BIN=1&rt=nc&LH_PrefLoc=1
Wound Care,https://www.ebay.com/sch/i.html?_from=R40&_nkw=Wound+Care&_sacat=26395&rt=nc&LH_ItemCondition=3&LH_BIN=1&rt=nc&LH_PrefLoc=1
Facial Powder,https://www.ebay.com/sch/i.html?_from=R40&_nkw=Facial+Powder&_sacat=26395&rt=nc&LH_ItemCondition=3&LH_BIN=1&rt=nc&LH_PrefLoc=1
Dragons Blood Kit,https://www.ebay.com/sch/i.html?_from=R40&_nkw=Dragons+Blood+Kit&_sacat=26395&rt=nc&LH_ItemCondition=3&LH_BIN=1&rt=nc&LH_PrefLoc=1
Day Routine,https://www.ebay.com/sch/i.html?_from=R40&_nkw=Day+Routine&_sacat=26395&rt=nc&LH_ItemCondition=3&LH_BIN=1&rt=nc&LH_PrefLoc=1
Green Apple Exfoliant,https://www.ebay.com/sch/i.html?_from=R40&_nkw=Green+Apple+Exfoliant&_sacat=26395&rt=nc&LH_ItemCondition=3&LH_BIN=1&rt=nc&LH_PrefLoc=1
Pore cleaner,https://www.ebay.com/sch/i.html?_from=R40&_nkw=Pore+cleaner&_sacat=26395&rt=nc&LH_ItemCondition=3&LH_BIN=1&rt=nc&LH_PrefLoc=1
Vitamin C Cream,https://www.ebay.com/sch/i.html?_from=R40&_nkw=Vitamin+C+Cream&_sacat=26395&rt=nc&LH_ItemCondition=3&LH_BIN=1&rt=nc&LH_PrefLoc=1
Microcurrent Serum,https://www.ebay.com/sch/i.html?_from=R40&_nkw=Microcurrent+Serum&_sacat=26395&rt=nc&LH_ItemCondition=3&LH_BIN=1&rt=nc&LH_PrefLoc=1
Purifying Mask,https://www.ebay.com/sch/i.html?_from=R40&_nkw=Purifying+Mask&_sacat=26395&rt=nc&LH_ItemCondition=3&LH_BIN=1&rt=nc&LH_PrefLoc=1
Facial Sunscreen,https://www.ebay.com/sch/i.html?_from=R40&_nkw=Facial+Sunscreen&_sacat=26395&rt=nc&LH_ItemCondition=3&LH_BIN=1&rt=nc&LH_PrefLoc=1
Anti-Aging Serum,https://www.ebay.com/sch/i.html?_from=R40&_nkw=Anti-Aging+Serum&_sacat=26395&rt=nc&LH_ItemCondition=3&LH_BIN=1&rt=nc&LH_PrefLoc=1
Age Defy Moisturizer,https://www.ebay.com/sch/i.html?_from=R40&_nkw=Age+Defy+Moisturizer&_sacat=26395&rt=nc&LH_ItemCondition=3&LH_BIN=1&rt=nc&LH_PrefLoc=1
Cleansing Balm,https://www.ebay.com/sch/i.html?_from=R40&_nkw=Cleansing+Balm&_sacat=26395&rt=nc&LH_ItemCondition=3&LH_BIN=1&rt=nc&LH_PrefLoc=1
Bright Radiant,https://www.ebay.com/sch/i.html?_from=R40&_nkw=Bright+Radiant&_sacat=26395&rt=nc&LH_ItemCondition=3&LH_BIN=1&rt=nc&LH_PrefLoc=1
Face Cream,https://www.ebay.com/sch/i.html?_from=R40&_nkw=Face+Cream&_sacat=26395&rt=nc&LH_ItemCondition=3&LH_BIN=1&rt=nc&LH_PrefLoc=1
Facial Cleansing,https://www.ebay.com/sch/i.html?_from=R40&_nkw=Facial+Cleansing&_sacat=26395&rt=nc&LH_ItemCondition=3&LH_BIN=1&rt=nc&LH_PrefLoc=1
Cleansing Duo,https://www.ebay.com/sch/i.html?_from=R40&_nkw=Cleansing+Duo&_sacat=26395&rt=nc&LH_ItemCondition=3&LH_BIN=1&rt=nc&LH_PrefLoc=1
Soothing Cream,https://www.ebay.com/sch/i.html?_from=R40&_nkw=Soothing+Cream&_sacat=26395&rt=nc&LH_ItemCondition=3&LH_BIN=1&rt=nc&LH_PrefLoc=1
Facial Device,https://www.ebay.com/sch/i.html?_from=R40&_nkw=Facial+Device&_sacat=26395&rt=nc&LH_ItemCondition=3&LH_BIN=1&rt=nc&LH_PrefLoc=1
Eyelid serum,https://www.ebay.com/sch/i.html?_from=R40&_nkw=Eyelid+serum&_sacat=26395&rt=nc&LH_ItemCondition=3&LH_BIN=1&rt=nc&LH_PrefLoc=1
Lip complex,https://www.ebay.com/sch/i.html?_from=R40&_nkw=Lip+complex&_sacat=26395&rt=nc&LH_ItemCondition=3&LH_BIN=1&rt=nc&LH_PrefLoc=1
Moisturizing Sunscreen,https://www.ebay.com/sch/i.html?_from=R40&_nkw=Moisturizing+Sunscreen&_sacat=26395&rt=nc&LH_ItemCondition=3&LH_BIN=1&rt=nc&LH_PrefLoc=1
Hydrating Gel,https://www.ebay.com/sch/i.html?_from=R40&_nkw=Hydrating+Gel&_sacat=26395&rt=nc&LH_ItemCondition=3&LH_BIN=1&rt=nc&LH_PrefLoc=1
Renewal Set,https://www.ebay.com/sch/i.html?_from=R40&_nkw=Renewal+Set&_sacat=26395&rt=nc&LH_ItemCondition=3&LH_BIN=1&rt=nc&LH_PrefLoc=1
Cica relief,https://www.ebay.com/sch/i.html?_from=R40&_nkw=Cica+relief&_sacat=26395&rt=nc&LH_ItemCondition=3&LH_BIN=1&rt=nc&LH_PrefLoc=1
Night cream,https://www.ebay.com/sch/i.html?_from=R40&_nkw=Night+cream&_sacat=26395&rt=nc&LH_ItemCondition=3&LH_BIN=1&rt=nc&LH_PrefLoc=1
Exfoliating Scrub,https://www.ebay.com/sch/i.html?_from=R40&_nkw=Exfoliating+Scrub&_sacat=26395&rt=nc&LH_ItemCondition=3&LH_BIN=1&rt=nc&LH_PrefLoc=1
Glow Lip Balm,https://www.ebay.com/sch/i.html?_from=R40&_nkw=Glow+Lip+Balm&_sacat=26395&rt=nc&LH_ItemCondition=3&LH_BIN=1&rt=nc&LH_PrefLoc=1
Glycolic Cleanser,https://www.ebay.com/sch/i.html?_from=R40&_nkw=Glycolic+Cleanser&_sacat=26395&rt=nc&LH_ItemCondition=3&LH_BIN=1&rt=nc&LH_PrefLoc=1
Firming Eye,https://www.ebay.com/sch/i.html?_from=R40&_nkw=Firming+Eye&_sacat=26395&rt=nc&LH_ItemCondition=3&LH_BIN=1&rt=nc&LH_PrefLoc=1
Under Eye Cream,https://www.ebay.com/sch/i.html?_from=R40&_nkw=Under+Eye+Cream&_sacat=26395&rt=nc&LH_ItemCondition=3&LH_BIN=1&rt=nc&LH_PrefLoc=1
Firming Moisturizer,https://www.ebay.com/sch/i.html?_from=R40&_nkw=Firming+Moisturizer&_sacat=26395&rt=nc&LH_ItemCondition=3&LH_BIN=1&rt=nc&LH_PrefLoc=1
Facelift Bundle,https://www.ebay.com/sch/i.html?_from=R40&_nkw=Facelift+Bundle&_sacat=26395&rt=nc&LH_ItemCondition=3&LH_BIN=1&rt=nc&LH_PrefLoc=1
Pore Cleanser,https://www.ebay.com/sch/i.html?_from=R40&_nkw=Pore+Cleanser&_sacat=26395&rt=nc&LH_ItemCondition=3&LH_BIN=1&rt=nc&LH_PrefLoc=1
Polish Method,https://www.ebay.com/sch/i.html?_from=R40&_nkw=Polish+Method&_sacat=26395&rt=nc&LH_ItemCondition=3&LH_BIN=1&rt=nc&LH_PrefLoc=1
Aloe Mist,https://www.ebay.com/sch/i.html?_from=R40&_nkw=Aloe+Mist&_sacat=26395&rt=nc&LH_ItemCondition=3&LH_BIN=1&rt=nc&LH_PrefLoc=1
Retinol Oil,https://www.ebay.com/sch/i.html?_from=R40&_nkw=Retinol+Oil&_sacat=26395&rt=nc&LH_ItemCondition=3&LH_BIN=1&rt=nc&LH_PrefLoc=1
BHA Liquid,https://www.ebay.com/sch/i.html?_from=R40&_nkw=BHA+Liquid&_sacat=26395&rt=nc&LH_ItemCondition=3&LH_BIN=1&rt=nc&LH_PrefLoc=1
Green Tea Mask,https://www.ebay.com/sch/i.html?_from=R40&_nkw=Green+Tea+Mask&_sacat=26395&rt=nc&LH_ItemCondition=3&LH_BIN=1&rt=nc&LH_PrefLoc=1
Hyaluronic Serum,https://www.ebay.com/sch/i.html?_from=R40&_nkw=Hyaluronic+Serum&_sacat=26395&rt=nc&LH_ItemCondition=3&LH_BIN=1&rt=nc&LH_PrefLoc=1
Body treatment,https://www.ebay.com/sch/i.html?_from=R40&_nkw=Body+treatment&_sacat=26395&rt=nc&LH_ItemCondition=3&LH_BIN=1&rt=nc&LH_PrefLoc=1
Lip Volumizer,https://www.ebay.com/sch/i.html?_from=R40&_nkw=Lip+Volumizer&_sacat=26395&rt=nc&LH_ItemCondition=3&LH_BIN=1&rt=nc&LH_PrefLoc=1
Vitamin E Sunscreen,https://www.ebay.com/sch/i.html?_from=R40&_nkw=Vitamin+E+Sunscreen&_sacat=26395&rt=nc&LH_ItemCondition=3&LH_BIN=1&rt=nc&LH_PrefLoc=1
Rescue Peel,https://www.ebay.com/sch/i.html?_from=R40&_nkw=Rescue+Peel&_sacat=26395&rt=nc&LH_ItemCondition=3&LH_BIN=1&rt=nc&LH_PrefLoc=1
Wrinkle cream,https://www.ebay.com/sch/i.html?_from=R40&_nkw=Wrinkle+cream&_sacat=26395&rt=nc&LH_ItemCondition=3&LH_BIN=1&rt=nc&LH_PrefLoc=1
Anti-Aging Cream,https://www.ebay.com/sch/i.html?_from=R40&_nkw=Anti-Aging+Cream&_sacat=26395&rt=nc&LH_ItemCondition=3&LH_BIN=1&rt=nc&LH_PrefLoc=1
