Keyword,Links
Texture hairspray,https://www.amazon.com/s?k=Texture+hairspray&i=beauty&s=exact-aware-popularity-rank&ref=sr_st_exact-aware-popularity-rank
Silk Shampoo,https://www.amazon.com/s?k=Silk+Shampoo&i=beauty&s=exact-aware-popularity-rank&ref=sr_st_exact-aware-popularity-rank
Hair Paste,https://www.amazon.com/s?k=Hair+Paste&i=beauty&s=exact-aware-popularity-rank&ref=sr_st_exact-aware-popularity-rank
Super Sculpt,https://www.amazon.com/s?k=Super+Sculpt&i=beauty&s=exact-aware-popularity-rank&ref=sr_st_exact-aware-popularity-rank
Smoothing Balm,https://www.amazon.com/s?k=Smoothing+Balm&i=beauty&s=exact-aware-popularity-rank&ref=sr_st_exact-aware-popularity-rank
Shaping Cream,https://www.amazon.com/s?k=Shaping+Cream&i=beauty&s=exact-aware-popularity-rank&ref=sr_st_exact-aware-popularity-rank
Smooth seal,https://www.amazon.com/s?k=Smooth+seal&i=beauty&s=exact-aware-popularity-rank&ref=sr_st_exact-aware-popularity-rank
3-in-1 Wash,https://www.amazon.com/s?k=3-in-1+Wash&i=beauty&s=exact-aware-popularity-rank&ref=sr_st_exact-aware-popularity-rank
Ceramide Mask,https://www.amazon.com/s?k=Ceramide+Mask&i=beauty&s=exact-aware-popularity-rank&ref=sr_st_exact-aware-popularity-rank
Hair pomade,https://www.amazon.com/s?k=Hair+pomade&i=beauty&s=exact-aware-popularity-rank&ref=sr_st_exact-aware-popularity-rank
Shine Mask,https://www.amazon.com/s?k=Shine+Mask&i=beauty&s=exact-aware-popularity-rank&ref=sr_st_exact-aware-popularity-rank
Volumizer Set,https://www.amazon.com/s?k=Volumizer+Set&i=beauty&s=exact-aware-popularity-rank&ref=sr_st_exact-aware-popularity-rank
Energizing Shampoo,https://www.amazon.com/s?k=Energizing+Shampoo&i=beauty&s=exact-aware-popularity-rank&ref=sr_st_exact-aware-popularity-rank
Volume dry,https://www.amazon.com/s?k=Volume+dry&i=beauty&s=exact-aware-popularity-rank&ref=sr_st_exact-aware-popularity-rank
Hair shield,https://www.amazon.com/s?k=Hair+shield&i=beauty&s=exact-aware-popularity-rank&ref=sr_st_exact-aware-popularity-rank
Anti-Pollution Shampoo,https://www.amazon.com/s?k=Anti-Pollution+Shampoo&i=beauty&s=exact-aware-popularity-rank&ref=sr_st_exact-aware-popularity-rank
Volumising Mousse,https://www.amazon.com/s?k=Volumising+Mousse&i=beauty&s=exact-aware-popularity-rank&ref=sr_st_exact-aware-popularity-rank
Hair Polish,https://www.amazon.com/s?k=Hair+Polish&i=beauty&s=exact-aware-popularity-rank&ref=sr_st_exact-aware-popularity-rank
Medium hold,https://www.amazon.com/s?k=Medium+hold&i=beauty&s=exact-aware-popularity-rank&ref=sr_st_exact-aware-popularity-rank
Tea Tree Moisturizer,https://www.amazon.com/s?k=Tea+Tree+Moisturizer&i=beauty&s=exact-aware-popularity-rank&ref=sr_st_exact-aware-popularity-rank
Curl cleanser,https://www.amazon.com/s?k=Curl+cleanser&i=beauty&s=exact-aware-popularity-rank&ref=sr_st_exact-aware-popularity-rank
Heat Shield,https://www.amazon.com/s?k=Heat+Shield&i=beauty&s=exact-aware-popularity-rank&ref=sr_st_exact-aware-popularity-rank
Texture creme,https://www.amazon.com/s?k=Texture+creme&i=beauty&s=exact-aware-popularity-rank&ref=sr_st_exact-aware-popularity-rank
Defrizzing Shampoo,https://www.amazon.com/s?k=Defrizzing+Shampoo&i=beauty&s=exact-aware-popularity-rank&ref=sr_st_exact-aware-popularity-rank
Texturing Clay,https://www.amazon.com/s?k=Texturing+Clay&i=beauty&s=exact-aware-popularity-rank&ref=sr_st_exact-aware-popularity-rank
Styling Wax,https://www.amazon.com/s?k=Styling+Wax&i=beauty&s=exact-aware-popularity-rank&ref=sr_st_exact-aware-popularity-rank
Split end mender,https://www.amazon.com/s?k=Split+end+mender&i=beauty&s=exact-aware-popularity-rank&ref=sr_st_exact-aware-popularity-rank
Firme Hold,https://www.amazon.com/s?k=Firme+Hold&i=beauty&s=exact-aware-popularity-rank&ref=sr_st_exact-aware-popularity-rank
Heat hairspray,https://www.amazon.com/s?k=Heat+hairspray&i=beauty&s=exact-aware-popularity-rank&ref=sr_st_exact-aware-popularity-rank
Color spray,https://www.amazon.com/s?k=Color+spray&i=beauty&s=exact-aware-popularity-rank&ref=sr_st_exact-aware-popularity-rank
Humidity spray,https://www.amazon.com/s?k=Humidity+spray&i=beauty&s=exact-aware-popularity-rank&ref=sr_st_exact-aware-popularity-rank
Volumising Lotion,https://www.amazon.com/s?k=Volumising+Lotion&i=beauty&s=exact-aware-popularity-rank&ref=sr_st_exact-aware-popularity-rank
Gloss drops,https://www.amazon.com/s?k=Gloss+drops&i=beauty&s=exact-aware-popularity-rank&ref=sr_st_exact-aware-popularity-rank
Pearl Detangler,https://www.amazon.com/s?k=Pearl+Detangler&i=beauty&s=exact-aware-popularity-rank&ref=sr_st_exact-aware-popularity-rank
Defrizzing Conditioner,https://www.amazon.com/s?k=Defrizzing+Conditioner&i=beauty&s=exact-aware-popularity-rank&ref=sr_st_exact-aware-popularity-rank
Deep Cleansing,https://www.amazon.com/s?k=Deep+Cleansing&i=beauty&s=exact-aware-popularity-rank&ref=sr_st_exact-aware-popularity-rank
Tea Tree Gel,https://www.amazon.com/s?k=Tea+Tree+Gel&i=beauty&s=exact-aware-popularity-rank&ref=sr_st_exact-aware-popularity-rank
Kale Cocktail,https://www.amazon.com/s?k=Kale+Cocktail&i=beauty&s=exact-aware-popularity-rank&ref=sr_st_exact-aware-popularity-rank
Relaxing Balm,https://www.amazon.com/s?k=Relaxing+Balm&i=beauty&s=exact-aware-popularity-rank&ref=sr_st_exact-aware-popularity-rank
Colour Wash,https://www.amazon.com/s?k=Colour+Wash&i=beauty&s=exact-aware-popularity-rank&ref=sr_st_exact-aware-popularity-rank
Matte Clay,https://www.amazon.com/s?k=Matte+Clay&i=beauty&s=exact-aware-popularity-rank&ref=sr_st_exact-aware-popularity-rank
Taming Spray,https://www.amazon.com/s?k=Taming+Spray&i=beauty&s=exact-aware-popularity-rank&ref=sr_st_exact-aware-popularity-rank
Firm hold,https://www.amazon.com/s?k=Firm+hold&i=beauty&s=exact-aware-popularity-rank&ref=sr_st_exact-aware-popularity-rank
Volume foam,https://www.amazon.com/s?k=Volume+foam&i=beauty&s=exact-aware-popularity-rank&ref=sr_st_exact-aware-popularity-rank
Batana Oil,https://www.amazon.com/s?k=Batana+Oil&i=beauty&s=exact-aware-popularity-rank&ref=sr_st_exact-aware-popularity-rank
Straightening gel,https://www.amazon.com/s?k=Straightening+gel&i=beauty&s=exact-aware-popularity-rank&ref=sr_st_exact-aware-popularity-rank
Styling Oil,https://www.amazon.com/s?k=Styling+Oil&i=beauty&s=exact-aware-popularity-rank&ref=sr_st_exact-aware-popularity-rank
Weightless Hair Care,https://www.amazon.com/s?k=Weightless+Hair+Care&i=beauty&s=exact-aware-popularity-rank&ref=sr_st_exact-aware-popularity-rank
Holding Gel,https://www.amazon.com/s?k=Holding+Gel&i=beauty&s=exact-aware-popularity-rank&ref=sr_st_exact-aware-popularity-rank
Sculpting Mousse,https://www.amazon.com/s?k=Sculpting+Mousse&i=beauty&s=exact-aware-popularity-rank&ref=sr_st_exact-aware-popularity-rank
