Keyword,Links
Texture hairspray,https://www.ebay.com/sch/i.html?_from=R40&_nkw=Texture+hairspray&_sacat=26395&rt=nc&LH_ItemCondition=3&LH_BIN=1&rt=nc&LH_PrefLoc=1
Silk Shampoo,https://www.ebay.com/sch/i.html?_from=R40&_nkw=Silk+Shampoo&_sacat=26395&rt=nc&LH_ItemCondition=3&LH_BIN=1&rt=nc&LH_PrefLoc=1
Hair Paste,https://www.ebay.com/sch/i.html?_from=R40&_nkw=Hair+Paste&_sacat=26395&rt=nc&LH_ItemCondition=3&LH_BIN=1&rt=nc&LH_PrefLoc=1
Super Sculpt,https://www.ebay.com/sch/i.html?_from=R40&_nkw=Super+Sculpt&_sacat=26395&rt=nc&LH_ItemCondition=3&LH_BIN=1&rt=nc&LH_PrefLoc=1
Smoothing Balm,https://www.ebay.com/sch/i.html?_from=R40&_nkw=Smoothing+Balm&_sacat=26395&rt=nc&LH_ItemCondition=3&LH_BIN=1&rt=nc&LH_PrefLoc=1
Shaping Cream,https://www.ebay.com/sch/i.html?_from=R40&_nkw=Shaping+Cream&_sacat=26395&rt=nc&LH_ItemCondition=3&LH_BIN=1&rt=nc&LH_PrefLoc=1
Smooth seal,https://www.ebay.com/sch/i.html?_from=R40&_nkw=Smooth+seal&_sacat=26395&rt=nc&LH_ItemCondition=3&LH_BIN=1&rt=nc&LH_PrefLoc=1
3-in-1 Wash,https://www.ebay.com/sch/i.html?_from=R40&_nkw=3-in-1+Wash&_sacat=26395&rt=nc&LH_ItemCondition=3&LH_BIN=1&rt=nc&LH_PrefLoc=1
Ceramide Mask,https://www.ebay.com/sch/i.html?_from=R40&_nkw=Ceramide+Mask&_sacat=26395&rt=nc&LH_ItemCondition=3&LH_BIN=1&rt=nc&LH_PrefLoc=1
Hair pomade,https://www.ebay.com/sch/i.html?_from=R40&_nkw=Hair+pomade&_sacat=26395&rt=nc&LH_ItemCondition=3&LH_BIN=1&rt=nc&LH_PrefLoc=1
Shine Mask,https://www.ebay.com/sch/i.html?_from=R40&_nkw=Shine+Mask&_sacat=26395&rt=nc&LH_ItemCondition=3&LH_BIN=1&rt=nc&LH_PrefLoc=1
Volumizer Set,https://www.ebay.com/sch/i.html?_from=R40&_nkw=Volumizer+Set&_sacat=26395&rt=nc&LH_ItemCondition=3&LH_BIN=1&rt=nc&LH_PrefLoc=1
Energizing Shampoo,https://www.ebay.com/sch/i.html?_from=R40&_nkw=Energizing+Shampoo&_sacat=26395&rt=nc&LH_ItemCondition=3&LH_BIN=1&rt=nc&LH_PrefLoc=1
Volume dry,https://www.ebay.com/sch/i.html?_from=R40&_nkw=Volume+dry&_sacat=26395&rt=nc&LH_ItemCondition=3&LH_BIN=1&rt=nc&LH_PrefLoc=1
Hair shield,https://www.ebay.com/sch/i.html?_from=R40&_nkw=Hair+shield&_sacat=26395&rt=nc&LH_ItemCondition=3&LH_BIN=1&rt=nc&LH_PrefLoc=1
Anti-Pollution Shampoo,https://www.ebay.com/sch/i.html?_from=R40&_nkw=Anti-Pollution+Shampoo&_sacat=26395&rt=nc&LH_ItemCondition=3&LH_BIN=1&rt=nc&LH_PrefLoc=1
Volumising Mousse,https://www.ebay.com/sch/i.html?_from=R40&_nkw=Volumising+Mousse&_sacat=26395&rt=nc&LH_ItemCondition=3&LH_BIN=1&rt=nc&LH_PrefLoc=1
Hair Polish,https://www.ebay.com/sch/i.html?_from=R40&_nkw=Hair+Polish&_sacat=26395&rt=nc&LH_ItemCondition=3&LH_BIN=1&rt=nc&LH_PrefLoc=1
Medium hold,https://www.ebay.com/sch/i.html?_from=R40&_nkw=Medium+hold&_sacat=26395&rt=nc&LH_ItemCondition=3&LH_BIN=1&rt=nc&LH_PrefLoc=1
Tea Tree Moisturizer,https://www.ebay.com/sch/i.html?_from=R40&_nkw=Tea+Tree+Moisturizer&_sacat=26395&rt=nc&LH_ItemCondition=3&LH_BIN=1&rt=nc&LH_PrefLoc=1
Curl cleanser,https://www.ebay.com/sch/i.html?_from=R40&_nkw=Curl+cleanser&_sacat=26395&rt=nc&LH_ItemCondition=3&LH_BIN=1&rt=nc&LH_PrefLoc=1
Heat Shield,https://www.ebay.com/sch/i.html?_from=R40&_nkw=Heat+Shield&_sacat=26395&rt=nc&LH_ItemCondition=3&LH_BIN=1&rt=nc&LH_PrefLoc=1
Texture creme,https://www.ebay.com/sch/i.html?_from=R40&_nkw=Texture+creme&_sacat=26395&rt=nc&LH_ItemCondition=3&LH_BIN=1&rt=nc&LH_PrefLoc=1
Defrizzing Shampoo,https://www.ebay.com/sch/i.html?_from=R40&_nkw=Defrizzing+Shampoo&_sacat=26395&rt=nc&LH_ItemCondition=3&LH_BIN=1&rt=nc&LH_PrefLoc=1
Texturing Clay,https://www.ebay.com/sch/i.html?_from=R40&_nkw=Texturing+Clay&_sacat=26395&rt=nc&LH_ItemCondition=3&LH_BIN=1&rt=nc&LH_PrefLoc=1
Styling Wax,https://www.ebay.com/sch/i.html?_from=R40&_nkw=Styling+Wax&_sacat=26395&rt=nc&LH_ItemCondition=3&LH_BIN=1&rt=nc&LH_PrefLoc=1
Split end mender,https://www.ebay.com/sch/i.html?_from=R40&_nkw=Split+end+mender&_sacat=26395&rt=nc&LH_ItemCondition=3&LH_BIN=1&rt=nc&LH_PrefLoc=1
Firme Hold,https://www.ebay.com/sch/i.html?_from=R40&_nkw=Firme+Hold&_sacat=26395&rt=nc&LH_ItemCondition=3&LH_BIN=1&rt=nc&LH_PrefLoc=1
Heat hairspray,https://www.ebay.com/sch/i.html?_from=R40&_nkw=Heat+hairspray&_sacat=26395&rt=nc&LH_ItemCondition=3&LH_BIN=1&rt=nc&LH_PrefLoc=1
Color spray,https://www.ebay.com/sch/i.html?_from=R40&_nkw=Color+spray&_sacat=26395&rt=nc&LH_ItemCondition=3&LH_BIN=1&rt=nc&LH_PrefLoc=1
Humidity spray,https://www.ebay.com/sch/i.html?_from=R40&_nkw=Humidity+spray&_sacat=26395&rt=nc&LH_ItemCondition=3&LH_BIN=1&rt=nc&LH_PrefLoc=1
Volumising Lotion,https://www.ebay.com/sch/i.html?_from=R40&_nkw=Volumising+Lotion&_sacat=26395&rt=nc&LH_ItemCondition=3&LH_BIN=1&rt=nc&LH_PrefLoc=1
Gloss drops,https://www.ebay.com/sch/i.html?_from=R40&_nkw=Gloss+drops&_sacat=26395&rt=nc&LH_ItemCondition=3&LH_BIN=1&rt=nc&LH_PrefLoc=1
Pearl Detangler,https://www.ebay.com/sch/i.html?_from=R40&_nkw=Pearl+Detangler&_sacat=26395&rt=nc&LH_ItemCondition=3&LH_BIN=1&rt=nc&LH_PrefLoc=1
Defrizzing Conditioner,https://www.ebay.com/sch/i.html?_from=R40&_nkw=Defrizzing+Conditioner&_sacat=26395&rt=nc&LH_ItemCondition=3&LH_BIN=1&rt=nc&LH_PrefLoc=1
Deep Cleansing,https://www.ebay.com/sch/i.html?_from=R40&_nkw=Deep+Cleansing&_sacat=26395&rt=nc&LH_ItemCondition=3&LH_BIN=1&rt=nc&LH_PrefLoc=1
Tea Tree Gel,https://www.ebay.com/sch/i.html?_from=R40&_nkw=Tea+Tree+Gel&_sacat=26395&rt=nc&LH_ItemCondition=3&LH_BIN=1&rt=nc&LH_PrefLoc=1
Kale Cocktail,https://www.ebay.com/sch/i.html?_from=R40&_nkw=Kale+Cocktail&_sacat=26395&rt=nc&LH_ItemCondition=3&LH_BIN=1&rt=nc&LH_PrefLoc=1
Relaxing Balm,https://www.ebay.com/sch/i.html?_from=R40&_nkw=Relaxing+Balm&_sacat=26395&rt=nc&LH_ItemCondition=3&LH_BIN=1&rt=nc&LH_PrefLoc=1
Colour Wash,https://www.ebay.com/sch/i.html?_from=R40&_nkw=Colour+Wash&_sacat=26395&rt=nc&LH_ItemCondition=3&LH_BIN=1&rt=nc&LH_PrefLoc=1
Matte Clay,https://www.ebay.com/sch/i.html?_from=R40&_nkw=Matte+Clay&_sacat=26395&rt=nc&LH_ItemCondition=3&LH_BIN=1&rt=nc&LH_PrefLoc=1
Taming Spray,https://www.ebay.com/sch/i.html?_from=R40&_nkw=Taming+Spray&_sacat=26395&rt=nc&LH_ItemCondition=3&LH_BIN=1&rt=nc&LH_PrefLoc=1
Firm hold,https://www.ebay.com/sch/i.html?_from=R40&_nkw=Firm+hold&_sacat=26395&rt=nc&LH_ItemCondition=3&LH_BIN=1&rt=nc&LH_PrefLoc=1
Volume foam,https://www.ebay.com/sch/i.html?_from=R40&_nkw=Volume+foam&_sacat=26395&rt=nc&LH_ItemCondition=3&LH_BIN=1&rt=nc&LH_PrefLoc=1
Batana Oil,https://www.ebay.com/sch/i.html?_from=R40&_nkw=Batana+Oil&_sacat=26395&rt=nc&LH_ItemCondition=3&LH_BIN=1&rt=nc&LH_PrefLoc=1
Straightening gel,https://www.ebay.com/sch/i.html?_from=R40&_nkw=Straightening+gel&_sacat=26395&rt=nc&LH_ItemCondition=3&LH_BIN=1&rt=nc&LH_PrefLoc=1
Styling Oil,https://www.ebay.com/sch/i.html?_from=R40&_nkw=Styling+Oil&_sacat=26395&rt=nc&LH_ItemCondition=3&LH_BIN=1&rt=nc&LH_PrefLoc=1
Weightless Hair Care,https://www.ebay.com/sch/i.html?_from=R40&_nkw=Weightless+Hair+Care&_sacat=26395&rt=nc&LH_ItemCondition=3&LH_BIN=1&rt=nc&LH_PrefLoc=1
Holding Gel,https://www.ebay.com/sch/i.html?_from=R40&_nkw=Holding+Gel&_sacat=26395&rt=nc&LH_ItemCondition=3&LH_BIN=1&rt=nc&LH_PrefLoc=1
Sculpting Mousse,https://www.ebay.com/sch/i.html?_from=R40&_nkw=Sculpting+Mousse&_sacat=26395&rt=nc&LH_ItemCondition=3&LH_BIN=1&rt=nc&LH_PrefLoc=1
