Keyword,Links
Sport electrolyte,https://www.amazon.com/s?k=Sport+electrolyte&i=hpc&s=exact-aware-popularity-rank&ref=sr_st_exact-aware-popularity-rank
Electrolyte Tabs,https://www.amazon.com/s?k=Electrolyte+Tabs&i=hpc&s=exact-aware-popularity-rank&ref=sr_st_exact-aware-popularity-rank
Acai Drink,https://www.amazon.com/s?k=Acai+Drink&i=hpc&s=exact-aware-popularity-rank&ref=sr_st_exact-aware-popularity-rank
Hydration Drink,https://www.amazon.com/s?k=Hydration+Drink&i=hpc&s=exact-aware-popularity-rank&ref=sr_st_exact-aware-popularity-rank
Hydrate Powders,https://www.amazon.com/s?k=Hydrate+Powders&i=hpc&s=exact-aware-popularity-rank&ref=sr_st_exact-aware-popularity-rank
HGH Activator,https://www.amazon.com/s?k=HGH+Activator&i=hpc&s=exact-aware-popularity-rank&ref=sr_st_exact-aware-popularity-rank
HMB Supplement,https://www.amazon.com/s?k=HMB+Supplement&i=hpc&s=exact-aware-popularity-rank&ref=sr_st_exact-aware-popularity-rank
BCAA Mango,https://www.amazon.com/s?k=BCAA+Mango&i=hpc&s=exact-aware-popularity-rank&ref=sr_st_exact-aware-popularity-rank
Hard Capsules,https://www.amazon.com/s?k=Hard+Capsules&i=hpc&s=exact-aware-popularity-rank&ref=sr_st_exact-aware-popularity-rank
L-Glutamine Tablets,https://www.amazon.com/s?k=L-Glutamine+Tablets&i=hpc&s=exact-aware-popularity-rank&ref=sr_st_exact-aware-popularity-rank
Tadalix Pack,https://www.amazon.com/s?k=Tadalix+Pack&i=hpc&s=exact-aware-popularity-rank&ref=sr_st_exact-aware-popularity-rank
Testosterone Complex,https://www.amazon.com/s?k=Testosterone+Complex&i=hpc&s=exact-aware-popularity-rank&ref=sr_st_exact-aware-popularity-rank
Glutamine Capsules,https://www.amazon.com/s?k=Glutamine+Capsules&i=hpc&s=exact-aware-popularity-rank&ref=sr_st_exact-aware-popularity-rank
BCAA Lemonade,https://www.amazon.com/s?k=BCAA+Lemonade&i=hpc&s=exact-aware-popularity-rank&ref=sr_st_exact-aware-popularity-rank
NAC Tablets,https://www.amazon.com/s?k=NAC+Tablets&i=hpc&s=exact-aware-popularity-rank&ref=sr_st_exact-aware-popularity-rank
Micronized Creatine,https://www.amazon.com/s?k=Micronized+Creatine&i=hpc&s=exact-aware-popularity-rank&ref=sr_st_exact-aware-popularity-rank
Micronized Glutamine,https://www.amazon.com/s?k=Micronized+Glutamine&i=hpc&s=exact-aware-popularity-rank&ref=sr_st_exact-aware-popularity-rank
Citrulline Powder,https://www.amazon.com/s?k=Citrulline+Powder&i=hpc&s=exact-aware-popularity-rank&ref=sr_st_exact-aware-popularity-rank
Vegetarian Glucosamine,https://www.amazon.com/s?k=Vegetarian+Glucosamine&i=hpc&s=exact-aware-popularity-rank&ref=sr_st_exact-aware-popularity-rank
L-Leucine Powder,https://www.amazon.com/s?k=L-Leucine+Powder&i=hpc&s=exact-aware-popularity-rank&ref=sr_st_exact-aware-popularity-rank
Agmatine Sulfate,https://www.amazon.com/s?k=Agmatine+Sulfate&i=hpc&s=exact-aware-popularity-rank&ref=sr_st_exact-aware-popularity-rank
Phenylalanine Capsules,https://www.amazon.com/s?k=Phenylalanine+Capsules&i=hpc&s=exact-aware-popularity-rank&ref=sr_st_exact-aware-popularity-rank
N Acetyl Cysteine,https://www.amazon.com/s?k=N+Acetyl+Cysteine&i=hpc&s=exact-aware-popularity-rank&ref=sr_st_exact-aware-popularity-rank
Post Workout,https://www.amazon.com/s?k=Post+Workout&i=hpc&s=exact-aware-popularity-rank&ref=sr_st_exact-aware-popularity-rank
Kre-Alkalyn Powder,https://www.amazon.com/s?k=Kre-Alkalyn+Powder&i=hpc&s=exact-aware-popularity-rank&ref=sr_st_exact-aware-popularity-rank
Natural Grape,https://www.amazon.com/s?k=Natural+Grape&i=hpc&s=exact-aware-popularity-rank&ref=sr_st_exact-aware-popularity-rank
Glutamine Metabolism,https://www.amazon.com/s?k=Glutamine+Metabolism&i=hpc&s=exact-aware-popularity-rank&ref=sr_st_exact-aware-popularity-rank
BCAA Electrolytes,https://www.amazon.com/s?k=BCAA+Electrolytes&i=hpc&s=exact-aware-popularity-rank&ref=sr_st_exact-aware-popularity-rank
Watermelon supplement,https://www.amazon.com/s?k=Watermelon+supplement&i=hpc&s=exact-aware-popularity-rank&ref=sr_st_exact-aware-popularity-rank
Endurance BCAAs,https://www.amazon.com/s?k=Endurance+BCAAs&i=hpc&s=exact-aware-popularity-rank&ref=sr_st_exact-aware-popularity-rank
Strawberry Watermelon,https://www.amazon.com/s?k=Strawberry+Watermelon&i=hpc&s=exact-aware-popularity-rank&ref=sr_st_exact-aware-popularity-rank
BCAA Shredded,https://www.amazon.com/s?k=BCAA+Shredded&i=hpc&s=exact-aware-popularity-rank&ref=sr_st_exact-aware-popularity-rank
Citrulline Supplement,https://www.amazon.com/s?k=Citrulline+Supplement&i=hpc&s=exact-aware-popularity-rank&ref=sr_st_exact-aware-popularity-rank
L-Citrulline Supplement,https://www.amazon.com/s?k=L-Citrulline+Supplement&i=hpc&s=exact-aware-popularity-rank&ref=sr_st_exact-aware-popularity-rank
Agmatine Powder,https://www.amazon.com/s?k=Agmatine+Powder&i=hpc&s=exact-aware-popularity-rank&ref=sr_st_exact-aware-popularity-rank
L-Lysine VegCaps,https://www.amazon.com/s?k=L-Lysine+VegCaps&i=hpc&s=exact-aware-popularity-rank&ref=sr_st_exact-aware-popularity-rank
Creatine HCl,https://www.amazon.com/s?k=Creatine+HCl&i=hpc&s=exact-aware-popularity-rank&ref=sr_st_exact-aware-popularity-rank
L-Carnitine Caplets,https://www.amazon.com/s?k=L-Carnitine+Caplets&i=hpc&s=exact-aware-popularity-rank&ref=sr_st_exact-aware-popularity-rank
L-Arginine Complex,https://www.amazon.com/s?k=L-Arginine+Complex&i=hpc&s=exact-aware-popularity-rank&ref=sr_st_exact-aware-popularity-rank
Citrus Pre Workout,https://www.amazon.com/s?k=Citrus+Pre+Workout&i=hpc&s=exact-aware-popularity-rank&ref=sr_st_exact-aware-popularity-rank
L-Theanine Nootropic,https://www.amazon.com/s?k=L-Theanine+Nootropic&i=hpc&s=exact-aware-popularity-rank&ref=sr_st_exact-aware-popularity-rank
Creatine Chews,https://www.amazon.com/s?k=Creatine+Chews&i=hpc&s=exact-aware-popularity-rank&ref=sr_st_exact-aware-popularity-rank
Keto Creatine,https://www.amazon.com/s?k=Keto+Creatine&i=hpc&s=exact-aware-popularity-rank&ref=sr_st_exact-aware-popularity-rank
Creatine Complex,https://www.amazon.com/s?k=Creatine+Complex&i=hpc&s=exact-aware-popularity-rank&ref=sr_st_exact-aware-popularity-rank
L-Lysine Monolaurin,https://www.amazon.com/s?k=L-Lysine+Monolaurin&i=hpc&s=exact-aware-popularity-rank&ref=sr_st_exact-aware-popularity-rank
Creatine HMB,https://www.amazon.com/s?k=Creatine+HMB&i=hpc&s=exact-aware-popularity-rank&ref=sr_st_exact-aware-popularity-rank
Trimethylglycine Powder,https://www.amazon.com/s?k=Trimethylglycine+Powder&i=hpc&s=exact-aware-popularity-rank&ref=sr_st_exact-aware-popularity-rank
L-Carnitine Liquid,https://www.amazon.com/s?k=L-Carnitine+Liquid&i=hpc&s=exact-aware-popularity-rank&ref=sr_st_exact-aware-popularity-rank
Tyrosine Capsules,https://www.amazon.com/s?k=Tyrosine+Capsules&i=hpc&s=exact-aware-popularity-rank&ref=sr_st_exact-aware-popularity-rank
Carnitine Tablets,https://www.amazon.com/s?k=Carnitine+Tablets&i=hpc&s=exact-aware-popularity-rank&ref=sr_st_exact-aware-popularity-rank
