Keyword,Links
Moisturizing Gel,https://www.amazon.com/s?k=Moisturizing+Gel&i=beauty&s=exact-aware-popularity-rank&ref=sr_st_exact-aware-popularity-rank
Grey Reducing,https://www.amazon.com/s?k=Grey+Reducing&i=beauty&s=exact-aware-popularity-rank&ref=sr_st_exact-aware-popularity-rank
Moisture Oil,https://www.amazon.com/s?k=Moisture+Oil&i=beauty&s=exact-aware-popularity-rank&ref=sr_st_exact-aware-popularity-rank
Keratin Shampoo,https://www.amazon.com/s?k=Keratin+Shampoo&i=beauty&s=exact-aware-popularity-rank&ref=sr_st_exact-aware-popularity-rank
Lace Gelly,https://www.amazon.com/s?k=Lace+Gelly&i=beauty&s=exact-aware-popularity-rank&ref=sr_st_exact-aware-popularity-rank
Frozen shampoo,https://www.amazon.com/s?k=Frozen+shampoo&i=beauty&s=exact-aware-popularity-rank&ref=sr_st_exact-aware-popularity-rank
Thick Masque,https://www.amazon.com/s?k=Thick+Masque&i=beauty&s=exact-aware-popularity-rank&ref=sr_st_exact-aware-popularity-rank
Clover Clips,https://www.amazon.com/s?k=Clover+Clips&i=beauty&s=exact-aware-popularity-rank&ref=sr_st_exact-aware-popularity-rank
Scrunchie Set,https://www.amazon.com/s?k=Scrunchie+Set&i=beauty&s=exact-aware-popularity-rank&ref=sr_st_exact-aware-popularity-rank
Curl foam,https://www.amazon.com/s?k=Curl+foam&i=beauty&s=exact-aware-popularity-rank&ref=sr_st_exact-aware-popularity-rank
Minoxidil Foam,https://www.amazon.com/s?k=Minoxidil+Foam&i=beauty&s=exact-aware-popularity-rank&ref=sr_st_exact-aware-popularity-rank
Scalp Massager,https://www.amazon.com/s?k=Scalp+Massager&i=beauty&s=exact-aware-popularity-rank&ref=sr_st_exact-aware-popularity-rank
De-frizz Mist,https://www.amazon.com/s?k=De-frizz+Mist&i=beauty&s=exact-aware-popularity-rank&ref=sr_st_exact-aware-popularity-rank
Brilliance Conditioner,https://www.amazon.com/s?k=Brilliance+Conditioner&i=beauty&s=exact-aware-popularity-rank&ref=sr_st_exact-aware-popularity-rank
Gentle Cleanser,https://www.amazon.com/s?k=Gentle+Cleanser&i=beauty&s=exact-aware-popularity-rank&ref=sr_st_exact-aware-popularity-rank
Frizz Shampoo,https://www.amazon.com/s?k=Frizz+Shampoo&i=beauty&s=exact-aware-popularity-rank&ref=sr_st_exact-aware-popularity-rank
Awakening Spray,https://www.amazon.com/s?k=Awakening+Spray&i=beauty&s=exact-aware-popularity-rank&ref=sr_st_exact-aware-popularity-rank
Hair Gel,https://www.amazon.com/s?k=Hair+Gel&i=beauty&s=exact-aware-popularity-rank&ref=sr_st_exact-aware-popularity-rank
Coconut hairdress,https://www.amazon.com/s?k=Coconut+hairdress&i=beauty&s=exact-aware-popularity-rank&ref=sr_st_exact-aware-popularity-rank
Dark hair oil,https://www.amazon.com/s?k=Dark+hair+oil&i=beauty&s=exact-aware-popularity-rank&ref=sr_st_exact-aware-popularity-rank
Shimmer shampoo,https://www.amazon.com/s?k=Shimmer+shampoo&i=beauty&s=exact-aware-popularity-rank&ref=sr_st_exact-aware-popularity-rank
Satin scrunchies,https://www.amazon.com/s?k=Satin+scrunchies&i=beauty&s=exact-aware-popularity-rank&ref=sr_st_exact-aware-popularity-rank
Orange peel cream,https://www.amazon.com/s?k=Orange+peel+cream&i=beauty&s=exact-aware-popularity-rank&ref=sr_st_exact-aware-popularity-rank
Extreme Shampoo,https://www.amazon.com/s?k=Extreme+Shampoo&i=beauty&s=exact-aware-popularity-rank&ref=sr_st_exact-aware-popularity-rank
Heart Clips,https://www.amazon.com/s?k=Heart+Clips&i=beauty&s=exact-aware-popularity-rank&ref=sr_st_exact-aware-popularity-rank
Satin Headband,https://www.amazon.com/s?k=Satin+Headband&i=beauty&s=exact-aware-popularity-rank&ref=sr_st_exact-aware-popularity-rank
Curl kit,https://www.amazon.com/s?k=Curl+kit&i=beauty&s=exact-aware-popularity-rank&ref=sr_st_exact-aware-popularity-rank
Volumizing Shampoo,https://www.amazon.com/s?k=Volumizing+Shampoo&i=beauty&s=exact-aware-popularity-rank&ref=sr_st_exact-aware-popularity-rank
Coil detangler,https://www.amazon.com/s?k=Coil+detangler&i=beauty&s=exact-aware-popularity-rank&ref=sr_st_exact-aware-popularity-rank
Women's hair loss,https://www.amazon.com/s?k=Women's+hair+loss&i=beauty&s=exact-aware-popularity-rank&ref=sr_st_exact-aware-popularity-rank
Curl gel,https://www.amazon.com/s?k=Curl+gel&i=beauty&s=exact-aware-popularity-rank&ref=sr_st_exact-aware-popularity-rank
Invisible deodorant,https://www.amazon.com/s?k=Invisible+deodorant&i=beauty&s=exact-aware-popularity-rank&ref=sr_st_exact-aware-popularity-rank
Silk Edges,https://www.amazon.com/s?k=Silk+Edges&i=beauty&s=exact-aware-popularity-rank&ref=sr_st_exact-aware-popularity-rank
Texturizing Spray,https://www.amazon.com/s?k=Texturizing+Spray&i=beauty&s=exact-aware-popularity-rank&ref=sr_st_exact-aware-popularity-rank
Vintage Hair Clips,https://www.amazon.com/s?k=Vintage+Hair+Clips&i=beauty&s=exact-aware-popularity-rank&ref=sr_st_exact-aware-popularity-rank
Jojoba Conditioner,https://www.amazon.com/s?k=Jojoba+Conditioner&i=beauty&s=exact-aware-popularity-rank&ref=sr_st_exact-aware-popularity-rank
Anti-Dandruff Shampoo,https://www.amazon.com/s?k=Anti-Dandruff+Shampoo&i=beauty&s=exact-aware-popularity-rank&ref=sr_st_exact-aware-popularity-rank
Prep spray,https://www.amazon.com/s?k=Prep+spray&i=beauty&s=exact-aware-popularity-rank&ref=sr_st_exact-aware-popularity-rank
Head Wraps,https://www.amazon.com/s?k=Head+Wraps&i=beauty&s=exact-aware-popularity-rank&ref=sr_st_exact-aware-popularity-rank
Frozen Terries,https://www.amazon.com/s?k=Frozen+Terries&i=beauty&s=exact-aware-popularity-rank&ref=sr_st_exact-aware-popularity-rank
Bonding Shampoo,https://www.amazon.com/s?k=Bonding+Shampoo&i=beauty&s=exact-aware-popularity-rank&ref=sr_st_exact-aware-popularity-rank
Curl lotion,https://www.amazon.com/s?k=Curl+lotion&i=beauty&s=exact-aware-popularity-rank&ref=sr_st_exact-aware-popularity-rank
Frizz Conditioner,https://www.amazon.com/s?k=Frizz+Conditioner&i=beauty&s=exact-aware-popularity-rank&ref=sr_st_exact-aware-popularity-rank
Honey Aloe,https://www.amazon.com/s?k=Honey+Aloe&i=beauty&s=exact-aware-popularity-rank&ref=sr_st_exact-aware-popularity-rank
Blonde Shampoo,https://www.amazon.com/s?k=Blonde+Shampoo&i=beauty&s=exact-aware-popularity-rank&ref=sr_st_exact-aware-popularity-rank
Edge control,https://www.amazon.com/s?k=Edge+control&i=beauty&s=exact-aware-popularity-rank&ref=sr_st_exact-aware-popularity-rank
Sandalwood Wash,https://www.amazon.com/s?k=Sandalwood+Wash&i=beauty&s=exact-aware-popularity-rank&ref=sr_st_exact-aware-popularity-rank
Rice shampoo,https://www.amazon.com/s?k=Rice+shampoo&i=beauty&s=exact-aware-popularity-rank&ref=sr_st_exact-aware-popularity-rank
Coily Moisturizer,https://www.amazon.com/s?k=Coily+Moisturizer&i=beauty&s=exact-aware-popularity-rank&ref=sr_st_exact-aware-popularity-rank
Texture spray,https://www.amazon.com/s?k=Texture+spray&i=beauty&s=exact-aware-popularity-rank&ref=sr_st_exact-aware-popularity-rank
