Keyword,Links
Herbal Omega,https://www.amazon.com/s?k=Herbal+Omega&i=hpc&s=exact-aware-popularity-rank&ref=sr_st_exact-aware-popularity-rank
CoQ-10 Gummies,https://www.amazon.com/s?k=CoQ-10+Gummies&i=hpc&s=exact-aware-popularity-rank&ref=sr_st_exact-aware-popularity-rank
Bitter Melon,https://www.amazon.com/s?k=Bitter+Melon&i=hpc&s=exact-aware-popularity-rank&ref=sr_st_exact-aware-popularity-rank
Cranberry Chewables,https://www.amazon.com/s?k=Cranberry+Chewables&i=hpc&s=exact-aware-popularity-rank&ref=sr_st_exact-aware-popularity-rank
Blueberry Snacks,https://www.amazon.com/s?k=Blueberry+Snacks&i=hpc&s=exact-aware-popularity-rank&ref=sr_st_exact-aware-popularity-rank
Sea Buckthorn Oil,https://www.amazon.com/s?k=Sea+Buckthorn+Oil&i=hpc&s=exact-aware-popularity-rank&ref=sr_st_exact-aware-popularity-rank
Wrist Blood Pressure,https://www.amazon.com/s?k=Wrist+Blood+Pressure&i=hpc&s=exact-aware-popularity-rank&ref=sr_st_exact-aware-popularity-rank
Omega-3 Krill,https://www.amazon.com/s?k=Omega-3+Krill&i=hpc&s=exact-aware-popularity-rank&ref=sr_st_exact-aware-popularity-rank
Children's gummies,https://www.amazon.com/s?k=Children's+gummies&i=hpc&s=exact-aware-popularity-rank&ref=sr_st_exact-aware-popularity-rank
Omega CoQ10,https://www.amazon.com/s?k=Omega+CoQ10&i=hpc&s=exact-aware-popularity-rank&ref=sr_st_exact-aware-popularity-rank
EPA softgels,https://www.amazon.com/s?k=EPA+softgels&i=hpc&s=exact-aware-popularity-rank&ref=sr_st_exact-aware-popularity-rank
Baby DHA,https://www.amazon.com/s?k=Baby+DHA&i=hpc&s=exact-aware-popularity-rank&ref=sr_st_exact-aware-popularity-rank
Omega-3 Capsules,https://www.amazon.com/s?k=Omega-3+Capsules&i=hpc&s=exact-aware-popularity-rank&ref=sr_st_exact-aware-popularity-rank
Children's DHA,https://www.amazon.com/s?k=Children's+DHA&i=hpc&s=exact-aware-popularity-rank&ref=sr_st_exact-aware-popularity-rank
Teen multivitamin,https://www.amazon.com/s?k=Teen+multivitamin&i=hpc&s=exact-aware-popularity-rank&ref=sr_st_exact-aware-popularity-rank
Omega-3 Liquid,https://www.amazon.com/s?k=Omega-3+Liquid&i=hpc&s=exact-aware-popularity-rank&ref=sr_st_exact-aware-popularity-rank
Multi Gummies,https://www.amazon.com/s?k=Multi+Gummies&i=hpc&s=exact-aware-popularity-rank&ref=sr_st_exact-aware-popularity-rank
Vegan Omega,https://www.amazon.com/s?k=Vegan+Omega&i=hpc&s=exact-aware-popularity-rank&ref=sr_st_exact-aware-popularity-rank
Feel Great,https://www.amazon.com/s?k=Feel+Great&i=hpc&s=exact-aware-popularity-rank&ref=sr_st_exact-aware-popularity-rank
Olive Leaf,https://www.amazon.com/s?k=Olive+Leaf&i=hpc&s=exact-aware-popularity-rank&ref=sr_st_exact-aware-popularity-rank
Pumpkin Seed,https://www.amazon.com/s?k=Pumpkin+Seed&i=hpc&s=exact-aware-popularity-rank&ref=sr_st_exact-aware-popularity-rank
Kids Omega,https://www.amazon.com/s?k=Kids+Omega&i=hpc&s=exact-aware-popularity-rank&ref=sr_st_exact-aware-popularity-rank
Omega 3 Fish Oil,https://www.amazon.com/s?k=Omega+3+Fish+Oil&i=hpc&s=exact-aware-popularity-rank&ref=sr_st_exact-aware-popularity-rank
Citrus Bergamot,https://www.amazon.com/s?k=Citrus+Bergamot&i=hpc&s=exact-aware-popularity-rank&ref=sr_st_exact-aware-popularity-rank
Garlic Oil,https://www.amazon.com/s?k=Garlic+Oil&i=hpc&s=exact-aware-popularity-rank&ref=sr_st_exact-aware-popularity-rank
Omega capsules,https://www.amazon.com/s?k=Omega+capsules&i=hpc&s=exact-aware-popularity-rank&ref=sr_st_exact-aware-popularity-rank
Kidney Multivitamin,https://www.amazon.com/s?k=Kidney+Multivitamin&i=hpc&s=exact-aware-popularity-rank&ref=sr_st_exact-aware-popularity-rank
Berberine Powder,https://www.amazon.com/s?k=Berberine+Powder&i=hpc&s=exact-aware-popularity-rank&ref=sr_st_exact-aware-popularity-rank
Golden Milk,https://www.amazon.com/s?k=Golden+Milk&i=hpc&s=exact-aware-popularity-rank&ref=sr_st_exact-aware-popularity-rank
flax chia,https://www.amazon.com/s?k=flax+chia&i=hpc&s=exact-aware-popularity-rank&ref=sr_st_exact-aware-popularity-rank
Herbal Concentrate,https://www.amazon.com/s?k=Herbal+Concentrate&i=hpc&s=exact-aware-popularity-rank&ref=sr_st_exact-aware-popularity-rank
Brain Gummies,https://www.amazon.com/s?k=Brain+Gummies&i=hpc&s=exact-aware-popularity-rank&ref=sr_st_exact-aware-popularity-rank
White Mulberry,https://www.amazon.com/s?k=White+Mulberry&i=hpc&s=exact-aware-popularity-rank&ref=sr_st_exact-aware-popularity-rank
Omega-3 Drops,https://www.amazon.com/s?k=Omega-3+Drops&i=hpc&s=exact-aware-popularity-rank&ref=sr_st_exact-aware-popularity-rank
Aged Black Garlic,https://www.amazon.com/s?k=Aged+Black+Garlic&i=hpc&s=exact-aware-popularity-rank&ref=sr_st_exact-aware-popularity-rank
Colon Detox,https://www.amazon.com/s?k=Colon+Detox&i=hpc&s=exact-aware-popularity-rank&ref=sr_st_exact-aware-popularity-rank
Omega-3 Softgel,https://www.amazon.com/s?k=Omega-3+Softgel&i=hpc&s=exact-aware-popularity-rank&ref=sr_st_exact-aware-popularity-rank
Omega Curcumin,https://www.amazon.com/s?k=Omega+Curcumin&i=hpc&s=exact-aware-popularity-rank&ref=sr_st_exact-aware-popularity-rank
Omega-7 supplement,https://www.amazon.com/s?k=Omega-7+supplement&i=hpc&s=exact-aware-popularity-rank&ref=sr_st_exact-aware-popularity-rank
Ubiquinol CoQ10,https://www.amazon.com/s?k=Ubiquinol+CoQ10&i=hpc&s=exact-aware-popularity-rank&ref=sr_st_exact-aware-popularity-rank
Cholesterol Formula,https://www.amazon.com/s?k=Cholesterol+Formula&i=hpc&s=exact-aware-popularity-rank&ref=sr_st_exact-aware-popularity-rank
Chia Powder,https://www.amazon.com/s?k=Chia+Powder&i=hpc&s=exact-aware-popularity-rank&ref=sr_st_exact-aware-popularity-rank
Kidney Support,https://www.amazon.com/s?k=Kidney+Support&i=hpc&s=exact-aware-popularity-rank&ref=sr_st_exact-aware-popularity-rank
Organic Garlic,https://www.amazon.com/s?k=Organic+Garlic&i=hpc&s=exact-aware-popularity-rank&ref=sr_st_exact-aware-popularity-rank
Garlic Caplets,https://www.amazon.com/s?k=Garlic+Caplets&i=hpc&s=exact-aware-popularity-rank&ref=sr_st_exact-aware-popularity-rank
Men's multivitamin,https://www.amazon.com/s?k=Men's+multivitamin&i=hpc&s=exact-aware-popularity-rank&ref=sr_st_exact-aware-popularity-rank
Omega 3 Supplement,https://www.amazon.com/s?k=Omega+3+Supplement&i=hpc&s=exact-aware-popularity-rank&ref=sr_st_exact-aware-popularity-rank
Tocotrienols Supplement,https://www.amazon.com/s?k=Tocotrienols+Supplement&i=hpc&s=exact-aware-popularity-rank&ref=sr_st_exact-aware-popularity-rank
Cod Liver Oil,https://www.amazon.com/s?k=Cod+Liver+Oil&i=hpc&s=exact-aware-popularity-rank&ref=sr_st_exact-aware-popularity-rank
Chitosan Tablets,https://www.amazon.com/s?k=Chitosan+Tablets&i=hpc&s=exact-aware-popularity-rank&ref=sr_st_exact-aware-popularity-rank
