Keyword,Links
Laxative Gummies,https://www.amazon.com/s?k=Laxative+Gummies&i=hpc&s=exact-aware-popularity-rank&ref=sr_st_exact-aware-popularity-rank
Sodium Phosphates,https://www.amazon.com/s?k=Sodium+Phosphates&i=hpc&s=exact-aware-popularity-rank&ref=sr_st_exact-aware-popularity-rank
Milk laxative,https://www.amazon.com/s?k=Milk+laxative&i=hpc&s=exact-aware-popularity-rank&ref=sr_st_exact-aware-popularity-rank
Mineral Oil,https://www.amazon.com/s?k=Mineral+Oil&i=hpc&s=exact-aware-popularity-rank&ref=sr_st_exact-aware-popularity-rank
Colace Capsules,https://www.amazon.com/s?k=Colace+Capsules&i=hpc&s=exact-aware-popularity-rank&ref=sr_st_exact-aware-popularity-rank
Laxative Antacid,https://www.amazon.com/s?k=Laxative+Antacid&i=hpc&s=exact-aware-popularity-rank&ref=sr_st_exact-aware-popularity-rank
Senna Gummies,https://www.amazon.com/s?k=Senna+Gummies&i=hpc&s=exact-aware-popularity-rank&ref=sr_st_exact-aware-popularity-rank
Loperamide Tablets,https://www.amazon.com/s?k=Loperamide+Tablets&i=hpc&s=exact-aware-popularity-rank&ref=sr_st_exact-aware-popularity-rank
Magnesium Laxative,https://www.amazon.com/s?k=Magnesium+Laxative&i=hpc&s=exact-aware-popularity-rank&ref=sr_st_exact-aware-popularity-rank
Overnight Relief,https://www.amazon.com/s?k=Overnight+Relief&i=hpc&s=exact-aware-popularity-rank&ref=sr_st_exact-aware-popularity-rank
Ear drops,https://www.amazon.com/s?k=Ear+drops&i=hpc&s=exact-aware-popularity-rank&ref=sr_st_exact-aware-popularity-rank
Constipation Support,https://www.amazon.com/s?k=Constipation+Support&i=hpc&s=exact-aware-popularity-rank&ref=sr_st_exact-aware-popularity-rank
Senna Syrup,https://www.amazon.com/s?k=Senna+Syrup&i=hpc&s=exact-aware-popularity-rank&ref=sr_st_exact-aware-popularity-rank
Senna Tablets,https://www.amazon.com/s?k=Senna+Tablets&i=hpc&s=exact-aware-popularity-rank&ref=sr_st_exact-aware-popularity-rank
Laxative Softener,https://www.amazon.com/s?k=Laxative+Softener&i=hpc&s=exact-aware-popularity-rank&ref=sr_st_exact-aware-popularity-rank
Aloe Vera,https://www.amazon.com/s?k=Aloe+Vera&i=hpc&s=exact-aware-popularity-rank&ref=sr_st_exact-aware-popularity-rank
Laxative Tablet,https://www.amazon.com/s?k=Laxative+Tablet&i=hpc&s=exact-aware-popularity-rank&ref=sr_st_exact-aware-popularity-rank
Smooth Move,https://www.amazon.com/s?k=Smooth+Move&i=hpc&s=exact-aware-popularity-rank&ref=sr_st_exact-aware-popularity-rank
Colostomy Cleaner,https://www.amazon.com/s?k=Colostomy+Cleaner&i=hpc&s=exact-aware-popularity-rank&ref=sr_st_exact-aware-popularity-rank
Dried Plum,https://www.amazon.com/s?k=Dried+Plum&i=hpc&s=exact-aware-popularity-rank&ref=sr_st_exact-aware-popularity-rank
Reusable Set,https://www.amazon.com/s?k=Reusable+Set&i=hpc&s=exact-aware-popularity-rank&ref=sr_st_exact-aware-popularity-rank
Senna Capsules,https://www.amazon.com/s?k=Senna+Capsules&i=hpc&s=exact-aware-popularity-rank&ref=sr_st_exact-aware-popularity-rank
Enema Bag,https://www.amazon.com/s?k=Enema+Bag&i=hpc&s=exact-aware-popularity-rank&ref=sr_st_exact-aware-popularity-rank
herbal laxative,https://www.amazon.com/s?k=herbal+laxative&i=hpc&s=exact-aware-popularity-rank&ref=sr_st_exact-aware-popularity-rank
Children's stool softener,https://www.amazon.com/s?k=Children's+stool+softener&i=hpc&s=exact-aware-popularity-rank&ref=sr_st_exact-aware-popularity-rank
Soft gels,https://www.amazon.com/s?k=Soft+gels&i=hpc&s=exact-aware-popularity-rank&ref=sr_st_exact-aware-popularity-rank
Herbal Magnesium,https://www.amazon.com/s?k=Herbal+Magnesium&i=hpc&s=exact-aware-popularity-rank&ref=sr_st_exact-aware-popularity-rank
Sugar Free Fiber,https://www.amazon.com/s?k=Sugar+Free+Fiber&i=hpc&s=exact-aware-popularity-rank&ref=sr_st_exact-aware-popularity-rank
Enema Kit,https://www.amazon.com/s?k=Enema+Kit&i=hpc&s=exact-aware-popularity-rank&ref=sr_st_exact-aware-popularity-rank
Grape Laxative,https://www.amazon.com/s?k=Grape+Laxative&i=hpc&s=exact-aware-popularity-rank&ref=sr_st_exact-aware-popularity-rank
Sweet oil,https://www.amazon.com/s?k=Sweet+oil&i=hpc&s=exact-aware-popularity-rank&ref=sr_st_exact-aware-popularity-rank
Bowel Relief,https://www.amazon.com/s?k=Bowel+Relief&i=hpc&s=exact-aware-popularity-rank&ref=sr_st_exact-aware-popularity-rank
Cool Mist,https://www.amazon.com/s?k=Cool+Mist&i=hpc&s=exact-aware-popularity-rank&ref=sr_st_exact-aware-popularity-rank
Senna Laxative,https://www.amazon.com/s?k=Senna+Laxative&i=hpc&s=exact-aware-popularity-rank&ref=sr_st_exact-aware-popularity-rank
Elevator Inspector,https://www.amazon.com/s?k=Elevator+Inspector&i=hpc&s=exact-aware-popularity-rank&ref=sr_st_exact-aware-popularity-rank
Lab Girl,https://www.amazon.com/s?k=Lab+Girl&i=hpc&s=exact-aware-popularity-rank&ref=sr_st_exact-aware-popularity-rank
Catch and Kill,https://www.amazon.com/s?k=Catch+and+Kill&i=hpc&s=exact-aware-popularity-rank&ref=sr_st_exact-aware-popularity-rank
Burning Girl,https://www.amazon.com/s?k=Burning+Girl&i=hpc&s=exact-aware-popularity-rank&ref=sr_st_exact-aware-popularity-rank
Love Ruin,https://www.amazon.com/s?k=Love+Ruin&i=hpc&s=exact-aware-popularity-rank&ref=sr_st_exact-aware-popularity-rank
Survivors Paperback,https://www.amazon.com/s?k=Survivors+Paperback&i=hpc&s=exact-aware-popularity-rank&ref=sr_st_exact-aware-popularity-rank
Catch & Kill,https://www.amazon.com/s?k=Catch+&+Kill&i=hpc&s=exact-aware-popularity-rank&ref=sr_st_exact-aware-popularity-rank
Sedating Elaine,https://www.amazon.com/s?k=Sedating+Elaine&i=hpc&s=exact-aware-popularity-rank&ref=sr_st_exact-aware-popularity-rank
Prairie Fires,https://www.amazon.com/s?k=Prairie+Fires&i=hpc&s=exact-aware-popularity-rank&ref=sr_st_exact-aware-popularity-rank
Underground Railroad,https://www.amazon.com/s?k=Underground+Railroad&i=hpc&s=exact-aware-popularity-rank&ref=sr_st_exact-aware-popularity-rank
Pre-Owned Paperback,https://www.amazon.com/s?k=Pre-Owned+Paperback&i=hpc&s=exact-aware-popularity-rank&ref=sr_st_exact-aware-popularity-rank
Rules Apply,https://www.amazon.com/s?k=Rules+Apply&i=hpc&s=exact-aware-popularity-rank&ref=sr_st_exact-aware-popularity-rank
Harlem Shuffle,https://www.amazon.com/s?k=Harlem+Shuffle&i=hpc&s=exact-aware-popularity-rank&ref=sr_st_exact-aware-popularity-rank
Reds Blues,https://www.amazon.com/s?k=Reds+Blues&i=hpc&s=exact-aware-popularity-rank&ref=sr_st_exact-aware-popularity-rank
Saints Occasions,https://www.amazon.com/s?k=Saints+Occasions&i=hpc&s=exact-aware-popularity-rank&ref=sr_st_exact-aware-popularity-rank
At the Table,https://www.amazon.com/s?k=At+the+Table&i=hpc&s=exact-aware-popularity-rank&ref=sr_st_exact-aware-popularity-rank
