Keyword,Links
Frizz Free Dryer,https://www.amazon.com/s?k=Frizz+Free+Dryer&i=beauty&s=exact-aware-popularity-rank&ref=sr_st_exact-aware-popularity-rank
Pocket Comb,https://www.amazon.com/s?k=Pocket+Comb&i=beauty&s=exact-aware-popularity-rank&ref=sr_st_exact-aware-popularity-rank
Hair Shawl,https://www.amazon.com/s?k=Hair+Shawl&i=beauty&s=exact-aware-popularity-rank&ref=sr_st_exact-aware-popularity-rank
Traveling Iron,https://www.amazon.com/s?k=Traveling+Iron&i=beauty&s=exact-aware-popularity-rank&ref=sr_st_exact-aware-popularity-rank
Folding Dryer,https://www.amazon.com/s?k=Folding+Dryer&i=beauty&s=exact-aware-popularity-rank&ref=sr_st_exact-aware-popularity-rank
Curlers Pack,https://www.amazon.com/s?k=Curlers+Pack&i=beauty&s=exact-aware-popularity-rank&ref=sr_st_exact-aware-popularity-rank
Haircutting Clipper,https://www.amazon.com/s?k=Haircutting+Clipper&i=beauty&s=exact-aware-popularity-rank&ref=sr_st_exact-aware-popularity-rank
Ionic Hot Brush,https://www.amazon.com/s?k=Ionic+Hot+Brush&i=beauty&s=exact-aware-popularity-rank&ref=sr_st_exact-aware-popularity-rank
Hot Paddle,https://www.amazon.com/s?k=Hot+Paddle&i=beauty&s=exact-aware-popularity-rank&ref=sr_st_exact-aware-popularity-rank
Professional Styler,https://www.amazon.com/s?k=Professional+Styler&i=beauty&s=exact-aware-popularity-rank&ref=sr_st_exact-aware-popularity-rank
Moisture Styler,https://www.amazon.com/s?k=Moisture+Styler&i=beauty&s=exact-aware-popularity-rank&ref=sr_st_exact-aware-popularity-rank
Wave Wand,https://www.amazon.com/s?k=Wave+Wand&i=beauty&s=exact-aware-popularity-rank&ref=sr_st_exact-aware-popularity-rank
Hair Straighteners,https://www.amazon.com/s?k=Hair+Straighteners&i=beauty&s=exact-aware-popularity-rank&ref=sr_st_exact-aware-popularity-rank
Pink Gold Styler,https://www.amazon.com/s?k=Pink+Gold+Styler&i=beauty&s=exact-aware-popularity-rank&ref=sr_st_exact-aware-popularity-rank
Cordless Curling,https://www.amazon.com/s?k=Cordless+Curling&i=beauty&s=exact-aware-popularity-rank&ref=sr_st_exact-aware-popularity-rank
Hair pick,https://www.amazon.com/s?k=Hair+pick&i=beauty&s=exact-aware-popularity-rank&ref=sr_st_exact-aware-popularity-rank
Digital Flat Iron,https://www.amazon.com/s?k=Digital+Flat+Iron&i=beauty&s=exact-aware-popularity-rank&ref=sr_st_exact-aware-popularity-rank
Frizz brush,https://www.amazon.com/s?k=Frizz+brush&i=beauty&s=exact-aware-popularity-rank&ref=sr_st_exact-aware-popularity-rank
Sectioning Comb,https://www.amazon.com/s?k=Sectioning+Comb&i=beauty&s=exact-aware-popularity-rank&ref=sr_st_exact-aware-popularity-rank
Hood Dryer,https://www.amazon.com/s?k=Hood+Dryer&i=beauty&s=exact-aware-popularity-rank&ref=sr_st_exact-aware-popularity-rank
Titanium Curling Iron,https://www.amazon.com/s?k=Titanium+Curling+Iron&i=beauty&s=exact-aware-popularity-rank&ref=sr_st_exact-aware-popularity-rank
Assorted Combs,https://www.amazon.com/s?k=Assorted+Combs&i=beauty&s=exact-aware-popularity-rank&ref=sr_st_exact-aware-popularity-rank
Thinning Shears,https://www.amazon.com/s?k=Thinning+Shears&i=beauty&s=exact-aware-popularity-rank&ref=sr_st_exact-aware-popularity-rank
Wet Detangler,https://www.amazon.com/s?k=Wet+Detangler&i=beauty&s=exact-aware-popularity-rank&ref=sr_st_exact-aware-popularity-rank
Travel curling iron,https://www.amazon.com/s?k=Travel+curling+iron&i=beauty&s=exact-aware-popularity-rank&ref=sr_st_exact-aware-popularity-rank
Medium Comb,https://www.amazon.com/s?k=Medium+Comb&i=beauty&s=exact-aware-popularity-rank&ref=sr_st_exact-aware-popularity-rank
Mini Curling Iron,https://www.amazon.com/s?k=Mini+Curling+Iron&i=beauty&s=exact-aware-popularity-rank&ref=sr_st_exact-aware-popularity-rank
Black Comb,https://www.amazon.com/s?k=Black+Comb&i=beauty&s=exact-aware-popularity-rank&ref=sr_st_exact-aware-popularity-rank
Large comb,https://www.amazon.com/s?k=Large+comb&i=beauty&s=exact-aware-popularity-rank&ref=sr_st_exact-aware-popularity-rank
Curl Wand,https://www.amazon.com/s?k=Curl+Wand&i=beauty&s=exact-aware-popularity-rank&ref=sr_st_exact-aware-popularity-rank
Ceramic Rollers,https://www.amazon.com/s?k=Ceramic+Rollers&i=beauty&s=exact-aware-popularity-rank&ref=sr_st_exact-aware-popularity-rank
Shine Dryer,https://www.amazon.com/s?k=Shine+Dryer&i=beauty&s=exact-aware-popularity-rank&ref=sr_st_exact-aware-popularity-rank
Polka Dot Flat Iron,https://www.amazon.com/s?k=Polka+Dot+Flat+Iron&i=beauty&s=exact-aware-popularity-rank&ref=sr_st_exact-aware-popularity-rank
Botanicals Flat Iron,https://www.amazon.com/s?k=Botanicals+Flat+Iron&i=beauty&s=exact-aware-popularity-rank&ref=sr_st_exact-aware-popularity-rank
Detangler Dryer,https://www.amazon.com/s?k=Detangler+Dryer&i=beauty&s=exact-aware-popularity-rank&ref=sr_st_exact-aware-popularity-rank
Digital Hair Dryer,https://www.amazon.com/s?k=Digital+Hair+Dryer&i=beauty&s=exact-aware-popularity-rank&ref=sr_st_exact-aware-popularity-rank
Keratin Flat Iron,https://www.amazon.com/s?k=Keratin+Flat+Iron&i=beauty&s=exact-aware-popularity-rank&ref=sr_st_exact-aware-popularity-rank
Baby Hairbrush,https://www.amazon.com/s?k=Baby+Hairbrush&i=beauty&s=exact-aware-popularity-rank&ref=sr_st_exact-aware-popularity-rank
Travel Blow-Dryer,https://www.amazon.com/s?k=Travel+Blow-Dryer&i=beauty&s=exact-aware-popularity-rank&ref=sr_st_exact-aware-popularity-rank
Precision Flat Iron,https://www.amazon.com/s?k=Precision+Flat+Iron&i=beauty&s=exact-aware-popularity-rank&ref=sr_st_exact-aware-popularity-rank
Hair Steamer,https://www.amazon.com/s?k=Hair+Steamer&i=beauty&s=exact-aware-popularity-rank&ref=sr_st_exact-aware-popularity-rank
Gemstone Hair Comb,https://www.amazon.com/s?k=Gemstone+Hair+Comb&i=beauty&s=exact-aware-popularity-rank&ref=sr_st_exact-aware-popularity-rank
Carbon Fiber Comb,https://www.amazon.com/s?k=Carbon+Fiber+Comb&i=beauty&s=exact-aware-popularity-rank&ref=sr_st_exact-aware-popularity-rank
Hair Finisher,https://www.amazon.com/s?k=Hair+Finisher&i=beauty&s=exact-aware-popularity-rank&ref=sr_st_exact-aware-popularity-rank
Curly Hair Dryer,https://www.amazon.com/s?k=Curly+Hair+Dryer&i=beauty&s=exact-aware-popularity-rank&ref=sr_st_exact-aware-popularity-rank
High-Speed Hair Dryer,https://www.amazon.com/s?k=High-Speed+Hair+Dryer&i=beauty&s=exact-aware-popularity-rank&ref=sr_st_exact-aware-popularity-rank
Princess Brush,https://www.amazon.com/s?k=Princess+Brush&i=beauty&s=exact-aware-popularity-rank&ref=sr_st_exact-aware-popularity-rank
Pistol-Grip Dryer,https://www.amazon.com/s?k=Pistol-Grip+Dryer&i=beauty&s=exact-aware-popularity-rank&ref=sr_st_exact-aware-popularity-rank
Men's detangler,https://www.amazon.com/s?k=Men's+detangler&i=beauty&s=exact-aware-popularity-rank&ref=sr_st_exact-aware-popularity-rank
High Speed Dryer,https://www.amazon.com/s?k=High+Speed+Dryer&i=beauty&s=exact-aware-popularity-rank&ref=sr_st_exact-aware-popularity-rank
