Keyword,Links
Frizz Free Dryer,https://www.ebay.com/sch/i.html?_from=R40&_nkw=Frizz+Free+Dryer&_sacat=26395&rt=nc&LH_ItemCondition=3&LH_BIN=1&rt=nc&LH_PrefLoc=1
Pocket Comb,https://www.ebay.com/sch/i.html?_from=R40&_nkw=Pocket+Comb&_sacat=26395&rt=nc&LH_ItemCondition=3&LH_BIN=1&rt=nc&LH_PrefLoc=1
Hair Shawl,https://www.ebay.com/sch/i.html?_from=R40&_nkw=Hair+Shawl&_sacat=26395&rt=nc&LH_ItemCondition=3&LH_BIN=1&rt=nc&LH_PrefLoc=1
Traveling Iron,https://www.ebay.com/sch/i.html?_from=R40&_nkw=Traveling+Iron&_sacat=26395&rt=nc&LH_ItemCondition=3&LH_BIN=1&rt=nc&LH_PrefLoc=1
Folding Dryer,https://www.ebay.com/sch/i.html?_from=R40&_nkw=Folding+Dryer&_sacat=26395&rt=nc&LH_ItemCondition=3&LH_BIN=1&rt=nc&LH_PrefLoc=1
Curlers Pack,https://www.ebay.com/sch/i.html?_from=R40&_nkw=Curlers+Pack&_sacat=26395&rt=nc&LH_ItemCondition=3&LH_BIN=1&rt=nc&LH_PrefLoc=1
Haircutting Clipper,https://www.ebay.com/sch/i.html?_from=R40&_nkw=Haircutting+Clipper&_sacat=26395&rt=nc&LH_ItemCondition=3&LH_BIN=1&rt=nc&LH_PrefLoc=1
Ionic Hot Brush,https://www.ebay.com/sch/i.html?_from=R40&_nkw=Ionic+Hot+Brush&_sacat=26395&rt=nc&LH_ItemCondition=3&LH_BIN=1&rt=nc&LH_PrefLoc=1
Hot Paddle,https://www.ebay.com/sch/i.html?_from=R40&_nkw=Hot+Paddle&_sacat=26395&rt=nc&LH_ItemCondition=3&LH_BIN=1&rt=nc&LH_PrefLoc=1
Professional Styler,https://www.ebay.com/sch/i.html?_from=R40&_nkw=Professional+Styler&_sacat=26395&rt=nc&LH_ItemCondition=3&LH_BIN=1&rt=nc&LH_PrefLoc=1
Moisture Styler,https://www.ebay.com/sch/i.html?_from=R40&_nkw=Moisture+Styler&_sacat=26395&rt=nc&LH_ItemCondition=3&LH_BIN=1&rt=nc&LH_PrefLoc=1
Wave Wand,https://www.ebay.com/sch/i.html?_from=R40&_nkw=Wave+Wand&_sacat=26395&rt=nc&LH_ItemCondition=3&LH_BIN=1&rt=nc&LH_PrefLoc=1
Hair Straighteners,https://www.ebay.com/sch/i.html?_from=R40&_nkw=Hair+Straighteners&_sacat=26395&rt=nc&LH_ItemCondition=3&LH_BIN=1&rt=nc&LH_PrefLoc=1
Pink Gold Styler,https://www.ebay.com/sch/i.html?_from=R40&_nkw=Pink+Gold+Styler&_sacat=26395&rt=nc&LH_ItemCondition=3&LH_BIN=1&rt=nc&LH_PrefLoc=1
Cordless Curling,https://www.ebay.com/sch/i.html?_from=R40&_nkw=Cordless+Curling&_sacat=26395&rt=nc&LH_ItemCondition=3&LH_BIN=1&rt=nc&LH_PrefLoc=1
Hair pick,https://www.ebay.com/sch/i.html?_from=R40&_nkw=Hair+pick&_sacat=26395&rt=nc&LH_ItemCondition=3&LH_BIN=1&rt=nc&LH_PrefLoc=1
Digital Flat Iron,https://www.ebay.com/sch/i.html?_from=R40&_nkw=Digital+Flat+Iron&_sacat=26395&rt=nc&LH_ItemCondition=3&LH_BIN=1&rt=nc&LH_PrefLoc=1
Frizz brush,https://www.ebay.com/sch/i.html?_from=R40&_nkw=Frizz+brush&_sacat=26395&rt=nc&LH_ItemCondition=3&LH_BIN=1&rt=nc&LH_PrefLoc=1
Sectioning Comb,https://www.ebay.com/sch/i.html?_from=R40&_nkw=Sectioning+Comb&_sacat=26395&rt=nc&LH_ItemCondition=3&LH_BIN=1&rt=nc&LH_PrefLoc=1
Hood Dryer,https://www.ebay.com/sch/i.html?_from=R40&_nkw=Hood+Dryer&_sacat=26395&rt=nc&LH_ItemCondition=3&LH_BIN=1&rt=nc&LH_PrefLoc=1
Titanium Curling Iron,https://www.ebay.com/sch/i.html?_from=R40&_nkw=Titanium+Curling+Iron&_sacat=26395&rt=nc&LH_ItemCondition=3&LH_BIN=1&rt=nc&LH_PrefLoc=1
Assorted Combs,https://www.ebay.com/sch/i.html?_from=R40&_nkw=Assorted+Combs&_sacat=26395&rt=nc&LH_ItemCondition=3&LH_BIN=1&rt=nc&LH_PrefLoc=1
Thinning Shears,https://www.ebay.com/sch/i.html?_from=R40&_nkw=Thinning+Shears&_sacat=26395&rt=nc&LH_ItemCondition=3&LH_BIN=1&rt=nc&LH_PrefLoc=1
Wet Detangler,https://www.ebay.com/sch/i.html?_from=R40&_nkw=Wet+Detangler&_sacat=26395&rt=nc&LH_ItemCondition=3&LH_BIN=1&rt=nc&LH_PrefLoc=1
Travel curling iron,https://www.ebay.com/sch/i.html?_from=R40&_nkw=Travel+curling+iron&_sacat=26395&rt=nc&LH_ItemCondition=3&LH_BIN=1&rt=nc&LH_PrefLoc=1
Medium Comb,https://www.ebay.com/sch/i.html?_from=R40&_nkw=Medium+Comb&_sacat=26395&rt=nc&LH_ItemCondition=3&LH_BIN=1&rt=nc&LH_PrefLoc=1
Mini Curling Iron,https://www.ebay.com/sch/i.html?_from=R40&_nkw=Mini+Curling+Iron&_sacat=26395&rt=nc&LH_ItemCondition=3&LH_BIN=1&rt=nc&LH_PrefLoc=1
Black Comb,https://www.ebay.com/sch/i.html?_from=R40&_nkw=Black+Comb&_sacat=26395&rt=nc&LH_ItemCondition=3&LH_BIN=1&rt=nc&LH_PrefLoc=1
Large comb,https://www.ebay.com/sch/i.html?_from=R40&_nkw=Large+comb&_sacat=26395&rt=nc&LH_ItemCondition=3&LH_BIN=1&rt=nc&LH_PrefLoc=1
Curl Wand,https://www.ebay.com/sch/i.html?_from=R40&_nkw=Curl+Wand&_sacat=26395&rt=nc&LH_ItemCondition=3&LH_BIN=1&rt=nc&LH_PrefLoc=1
Ceramic Rollers,https://www.ebay.com/sch/i.html?_from=R40&_nkw=Ceramic+Rollers&_sacat=26395&rt=nc&LH_ItemCondition=3&LH_BIN=1&rt=nc&LH_PrefLoc=1
Shine Dryer,https://www.ebay.com/sch/i.html?_from=R40&_nkw=Shine+Dryer&_sacat=26395&rt=nc&LH_ItemCondition=3&LH_BIN=1&rt=nc&LH_PrefLoc=1
Polka Dot Flat Iron,https://www.ebay.com/sch/i.html?_from=R40&_nkw=Polka+Dot+Flat+Iron&_sacat=26395&rt=nc&LH_ItemCondition=3&LH_BIN=1&rt=nc&LH_PrefLoc=1
Botanicals Flat Iron,https://www.ebay.com/sch/i.html?_from=R40&_nkw=Botanicals+Flat+Iron&_sacat=26395&rt=nc&LH_ItemCondition=3&LH_BIN=1&rt=nc&LH_PrefLoc=1
Detangler Dryer,https://www.ebay.com/sch/i.html?_from=R40&_nkw=Detangler+Dryer&_sacat=26395&rt=nc&LH_ItemCondition=3&LH_BIN=1&rt=nc&LH_PrefLoc=1
Digital Hair Dryer,https://www.ebay.com/sch/i.html?_from=R40&_nkw=Digital+Hair+Dryer&_sacat=26395&rt=nc&LH_ItemCondition=3&LH_BIN=1&rt=nc&LH_PrefLoc=1
Keratin Flat Iron,https://www.ebay.com/sch/i.html?_from=R40&_nkw=Keratin+Flat+Iron&_sacat=26395&rt=nc&LH_ItemCondition=3&LH_BIN=1&rt=nc&LH_PrefLoc=1
Baby Hairbrush,https://www.ebay.com/sch/i.html?_from=R40&_nkw=Baby+Hairbrush&_sacat=26395&rt=nc&LH_ItemCondition=3&LH_BIN=1&rt=nc&LH_PrefLoc=1
Travel Blow-Dryer,https://www.ebay.com/sch/i.html?_from=R40&_nkw=Travel+Blow-Dryer&_sacat=26395&rt=nc&LH_ItemCondition=3&LH_BIN=1&rt=nc&LH_PrefLoc=1
Precision Flat Iron,https://www.ebay.com/sch/i.html?_from=R40&_nkw=Precision+Flat+Iron&_sacat=26395&rt=nc&LH_ItemCondition=3&LH_BIN=1&rt=nc&LH_PrefLoc=1
Hair Steamer,https://www.ebay.com/sch/i.html?_from=R40&_nkw=Hair+Steamer&_sacat=26395&rt=nc&LH_ItemCondition=3&LH_BIN=1&rt=nc&LH_PrefLoc=1
Gemstone Hair Comb,https://www.ebay.com/sch/i.html?_from=R40&_nkw=Gemstone+Hair+Comb&_sacat=26395&rt=nc&LH_ItemCondition=3&LH_BIN=1&rt=nc&LH_PrefLoc=1
Carbon Fiber Comb,https://www.ebay.com/sch/i.html?_from=R40&_nkw=Carbon+Fiber+Comb&_sacat=26395&rt=nc&LH_ItemCondition=3&LH_BIN=1&rt=nc&LH_PrefLoc=1
Hair Finisher,https://www.ebay.com/sch/i.html?_from=R40&_nkw=Hair+Finisher&_sacat=26395&rt=nc&LH_ItemCondition=3&LH_BIN=1&rt=nc&LH_PrefLoc=1
Curly Hair Dryer,https://www.ebay.com/sch/i.html?_from=R40&_nkw=Curly+Hair+Dryer&_sacat=26395&rt=nc&LH_ItemCondition=3&LH_BIN=1&rt=nc&LH_PrefLoc=1
High-Speed Hair Dryer,https://www.ebay.com/sch/i.html?_from=R40&_nkw=High-Speed+Hair+Dryer&_sacat=26395&rt=nc&LH_ItemCondition=3&LH_BIN=1&rt=nc&LH_PrefLoc=1
Princess Brush,https://www.ebay.com/sch/i.html?_from=R40&_nkw=Princess+Brush&_sacat=26395&rt=nc&LH_ItemCondition=3&LH_BIN=1&rt=nc&LH_PrefLoc=1
Pistol-Grip Dryer,https://www.ebay.com/sch/i.html?_from=R40&_nkw=Pistol-Grip+Dryer&_sacat=26395&rt=nc&LH_ItemCondition=3&LH_BIN=1&rt=nc&LH_PrefLoc=1
Men's detangler,https://www.ebay.com/sch/i.html?_from=R40&_nkw=Men's+detangler&_sacat=26395&rt=nc&LH_ItemCondition=3&LH_BIN=1&rt=nc&LH_PrefLoc=1
High Speed Dryer,https://www.ebay.com/sch/i.html?_from=R40&_nkw=High+Speed+Dryer&_sacat=26395&rt=nc&LH_ItemCondition=3&LH_BIN=1&rt=nc&LH_PrefLoc=1
