Keyword,Links
Vitamin C Gummies,https://www.amazon.com/s?k=Vitamin+C+Gummies&i=hpc&s=exact-aware-popularity-rank&ref=sr_st_exact-aware-popularity-rank
Citrus Drops,https://www.amazon.com/s?k=Citrus+Drops&i=hpc&s=exact-aware-popularity-rank&ref=sr_st_exact-aware-popularity-rank
Propolis Spray,https://www.amazon.com/s?k=Propolis+Spray&i=hpc&s=exact-aware-popularity-rank&ref=sr_st_exact-aware-popularity-rank
Zinc Supplement,https://www.amazon.com/s?k=Zinc+Supplement&i=hpc&s=exact-aware-popularity-rank&ref=sr_st_exact-aware-popularity-rank
Men's multivitamins,https://www.amazon.com/s?k=Men's+multivitamins&i=hpc&s=exact-aware-popularity-rank&ref=sr_st_exact-aware-popularity-rank
Elderberry Relief,https://www.amazon.com/s?k=Elderberry+Relief&i=hpc&s=exact-aware-popularity-rank&ref=sr_st_exact-aware-popularity-rank
Protein coffee,https://www.amazon.com/s?k=Protein+coffee&i=hpc&s=exact-aware-popularity-rank&ref=sr_st_exact-aware-popularity-rank
Elderberry Gummies,https://www.amazon.com/s?k=Elderberry+Gummies&i=hpc&s=exact-aware-popularity-rank&ref=sr_st_exact-aware-popularity-rank
Vitamin D3 Gummies,https://www.amazon.com/s?k=Vitamin+D3+Gummies&i=hpc&s=exact-aware-popularity-rank&ref=sr_st_exact-aware-popularity-rank
Zinc Capsules,https://www.amazon.com/s?k=Zinc+Capsules&i=hpc&s=exact-aware-popularity-rank&ref=sr_st_exact-aware-popularity-rank
Kids vitamins,https://www.amazon.com/s?k=Kids+vitamins&i=hpc&s=exact-aware-popularity-rank&ref=sr_st_exact-aware-popularity-rank
Resveratrol Supplement,https://www.amazon.com/s?k=Resveratrol+Supplement&i=hpc&s=exact-aware-popularity-rank&ref=sr_st_exact-aware-popularity-rank
Greens Powder,https://www.amazon.com/s?k=Greens+Powder&i=hpc&s=exact-aware-popularity-rank&ref=sr_st_exact-aware-popularity-rank
Elderberry Extract,https://www.amazon.com/s?k=Elderberry+Extract&i=hpc&s=exact-aware-popularity-rank&ref=sr_st_exact-aware-popularity-rank
Immunity Gummies,https://www.amazon.com/s?k=Immunity+Gummies&i=hpc&s=exact-aware-popularity-rank&ref=sr_st_exact-aware-popularity-rank
Chewable Vitamin C,https://www.amazon.com/s?k=Chewable+Vitamin+C&i=hpc&s=exact-aware-popularity-rank&ref=sr_st_exact-aware-popularity-rank
Vitamin C Chewables,https://www.amazon.com/s?k=Vitamin+C+Chewables&i=hpc&s=exact-aware-popularity-rank&ref=sr_st_exact-aware-popularity-rank
Glutathione Supplement,https://www.amazon.com/s?k=Glutathione+Supplement&i=hpc&s=exact-aware-popularity-rank&ref=sr_st_exact-aware-popularity-rank
B-Complex Stress,https://www.amazon.com/s?k=B-Complex+Stress&i=hpc&s=exact-aware-popularity-rank&ref=sr_st_exact-aware-popularity-rank
Women's Multivitamins,https://www.amazon.com/s?k=Women's+Multivitamins&i=hpc&s=exact-aware-popularity-rank&ref=sr_st_exact-aware-popularity-rank
Astragalus supplement,https://www.amazon.com/s?k=Astragalus+supplement&i=hpc&s=exact-aware-popularity-rank&ref=sr_st_exact-aware-popularity-rank
Silver Hydrosol,https://www.amazon.com/s?k=Silver+Hydrosol&i=hpc&s=exact-aware-popularity-rank&ref=sr_st_exact-aware-popularity-rank
NAC Capsules,https://www.amazon.com/s?k=NAC+Capsules&i=hpc&s=exact-aware-popularity-rank&ref=sr_st_exact-aware-popularity-rank
Immune syrup,https://www.amazon.com/s?k=Immune+syrup&i=hpc&s=exact-aware-popularity-rank&ref=sr_st_exact-aware-popularity-rank
Vitamin D3 K2,https://www.amazon.com/s?k=Vitamin+D3+K2&i=hpc&s=exact-aware-popularity-rank&ref=sr_st_exact-aware-popularity-rank
Electrolyte Mix,https://www.amazon.com/s?k=Electrolyte+Mix&i=hpc&s=exact-aware-popularity-rank&ref=sr_st_exact-aware-popularity-rank
Cranberry Gummies,https://www.amazon.com/s?k=Cranberry+Gummies&i=hpc&s=exact-aware-popularity-rank&ref=sr_st_exact-aware-popularity-rank
Elderberry Support,https://www.amazon.com/s?k=Elderberry+Support&i=hpc&s=exact-aware-popularity-rank&ref=sr_st_exact-aware-popularity-rank
Multivitamin Supplement,https://www.amazon.com/s?k=Multivitamin+Supplement&i=hpc&s=exact-aware-popularity-rank&ref=sr_st_exact-aware-popularity-rank
Multivitamin Tablets,https://www.amazon.com/s?k=Multivitamin+Tablets&i=hpc&s=exact-aware-popularity-rank&ref=sr_st_exact-aware-popularity-rank
Quercetin Bromelain,https://www.amazon.com/s?k=Quercetin+Bromelain&i=hpc&s=exact-aware-popularity-rank&ref=sr_st_exact-aware-popularity-rank
Elderberry Syrup,https://www.amazon.com/s?k=Elderberry+Syrup&i=hpc&s=exact-aware-popularity-rank&ref=sr_st_exact-aware-popularity-rank
NAC supplement,https://www.amazon.com/s?k=NAC+supplement&i=hpc&s=exact-aware-popularity-rank&ref=sr_st_exact-aware-popularity-rank
Elderberry Concentrate,https://www.amazon.com/s?k=Elderberry+Concentrate&i=hpc&s=exact-aware-popularity-rank&ref=sr_st_exact-aware-popularity-rank
Antibiotic Ointment,https://www.amazon.com/s?k=Antibiotic+Ointment&i=hpc&s=exact-aware-popularity-rank&ref=sr_st_exact-aware-popularity-rank
Liposomal Glutathione,https://www.amazon.com/s?k=Liposomal+Glutathione&i=hpc&s=exact-aware-popularity-rank&ref=sr_st_exact-aware-popularity-rank
Kids Gummies,https://www.amazon.com/s?k=Kids+Gummies&i=hpc&s=exact-aware-popularity-rank&ref=sr_st_exact-aware-popularity-rank
Gummy Vitamins,https://www.amazon.com/s?k=Gummy+Vitamins&i=hpc&s=exact-aware-popularity-rank&ref=sr_st_exact-aware-popularity-rank
Toddler Multivitamin,https://www.amazon.com/s?k=Toddler+Multivitamin&i=hpc&s=exact-aware-popularity-rank&ref=sr_st_exact-aware-popularity-rank
BCAA Energy,https://www.amazon.com/s?k=BCAA+Energy&i=hpc&s=exact-aware-popularity-rank&ref=sr_st_exact-aware-popularity-rank
Colostrum Powder,https://www.amazon.com/s?k=Colostrum+Powder&i=hpc&s=exact-aware-popularity-rank&ref=sr_st_exact-aware-popularity-rank
C Gummy,https://www.amazon.com/s?k=C+Gummy&i=hpc&s=exact-aware-popularity-rank&ref=sr_st_exact-aware-popularity-rank
Children's multivitamin,https://www.amazon.com/s?k=Children's+multivitamin&i=hpc&s=exact-aware-popularity-rank&ref=sr_st_exact-aware-popularity-rank
Echinacea Capsules,https://www.amazon.com/s?k=Echinacea+Capsules&i=hpc&s=exact-aware-popularity-rank&ref=sr_st_exact-aware-popularity-rank
Quercetin Zinc,https://www.amazon.com/s?k=Quercetin+Zinc&i=hpc&s=exact-aware-popularity-rank&ref=sr_st_exact-aware-popularity-rank
Cranberry Softgels,https://www.amazon.com/s?k=Cranberry+Softgels&i=hpc&s=exact-aware-popularity-rank&ref=sr_st_exact-aware-popularity-rank
Women multivitamin,https://www.amazon.com/s?k=Women+multivitamin&i=hpc&s=exact-aware-popularity-rank&ref=sr_st_exact-aware-popularity-rank
Beet Capsules,https://www.amazon.com/s?k=Beet+Capsules&i=hpc&s=exact-aware-popularity-rank&ref=sr_st_exact-aware-popularity-rank
Women multivitamins,https://www.amazon.com/s?k=Women+multivitamins&i=hpc&s=exact-aware-popularity-rank&ref=sr_st_exact-aware-popularity-rank
Melatonin Gummies,https://www.amazon.com/s?k=Melatonin+Gummies&i=hpc&s=exact-aware-popularity-rank&ref=sr_st_exact-aware-popularity-rank
