Keyword,Links
Ceramic Hairbrush,https://www.amazon.com/s?k=Ceramic+Hairbrush&i=beauty&s=exact-aware-popularity-rank&ref=sr_st_exact-aware-popularity-rank
Ceramic Straightener,https://www.amazon.com/s?k=Ceramic+Straightener&i=beauty&s=exact-aware-popularity-rank&ref=sr_st_exact-aware-popularity-rank
Clipper Charger,https://www.amazon.com/s?k=Clipper+Charger&i=beauty&s=exact-aware-popularity-rank&ref=sr_st_exact-aware-popularity-rank
Clipper Base,https://www.amazon.com/s?k=Clipper+Base&i=beauty&s=exact-aware-popularity-rank&ref=sr_st_exact-aware-popularity-rank
Color Coded Guides,https://www.amazon.com/s?k=Color+Coded+Guides&i=beauty&s=exact-aware-popularity-rank&ref=sr_st_exact-aware-popularity-rank
Replacement Foil,https://www.amazon.com/s?k=Replacement+Foil&i=beauty&s=exact-aware-popularity-rank&ref=sr_st_exact-aware-popularity-rank
Dual Voltage,https://www.amazon.com/s?k=Dual+Voltage&i=beauty&s=exact-aware-popularity-rank&ref=sr_st_exact-aware-popularity-rank
Brush cleaner,https://www.amazon.com/s?k=Brush+cleaner&i=beauty&s=exact-aware-popularity-rank&ref=sr_st_exact-aware-popularity-rank
Cutting Guides,https://www.amazon.com/s?k=Cutting+Guides&i=beauty&s=exact-aware-popularity-rank&ref=sr_st_exact-aware-popularity-rank
Trimmer Guards,https://www.amazon.com/s?k=Trimmer+Guards&i=beauty&s=exact-aware-popularity-rank&ref=sr_st_exact-aware-popularity-rank
Ceramic Brush,https://www.amazon.com/s?k=Ceramic+Brush&i=beauty&s=exact-aware-popularity-rank&ref=sr_st_exact-aware-popularity-rank
Ceramic Hair Brush,https://www.amazon.com/s?k=Ceramic+Hair+Brush&i=beauty&s=exact-aware-popularity-rank&ref=sr_st_exact-aware-popularity-rank
Detail trimmer,https://www.amazon.com/s?k=Detail+trimmer&i=beauty&s=exact-aware-popularity-rank&ref=sr_st_exact-aware-popularity-rank
Trimmer Base,https://www.amazon.com/s?k=Trimmer+Base&i=beauty&s=exact-aware-popularity-rank&ref=sr_st_exact-aware-popularity-rank
Professional Clipper,https://www.amazon.com/s?k=Professional+Clipper&i=beauty&s=exact-aware-popularity-rank&ref=sr_st_exact-aware-popularity-rank
Oval Barrel,https://www.amazon.com/s?k=Oval+Barrel&i=beauty&s=exact-aware-popularity-rank&ref=sr_st_exact-aware-popularity-rank
High Torque Clipper,https://www.amazon.com/s?k=High+Torque+Clipper&i=beauty&s=exact-aware-popularity-rank&ref=sr_st_exact-aware-popularity-rank
Hair Brush,https://www.amazon.com/s?k=Hair+Brush&i=beauty&s=exact-aware-popularity-rank&ref=sr_st_exact-aware-popularity-rank
T-shaped trimmer,https://www.amazon.com/s?k=T-shaped+trimmer&i=beauty&s=exact-aware-popularity-rank&ref=sr_st_exact-aware-popularity-rank
Ergonomic Brush,https://www.amazon.com/s?k=Ergonomic+Brush&i=beauty&s=exact-aware-popularity-rank&ref=sr_st_exact-aware-popularity-rank
Balding Blade,https://www.amazon.com/s?k=Balding+Blade&i=beauty&s=exact-aware-popularity-rank&ref=sr_st_exact-aware-popularity-rank
Ceramic Waver,https://www.amazon.com/s?k=Ceramic+Waver&i=beauty&s=exact-aware-popularity-rank&ref=sr_st_exact-aware-popularity-rank
Ceramic Curling,https://www.amazon.com/s?k=Ceramic+Curling&i=beauty&s=exact-aware-popularity-rank&ref=sr_st_exact-aware-popularity-rank
Smart Curling,https://www.amazon.com/s?k=Smart+Curling&i=beauty&s=exact-aware-popularity-rank&ref=sr_st_exact-aware-popularity-rank
Barber Mat,https://www.amazon.com/s?k=Barber+Mat&i=beauty&s=exact-aware-popularity-rank&ref=sr_st_exact-aware-popularity-rank
Taper Blade,https://www.amazon.com/s?k=Taper+Blade&i=beauty&s=exact-aware-popularity-rank&ref=sr_st_exact-aware-popularity-rank
Clipper grips,https://www.amazon.com/s?k=Clipper+grips&i=beauty&s=exact-aware-popularity-rank&ref=sr_st_exact-aware-popularity-rank
Brush Styler,https://www.amazon.com/s?k=Brush+Styler&i=beauty&s=exact-aware-popularity-rank&ref=sr_st_exact-aware-popularity-rank
T-Blade Trimmer,https://www.amazon.com/s?k=T-Blade+Trimmer&i=beauty&s=exact-aware-popularity-rank&ref=sr_st_exact-aware-popularity-rank
Styler Set,https://www.amazon.com/s?k=Styler+Set&i=beauty&s=exact-aware-popularity-rank&ref=sr_st_exact-aware-popularity-rank
Boar Hair Brush,https://www.amazon.com/s?k=Boar+Hair+Brush&i=beauty&s=exact-aware-popularity-rank&ref=sr_st_exact-aware-popularity-rank
Nose Trimmer,https://www.amazon.com/s?k=Nose+Trimmer&i=beauty&s=exact-aware-popularity-rank&ref=sr_st_exact-aware-popularity-rank
Detangler Brush,https://www.amazon.com/s?k=Detangler+Brush&i=beauty&s=exact-aware-popularity-rank&ref=sr_st_exact-aware-popularity-rank
Air Drying Brush,https://www.amazon.com/s?k=Air+Drying+Brush&i=beauty&s=exact-aware-popularity-rank&ref=sr_st_exact-aware-popularity-rank
Attachment Organizer,https://www.amazon.com/s?k=Attachment+Organizer&i=beauty&s=exact-aware-popularity-rank&ref=sr_st_exact-aware-popularity-rank
Round hair brush,https://www.amazon.com/s?k=Round+hair+brush&i=beauty&s=exact-aware-popularity-rank&ref=sr_st_exact-aware-popularity-rank
Attachment Combs,https://www.amazon.com/s?k=Attachment+Combs&i=beauty&s=exact-aware-popularity-rank&ref=sr_st_exact-aware-popularity-rank
Styler Brush,https://www.amazon.com/s?k=Styler+Brush&i=beauty&s=exact-aware-popularity-rank&ref=sr_st_exact-aware-popularity-rank
Clipper guides,https://www.amazon.com/s?k=Clipper+guides&i=beauty&s=exact-aware-popularity-rank&ref=sr_st_exact-aware-popularity-rank
Wedge Blade,https://www.amazon.com/s?k=Wedge+Blade&i=beauty&s=exact-aware-popularity-rank&ref=sr_st_exact-aware-popularity-rank
Battery Stand,https://www.amazon.com/s?k=Battery+Stand&i=beauty&s=exact-aware-popularity-rank&ref=sr_st_exact-aware-popularity-rank
Vegan Brush,https://www.amazon.com/s?k=Vegan+Brush&i=beauty&s=exact-aware-popularity-rank&ref=sr_st_exact-aware-popularity-rank
Boar Brush,https://www.amazon.com/s?k=Boar+Brush&i=beauty&s=exact-aware-popularity-rank&ref=sr_st_exact-aware-popularity-rank
Bamboo Hairbrush,https://www.amazon.com/s?k=Bamboo+Hairbrush&i=beauty&s=exact-aware-popularity-rank&ref=sr_st_exact-aware-popularity-rank
Cutting Guide,https://www.amazon.com/s?k=Cutting+Guide&i=beauty&s=exact-aware-popularity-rank&ref=sr_st_exact-aware-popularity-rank
Clipper Blades,https://www.amazon.com/s?k=Clipper+Blades&i=beauty&s=exact-aware-popularity-rank&ref=sr_st_exact-aware-popularity-rank
Wide Trimmer,https://www.amazon.com/s?k=Wide+Trimmer&i=beauty&s=exact-aware-popularity-rank&ref=sr_st_exact-aware-popularity-rank
Trimmer Covers,https://www.amazon.com/s?k=Trimmer+Covers&i=beauty&s=exact-aware-popularity-rank&ref=sr_st_exact-aware-popularity-rank
Thermal Styler,https://www.amazon.com/s?k=Thermal+Styler&i=beauty&s=exact-aware-popularity-rank&ref=sr_st_exact-aware-popularity-rank
Clipper Covers,https://www.amazon.com/s?k=Clipper+Covers&i=beauty&s=exact-aware-popularity-rank&ref=sr_st_exact-aware-popularity-rank
