Keyword,Links
Probiotic Fat Burner,https://www.ebay.com/sch/i.html?_from=R40&_nkw=Probiotic+Fat+Burner&_sacat=26395&rt=nc&LH_ItemCondition=3&LH_BIN=1&rt=nc&LH_PrefLoc=1
Prebiotic Probiotic,https://www.ebay.com/sch/i.html?_from=R40&_nkw=Prebiotic+Probiotic&_sacat=26395&rt=nc&LH_ItemCondition=3&LH_BIN=1&rt=nc&LH_PrefLoc=1
Probiotics Men,https://www.ebay.com/sch/i.html?_from=R40&_nkw=Probiotics+Men&_sacat=26395&rt=nc&LH_ItemCondition=3&LH_BIN=1&rt=nc&LH_PrefLoc=1
Feminine Probiotic,https://www.ebay.com/sch/i.html?_from=R40&_nkw=Feminine+Probiotic&_sacat=26395&rt=nc&LH_ItemCondition=3&LH_BIN=1&rt=nc&LH_PrefLoc=1
Women's Probiotics,https://www.ebay.com/sch/i.html?_from=R40&_nkw=Women's+Probiotics&_sacat=26395&rt=nc&LH_ItemCondition=3&LH_BIN=1&rt=nc&LH_PrefLoc=1
Probiotics Digestive,https://www.ebay.com/sch/i.html?_from=R40&_nkw=Probiotics+Digestive&_sacat=26395&rt=nc&LH_ItemCondition=3&LH_BIN=1&rt=nc&LH_PrefLoc=1
Probiotic Gummy,https://www.ebay.com/sch/i.html?_from=R40&_nkw=Probiotic+Gummy&_sacat=26395&rt=nc&LH_ItemCondition=3&LH_BIN=1&rt=nc&LH_PrefLoc=1
Advanced Probiotic,https://www.ebay.com/sch/i.html?_from=R40&_nkw=Advanced+Probiotic&_sacat=26395&rt=nc&LH_ItemCondition=3&LH_BIN=1&rt=nc&LH_PrefLoc=1
Womens Probiotic,https://www.ebay.com/sch/i.html?_from=R40&_nkw=Womens+Probiotic&_sacat=26395&rt=nc&LH_ItemCondition=3&LH_BIN=1&rt=nc&LH_PrefLoc=1
Toddler Probiotic,https://www.ebay.com/sch/i.html?_from=R40&_nkw=Toddler+Probiotic&_sacat=26395&rt=nc&LH_ItemCondition=3&LH_BIN=1&rt=nc&LH_PrefLoc=1
Probiotics Supplement,https://www.ebay.com/sch/i.html?_from=R40&_nkw=Probiotics+Supplement&_sacat=26395&rt=nc&LH_ItemCondition=3&LH_BIN=1&rt=nc&LH_PrefLoc=1
Vegan Superfood,https://www.ebay.com/sch/i.html?_from=R40&_nkw=Vegan+Superfood&_sacat=26395&rt=nc&LH_ItemCondition=3&LH_BIN=1&rt=nc&LH_PrefLoc=1
Synbiotic Probiotic,https://www.ebay.com/sch/i.html?_from=R40&_nkw=Synbiotic+Probiotic&_sacat=26395&rt=nc&LH_ItemCondition=3&LH_BIN=1&rt=nc&LH_PrefLoc=1
Cranberry Probiotic,https://www.ebay.com/sch/i.html?_from=R40&_nkw=Cranberry+Probiotic&_sacat=26395&rt=nc&LH_ItemCondition=3&LH_BIN=1&rt=nc&LH_PrefLoc=1
Detox Strategy,https://www.ebay.com/sch/i.html?_from=R40&_nkw=Detox+Strategy&_sacat=26395&rt=nc&LH_ItemCondition=3&LH_BIN=1&rt=nc&LH_PrefLoc=1
Probiotic Supplements,https://www.ebay.com/sch/i.html?_from=R40&_nkw=Probiotic+Supplements&_sacat=26395&rt=nc&LH_ItemCondition=3&LH_BIN=1&rt=nc&LH_PrefLoc=1
Probiotic Apricots,https://www.ebay.com/sch/i.html?_from=R40&_nkw=Probiotic+Apricots&_sacat=26395&rt=nc&LH_ItemCondition=3&LH_BIN=1&rt=nc&LH_PrefLoc=1
Digestive Comfort,https://www.ebay.com/sch/i.html?_from=R40&_nkw=Digestive+Comfort&_sacat=26395&rt=nc&LH_ItemCondition=3&LH_BIN=1&rt=nc&LH_PrefLoc=1
Probiotics Women,https://www.ebay.com/sch/i.html?_from=R40&_nkw=Probiotics+Women&_sacat=26395&rt=nc&LH_ItemCondition=3&LH_BIN=1&rt=nc&LH_PrefLoc=1
Postnatal Probiotic,https://www.ebay.com/sch/i.html?_from=R40&_nkw=Postnatal+Probiotic&_sacat=26395&rt=nc&LH_ItemCondition=3&LH_BIN=1&rt=nc&LH_PrefLoc=1
Soil Probiotic,https://www.ebay.com/sch/i.html?_from=R40&_nkw=Soil+Probiotic&_sacat=26395&rt=nc&LH_ItemCondition=3&LH_BIN=1&rt=nc&LH_PrefLoc=1
Soil Probiotics,https://www.ebay.com/sch/i.html?_from=R40&_nkw=Soil+Probiotics&_sacat=26395&rt=nc&LH_ItemCondition=3&LH_BIN=1&rt=nc&LH_PrefLoc=1
Vegetarian Probiotics,https://www.ebay.com/sch/i.html?_from=R40&_nkw=Vegetarian+Probiotics&_sacat=26395&rt=nc&LH_ItemCondition=3&LH_BIN=1&rt=nc&LH_PrefLoc=1
Gut Support,https://www.ebay.com/sch/i.html?_from=R40&_nkw=Gut+Support&_sacat=26395&rt=nc&LH_ItemCondition=3&LH_BIN=1&rt=nc&LH_PrefLoc=1
Digestive Immunity,https://www.ebay.com/sch/i.html?_from=R40&_nkw=Digestive+Immunity&_sacat=26395&rt=nc&LH_ItemCondition=3&LH_BIN=1&rt=nc&LH_PrefLoc=1
Dual Action Probiotic,https://www.ebay.com/sch/i.html?_from=R40&_nkw=Dual+Action+Probiotic&_sacat=26395&rt=nc&LH_ItemCondition=3&LH_BIN=1&rt=nc&LH_PrefLoc=1
Bromelain Supplements,https://www.ebay.com/sch/i.html?_from=R40&_nkw=Bromelain+Supplements&_sacat=26395&rt=nc&LH_ItemCondition=3&LH_BIN=1&rt=nc&LH_PrefLoc=1
Candida Complex,https://www.ebay.com/sch/i.html?_from=R40&_nkw=Candida+Complex&_sacat=26395&rt=nc&LH_ItemCondition=3&LH_BIN=1&rt=nc&LH_PrefLoc=1
Probiotics Care,https://www.ebay.com/sch/i.html?_from=R40&_nkw=Probiotics+Care&_sacat=26395&rt=nc&LH_ItemCondition=3&LH_BIN=1&rt=nc&LH_PrefLoc=1
Immune Boosters,https://www.ebay.com/sch/i.html?_from=R40&_nkw=Immune+Boosters&_sacat=26395&rt=nc&LH_ItemCondition=3&LH_BIN=1&rt=nc&LH_PrefLoc=1
Lactose Probiotic,https://www.ebay.com/sch/i.html?_from=R40&_nkw=Lactose+Probiotic&_sacat=26395&rt=nc&LH_ItemCondition=3&LH_BIN=1&rt=nc&LH_PrefLoc=1
Infant Probiotics,https://www.ebay.com/sch/i.html?_from=R40&_nkw=Infant+Probiotics&_sacat=26395&rt=nc&LH_ItemCondition=3&LH_BIN=1&rt=nc&LH_PrefLoc=1
Cleanse capsules,https://www.ebay.com/sch/i.html?_from=R40&_nkw=Cleanse+capsules&_sacat=26395&rt=nc&LH_ItemCondition=3&LH_BIN=1&rt=nc&LH_PrefLoc=1
Infant Probiotic,https://www.ebay.com/sch/i.html?_from=R40&_nkw=Infant+Probiotic&_sacat=26395&rt=nc&LH_ItemCondition=3&LH_BIN=1&rt=nc&LH_PrefLoc=1
Probiotic Suppositories,https://www.ebay.com/sch/i.html?_from=R40&_nkw=Probiotic+Suppositories&_sacat=26395&rt=nc&LH_ItemCondition=3&LH_BIN=1&rt=nc&LH_PrefLoc=1
Kids Probiotics,https://www.ebay.com/sch/i.html?_from=R40&_nkw=Kids+Probiotics&_sacat=26395&rt=nc&LH_ItemCondition=3&LH_BIN=1&rt=nc&LH_PrefLoc=1
Probiotic Mango,https://www.ebay.com/sch/i.html?_from=R40&_nkw=Probiotic+Mango&_sacat=26395&rt=nc&LH_ItemCondition=3&LH_BIN=1&rt=nc&LH_PrefLoc=1
Probiotic Turmeric,https://www.ebay.com/sch/i.html?_from=R40&_nkw=Probiotic+Turmeric&_sacat=26395&rt=nc&LH_ItemCondition=3&LH_BIN=1&rt=nc&LH_PrefLoc=1
Liver Probiotic,https://www.ebay.com/sch/i.html?_from=R40&_nkw=Liver+Probiotic&_sacat=26395&rt=nc&LH_ItemCondition=3&LH_BIN=1&rt=nc&LH_PrefLoc=1
ParaGone formula,https://www.ebay.com/sch/i.html?_from=R40&_nkw=ParaGone+formula&_sacat=26395&rt=nc&LH_ItemCondition=3&LH_BIN=1&rt=nc&LH_PrefLoc=1
Probiotic Health,https://www.ebay.com/sch/i.html?_from=R40&_nkw=Probiotic+Health&_sacat=26395&rt=nc&LH_ItemCondition=3&LH_BIN=1&rt=nc&LH_PrefLoc=1
Probiotic Drops,https://www.ebay.com/sch/i.html?_from=R40&_nkw=Probiotic+Drops&_sacat=26395&rt=nc&LH_ItemCondition=3&LH_BIN=1&rt=nc&LH_PrefLoc=1
Probiotic Beauty,https://www.ebay.com/sch/i.html?_from=R40&_nkw=Probiotic+Beauty&_sacat=26395&rt=nc&LH_ItemCondition=3&LH_BIN=1&rt=nc&LH_PrefLoc=1
Heart Probiotic,https://www.ebay.com/sch/i.html?_from=R40&_nkw=Heart+Probiotic&_sacat=26395&rt=nc&LH_ItemCondition=3&LH_BIN=1&rt=nc&LH_PrefLoc=1
Chewable Probiotics,https://www.ebay.com/sch/i.html?_from=R40&_nkw=Chewable+Probiotics&_sacat=26395&rt=nc&LH_ItemCondition=3&LH_BIN=1&rt=nc&LH_PrefLoc=1
Vaginal Balm,https://www.ebay.com/sch/i.html?_from=R40&_nkw=Vaginal+Balm&_sacat=26395&rt=nc&LH_ItemCondition=3&LH_BIN=1&rt=nc&LH_PrefLoc=1
Hemorrhoid Relief,https://www.ebay.com/sch/i.html?_from=R40&_nkw=Hemorrhoid+Relief&_sacat=26395&rt=nc&LH_ItemCondition=3&LH_BIN=1&rt=nc&LH_PrefLoc=1
Irritable Bowel,https://www.ebay.com/sch/i.html?_from=R40&_nkw=Irritable+Bowel&_sacat=26395&rt=nc&LH_ItemCondition=3&LH_BIN=1&rt=nc&LH_PrefLoc=1
Colon Cleanser,https://www.ebay.com/sch/i.html?_from=R40&_nkw=Colon+Cleanser&_sacat=26395&rt=nc&LH_ItemCondition=3&LH_BIN=1&rt=nc&LH_PrefLoc=1
Prebiotic Fiber,https://www.ebay.com/sch/i.html?_from=R40&_nkw=Prebiotic+Fiber&_sacat=26395&rt=nc&LH_ItemCondition=3&LH_BIN=1&rt=nc&LH_PrefLoc=1
