Keyword,Links
Itch spray,https://www.ebay.com/sch/i.html?_from=R40&_nkw=Itch+spray&_sacat=26395&rt=nc&LH_ItemCondition=3&LH_BIN=1&rt=nc&LH_PrefLoc=1
Smooth Prep,https://www.ebay.com/sch/i.html?_from=R40&_nkw=Smooth+Prep&_sacat=26395&rt=nc&LH_ItemCondition=3&LH_BIN=1&rt=nc&LH_PrefLoc=1
Growth sheen,https://www.ebay.com/sch/i.html?_from=R40&_nkw=Growth+sheen&_sacat=26395&rt=nc&LH_ItemCondition=3&LH_BIN=1&rt=nc&LH_PrefLoc=1
Silky Curls,https://www.ebay.com/sch/i.html?_from=R40&_nkw=Silky+Curls&_sacat=26395&rt=nc&LH_ItemCondition=3&LH_BIN=1&rt=nc&LH_PrefLoc=1
Moisturizer Spray,https://www.ebay.com/sch/i.html?_from=R40&_nkw=Moisturizer+Spray&_sacat=26395&rt=nc&LH_ItemCondition=3&LH_BIN=1&rt=nc&LH_PrefLoc=1
Curling Butter,https://www.ebay.com/sch/i.html?_from=R40&_nkw=Curling+Butter&_sacat=26395&rt=nc&LH_ItemCondition=3&LH_BIN=1&rt=nc&LH_PrefLoc=1
Curl gelee,https://www.ebay.com/sch/i.html?_from=R40&_nkw=Curl+gelee&_sacat=26395&rt=nc&LH_ItemCondition=3&LH_BIN=1&rt=nc&LH_PrefLoc=1
Bounty Balm,https://www.ebay.com/sch/i.html?_from=R40&_nkw=Bounty+Balm&_sacat=26395&rt=nc&LH_ItemCondition=3&LH_BIN=1&rt=nc&LH_PrefLoc=1
Light Hold Hairspray,https://www.ebay.com/sch/i.html?_from=R40&_nkw=Light+Hold+Hairspray&_sacat=26395&rt=nc&LH_ItemCondition=3&LH_BIN=1&rt=nc&LH_PrefLoc=1
Color edges,https://www.ebay.com/sch/i.html?_from=R40&_nkw=Color+edges&_sacat=26395&rt=nc&LH_ItemCondition=3&LH_BIN=1&rt=nc&LH_PrefLoc=1
Pin Straight,https://www.ebay.com/sch/i.html?_from=R40&_nkw=Pin+Straight&_sacat=26395&rt=nc&LH_ItemCondition=3&LH_BIN=1&rt=nc&LH_PrefLoc=1
Curl detangler,https://www.ebay.com/sch/i.html?_from=R40&_nkw=Curl+detangler&_sacat=26395&rt=nc&LH_ItemCondition=3&LH_BIN=1&rt=nc&LH_PrefLoc=1
Braid Cream,https://www.ebay.com/sch/i.html?_from=R40&_nkw=Braid+Cream&_sacat=26395&rt=nc&LH_ItemCondition=3&LH_BIN=1&rt=nc&LH_PrefLoc=1
Miracle Curls,https://www.ebay.com/sch/i.html?_from=R40&_nkw=Miracle+Curls&_sacat=26395&rt=nc&LH_ItemCondition=3&LH_BIN=1&rt=nc&LH_PrefLoc=1
Jojoba Lavender,https://www.ebay.com/sch/i.html?_from=R40&_nkw=Jojoba+Lavender&_sacat=26395&rt=nc&LH_ItemCondition=3&LH_BIN=1&rt=nc&LH_PrefLoc=1
Rosemary Conditioner,https://www.ebay.com/sch/i.html?_from=R40&_nkw=Rosemary+Conditioner&_sacat=26395&rt=nc&LH_ItemCondition=3&LH_BIN=1&rt=nc&LH_PrefLoc=1
Hydration Curls,https://www.ebay.com/sch/i.html?_from=R40&_nkw=Hydration+Curls&_sacat=26395&rt=nc&LH_ItemCondition=3&LH_BIN=1&rt=nc&LH_PrefLoc=1
Dry Gel,https://www.ebay.com/sch/i.html?_from=R40&_nkw=Dry+Gel&_sacat=26395&rt=nc&LH_ItemCondition=3&LH_BIN=1&rt=nc&LH_PrefLoc=1
Moisturizing Curls,https://www.ebay.com/sch/i.html?_from=R40&_nkw=Moisturizing+Curls&_sacat=26395&rt=nc&LH_ItemCondition=3&LH_BIN=1&rt=nc&LH_PrefLoc=1
Pre-Shampoo Moisturizing,https://www.ebay.com/sch/i.html?_from=R40&_nkw=Pre-Shampoo+Moisturizing&_sacat=26395&rt=nc&LH_ItemCondition=3&LH_BIN=1&rt=nc&LH_PrefLoc=1
CocoShea Shampoo,https://www.ebay.com/sch/i.html?_from=R40&_nkw=CocoShea+Shampoo&_sacat=26395&rt=nc&LH_ItemCondition=3&LH_BIN=1&rt=nc&LH_PrefLoc=1
Hydrating Co-Wash,https://www.ebay.com/sch/i.html?_from=R40&_nkw=Hydrating+Co-Wash&_sacat=26395&rt=nc&LH_ItemCondition=3&LH_BIN=1&rt=nc&LH_PrefLoc=1
Split Ends,https://www.ebay.com/sch/i.html?_from=R40&_nkw=Split+Ends&_sacat=26395&rt=nc&LH_ItemCondition=3&LH_BIN=1&rt=nc&LH_PrefLoc=1
Control Freak,https://www.ebay.com/sch/i.html?_from=R40&_nkw=Control+Freak&_sacat=26395&rt=nc&LH_ItemCondition=3&LH_BIN=1&rt=nc&LH_PrefLoc=1
Smoothing Shampoo,https://www.ebay.com/sch/i.html?_from=R40&_nkw=Smoothing+Shampoo&_sacat=26395&rt=nc&LH_ItemCondition=3&LH_BIN=1&rt=nc&LH_PrefLoc=1
Curls Duo,https://www.ebay.com/sch/i.html?_from=R40&_nkw=Curls+Duo&_sacat=26395&rt=nc&LH_ItemCondition=3&LH_BIN=1&rt=nc&LH_PrefLoc=1
Co-Wash Shampoo,https://www.ebay.com/sch/i.html?_from=R40&_nkw=Co-Wash+Shampoo&_sacat=26395&rt=nc&LH_ItemCondition=3&LH_BIN=1&rt=nc&LH_PrefLoc=1
Color protection,https://www.ebay.com/sch/i.html?_from=R40&_nkw=Color+protection&_sacat=26395&rt=nc&LH_ItemCondition=3&LH_BIN=1&rt=nc&LH_PrefLoc=1
Strengthen Conditioner,https://www.ebay.com/sch/i.html?_from=R40&_nkw=Strengthen+Conditioner&_sacat=26395&rt=nc&LH_ItemCondition=3&LH_BIN=1&rt=nc&LH_PrefLoc=1
Luxury Shampoo,https://www.ebay.com/sch/i.html?_from=R40&_nkw=Luxury+Shampoo&_sacat=26395&rt=nc&LH_ItemCondition=3&LH_BIN=1&rt=nc&LH_PrefLoc=1
Wavy Hair,https://www.ebay.com/sch/i.html?_from=R40&_nkw=Wavy+Hair&_sacat=26395&rt=nc&LH_ItemCondition=3&LH_BIN=1&rt=nc&LH_PrefLoc=1
Cleansing CoWash,https://www.ebay.com/sch/i.html?_from=R40&_nkw=Cleansing+CoWash&_sacat=26395&rt=nc&LH_ItemCondition=3&LH_BIN=1&rt=nc&LH_PrefLoc=1
Hydration Conditioner,https://www.ebay.com/sch/i.html?_from=R40&_nkw=Hydration+Conditioner&_sacat=26395&rt=nc&LH_ItemCondition=3&LH_BIN=1&rt=nc&LH_PrefLoc=1
Luminescence Shampoo,https://www.ebay.com/sch/i.html?_from=R40&_nkw=Luminescence+Shampoo&_sacat=26395&rt=nc&LH_ItemCondition=3&LH_BIN=1&rt=nc&LH_PrefLoc=1
Invisible Oil,https://www.ebay.com/sch/i.html?_from=R40&_nkw=Invisible+Oil&_sacat=26395&rt=nc&LH_ItemCondition=3&LH_BIN=1&rt=nc&LH_PrefLoc=1
Sal Shampoo,https://www.ebay.com/sch/i.html?_from=R40&_nkw=Sal+Shampoo&_sacat=26395&rt=nc&LH_ItemCondition=3&LH_BIN=1&rt=nc&LH_PrefLoc=1
Wavy Shampoo,https://www.ebay.com/sch/i.html?_from=R40&_nkw=Wavy+Shampoo&_sacat=26395&rt=nc&LH_ItemCondition=3&LH_BIN=1&rt=nc&LH_PrefLoc=1
Aloe Shampoo,https://www.ebay.com/sch/i.html?_from=R40&_nkw=Aloe+Shampoo&_sacat=26395&rt=nc&LH_ItemCondition=3&LH_BIN=1&rt=nc&LH_PrefLoc=1
Seaberry Shampoo,https://www.ebay.com/sch/i.html?_from=R40&_nkw=Seaberry+Shampoo&_sacat=26395&rt=nc&LH_ItemCondition=3&LH_BIN=1&rt=nc&LH_PrefLoc=1
Almond Shampoo,https://www.ebay.com/sch/i.html?_from=R40&_nkw=Almond+Shampoo&_sacat=26395&rt=nc&LH_ItemCondition=3&LH_BIN=1&rt=nc&LH_PrefLoc=1
Glossifying Shampoo,https://www.ebay.com/sch/i.html?_from=R40&_nkw=Glossifying+Shampoo&_sacat=26395&rt=nc&LH_ItemCondition=3&LH_BIN=1&rt=nc&LH_PrefLoc=1
Natural oil shampoo,https://www.ebay.com/sch/i.html?_from=R40&_nkw=Natural+oil+shampoo&_sacat=26395&rt=nc&LH_ItemCondition=3&LH_BIN=1&rt=nc&LH_PrefLoc=1
Marble Shampoo,https://www.ebay.com/sch/i.html?_from=R40&_nkw=Marble+Shampoo&_sacat=26395&rt=nc&LH_ItemCondition=3&LH_BIN=1&rt=nc&LH_PrefLoc=1
Rosemary Mint Shampoo,https://www.ebay.com/sch/i.html?_from=R40&_nkw=Rosemary+Mint+Shampoo&_sacat=26395&rt=nc&LH_ItemCondition=3&LH_BIN=1&rt=nc&LH_PrefLoc=1
Silkening Shampoo,https://www.ebay.com/sch/i.html?_from=R40&_nkw=Silkening+Shampoo&_sacat=26395&rt=nc&LH_ItemCondition=3&LH_BIN=1&rt=nc&LH_PrefLoc=1
Curls Bundle,https://www.ebay.com/sch/i.html?_from=R40&_nkw=Curls+Bundle&_sacat=26395&rt=nc&LH_ItemCondition=3&LH_BIN=1&rt=nc&LH_PrefLoc=1
Shampoo Pump,https://www.ebay.com/sch/i.html?_from=R40&_nkw=Shampoo+Pump&_sacat=26395&rt=nc&LH_ItemCondition=3&LH_BIN=1&rt=nc&LH_PrefLoc=1
Restorative Shampoo,https://www.ebay.com/sch/i.html?_from=R40&_nkw=Restorative+Shampoo&_sacat=26395&rt=nc&LH_ItemCondition=3&LH_BIN=1&rt=nc&LH_PrefLoc=1
Green Tea Shampoo,https://www.ebay.com/sch/i.html?_from=R40&_nkw=Green+Tea+Shampoo&_sacat=26395&rt=nc&LH_ItemCondition=3&LH_BIN=1&rt=nc&LH_PrefLoc=1
Bond Builder,https://www.ebay.com/sch/i.html?_from=R40&_nkw=Bond+Builder&_sacat=26395&rt=nc&LH_ItemCondition=3&LH_BIN=1&rt=nc&LH_PrefLoc=1
