Keyword,Links
Energy Pouches,https://www.amazon.com/s?k=Energy+Pouches&i=hpc&s=exact-aware-popularity-rank&ref=sr_st_exact-aware-popularity-rank
Focus lollipops,https://www.amazon.com/s?k=Focus+lollipops&i=hpc&s=exact-aware-popularity-rank&ref=sr_st_exact-aware-popularity-rank
Pomegranate Supplement,https://www.amazon.com/s?k=Pomegranate+Supplement&i=hpc&s=exact-aware-popularity-rank&ref=sr_st_exact-aware-popularity-rank
B-Complex Supplement,https://www.amazon.com/s?k=B-Complex+Supplement&i=hpc&s=exact-aware-popularity-rank&ref=sr_st_exact-aware-popularity-rank
L-Theanine Supplement,https://www.amazon.com/s?k=L-Theanine+Supplement&i=hpc&s=exact-aware-popularity-rank&ref=sr_st_exact-aware-popularity-rank
Brain optimizer,https://www.amazon.com/s?k=Brain+optimizer&i=hpc&s=exact-aware-popularity-rank&ref=sr_st_exact-aware-popularity-rank
Methylfolate Supplement,https://www.amazon.com/s?k=Methylfolate+Supplement&i=hpc&s=exact-aware-popularity-rank&ref=sr_st_exact-aware-popularity-rank
Superfood Smoothie,https://www.amazon.com/s?k=Superfood+Smoothie&i=hpc&s=exact-aware-popularity-rank&ref=sr_st_exact-aware-popularity-rank
Smoothie Pouches,https://www.amazon.com/s?k=Smoothie+Pouches&i=hpc&s=exact-aware-popularity-rank&ref=sr_st_exact-aware-popularity-rank
Strawberry Banana,https://www.amazon.com/s?k=Strawberry+Banana&i=hpc&s=exact-aware-popularity-rank&ref=sr_st_exact-aware-popularity-rank
Brain Pills,https://www.amazon.com/s?k=Brain+Pills&i=hpc&s=exact-aware-popularity-rank&ref=sr_st_exact-aware-popularity-rank
Rhodiola Supplement,https://www.amazon.com/s?k=Rhodiola+Supplement&i=hpc&s=exact-aware-popularity-rank&ref=sr_st_exact-aware-popularity-rank
Methylated B-Complex,https://www.amazon.com/s?k=Methylated+B-Complex&i=hpc&s=exact-aware-popularity-rank&ref=sr_st_exact-aware-popularity-rank
B12 Folate,https://www.amazon.com/s?k=B12+Folate&i=hpc&s=exact-aware-popularity-rank&ref=sr_st_exact-aware-popularity-rank
Appetite Booster,https://www.amazon.com/s?k=Appetite+Booster&i=hpc&s=exact-aware-popularity-rank&ref=sr_st_exact-aware-popularity-rank
Phosphatidylcholine Softgels,https://www.amazon.com/s?k=Phosphatidylcholine+Softgels&i=hpc&s=exact-aware-popularity-rank&ref=sr_st_exact-aware-popularity-rank
Bacopa supplement,https://www.amazon.com/s?k=Bacopa+supplement&i=hpc&s=exact-aware-popularity-rank&ref=sr_st_exact-aware-popularity-rank
Happy Pills,https://www.amazon.com/s?k=Happy+Pills&i=hpc&s=exact-aware-popularity-rank&ref=sr_st_exact-aware-popularity-rank
Mushroom Powder,https://www.amazon.com/s?k=Mushroom+Powder&i=hpc&s=exact-aware-popularity-rank&ref=sr_st_exact-aware-popularity-rank
Vertigo Support,https://www.amazon.com/s?k=Vertigo+Support&i=hpc&s=exact-aware-popularity-rank&ref=sr_st_exact-aware-popularity-rank
Pineal Supplement,https://www.amazon.com/s?k=Pineal+Supplement&i=hpc&s=exact-aware-popularity-rank&ref=sr_st_exact-aware-popularity-rank
Saffron Capsules,https://www.amazon.com/s?k=Saffron+Capsules&i=hpc&s=exact-aware-popularity-rank&ref=sr_st_exact-aware-popularity-rank
Tinnitus Support,https://www.amazon.com/s?k=Tinnitus+Support&i=hpc&s=exact-aware-popularity-rank&ref=sr_st_exact-aware-popularity-rank
Brain vitamins,https://www.amazon.com/s?k=Brain+vitamins&i=hpc&s=exact-aware-popularity-rank&ref=sr_st_exact-aware-popularity-rank
Melatonin Probiotic,https://www.amazon.com/s?k=Melatonin+Probiotic&i=hpc&s=exact-aware-popularity-rank&ref=sr_st_exact-aware-popularity-rank
Cognitive Energy,https://www.amazon.com/s?k=Cognitive+Energy&i=hpc&s=exact-aware-popularity-rank&ref=sr_st_exact-aware-popularity-rank
Mental Energy,https://www.amazon.com/s?k=Mental+Energy&i=hpc&s=exact-aware-popularity-rank&ref=sr_st_exact-aware-popularity-rank
Luteolin Complex,https://www.amazon.com/s?k=Luteolin+Complex&i=hpc&s=exact-aware-popularity-rank&ref=sr_st_exact-aware-popularity-rank
Grape Extract,https://www.amazon.com/s?k=Grape+Extract&i=hpc&s=exact-aware-popularity-rank&ref=sr_st_exact-aware-popularity-rank
Kids Focus,https://www.amazon.com/s?k=Kids+Focus&i=hpc&s=exact-aware-popularity-rank&ref=sr_st_exact-aware-popularity-rank
Memory Booster,https://www.amazon.com/s?k=Memory+Booster&i=hpc&s=exact-aware-popularity-rank&ref=sr_st_exact-aware-popularity-rank
Balance Supplement,https://www.amazon.com/s?k=Balance+Supplement&i=hpc&s=exact-aware-popularity-rank&ref=sr_st_exact-aware-popularity-rank
Reishi Extract,https://www.amazon.com/s?k=Reishi+Extract&i=hpc&s=exact-aware-popularity-rank&ref=sr_st_exact-aware-popularity-rank
ATP Powder,https://www.amazon.com/s?k=ATP+Powder&i=hpc&s=exact-aware-popularity-rank&ref=sr_st_exact-aware-popularity-rank
Mushroom Nootropics,https://www.amazon.com/s?k=Mushroom+Nootropics&i=hpc&s=exact-aware-popularity-rank&ref=sr_st_exact-aware-popularity-rank
Taurine Powder,https://www.amazon.com/s?k=Taurine+Powder&i=hpc&s=exact-aware-popularity-rank&ref=sr_st_exact-aware-popularity-rank
Lecithin Granules,https://www.amazon.com/s?k=Lecithin+Granules&i=hpc&s=exact-aware-popularity-rank&ref=sr_st_exact-aware-popularity-rank
Wholefood Minerals,https://www.amazon.com/s?k=Wholefood+Minerals&i=hpc&s=exact-aware-popularity-rank&ref=sr_st_exact-aware-popularity-rank
Mood Supplement,https://www.amazon.com/s?k=Mood+Supplement&i=hpc&s=exact-aware-popularity-rank&ref=sr_st_exact-aware-popularity-rank
Nerve tonic,https://www.amazon.com/s?k=Nerve+tonic&i=hpc&s=exact-aware-popularity-rank&ref=sr_st_exact-aware-popularity-rank
Choline Inositol,https://www.amazon.com/s?k=Choline+Inositol&i=hpc&s=exact-aware-popularity-rank&ref=sr_st_exact-aware-popularity-rank
Cognition Boost,https://www.amazon.com/s?k=Cognition+Boost&i=hpc&s=exact-aware-popularity-rank&ref=sr_st_exact-aware-popularity-rank
Pregnenolone Capsules,https://www.amazon.com/s?k=Pregnenolone+Capsules&i=hpc&s=exact-aware-popularity-rank&ref=sr_st_exact-aware-popularity-rank
Iodine Complex,https://www.amazon.com/s?k=Iodine+Complex&i=hpc&s=exact-aware-popularity-rank&ref=sr_st_exact-aware-popularity-rank
Memory Pills,https://www.amazon.com/s?k=Memory+Pills&i=hpc&s=exact-aware-popularity-rank&ref=sr_st_exact-aware-popularity-rank
Lutein Gummies,https://www.amazon.com/s?k=Lutein+Gummies&i=hpc&s=exact-aware-popularity-rank&ref=sr_st_exact-aware-popularity-rank
P5P Vitamin,https://www.amazon.com/s?k=P5P+Vitamin&i=hpc&s=exact-aware-popularity-rank&ref=sr_st_exact-aware-popularity-rank
Plant-Based Supplements,https://www.amazon.com/s?k=Plant-Based+Supplements&i=hpc&s=exact-aware-popularity-rank&ref=sr_st_exact-aware-popularity-rank
Taurine Supplement,https://www.amazon.com/s?k=Taurine+Supplement&i=hpc&s=exact-aware-popularity-rank&ref=sr_st_exact-aware-popularity-rank
Craving Control,https://www.amazon.com/s?k=Craving+Control&i=hpc&s=exact-aware-popularity-rank&ref=sr_st_exact-aware-popularity-rank
