Keyword,Links
Energy Pouches,https://www.ebay.com/sch/i.html?_from=R40&_nkw=Energy+Pouches&_sacat=26395&rt=nc&LH_ItemCondition=3&LH_BIN=1&rt=nc&LH_PrefLoc=1
Focus lollipops,https://www.ebay.com/sch/i.html?_from=R40&_nkw=Focus+lollipops&_sacat=26395&rt=nc&LH_ItemCondition=3&LH_BIN=1&rt=nc&LH_PrefLoc=1
Pomegranate Supplement,https://www.ebay.com/sch/i.html?_from=R40&_nkw=Pomegranate+Supplement&_sacat=26395&rt=nc&LH_ItemCondition=3&LH_BIN=1&rt=nc&LH_PrefLoc=1
B-Complex Supplement,https://www.ebay.com/sch/i.html?_from=R40&_nkw=B-Complex+Supplement&_sacat=26395&rt=nc&LH_ItemCondition=3&LH_BIN=1&rt=nc&LH_PrefLoc=1
L-Theanine Supplement,https://www.ebay.com/sch/i.html?_from=R40&_nkw=L-Theanine+Supplement&_sacat=26395&rt=nc&LH_ItemCondition=3&LH_BIN=1&rt=nc&LH_PrefLoc=1
Brain optimizer,https://www.ebay.com/sch/i.html?_from=R40&_nkw=Brain+optimizer&_sacat=26395&rt=nc&LH_ItemCondition=3&LH_BIN=1&rt=nc&LH_PrefLoc=1
Methylfolate Supplement,https://www.ebay.com/sch/i.html?_from=R40&_nkw=Methylfolate+Supplement&_sacat=26395&rt=nc&LH_ItemCondition=3&LH_BIN=1&rt=nc&LH_PrefLoc=1
Superfood Smoothie,https://www.ebay.com/sch/i.html?_from=R40&_nkw=Superfood+Smoothie&_sacat=26395&rt=nc&LH_ItemCondition=3&LH_BIN=1&rt=nc&LH_PrefLoc=1
Smoothie Pouches,https://www.ebay.com/sch/i.html?_from=R40&_nkw=Smoothie+Pouches&_sacat=26395&rt=nc&LH_ItemCondition=3&LH_BIN=1&rt=nc&LH_PrefLoc=1
Strawberry Banana,https://www.ebay.com/sch/i.html?_from=R40&_nkw=Strawberry+Banana&_sacat=26395&rt=nc&LH_ItemCondition=3&LH_BIN=1&rt=nc&LH_PrefLoc=1
Brain Pills,https://www.ebay.com/sch/i.html?_from=R40&_nkw=Brain+Pills&_sacat=26395&rt=nc&LH_ItemCondition=3&LH_BIN=1&rt=nc&LH_PrefLoc=1
Rhodiola Supplement,https://www.ebay.com/sch/i.html?_from=R40&_nkw=Rhodiola+Supplement&_sacat=26395&rt=nc&LH_ItemCondition=3&LH_BIN=1&rt=nc&LH_PrefLoc=1
Methylated B-Complex,https://www.ebay.com/sch/i.html?_from=R40&_nkw=Methylated+B-Complex&_sacat=26395&rt=nc&LH_ItemCondition=3&LH_BIN=1&rt=nc&LH_PrefLoc=1
B12 Folate,https://www.ebay.com/sch/i.html?_from=R40&_nkw=B12+Folate&_sacat=26395&rt=nc&LH_ItemCondition=3&LH_BIN=1&rt=nc&LH_PrefLoc=1
Appetite Booster,https://www.ebay.com/sch/i.html?_from=R40&_nkw=Appetite+Booster&_sacat=26395&rt=nc&LH_ItemCondition=3&LH_BIN=1&rt=nc&LH_PrefLoc=1
Phosphatidylcholine Softgels,https://www.ebay.com/sch/i.html?_from=R40&_nkw=Phosphatidylcholine+Softgels&_sacat=26395&rt=nc&LH_ItemCondition=3&LH_BIN=1&rt=nc&LH_PrefLoc=1
Bacopa supplement,https://www.ebay.com/sch/i.html?_from=R40&_nkw=Bacopa+supplement&_sacat=26395&rt=nc&LH_ItemCondition=3&LH_BIN=1&rt=nc&LH_PrefLoc=1
Happy Pills,https://www.ebay.com/sch/i.html?_from=R40&_nkw=Happy+Pills&_sacat=26395&rt=nc&LH_ItemCondition=3&LH_BIN=1&rt=nc&LH_PrefLoc=1
Mushroom Powder,https://www.ebay.com/sch/i.html?_from=R40&_nkw=Mushroom+Powder&_sacat=26395&rt=nc&LH_ItemCondition=3&LH_BIN=1&rt=nc&LH_PrefLoc=1
Vertigo Support,https://www.ebay.com/sch/i.html?_from=R40&_nkw=Vertigo+Support&_sacat=26395&rt=nc&LH_ItemCondition=3&LH_BIN=1&rt=nc&LH_PrefLoc=1
Pineal Supplement,https://www.ebay.com/sch/i.html?_from=R40&_nkw=Pineal+Supplement&_sacat=26395&rt=nc&LH_ItemCondition=3&LH_BIN=1&rt=nc&LH_PrefLoc=1
Saffron Capsules,https://www.ebay.com/sch/i.html?_from=R40&_nkw=Saffron+Capsules&_sacat=26395&rt=nc&LH_ItemCondition=3&LH_BIN=1&rt=nc&LH_PrefLoc=1
Tinnitus Support,https://www.ebay.com/sch/i.html?_from=R40&_nkw=Tinnitus+Support&_sacat=26395&rt=nc&LH_ItemCondition=3&LH_BIN=1&rt=nc&LH_PrefLoc=1
Brain vitamins,https://www.ebay.com/sch/i.html?_from=R40&_nkw=Brain+vitamins&_sacat=26395&rt=nc&LH_ItemCondition=3&LH_BIN=1&rt=nc&LH_PrefLoc=1
Melatonin Probiotic,https://www.ebay.com/sch/i.html?_from=R40&_nkw=Melatonin+Probiotic&_sacat=26395&rt=nc&LH_ItemCondition=3&LH_BIN=1&rt=nc&LH_PrefLoc=1
Cognitive Energy,https://www.ebay.com/sch/i.html?_from=R40&_nkw=Cognitive+Energy&_sacat=26395&rt=nc&LH_ItemCondition=3&LH_BIN=1&rt=nc&LH_PrefLoc=1
Mental Energy,https://www.ebay.com/sch/i.html?_from=R40&_nkw=Mental+Energy&_sacat=26395&rt=nc&LH_ItemCondition=3&LH_BIN=1&rt=nc&LH_PrefLoc=1
Luteolin Complex,https://www.ebay.com/sch/i.html?_from=R40&_nkw=Luteolin+Complex&_sacat=26395&rt=nc&LH_ItemCondition=3&LH_BIN=1&rt=nc&LH_PrefLoc=1
Grape Extract,https://www.ebay.com/sch/i.html?_from=R40&_nkw=Grape+Extract&_sacat=26395&rt=nc&LH_ItemCondition=3&LH_BIN=1&rt=nc&LH_PrefLoc=1
Kids Focus,https://www.ebay.com/sch/i.html?_from=R40&_nkw=Kids+Focus&_sacat=26395&rt=nc&LH_ItemCondition=3&LH_BIN=1&rt=nc&LH_PrefLoc=1
Memory Booster,https://www.ebay.com/sch/i.html?_from=R40&_nkw=Memory+Booster&_sacat=26395&rt=nc&LH_ItemCondition=3&LH_BIN=1&rt=nc&LH_PrefLoc=1
Balance Supplement,https://www.ebay.com/sch/i.html?_from=R40&_nkw=Balance+Supplement&_sacat=26395&rt=nc&LH_ItemCondition=3&LH_BIN=1&rt=nc&LH_PrefLoc=1
Reishi Extract,https://www.ebay.com/sch/i.html?_from=R40&_nkw=Reishi+Extract&_sacat=26395&rt=nc&LH_ItemCondition=3&LH_BIN=1&rt=nc&LH_PrefLoc=1
ATP Powder,https://www.ebay.com/sch/i.html?_from=R40&_nkw=ATP+Powder&_sacat=26395&rt=nc&LH_ItemCondition=3&LH_BIN=1&rt=nc&LH_PrefLoc=1
Mushroom Nootropics,https://www.ebay.com/sch/i.html?_from=R40&_nkw=Mushroom+Nootropics&_sacat=26395&rt=nc&LH_ItemCondition=3&LH_BIN=1&rt=nc&LH_PrefLoc=1
Taurine Powder,https://www.ebay.com/sch/i.html?_from=R40&_nkw=Taurine+Powder&_sacat=26395&rt=nc&LH_ItemCondition=3&LH_BIN=1&rt=nc&LH_PrefLoc=1
Lecithin Granules,https://www.ebay.com/sch/i.html?_from=R40&_nkw=Lecithin+Granules&_sacat=26395&rt=nc&LH_ItemCondition=3&LH_BIN=1&rt=nc&LH_PrefLoc=1
Wholefood Minerals,https://www.ebay.com/sch/i.html?_from=R40&_nkw=Wholefood+Minerals&_sacat=26395&rt=nc&LH_ItemCondition=3&LH_BIN=1&rt=nc&LH_PrefLoc=1
Mood Supplement,https://www.ebay.com/sch/i.html?_from=R40&_nkw=Mood+Supplement&_sacat=26395&rt=nc&LH_ItemCondition=3&LH_BIN=1&rt=nc&LH_PrefLoc=1
Nerve tonic,https://www.ebay.com/sch/i.html?_from=R40&_nkw=Nerve+tonic&_sacat=26395&rt=nc&LH_ItemCondition=3&LH_BIN=1&rt=nc&LH_PrefLoc=1
Choline Inositol,https://www.ebay.com/sch/i.html?_from=R40&_nkw=Choline+Inositol&_sacat=26395&rt=nc&LH_ItemCondition=3&LH_BIN=1&rt=nc&LH_PrefLoc=1
Cognition Boost,https://www.ebay.com/sch/i.html?_from=R40&_nkw=Cognition+Boost&_sacat=26395&rt=nc&LH_ItemCondition=3&LH_BIN=1&rt=nc&LH_PrefLoc=1
Pregnenolone Capsules,https://www.ebay.com/sch/i.html?_from=R40&_nkw=Pregnenolone+Capsules&_sacat=26395&rt=nc&LH_ItemCondition=3&LH_BIN=1&rt=nc&LH_PrefLoc=1
Iodine Complex,https://www.ebay.com/sch/i.html?_from=R40&_nkw=Iodine+Complex&_sacat=26395&rt=nc&LH_ItemCondition=3&LH_BIN=1&rt=nc&LH_PrefLoc=1
Memory Pills,https://www.ebay.com/sch/i.html?_from=R40&_nkw=Memory+Pills&_sacat=26395&rt=nc&LH_ItemCondition=3&LH_BIN=1&rt=nc&LH_PrefLoc=1
Lutein Gummies,https://www.ebay.com/sch/i.html?_from=R40&_nkw=Lutein+Gummies&_sacat=26395&rt=nc&LH_ItemCondition=3&LH_BIN=1&rt=nc&LH_PrefLoc=1
P5P Vitamin,https://www.ebay.com/sch/i.html?_from=R40&_nkw=P5P+Vitamin&_sacat=26395&rt=nc&LH_ItemCondition=3&LH_BIN=1&rt=nc&LH_PrefLoc=1
Plant-Based Supplements,https://www.ebay.com/sch/i.html?_from=R40&_nkw=Plant-Based+Supplements&_sacat=26395&rt=nc&LH_ItemCondition=3&LH_BIN=1&rt=nc&LH_PrefLoc=1
Taurine Supplement,https://www.ebay.com/sch/i.html?_from=R40&_nkw=Taurine+Supplement&_sacat=26395&rt=nc&LH_ItemCondition=3&LH_BIN=1&rt=nc&LH_PrefLoc=1
Craving Control,https://www.ebay.com/sch/i.html?_from=R40&_nkw=Craving+Control&_sacat=26395&rt=nc&LH_ItemCondition=3&LH_BIN=1&rt=nc&LH_PrefLoc=1
