Keyword,Links
Hair Detangler,https://www.ebay.com/sch/i.html?_from=R40&_nkw=Hair+Detangler&_sacat=26395&rt=nc&LH_ItemCondition=3&LH_BIN=1&rt=nc&LH_PrefLoc=1
Mouse Headband,https://www.ebay.com/sch/i.html?_from=R40&_nkw=Mouse+Headband&_sacat=26395&rt=nc&LH_ItemCondition=3&LH_BIN=1&rt=nc&LH_PrefLoc=1
Vegan Oil,https://www.ebay.com/sch/i.html?_from=R40&_nkw=Vegan+Oil&_sacat=26395&rt=nc&LH_ItemCondition=3&LH_BIN=1&rt=nc&LH_PrefLoc=1
Rosemary Shampoo,https://www.ebay.com/sch/i.html?_from=R40&_nkw=Rosemary+Shampoo&_sacat=26395&rt=nc&LH_ItemCondition=3&LH_BIN=1&rt=nc&LH_PrefLoc=1
Curl booster,https://www.ebay.com/sch/i.html?_from=R40&_nkw=Curl+booster&_sacat=26395&rt=nc&LH_ItemCondition=3&LH_BIN=1&rt=nc&LH_PrefLoc=1
Halloween headband,https://www.ebay.com/sch/i.html?_from=R40&_nkw=Halloween+headband&_sacat=26395&rt=nc&LH_ItemCondition=3&LH_BIN=1&rt=nc&LH_PrefLoc=1
Hair barrettes,https://www.ebay.com/sch/i.html?_from=R40&_nkw=Hair+barrettes&_sacat=26395&rt=nc&LH_ItemCondition=3&LH_BIN=1&rt=nc&LH_PrefLoc=1
Shine Spray,https://www.ebay.com/sch/i.html?_from=R40&_nkw=Shine+Spray&_sacat=26395&rt=nc&LH_ItemCondition=3&LH_BIN=1&rt=nc&LH_PrefLoc=1
Hydrating Lotion,https://www.ebay.com/sch/i.html?_from=R40&_nkw=Hydrating+Lotion&_sacat=26395&rt=nc&LH_ItemCondition=3&LH_BIN=1&rt=nc&LH_PrefLoc=1
Ponytail Holders,https://www.ebay.com/sch/i.html?_from=R40&_nkw=Ponytail+Holders&_sacat=26395&rt=nc&LH_ItemCondition=3&LH_BIN=1&rt=nc&LH_PrefLoc=1
mild shampoo,https://www.ebay.com/sch/i.html?_from=R40&_nkw=mild+shampoo&_sacat=26395&rt=nc&LH_ItemCondition=3&LH_BIN=1&rt=nc&LH_PrefLoc=1
Light Treatment,https://www.ebay.com/sch/i.html?_from=R40&_nkw=Light+Treatment&_sacat=26395&rt=nc&LH_ItemCondition=3&LH_BIN=1&rt=nc&LH_PrefLoc=1
Moisturizer Shampoo,https://www.ebay.com/sch/i.html?_from=R40&_nkw=Moisturizer+Shampoo&_sacat=26395&rt=nc&LH_ItemCondition=3&LH_BIN=1&rt=nc&LH_PrefLoc=1
Grey Pixie,https://www.ebay.com/sch/i.html?_from=R40&_nkw=Grey+Pixie&_sacat=26395&rt=nc&LH_ItemCondition=3&LH_BIN=1&rt=nc&LH_PrefLoc=1
Avocado Conditioner,https://www.ebay.com/sch/i.html?_from=R40&_nkw=Avocado+Conditioner&_sacat=26395&rt=nc&LH_ItemCondition=3&LH_BIN=1&rt=nc&LH_PrefLoc=1
Mandalorian Brush,https://www.ebay.com/sch/i.html?_from=R40&_nkw=Mandalorian+Brush&_sacat=26395&rt=nc&LH_ItemCondition=3&LH_BIN=1&rt=nc&LH_PrefLoc=1
Body cream,https://www.ebay.com/sch/i.html?_from=R40&_nkw=Body+cream&_sacat=26395&rt=nc&LH_ItemCondition=3&LH_BIN=1&rt=nc&LH_PrefLoc=1
Hair Dryer,https://www.ebay.com/sch/i.html?_from=R40&_nkw=Hair+Dryer&_sacat=26395&rt=nc&LH_ItemCondition=3&LH_BIN=1&rt=nc&LH_PrefLoc=1
Color Correcting,https://www.ebay.com/sch/i.html?_from=R40&_nkw=Color+Correcting&_sacat=26395&rt=nc&LH_ItemCondition=3&LH_BIN=1&rt=nc&LH_PrefLoc=1
Wave curl,https://www.ebay.com/sch/i.html?_from=R40&_nkw=Wave+curl&_sacat=26395&rt=nc&LH_ItemCondition=3&LH_BIN=1&rt=nc&LH_PrefLoc=1
Coarse Shampoo,https://www.ebay.com/sch/i.html?_from=R40&_nkw=Coarse+Shampoo&_sacat=26395&rt=nc&LH_ItemCondition=3&LH_BIN=1&rt=nc&LH_PrefLoc=1
Root concealer,https://www.ebay.com/sch/i.html?_from=R40&_nkw=Root+concealer&_sacat=26395&rt=nc&LH_ItemCondition=3&LH_BIN=1&rt=nc&LH_PrefLoc=1
Black Castor Oil,https://www.ebay.com/sch/i.html?_from=R40&_nkw=Black+Castor+Oil&_sacat=26395&rt=nc&LH_ItemCondition=3&LH_BIN=1&rt=nc&LH_PrefLoc=1
Argan Shampoo,https://www.ebay.com/sch/i.html?_from=R40&_nkw=Argan+Shampoo&_sacat=26395&rt=nc&LH_ItemCondition=3&LH_BIN=1&rt=nc&LH_PrefLoc=1
Curl smoother,https://www.ebay.com/sch/i.html?_from=R40&_nkw=Curl+smoother&_sacat=26395&rt=nc&LH_ItemCondition=3&LH_BIN=1&rt=nc&LH_PrefLoc=1
Hair loss,https://www.ebay.com/sch/i.html?_from=R40&_nkw=Hair+loss&_sacat=26395&rt=nc&LH_ItemCondition=3&LH_BIN=1&rt=nc&LH_PrefLoc=1
Citrus Wash,https://www.ebay.com/sch/i.html?_from=R40&_nkw=Citrus+Wash&_sacat=26395&rt=nc&LH_ItemCondition=3&LH_BIN=1&rt=nc&LH_PrefLoc=1
Hair fibers,https://www.ebay.com/sch/i.html?_from=R40&_nkw=Hair+fibers&_sacat=26395&rt=nc&LH_ItemCondition=3&LH_BIN=1&rt=nc&LH_PrefLoc=1
Hydrating Cream,https://www.ebay.com/sch/i.html?_from=R40&_nkw=Hydrating+Cream&_sacat=26395&rt=nc&LH_ItemCondition=3&LH_BIN=1&rt=nc&LH_PrefLoc=1
Black Elastic,https://www.ebay.com/sch/i.html?_from=R40&_nkw=Black+Elastic&_sacat=26395&rt=nc&LH_ItemCondition=3&LH_BIN=1&rt=nc&LH_PrefLoc=1
Confetti Clip,https://www.ebay.com/sch/i.html?_from=R40&_nkw=Confetti+Clip&_sacat=26395&rt=nc&LH_ItemCondition=3&LH_BIN=1&rt=nc&LH_PrefLoc=1
Medium Dark Brown,https://www.ebay.com/sch/i.html?_from=R40&_nkw=Medium+Dark+Brown&_sacat=26395&rt=nc&LH_ItemCondition=3&LH_BIN=1&rt=nc&LH_PrefLoc=1
Thicken Spray,https://www.ebay.com/sch/i.html?_from=R40&_nkw=Thicken+Spray&_sacat=26395&rt=nc&LH_ItemCondition=3&LH_BIN=1&rt=nc&LH_PrefLoc=1
Shark Tooth Comb,https://www.ebay.com/sch/i.html?_from=R40&_nkw=Shark+Tooth+Comb&_sacat=26395&rt=nc&LH_ItemCondition=3&LH_BIN=1&rt=nc&LH_PrefLoc=1
Hair treatment,https://www.ebay.com/sch/i.html?_from=R40&_nkw=Hair+treatment&_sacat=26395&rt=nc&LH_ItemCondition=3&LH_BIN=1&rt=nc&LH_PrefLoc=1
Shampoo Lot,https://www.ebay.com/sch/i.html?_from=R40&_nkw=Shampoo+Lot&_sacat=26395&rt=nc&LH_ItemCondition=3&LH_BIN=1&rt=nc&LH_PrefLoc=1
Co Wash,https://www.ebay.com/sch/i.html?_from=R40&_nkw=Co+Wash&_sacat=26395&rt=nc&LH_ItemCondition=3&LH_BIN=1&rt=nc&LH_PrefLoc=1
Curl conditioner,https://www.ebay.com/sch/i.html?_from=R40&_nkw=Curl+conditioner&_sacat=26395&rt=nc&LH_ItemCondition=3&LH_BIN=1&rt=nc&LH_PrefLoc=1
Cedarwood Wash,https://www.ebay.com/sch/i.html?_from=R40&_nkw=Cedarwood+Wash&_sacat=26395&rt=nc&LH_ItemCondition=3&LH_BIN=1&rt=nc&LH_PrefLoc=1
Miracle Styling,https://www.ebay.com/sch/i.html?_from=R40&_nkw=Miracle+Styling&_sacat=26395&rt=nc&LH_ItemCondition=3&LH_BIN=1&rt=nc&LH_PrefLoc=1
Turmeric Hair Mask,https://www.ebay.com/sch/i.html?_from=R40&_nkw=Turmeric+Hair+Mask&_sacat=26395&rt=nc&LH_ItemCondition=3&LH_BIN=1&rt=nc&LH_PrefLoc=1
Cradle Cap,https://www.ebay.com/sch/i.html?_from=R40&_nkw=Cradle+Cap&_sacat=26395&rt=nc&LH_ItemCondition=3&LH_BIN=1&rt=nc&LH_PrefLoc=1
Length conditioner,https://www.ebay.com/sch/i.html?_from=R40&_nkw=Length+conditioner&_sacat=26395&rt=nc&LH_ItemCondition=3&LH_BIN=1&rt=nc&LH_PrefLoc=1
Argan Aloe,https://www.ebay.com/sch/i.html?_from=R40&_nkw=Argan+Aloe&_sacat=26395&rt=nc&LH_ItemCondition=3&LH_BIN=1&rt=nc&LH_PrefLoc=1
Sleek Shampoo,https://www.ebay.com/sch/i.html?_from=R40&_nkw=Sleek+Shampoo&_sacat=26395&rt=nc&LH_ItemCondition=3&LH_BIN=1&rt=nc&LH_PrefLoc=1
Baby wash,https://www.ebay.com/sch/i.html?_from=R40&_nkw=Baby+wash&_sacat=26395&rt=nc&LH_ItemCondition=3&LH_BIN=1&rt=nc&LH_PrefLoc=1
Reconstruct Shampoo,https://www.ebay.com/sch/i.html?_from=R40&_nkw=Reconstruct+Shampoo&_sacat=26395&rt=nc&LH_ItemCondition=3&LH_BIN=1&rt=nc&LH_PrefLoc=1
Trolls clips,https://www.ebay.com/sch/i.html?_from=R40&_nkw=Trolls+clips&_sacat=26395&rt=nc&LH_ItemCondition=3&LH_BIN=1&rt=nc&LH_PrefLoc=1
Vegan Shampoo,https://www.ebay.com/sch/i.html?_from=R40&_nkw=Vegan+Shampoo&_sacat=26395&rt=nc&LH_ItemCondition=3&LH_BIN=1&rt=nc&LH_PrefLoc=1
Argan Carrot Gel,https://www.ebay.com/sch/i.html?_from=R40&_nkw=Argan+Carrot+Gel&_sacat=26395&rt=nc&LH_ItemCondition=3&LH_BIN=1&rt=nc&LH_PrefLoc=1
