Keyword,Links
Probiotic Supplement,https://www.amazon.com/s?k=Probiotic+Supplement&i=hpc&s=exact-aware-popularity-rank&ref=sr_st_exact-aware-popularity-rank
Vitality Gummy,https://www.amazon.com/s?k=Vitality+Gummy&i=hpc&s=exact-aware-popularity-rank&ref=sr_st_exact-aware-popularity-rank
Colostrum Capsules,https://www.amazon.com/s?k=Colostrum+Capsules&i=hpc&s=exact-aware-popularity-rank&ref=sr_st_exact-aware-popularity-rank
Effervescent Tablets,https://www.amazon.com/s?k=Effervescent+Tablets&i=hpc&s=exact-aware-popularity-rank&ref=sr_st_exact-aware-popularity-rank
Immunity Blend,https://www.amazon.com/s?k=Immunity+Blend&i=hpc&s=exact-aware-popularity-rank&ref=sr_st_exact-aware-popularity-rank
Nopal Supplement,https://www.amazon.com/s?k=Nopal+Supplement&i=hpc&s=exact-aware-popularity-rank&ref=sr_st_exact-aware-popularity-rank
L-Glutathione,https://www.amazon.com/s?k=L-Glutathione&i=hpc&s=exact-aware-popularity-rank&ref=sr_st_exact-aware-popularity-rank
Immune Defense,https://www.amazon.com/s?k=Immune+Defense&i=hpc&s=exact-aware-popularity-rank&ref=sr_st_exact-aware-popularity-rank
Protein wafer,https://www.amazon.com/s?k=Protein+wafer&i=hpc&s=exact-aware-popularity-rank&ref=sr_st_exact-aware-popularity-rank
Echinacea Extract,https://www.amazon.com/s?k=Echinacea+Extract&i=hpc&s=exact-aware-popularity-rank&ref=sr_st_exact-aware-popularity-rank
Vitamin B Complex,https://www.amazon.com/s?k=Vitamin+B+Complex&i=hpc&s=exact-aware-popularity-rank&ref=sr_st_exact-aware-popularity-rank
Essential Oil,https://www.amazon.com/s?k=Essential+Oil&i=hpc&s=exact-aware-popularity-rank&ref=sr_st_exact-aware-popularity-rank
Elderberry Lozenges,https://www.amazon.com/s?k=Elderberry+Lozenges&i=hpc&s=exact-aware-popularity-rank&ref=sr_st_exact-aware-popularity-rank
Infant Zinc,https://www.amazon.com/s?k=Infant+Zinc&i=hpc&s=exact-aware-popularity-rank&ref=sr_st_exact-aware-popularity-rank
Vitamin A,https://www.amazon.com/s?k=Vitamin+A&i=hpc&s=exact-aware-popularity-rank&ref=sr_st_exact-aware-popularity-rank
Elderberry Tablets,https://www.amazon.com/s?k=Elderberry+Tablets&i=hpc&s=exact-aware-popularity-rank&ref=sr_st_exact-aware-popularity-rank
Digestive Relief,https://www.amazon.com/s?k=Digestive+Relief&i=hpc&s=exact-aware-popularity-rank&ref=sr_st_exact-aware-popularity-rank
Throat Spray,https://www.amazon.com/s?k=Throat+Spray&i=hpc&s=exact-aware-popularity-rank&ref=sr_st_exact-aware-popularity-rank
Chlorophyll Drops,https://www.amazon.com/s?k=Chlorophyll+Drops&i=hpc&s=exact-aware-popularity-rank&ref=sr_st_exact-aware-popularity-rank
Stress B Complex,https://www.amazon.com/s?k=Stress+B+Complex&i=hpc&s=exact-aware-popularity-rank&ref=sr_st_exact-aware-popularity-rank
Cold relief,https://www.amazon.com/s?k=Cold+relief&i=hpc&s=exact-aware-popularity-rank&ref=sr_st_exact-aware-popularity-rank
Mullein Leaves,https://www.amazon.com/s?k=Mullein+Leaves&i=hpc&s=exact-aware-popularity-rank&ref=sr_st_exact-aware-popularity-rank
L-Glutamine,https://www.amazon.com/s?k=L-Glutamine&i=hpc&s=exact-aware-popularity-rank&ref=sr_st_exact-aware-popularity-rank
Bovine Colostrum,https://www.amazon.com/s?k=Bovine+Colostrum&i=hpc&s=exact-aware-popularity-rank&ref=sr_st_exact-aware-popularity-rank
Biotin Gummies,https://www.amazon.com/s?k=Biotin+Gummies&i=hpc&s=exact-aware-popularity-rank&ref=sr_st_exact-aware-popularity-rank
Cat's Claw,https://www.amazon.com/s?k=Cat's+Claw&i=hpc&s=exact-aware-popularity-rank&ref=sr_st_exact-aware-popularity-rank
Tart Cherry,https://www.amazon.com/s?k=Tart+Cherry&i=hpc&s=exact-aware-popularity-rank&ref=sr_st_exact-aware-popularity-rank
Iron supplement,https://www.amazon.com/s?k=Iron+supplement&i=hpc&s=exact-aware-popularity-rank&ref=sr_st_exact-aware-popularity-rank
Zinc Gummies,https://www.amazon.com/s?k=Zinc+Gummies&i=hpc&s=exact-aware-popularity-rank&ref=sr_st_exact-aware-popularity-rank
Liposomal Vitamin D3,https://www.amazon.com/s?k=Liposomal+Vitamin+D3&i=hpc&s=exact-aware-popularity-rank&ref=sr_st_exact-aware-popularity-rank
Zinc Supplements,https://www.amazon.com/s?k=Zinc+Supplements&i=hpc&s=exact-aware-popularity-rank&ref=sr_st_exact-aware-popularity-rank
Pine Bark,https://www.amazon.com/s?k=Pine+Bark&i=hpc&s=exact-aware-popularity-rank&ref=sr_st_exact-aware-popularity-rank
Mens Multivitamins,https://www.amazon.com/s?k=Mens+Multivitamins&i=hpc&s=exact-aware-popularity-rank&ref=sr_st_exact-aware-popularity-rank
Joint supplements,https://www.amazon.com/s?k=Joint+supplements&i=hpc&s=exact-aware-popularity-rank&ref=sr_st_exact-aware-popularity-rank
Cranberry Supplement,https://www.amazon.com/s?k=Cranberry+Supplement&i=hpc&s=exact-aware-popularity-rank&ref=sr_st_exact-aware-popularity-rank
Colostrum Chewables,https://www.amazon.com/s?k=Colostrum+Chewables&i=hpc&s=exact-aware-popularity-rank&ref=sr_st_exact-aware-popularity-rank
Immunity Chewables,https://www.amazon.com/s?k=Immunity+Chewables&i=hpc&s=exact-aware-popularity-rank&ref=sr_st_exact-aware-popularity-rank
Toddler Vitamins,https://www.amazon.com/s?k=Toddler+Vitamins&i=hpc&s=exact-aware-popularity-rank&ref=sr_st_exact-aware-popularity-rank
L-Glutathione Supplement,https://www.amazon.com/s?k=L-Glutathione+Supplement&i=hpc&s=exact-aware-popularity-rank&ref=sr_st_exact-aware-popularity-rank
BCAA Powder,https://www.amazon.com/s?k=BCAA+Powder&i=hpc&s=exact-aware-popularity-rank&ref=sr_st_exact-aware-popularity-rank
Sour Gummies,https://www.amazon.com/s?k=Sour+Gummies&i=hpc&s=exact-aware-popularity-rank&ref=sr_st_exact-aware-popularity-rank
Kids Immunity,https://www.amazon.com/s?k=Kids+Immunity&i=hpc&s=exact-aware-popularity-rank&ref=sr_st_exact-aware-popularity-rank
Pumpkin Spice,https://www.amazon.com/s?k=Pumpkin+Spice&i=hpc&s=exact-aware-popularity-rank&ref=sr_st_exact-aware-popularity-rank
Women Tablets,https://www.amazon.com/s?k=Women+Tablets&i=hpc&s=exact-aware-popularity-rank&ref=sr_st_exact-aware-popularity-rank
Boswellia Extract,https://www.amazon.com/s?k=Boswellia+Extract&i=hpc&s=exact-aware-popularity-rank&ref=sr_st_exact-aware-popularity-rank
Whole Food Multivitamin,https://www.amazon.com/s?k=Whole+Food+Multivitamin&i=hpc&s=exact-aware-popularity-rank&ref=sr_st_exact-aware-popularity-rank
Sugar-Free Gummies,https://www.amazon.com/s?k=Sugar-Free+Gummies&i=hpc&s=exact-aware-popularity-rank&ref=sr_st_exact-aware-popularity-rank
Electrolyte Powder,https://www.amazon.com/s?k=Electrolyte+Powder&i=hpc&s=exact-aware-popularity-rank&ref=sr_st_exact-aware-popularity-rank
N-Acetyl-Cysteine,https://www.amazon.com/s?k=N-Acetyl-Cysteine&i=hpc&s=exact-aware-popularity-rank&ref=sr_st_exact-aware-popularity-rank
Multivitamin Drink,https://www.amazon.com/s?k=Multivitamin+Drink&i=hpc&s=exact-aware-popularity-rank&ref=sr_st_exact-aware-popularity-rank
