Keyword,Links
Raw Vitamin C,https://www.ebay.com/sch/i.html?_from=R40&_nkw=Raw+Vitamin+C&_sacat=26395&rt=nc&LH_ItemCondition=3&LH_BIN=1&rt=nc&LH_PrefLoc=1
Amla Spray,https://www.ebay.com/sch/i.html?_from=R40&_nkw=Amla+Spray&_sacat=26395&rt=nc&LH_ItemCondition=3&LH_BIN=1&rt=nc&LH_PrefLoc=1
DIM Complex,https://www.ebay.com/sch/i.html?_from=R40&_nkw=DIM+Complex&_sacat=26395&rt=nc&LH_ItemCondition=3&LH_BIN=1&rt=nc&LH_PrefLoc=1
Multivitamin Supplements,https://www.ebay.com/sch/i.html?_from=R40&_nkw=Multivitamin+Supplements&_sacat=26395&rt=nc&LH_ItemCondition=3&LH_BIN=1&rt=nc&LH_PrefLoc=1
Methylated B Vitamins,https://www.ebay.com/sch/i.html?_from=R40&_nkw=Methylated+B+Vitamins&_sacat=26395&rt=nc&LH_ItemCondition=3&LH_BIN=1&rt=nc&LH_PrefLoc=1
B12 Patch,https://www.ebay.com/sch/i.html?_from=R40&_nkw=B12+Patch&_sacat=26395&rt=nc&LH_ItemCondition=3&LH_BIN=1&rt=nc&LH_PrefLoc=1
Ester-C Capsules,https://www.ebay.com/sch/i.html?_from=R40&_nkw=Ester-C+Capsules&_sacat=26395&rt=nc&LH_ItemCondition=3&LH_BIN=1&rt=nc&LH_PrefLoc=1
Acerola Powder,https://www.ebay.com/sch/i.html?_from=R40&_nkw=Acerola+Powder&_sacat=26395&rt=nc&LH_ItemCondition=3&LH_BIN=1&rt=nc&LH_PrefLoc=1
Ester-C Tablets,https://www.ebay.com/sch/i.html?_from=R40&_nkw=Ester-C+Tablets&_sacat=26395&rt=nc&LH_ItemCondition=3&LH_BIN=1&rt=nc&LH_PrefLoc=1
Vitamin Capsules,https://www.ebay.com/sch/i.html?_from=R40&_nkw=Vitamin+Capsules&_sacat=26395&rt=nc&LH_ItemCondition=3&LH_BIN=1&rt=nc&LH_PrefLoc=1
Mushroom Nootropic,https://www.ebay.com/sch/i.html?_from=R40&_nkw=Mushroom+Nootropic&_sacat=26395&rt=nc&LH_ItemCondition=3&LH_BIN=1&rt=nc&LH_PrefLoc=1
Nootropic Supplement,https://www.ebay.com/sch/i.html?_from=R40&_nkw=Nootropic+Supplement&_sacat=26395&rt=nc&LH_ItemCondition=3&LH_BIN=1&rt=nc&LH_PrefLoc=1
Cognitive Gummies,https://www.ebay.com/sch/i.html?_from=R40&_nkw=Cognitive+Gummies&_sacat=26395&rt=nc&LH_ItemCondition=3&LH_BIN=1&rt=nc&LH_PrefLoc=1
Caffeine Supplements,https://www.ebay.com/sch/i.html?_from=R40&_nkw=Caffeine+Supplements&_sacat=26395&rt=nc&LH_ItemCondition=3&LH_BIN=1&rt=nc&LH_PrefLoc=1
Lion's Mane Gummies,https://www.ebay.com/sch/i.html?_from=R40&_nkw=Lion's+Mane+Gummies&_sacat=26395&rt=nc&LH_ItemCondition=3&LH_BIN=1&rt=nc&LH_PrefLoc=1
Cognitive support,https://www.ebay.com/sch/i.html?_from=R40&_nkw=Cognitive+support&_sacat=26395&rt=nc&LH_ItemCondition=3&LH_BIN=1&rt=nc&LH_PrefLoc=1
Brain memory,https://www.ebay.com/sch/i.html?_from=R40&_nkw=Brain+memory&_sacat=26395&rt=nc&LH_ItemCondition=3&LH_BIN=1&rt=nc&LH_PrefLoc=1
Methyl B12,https://www.ebay.com/sch/i.html?_from=R40&_nkw=Methyl+B12&_sacat=26395&rt=nc&LH_ItemCondition=3&LH_BIN=1&rt=nc&LH_PrefLoc=1
Ginkgo Biloba,https://www.ebay.com/sch/i.html?_from=R40&_nkw=Ginkgo+Biloba&_sacat=26395&rt=nc&LH_ItemCondition=3&LH_BIN=1&rt=nc&LH_PrefLoc=1
NAD Supplement,https://www.ebay.com/sch/i.html?_from=R40&_nkw=NAD+Supplement&_sacat=26395&rt=nc&LH_ItemCondition=3&LH_BIN=1&rt=nc&LH_PrefLoc=1
Brain Eye,https://www.ebay.com/sch/i.html?_from=R40&_nkw=Brain+Eye&_sacat=26395&rt=nc&LH_ItemCondition=3&LH_BIN=1&rt=nc&LH_PrefLoc=1
Brain Supplements,https://www.ebay.com/sch/i.html?_from=R40&_nkw=Brain+Supplements&_sacat=26395&rt=nc&LH_ItemCondition=3&LH_BIN=1&rt=nc&LH_PrefLoc=1
Caffeine Free Preworkout,https://www.ebay.com/sch/i.html?_from=R40&_nkw=Caffeine+Free+Preworkout&_sacat=26395&rt=nc&LH_ItemCondition=3&LH_BIN=1&rt=nc&LH_PrefLoc=1
Blueberry Supplement,https://www.ebay.com/sch/i.html?_from=R40&_nkw=Blueberry+Supplement&_sacat=26395&rt=nc&LH_ItemCondition=3&LH_BIN=1&rt=nc&LH_PrefLoc=1
Brain Energy,https://www.ebay.com/sch/i.html?_from=R40&_nkw=Brain+Energy&_sacat=26395&rt=nc&LH_ItemCondition=3&LH_BIN=1&rt=nc&LH_PrefLoc=1
Mental Alertness,https://www.ebay.com/sch/i.html?_from=R40&_nkw=Mental+Alertness&_sacat=26395&rt=nc&LH_ItemCondition=3&LH_BIN=1&rt=nc&LH_PrefLoc=1
Nootropics Energy,https://www.ebay.com/sch/i.html?_from=R40&_nkw=Nootropics+Energy&_sacat=26395&rt=nc&LH_ItemCondition=3&LH_BIN=1&rt=nc&LH_PrefLoc=1
Sulforaphane Supplement,https://www.ebay.com/sch/i.html?_from=R40&_nkw=Sulforaphane+Supplement&_sacat=26395&rt=nc&LH_ItemCondition=3&LH_BIN=1&rt=nc&LH_PrefLoc=1
Memory Focus,https://www.ebay.com/sch/i.html?_from=R40&_nkw=Memory+Focus&_sacat=26395&rt=nc&LH_ItemCondition=3&LH_BIN=1&rt=nc&LH_PrefLoc=1
Dopamine Supplement,https://www.ebay.com/sch/i.html?_from=R40&_nkw=Dopamine+Supplement&_sacat=26395&rt=nc&LH_ItemCondition=3&LH_BIN=1&rt=nc&LH_PrefLoc=1
Cognitive Supplements,https://www.ebay.com/sch/i.html?_from=R40&_nkw=Cognitive+Supplements&_sacat=26395&rt=nc&LH_ItemCondition=3&LH_BIN=1&rt=nc&LH_PrefLoc=1
Mushroom Capsules,https://www.ebay.com/sch/i.html?_from=R40&_nkw=Mushroom+Capsules&_sacat=26395&rt=nc&LH_ItemCondition=3&LH_BIN=1&rt=nc&LH_PrefLoc=1
Ginseng capsules,https://www.ebay.com/sch/i.html?_from=R40&_nkw=Ginseng+capsules&_sacat=26395&rt=nc&LH_ItemCondition=3&LH_BIN=1&rt=nc&LH_PrefLoc=1
Mushroom Gummies,https://www.ebay.com/sch/i.html?_from=R40&_nkw=Mushroom+Gummies&_sacat=26395&rt=nc&LH_ItemCondition=3&LH_BIN=1&rt=nc&LH_PrefLoc=1
Memory Supplements,https://www.ebay.com/sch/i.html?_from=R40&_nkw=Memory+Supplements&_sacat=26395&rt=nc&LH_ItemCondition=3&LH_BIN=1&rt=nc&LH_PrefLoc=1
Brain Nootropic,https://www.ebay.com/sch/i.html?_from=R40&_nkw=Brain+Nootropic&_sacat=26395&rt=nc&LH_ItemCondition=3&LH_BIN=1&rt=nc&LH_PrefLoc=1
Strawberry Pineapple,https://www.ebay.com/sch/i.html?_from=R40&_nkw=Strawberry+Pineapple&_sacat=26395&rt=nc&LH_ItemCondition=3&LH_BIN=1&rt=nc&LH_PrefLoc=1
Hearing Support,https://www.ebay.com/sch/i.html?_from=R40&_nkw=Hearing+Support&_sacat=26395&rt=nc&LH_ItemCondition=3&LH_BIN=1&rt=nc&LH_PrefLoc=1
Blue Light Protection,https://www.ebay.com/sch/i.html?_from=R40&_nkw=Blue+Light+Protection&_sacat=26395&rt=nc&LH_ItemCondition=3&LH_BIN=1&rt=nc&LH_PrefLoc=1
Resveratrol Capsules,https://www.ebay.com/sch/i.html?_from=R40&_nkw=Resveratrol+Capsules&_sacat=26395&rt=nc&LH_ItemCondition=3&LH_BIN=1&rt=nc&LH_PrefLoc=1
Mental Clarity,https://www.ebay.com/sch/i.html?_from=R40&_nkw=Mental+Clarity&_sacat=26395&rt=nc&LH_ItemCondition=3&LH_BIN=1&rt=nc&LH_PrefLoc=1
Cognizin Caplets,https://www.ebay.com/sch/i.html?_from=R40&_nkw=Cognizin+Caplets&_sacat=26395&rt=nc&LH_ItemCondition=3&LH_BIN=1&rt=nc&LH_PrefLoc=1
Cognitive Health,https://www.ebay.com/sch/i.html?_from=R40&_nkw=Cognitive+Health&_sacat=26395&rt=nc&LH_ItemCondition=3&LH_BIN=1&rt=nc&LH_PrefLoc=1
Brain Capsules,https://www.ebay.com/sch/i.html?_from=R40&_nkw=Brain+Capsules&_sacat=26395&rt=nc&LH_ItemCondition=3&LH_BIN=1&rt=nc&LH_PrefLoc=1
Energy supplements,https://www.ebay.com/sch/i.html?_from=R40&_nkw=Energy+supplements&_sacat=26395&rt=nc&LH_ItemCondition=3&LH_BIN=1&rt=nc&LH_PrefLoc=1
Gaming Nootropic,https://www.ebay.com/sch/i.html?_from=R40&_nkw=Gaming+Nootropic&_sacat=26395&rt=nc&LH_ItemCondition=3&LH_BIN=1&rt=nc&LH_PrefLoc=1
Phosphatidylserine Supplement,https://www.ebay.com/sch/i.html?_from=R40&_nkw=Phosphatidylserine+Supplement&_sacat=26395&rt=nc&LH_ItemCondition=3&LH_BIN=1&rt=nc&LH_PrefLoc=1
Brain wellness,https://www.ebay.com/sch/i.html?_from=R40&_nkw=Brain+wellness&_sacat=26395&rt=nc&LH_ItemCondition=3&LH_BIN=1&rt=nc&LH_PrefLoc=1
DHA EPA,https://www.ebay.com/sch/i.html?_from=R40&_nkw=DHA+EPA&_sacat=26395&rt=nc&LH_ItemCondition=3&LH_BIN=1&rt=nc&LH_PrefLoc=1
Memory Gummies,https://www.ebay.com/sch/i.html?_from=R40&_nkw=Memory+Gummies&_sacat=26395&rt=nc&LH_ItemCondition=3&LH_BIN=1&rt=nc&LH_PrefLoc=1
