Keyword,Links
Snack Bar,https://www.amazon.com/s?k=Snack+Bar&i=hpc&s=exact-aware-popularity-rank&ref=sr_st_exact-aware-popularity-rank
Pack options,https://www.amazon.com/s?k=Pack+options&i=hpc&s=exact-aware-popularity-rank&ref=sr_st_exact-aware-popularity-rank
Inulin Sachets,https://www.amazon.com/s?k=Inulin+Sachets&i=hpc&s=exact-aware-popularity-rank&ref=sr_st_exact-aware-popularity-rank
Pack of 48,https://www.amazon.com/s?k=Pack+of+48&i=hpc&s=exact-aware-popularity-rank&ref=sr_st_exact-aware-popularity-rank
Chicory Capsules,https://www.amazon.com/s?k=Chicory+Capsules&i=hpc&s=exact-aware-popularity-rank&ref=sr_st_exact-aware-popularity-rank
High Fiber,https://www.amazon.com/s?k=High+Fiber&i=hpc&s=exact-aware-popularity-rank&ref=sr_st_exact-aware-popularity-rank
Ointment jars,https://www.amazon.com/s?k=Ointment+jars&i=hpc&s=exact-aware-popularity-rank&ref=sr_st_exact-aware-popularity-rank
Nutritional formula,https://www.amazon.com/s?k=Nutritional+formula&i=hpc&s=exact-aware-popularity-rank&ref=sr_st_exact-aware-popularity-rank
Pack quantity,https://www.amazon.com/s?k=Pack+quantity&i=hpc&s=exact-aware-popularity-rank&ref=sr_st_exact-aware-popularity-rank
Psyllium Cleanser,https://www.amazon.com/s?k=Psyllium+Cleanser&i=hpc&s=exact-aware-popularity-rank&ref=sr_st_exact-aware-popularity-rank
Steak seasoning,https://www.amazon.com/s?k=Steak+seasoning&i=hpc&s=exact-aware-popularity-rank&ref=sr_st_exact-aware-popularity-rank
Pectin Powder,https://www.amazon.com/s?k=Pectin+Powder&i=hpc&s=exact-aware-popularity-rank&ref=sr_st_exact-aware-popularity-rank
Psyllium Detox,https://www.amazon.com/s?k=Psyllium+Detox&i=hpc&s=exact-aware-popularity-rank&ref=sr_st_exact-aware-popularity-rank
Fibre supplement,https://www.amazon.com/s?k=Fibre+supplement&i=hpc&s=exact-aware-popularity-rank&ref=sr_st_exact-aware-popularity-rank
Pack of 24,https://www.amazon.com/s?k=Pack+of+24&i=hpc&s=exact-aware-popularity-rank&ref=sr_st_exact-aware-popularity-rank
Instant laxative,https://www.amazon.com/s?k=Instant+laxative&i=hpc&s=exact-aware-popularity-rank&ref=sr_st_exact-aware-popularity-rank
Berberine Inulin,https://www.amazon.com/s?k=Berberine+Inulin&i=hpc&s=exact-aware-popularity-rank&ref=sr_st_exact-aware-popularity-rank
Prune Laxative,https://www.amazon.com/s?k=Prune+Laxative&i=hpc&s=exact-aware-popularity-rank&ref=sr_st_exact-aware-popularity-rank
Isabgol powder,https://www.amazon.com/s?k=Isabgol+powder&i=hpc&s=exact-aware-popularity-rank&ref=sr_st_exact-aware-popularity-rank
Barberry Powder,https://www.amazon.com/s?k=Barberry+Powder&i=hpc&s=exact-aware-popularity-rank&ref=sr_st_exact-aware-popularity-rank
Carrot Powder,https://www.amazon.com/s?k=Carrot+Powder&i=hpc&s=exact-aware-popularity-rank&ref=sr_st_exact-aware-popularity-rank
Rhinestone Bobby Pins,https://www.amazon.com/s?k=Rhinestone+Bobby+Pins&i=hpc&s=exact-aware-popularity-rank&ref=sr_st_exact-aware-popularity-rank
Natural laxative,https://www.amazon.com/s?k=Natural+laxative&i=hpc&s=exact-aware-popularity-rank&ref=sr_st_exact-aware-popularity-rank
Friendly Fiber,https://www.amazon.com/s?k=Friendly+Fiber&i=hpc&s=exact-aware-popularity-rank&ref=sr_st_exact-aware-popularity-rank
Instant Fiber,https://www.amazon.com/s?k=Instant+Fiber&i=hpc&s=exact-aware-popularity-rank&ref=sr_st_exact-aware-popularity-rank
Cleanse Supplement,https://www.amazon.com/s?k=Cleanse+Supplement&i=hpc&s=exact-aware-popularity-rank&ref=sr_st_exact-aware-popularity-rank
Aromatized Capsules,https://www.amazon.com/s?k=Aromatized+Capsules&i=hpc&s=exact-aware-popularity-rank&ref=sr_st_exact-aware-popularity-rank
Retro capsules,https://www.amazon.com/s?k=Retro+capsules&i=hpc&s=exact-aware-popularity-rank&ref=sr_st_exact-aware-popularity-rank
Orange Fiber,https://www.amazon.com/s?k=Orange+Fiber&i=hpc&s=exact-aware-popularity-rank&ref=sr_st_exact-aware-popularity-rank
Floral supplement,https://www.amazon.com/s?k=Floral+supplement&i=hpc&s=exact-aware-popularity-rank&ref=sr_st_exact-aware-popularity-rank
Psyllium Cleanse,https://www.amazon.com/s?k=Psyllium+Cleanse&i=hpc&s=exact-aware-popularity-rank&ref=sr_st_exact-aware-popularity-rank
Fiber Supplements,https://www.amazon.com/s?k=Fiber+Supplements&i=hpc&s=exact-aware-popularity-rank&ref=sr_st_exact-aware-popularity-rank
Laxative Tablets,https://www.amazon.com/s?k=Laxative+Tablets&i=hpc&s=exact-aware-popularity-rank&ref=sr_st_exact-aware-popularity-rank
Stool Softener,https://www.amazon.com/s?k=Stool+Softener&i=hpc&s=exact-aware-popularity-rank&ref=sr_st_exact-aware-popularity-rank
Polyethylene Glycol,https://www.amazon.com/s?k=Polyethylene+Glycol&i=hpc&s=exact-aware-popularity-rank&ref=sr_st_exact-aware-popularity-rank
Laxative Powder,https://www.amazon.com/s?k=Laxative+Powder&i=hpc&s=exact-aware-popularity-rank&ref=sr_st_exact-aware-popularity-rank
Stimulant Laxative,https://www.amazon.com/s?k=Stimulant+Laxative&i=hpc&s=exact-aware-popularity-rank&ref=sr_st_exact-aware-popularity-rank
Osmotic Laxative,https://www.amazon.com/s?k=Osmotic+Laxative&i=hpc&s=exact-aware-popularity-rank&ref=sr_st_exact-aware-popularity-rank
Saline Laxative,https://www.amazon.com/s?k=Saline+Laxative&i=hpc&s=exact-aware-popularity-rank&ref=sr_st_exact-aware-popularity-rank
Laxative Relief,https://www.amazon.com/s?k=Laxative+Relief&i=hpc&s=exact-aware-popularity-rank&ref=sr_st_exact-aware-popularity-rank
Liquid laxative,https://www.amazon.com/s?k=Liquid+laxative&i=hpc&s=exact-aware-popularity-rank&ref=sr_st_exact-aware-popularity-rank
Vegetable Laxative,https://www.amazon.com/s?k=Vegetable+Laxative&i=hpc&s=exact-aware-popularity-rank&ref=sr_st_exact-aware-popularity-rank
Milk of Magnesia,https://www.amazon.com/s?k=Milk+of+Magnesia&i=hpc&s=exact-aware-popularity-rank&ref=sr_st_exact-aware-popularity-rank
Laxative Suppositories,https://www.amazon.com/s?k=Laxative+Suppositories&i=hpc&s=exact-aware-popularity-rank&ref=sr_st_exact-aware-popularity-rank
Laxative Chews,https://www.amazon.com/s?k=Laxative+Chews&i=hpc&s=exact-aware-popularity-rank&ref=sr_st_exact-aware-popularity-rank
Glycerin Suppositories,https://www.amazon.com/s?k=Glycerin+Suppositories&i=hpc&s=exact-aware-popularity-rank&ref=sr_st_exact-aware-popularity-rank
Saline Enema,https://www.amazon.com/s?k=Saline+Enema&i=hpc&s=exact-aware-popularity-rank&ref=sr_st_exact-aware-popularity-rank
Castor Oil,https://www.amazon.com/s?k=Castor+Oil&i=hpc&s=exact-aware-popularity-rank&ref=sr_st_exact-aware-popularity-rank
Gentle Laxative,https://www.amazon.com/s?k=Gentle+Laxative&i=hpc&s=exact-aware-popularity-rank&ref=sr_st_exact-aware-popularity-rank
Laxative Enema,https://www.amazon.com/s?k=Laxative+Enema&i=hpc&s=exact-aware-popularity-rank&ref=sr_st_exact-aware-popularity-rank
