Keyword,Links
Motion relief,https://www.ebay.com/sch/i.html?_from=R40&_nkw=Motion+relief&_sacat=26395&rt=nc&LH_ItemCondition=3&LH_BIN=1&rt=nc&LH_PrefLoc=1
Children wristband,https://www.ebay.com/sch/i.html?_from=R40&_nkw=Children+wristband&_sacat=26395&rt=nc&LH_ItemCondition=3&LH_BIN=1&rt=nc&LH_PrefLoc=1
Vertigo remedy,https://www.ebay.com/sch/i.html?_from=R40&_nkw=Vertigo+remedy&_sacat=26395&rt=nc&LH_ItemCondition=3&LH_BIN=1&rt=nc&LH_PrefLoc=1
Cocculus Indicus,https://www.ebay.com/sch/i.html?_from=R40&_nkw=Cocculus+Indicus&_sacat=26395&rt=nc&LH_ItemCondition=3&LH_BIN=1&rt=nc&LH_PrefLoc=1
Ginger Tablets,https://www.ebay.com/sch/i.html?_from=R40&_nkw=Ginger+Tablets&_sacat=26395&rt=nc&LH_ItemCondition=3&LH_BIN=1&rt=nc&LH_PrefLoc=1
Travel Sickness,https://www.ebay.com/sch/i.html?_from=R40&_nkw=Travel+Sickness&_sacat=26395&rt=nc&LH_ItemCondition=3&LH_BIN=1&rt=nc&LH_PrefLoc=1
Kids Chewable,https://www.ebay.com/sch/i.html?_from=R40&_nkw=Kids+Chewable&_sacat=26395&rt=nc&LH_ItemCondition=3&LH_BIN=1&rt=nc&LH_PrefLoc=1
Ginger Gum,https://www.ebay.com/sch/i.html?_from=R40&_nkw=Ginger+Gum&_sacat=26395&rt=nc&LH_ItemCondition=3&LH_BIN=1&rt=nc&LH_PrefLoc=1
Acupressure Wristband,https://www.ebay.com/sch/i.html?_from=R40&_nkw=Acupressure+Wristband&_sacat=26395&rt=nc&LH_ItemCondition=3&LH_BIN=1&rt=nc&LH_PrefLoc=1
Non-Drowsy Ginger,https://www.ebay.com/sch/i.html?_from=R40&_nkw=Non-Drowsy+Ginger&_sacat=26395&rt=nc&LH_ItemCondition=3&LH_BIN=1&rt=nc&LH_PrefLoc=1
Sickness Bands,https://www.ebay.com/sch/i.html?_from=R40&_nkw=Sickness+Bands&_sacat=26395&rt=nc&LH_ItemCondition=3&LH_BIN=1&rt=nc&LH_PrefLoc=1
Pregnancy hydration,https://www.ebay.com/sch/i.html?_from=R40&_nkw=Pregnancy+hydration&_sacat=26395&rt=nc&LH_ItemCondition=3&LH_BIN=1&rt=nc&LH_PrefLoc=1
Nausea support,https://www.ebay.com/sch/i.html?_from=R40&_nkw=Nausea+support&_sacat=26395&rt=nc&LH_ItemCondition=3&LH_BIN=1&rt=nc&LH_PrefLoc=1
Vertigo Relief,https://www.ebay.com/sch/i.html?_from=R40&_nkw=Vertigo+Relief&_sacat=26395&rt=nc&LH_ItemCondition=3&LH_BIN=1&rt=nc&LH_PrefLoc=1
Anti-Nausea Relief,https://www.ebay.com/sch/i.html?_from=R40&_nkw=Anti-Nausea+Relief&_sacat=26395&rt=nc&LH_ItemCondition=3&LH_BIN=1&rt=nc&LH_PrefLoc=1
Dairy Digestive,https://www.ebay.com/sch/i.html?_from=R40&_nkw=Dairy+Digestive&_sacat=26395&rt=nc&LH_ItemCondition=3&LH_BIN=1&rt=nc&LH_PrefLoc=1
Antiemetic Caplets,https://www.ebay.com/sch/i.html?_from=R40&_nkw=Antiemetic+Caplets&_sacat=26395&rt=nc&LH_ItemCondition=3&LH_BIN=1&rt=nc&LH_PrefLoc=1
Acupressure Bands,https://www.ebay.com/sch/i.html?_from=R40&_nkw=Acupressure+Bands&_sacat=26395&rt=nc&LH_ItemCondition=3&LH_BIN=1&rt=nc&LH_PrefLoc=1
Anti Nausea,https://www.ebay.com/sch/i.html?_from=R40&_nkw=Anti+Nausea&_sacat=26395&rt=nc&LH_ItemCondition=3&LH_BIN=1&rt=nc&LH_PrefLoc=1
Pinworm Treatment,https://www.ebay.com/sch/i.html?_from=R40&_nkw=Pinworm+Treatment&_sacat=26395&rt=nc&LH_ItemCondition=3&LH_BIN=1&rt=nc&LH_PrefLoc=1
Meclizine Chewable,https://www.ebay.com/sch/i.html?_from=R40&_nkw=Meclizine+Chewable&_sacat=26395&rt=nc&LH_ItemCondition=3&LH_BIN=1&rt=nc&LH_PrefLoc=1
Anti-Nausea Band,https://www.ebay.com/sch/i.html?_from=R40&_nkw=Anti-Nausea+Band&_sacat=26395&rt=nc&LH_ItemCondition=3&LH_BIN=1&rt=nc&LH_PrefLoc=1
Diphenhydramine Capsules,https://www.ebay.com/sch/i.html?_from=R40&_nkw=Diphenhydramine+Capsules&_sacat=26395&rt=nc&LH_ItemCondition=3&LH_BIN=1&rt=nc&LH_PrefLoc=1
Driminate Tablets,https://www.ebay.com/sch/i.html?_from=R40&_nkw=Driminate+Tablets&_sacat=26395&rt=nc&LH_ItemCondition=3&LH_BIN=1&rt=nc&LH_PrefLoc=1
Sickness Patch,https://www.ebay.com/sch/i.html?_from=R40&_nkw=Sickness+Patch&_sacat=26395&rt=nc&LH_ItemCondition=3&LH_BIN=1&rt=nc&LH_PrefLoc=1
Pregnancy Candy,https://www.ebay.com/sch/i.html?_from=R40&_nkw=Pregnancy+Candy&_sacat=26395&rt=nc&LH_ItemCondition=3&LH_BIN=1&rt=nc&LH_PrefLoc=1
Preggie Pops,https://www.ebay.com/sch/i.html?_from=R40&_nkw=Preggie+Pops&_sacat=26395&rt=nc&LH_ItemCondition=3&LH_BIN=1&rt=nc&LH_PrefLoc=1
Travel Chewables,https://www.ebay.com/sch/i.html?_from=R40&_nkw=Travel+Chewables&_sacat=26395&rt=nc&LH_ItemCondition=3&LH_BIN=1&rt=nc&LH_PrefLoc=1
Nausea Wristband,https://www.ebay.com/sch/i.html?_from=R40&_nkw=Nausea+Wristband&_sacat=26395&rt=nc&LH_ItemCondition=3&LH_BIN=1&rt=nc&LH_PrefLoc=1
Blackberry Ginger,https://www.ebay.com/sch/i.html?_from=R40&_nkw=Blackberry+Ginger&_sacat=26395&rt=nc&LH_ItemCondition=3&LH_BIN=1&rt=nc&LH_PrefLoc=1
Antiemetic Tablets,https://www.ebay.com/sch/i.html?_from=R40&_nkw=Antiemetic+Tablets&_sacat=26395&rt=nc&LH_ItemCondition=3&LH_BIN=1&rt=nc&LH_PrefLoc=1
Wristband Sickness,https://www.ebay.com/sch/i.html?_from=R40&_nkw=Wristband+Sickness&_sacat=26395&rt=nc&LH_ItemCondition=3&LH_BIN=1&rt=nc&LH_PrefLoc=1
Bee killer,https://www.ebay.com/sch/i.html?_from=R40&_nkw=Bee+killer&_sacat=26395&rt=nc&LH_ItemCondition=3&LH_BIN=1&rt=nc&LH_PrefLoc=1
Rugby Meclizine,https://www.ebay.com/sch/i.html?_from=R40&_nkw=Rugby+Meclizine&_sacat=26395&rt=nc&LH_ItemCondition=3&LH_BIN=1&rt=nc&LH_PrefLoc=1
Acupressure Wristbands,https://www.ebay.com/sch/i.html?_from=R40&_nkw=Acupressure+Wristbands&_sacat=26395&rt=nc&LH_ItemCondition=3&LH_BIN=1&rt=nc&LH_PrefLoc=1
Pinworm Medicine,https://www.ebay.com/sch/i.html?_from=R40&_nkw=Pinworm+Medicine&_sacat=26395&rt=nc&LH_ItemCondition=3&LH_BIN=1&rt=nc&LH_PrefLoc=1
Travel Relief,https://www.ebay.com/sch/i.html?_from=R40&_nkw=Travel+Relief&_sacat=26395&rt=nc&LH_ItemCondition=3&LH_BIN=1&rt=nc&LH_PrefLoc=1
Motion Sickness Glasses,https://www.ebay.com/sch/i.html?_from=R40&_nkw=Motion+Sickness+Glasses&_sacat=26395&rt=nc&LH_ItemCondition=3&LH_BIN=1&rt=nc&LH_PrefLoc=1
Motion glasses,https://www.ebay.com/sch/i.html?_from=R40&_nkw=Motion+glasses&_sacat=26395&rt=nc&LH_ItemCondition=3&LH_BIN=1&rt=nc&LH_PrefLoc=1
Stump Killer,https://www.ebay.com/sch/i.html?_from=R40&_nkw=Stump+Killer&_sacat=26395&rt=nc&LH_ItemCondition=3&LH_BIN=1&rt=nc&LH_PrefLoc=1
Sickness Relief,https://www.ebay.com/sch/i.html?_from=R40&_nkw=Sickness+Relief&_sacat=26395&rt=nc&LH_ItemCondition=3&LH_BIN=1&rt=nc&LH_PrefLoc=1
Wristband Relief,https://www.ebay.com/sch/i.html?_from=R40&_nkw=Wristband+Relief&_sacat=26395&rt=nc&LH_ItemCondition=3&LH_BIN=1&rt=nc&LH_PrefLoc=1
Acupressure Bracelet,https://www.ebay.com/sch/i.html?_from=R40&_nkw=Acupressure+Bracelet&_sacat=26395&rt=nc&LH_ItemCondition=3&LH_BIN=1&rt=nc&LH_PrefLoc=1
Wrist Restraints,https://www.ebay.com/sch/i.html?_from=R40&_nkw=Wrist+Restraints&_sacat=26395&rt=nc&LH_ItemCondition=3&LH_BIN=1&rt=nc&LH_PrefLoc=1
Acupressure Band,https://www.ebay.com/sch/i.html?_from=R40&_nkw=Acupressure+Band&_sacat=26395&rt=nc&LH_ItemCondition=3&LH_BIN=1&rt=nc&LH_PrefLoc=1
Skin Tightening,https://www.ebay.com/sch/i.html?_from=R40&_nkw=Skin+Tightening&_sacat=26395&rt=nc&LH_ItemCondition=3&LH_BIN=1&rt=nc&LH_PrefLoc=1
Nausea Band,https://www.ebay.com/sch/i.html?_from=R40&_nkw=Nausea+Band&_sacat=26395&rt=nc&LH_ItemCondition=3&LH_BIN=1&rt=nc&LH_PrefLoc=1
Wrist Guard,https://www.ebay.com/sch/i.html?_from=R40&_nkw=Wrist+Guard&_sacat=26395&rt=nc&LH_ItemCondition=3&LH_BIN=1&rt=nc&LH_PrefLoc=1
Sports Patch,https://www.ebay.com/sch/i.html?_from=R40&_nkw=Sports+Patch&_sacat=26395&rt=nc&LH_ItemCondition=3&LH_BIN=1&rt=nc&LH_PrefLoc=1
Nausea Wristbands,https://www.ebay.com/sch/i.html?_from=R40&_nkw=Nausea+Wristbands&_sacat=26395&rt=nc&LH_ItemCondition=3&LH_BIN=1&rt=nc&LH_PrefLoc=1
