Keyword,Links
Honey mask,https://www.ebay.com/sch/i.html?_from=R40&_nkw=Honey+mask&_sacat=26395&rt=nc&LH_ItemCondition=3&LH_BIN=1&rt=nc&LH_PrefLoc=1
Exfoliating Cleanser,https://www.ebay.com/sch/i.html?_from=R40&_nkw=Exfoliating+Cleanser&_sacat=26395&rt=nc&LH_ItemCondition=3&LH_BIN=1&rt=nc&LH_PrefLoc=1
Black Cherry Balm,https://www.ebay.com/sch/i.html?_from=R40&_nkw=Black+Cherry+Balm&_sacat=26395&rt=nc&LH_ItemCondition=3&LH_BIN=1&rt=nc&LH_PrefLoc=1
Oily Skin Cream,https://www.ebay.com/sch/i.html?_from=R40&_nkw=Oily+Skin+Cream&_sacat=26395&rt=nc&LH_ItemCondition=3&LH_BIN=1&rt=nc&LH_PrefLoc=1
Eye Lifting Cream,https://www.ebay.com/sch/i.html?_from=R40&_nkw=Eye+Lifting+Cream&_sacat=26395&rt=nc&LH_ItemCondition=3&LH_BIN=1&rt=nc&LH_PrefLoc=1
Pore Minimizer,https://www.ebay.com/sch/i.html?_from=R40&_nkw=Pore+Minimizer&_sacat=26395&rt=nc&LH_ItemCondition=3&LH_BIN=1&rt=nc&LH_PrefLoc=1
Lip treatment,https://www.ebay.com/sch/i.html?_from=R40&_nkw=Lip+treatment&_sacat=26395&rt=nc&LH_ItemCondition=3&LH_BIN=1&rt=nc&LH_PrefLoc=1
Luxury face mask,https://www.ebay.com/sch/i.html?_from=R40&_nkw=Luxury+face+mask&_sacat=26395&rt=nc&LH_ItemCondition=3&LH_BIN=1&rt=nc&LH_PrefLoc=1
Skin Care,https://www.ebay.com/sch/i.html?_from=R40&_nkw=Skin+Care&_sacat=26395&rt=nc&LH_ItemCondition=3&LH_BIN=1&rt=nc&LH_PrefLoc=1
Skincare Set,https://www.ebay.com/sch/i.html?_from=R40&_nkw=Skincare+Set&_sacat=26395&rt=nc&LH_ItemCondition=3&LH_BIN=1&rt=nc&LH_PrefLoc=1
Rose Hips Mask,https://www.ebay.com/sch/i.html?_from=R40&_nkw=Rose+Hips+Mask&_sacat=26395&rt=nc&LH_ItemCondition=3&LH_BIN=1&rt=nc&LH_PrefLoc=1
Cleansing Gel,https://www.ebay.com/sch/i.html?_from=R40&_nkw=Cleansing+Gel&_sacat=26395&rt=nc&LH_ItemCondition=3&LH_BIN=1&rt=nc&LH_PrefLoc=1
Detox Moisturizer,https://www.ebay.com/sch/i.html?_from=R40&_nkw=Detox+Moisturizer&_sacat=26395&rt=nc&LH_ItemCondition=3&LH_BIN=1&rt=nc&LH_PrefLoc=1
Luxury mask,https://www.ebay.com/sch/i.html?_from=R40&_nkw=Luxury+mask&_sacat=26395&rt=nc&LH_ItemCondition=3&LH_BIN=1&rt=nc&LH_PrefLoc=1
Barrier Repair,https://www.ebay.com/sch/i.html?_from=R40&_nkw=Barrier+Repair&_sacat=26395&rt=nc&LH_ItemCondition=3&LH_BIN=1&rt=nc&LH_PrefLoc=1
Hydration cream,https://www.ebay.com/sch/i.html?_from=R40&_nkw=Hydration+cream&_sacat=26395&rt=nc&LH_ItemCondition=3&LH_BIN=1&rt=nc&LH_PrefLoc=1
Skin Mask,https://www.ebay.com/sch/i.html?_from=R40&_nkw=Skin+Mask&_sacat=26395&rt=nc&LH_ItemCondition=3&LH_BIN=1&rt=nc&LH_PrefLoc=1
Hyaluronic Mask,https://www.ebay.com/sch/i.html?_from=R40&_nkw=Hyaluronic+Mask&_sacat=26395&rt=nc&LH_ItemCondition=3&LH_BIN=1&rt=nc&LH_PrefLoc=1
Moisture Eye Cream,https://www.ebay.com/sch/i.html?_from=R40&_nkw=Moisture+Eye+Cream&_sacat=26395&rt=nc&LH_ItemCondition=3&LH_BIN=1&rt=nc&LH_PrefLoc=1
Acne Treatment,https://www.ebay.com/sch/i.html?_from=R40&_nkw=Acne+Treatment&_sacat=26395&rt=nc&LH_ItemCondition=3&LH_BIN=1&rt=nc&LH_PrefLoc=1
Brightening Mask,https://www.ebay.com/sch/i.html?_from=R40&_nkw=Brightening+Mask&_sacat=26395&rt=nc&LH_ItemCondition=3&LH_BIN=1&rt=nc&LH_PrefLoc=1
Cold Plasma,https://www.ebay.com/sch/i.html?_from=R40&_nkw=Cold+Plasma&_sacat=26395&rt=nc&LH_ItemCondition=3&LH_BIN=1&rt=nc&LH_PrefLoc=1
Youth masks,https://www.ebay.com/sch/i.html?_from=R40&_nkw=Youth+masks&_sacat=26395&rt=nc&LH_ItemCondition=3&LH_BIN=1&rt=nc&LH_PrefLoc=1
Foaming Cleanser,https://www.ebay.com/sch/i.html?_from=R40&_nkw=Foaming+Cleanser&_sacat=26395&rt=nc&LH_ItemCondition=3&LH_BIN=1&rt=nc&LH_PrefLoc=1
Skin smoothie,https://www.ebay.com/sch/i.html?_from=R40&_nkw=Skin+smoothie&_sacat=26395&rt=nc&LH_ItemCondition=3&LH_BIN=1&rt=nc&LH_PrefLoc=1
Illuminating Mask,https://www.ebay.com/sch/i.html?_from=R40&_nkw=Illuminating+Mask&_sacat=26395&rt=nc&LH_ItemCondition=3&LH_BIN=1&rt=nc&LH_PrefLoc=1
Blemish patches,https://www.ebay.com/sch/i.html?_from=R40&_nkw=Blemish+patches&_sacat=26395&rt=nc&LH_ItemCondition=3&LH_BIN=1&rt=nc&LH_PrefLoc=1
Acne Wash,https://www.ebay.com/sch/i.html?_from=R40&_nkw=Acne+Wash&_sacat=26395&rt=nc&LH_ItemCondition=3&LH_BIN=1&rt=nc&LH_PrefLoc=1
Gold mask,https://www.ebay.com/sch/i.html?_from=R40&_nkw=Gold+mask&_sacat=26395&rt=nc&LH_ItemCondition=3&LH_BIN=1&rt=nc&LH_PrefLoc=1
Clear Duo,https://www.ebay.com/sch/i.html?_from=R40&_nkw=Clear+Duo&_sacat=26395&rt=nc&LH_ItemCondition=3&LH_BIN=1&rt=nc&LH_PrefLoc=1
Cactus Mask,https://www.ebay.com/sch/i.html?_from=R40&_nkw=Cactus+Mask&_sacat=26395&rt=nc&LH_ItemCondition=3&LH_BIN=1&rt=nc&LH_PrefLoc=1
Barrier Mist,https://www.ebay.com/sch/i.html?_from=R40&_nkw=Barrier+Mist&_sacat=26395&rt=nc&LH_ItemCondition=3&LH_BIN=1&rt=nc&LH_PrefLoc=1
Calming Mask,https://www.ebay.com/sch/i.html?_from=R40&_nkw=Calming+Mask&_sacat=26395&rt=nc&LH_ItemCondition=3&LH_BIN=1&rt=nc&LH_PrefLoc=1
Retinol Gel-Cream,https://www.ebay.com/sch/i.html?_from=R40&_nkw=Retinol+Gel-Cream&_sacat=26395&rt=nc&LH_ItemCondition=3&LH_BIN=1&rt=nc&LH_PrefLoc=1
Micellar Treatment,https://www.ebay.com/sch/i.html?_from=R40&_nkw=Micellar+Treatment&_sacat=26395&rt=nc&LH_ItemCondition=3&LH_BIN=1&rt=nc&LH_PrefLoc=1
Oily Cleanser,https://www.ebay.com/sch/i.html?_from=R40&_nkw=Oily+Cleanser&_sacat=26395&rt=nc&LH_ItemCondition=3&LH_BIN=1&rt=nc&LH_PrefLoc=1
Vitamin C Moisturizer,https://www.ebay.com/sch/i.html?_from=R40&_nkw=Vitamin+C+Moisturizer&_sacat=26395&rt=nc&LH_ItemCondition=3&LH_BIN=1&rt=nc&LH_PrefLoc=1
Lifting Neck Cream,https://www.ebay.com/sch/i.html?_from=R40&_nkw=Lifting+Neck+Cream&_sacat=26395&rt=nc&LH_ItemCondition=3&LH_BIN=1&rt=nc&LH_PrefLoc=1
Eye treatment,https://www.ebay.com/sch/i.html?_from=R40&_nkw=Eye+treatment&_sacat=26395&rt=nc&LH_ItemCondition=3&LH_BIN=1&rt=nc&LH_PrefLoc=1
Sheer Sunscreen,https://www.ebay.com/sch/i.html?_from=R40&_nkw=Sheer+Sunscreen&_sacat=26395&rt=nc&LH_ItemCondition=3&LH_BIN=1&rt=nc&LH_PrefLoc=1
Cucumber Mask,https://www.ebay.com/sch/i.html?_from=R40&_nkw=Cucumber+Mask&_sacat=26395&rt=nc&LH_ItemCondition=3&LH_BIN=1&rt=nc&LH_PrefLoc=1
Facial Oil,https://www.ebay.com/sch/i.html?_from=R40&_nkw=Facial+Oil&_sacat=26395&rt=nc&LH_ItemCondition=3&LH_BIN=1&rt=nc&LH_PrefLoc=1
Omega-3 Supplement,https://www.ebay.com/sch/i.html?_from=R40&_nkw=Omega-3+Supplement&_sacat=26395&rt=nc&LH_ItemCondition=3&LH_BIN=1&rt=nc&LH_PrefLoc=1
Glow Moisturiser,https://www.ebay.com/sch/i.html?_from=R40&_nkw=Glow+Moisturiser&_sacat=26395&rt=nc&LH_ItemCondition=3&LH_BIN=1&rt=nc&LH_PrefLoc=1
Advanced Serum,https://www.ebay.com/sch/i.html?_from=R40&_nkw=Advanced+Serum&_sacat=26395&rt=nc&LH_ItemCondition=3&LH_BIN=1&rt=nc&LH_PrefLoc=1
Acne Cleanser,https://www.ebay.com/sch/i.html?_from=R40&_nkw=Acne+Cleanser&_sacat=26395&rt=nc&LH_ItemCondition=3&LH_BIN=1&rt=nc&LH_PrefLoc=1
Vitamin C Kit,https://www.ebay.com/sch/i.html?_from=R40&_nkw=Vitamin+C+Kit&_sacat=26395&rt=nc&LH_ItemCondition=3&LH_BIN=1&rt=nc&LH_PrefLoc=1
Nourishing Lip Balm,https://www.ebay.com/sch/i.html?_from=R40&_nkw=Nourishing+Lip+Balm&_sacat=26395&rt=nc&LH_ItemCondition=3&LH_BIN=1&rt=nc&LH_PrefLoc=1
Lip mask,https://www.ebay.com/sch/i.html?_from=R40&_nkw=Lip+mask&_sacat=26395&rt=nc&LH_ItemCondition=3&LH_BIN=1&rt=nc&LH_PrefLoc=1
Brightening Complex,https://www.ebay.com/sch/i.html?_from=R40&_nkw=Brightening+Complex&_sacat=26395&rt=nc&LH_ItemCondition=3&LH_BIN=1&rt=nc&LH_PrefLoc=1
