Keyword,Links
Diabetes Pack,https://www.amazon.com/s?k=Diabetes+Pack&i=hpc&s=exact-aware-popularity-rank&ref=sr_st_exact-aware-popularity-rank
Adult Multivitamin,https://www.amazon.com/s?k=Adult+Multivitamin&i=hpc&s=exact-aware-popularity-rank&ref=sr_st_exact-aware-popularity-rank
Turmeric Extract,https://www.amazon.com/s?k=Turmeric+Extract&i=hpc&s=exact-aware-popularity-rank&ref=sr_st_exact-aware-popularity-rank
Omega gummies,https://www.amazon.com/s?k=Omega+gummies&i=hpc&s=exact-aware-popularity-rank&ref=sr_st_exact-aware-popularity-rank
CoQ10 Chewables,https://www.amazon.com/s?k=CoQ10+Chewables&i=hpc&s=exact-aware-popularity-rank&ref=sr_st_exact-aware-popularity-rank
Vegan DHA,https://www.amazon.com/s?k=Vegan+DHA&i=hpc&s=exact-aware-popularity-rank&ref=sr_st_exact-aware-popularity-rank
Greens supplement,https://www.amazon.com/s?k=Greens+supplement&i=hpc&s=exact-aware-popularity-rank&ref=sr_st_exact-aware-popularity-rank
Liver Detox,https://www.amazon.com/s?k=Liver+Detox&i=hpc&s=exact-aware-popularity-rank&ref=sr_st_exact-aware-popularity-rank
Vitamin B6,https://www.amazon.com/s?k=Vitamin+B6&i=hpc&s=exact-aware-popularity-rank&ref=sr_st_exact-aware-popularity-rank
Hemp Hearts,https://www.amazon.com/s?k=Hemp+Hearts&i=hpc&s=exact-aware-popularity-rank&ref=sr_st_exact-aware-popularity-rank
Niacin Tablets,https://www.amazon.com/s?k=Niacin+Tablets&i=hpc&s=exact-aware-popularity-rank&ref=sr_st_exact-aware-popularity-rank
Garlic supplement,https://www.amazon.com/s?k=Garlic+supplement&i=hpc&s=exact-aware-popularity-rank&ref=sr_st_exact-aware-popularity-rank
Vitamin D Gummies,https://www.amazon.com/s?k=Vitamin+D+Gummies&i=hpc&s=exact-aware-popularity-rank&ref=sr_st_exact-aware-popularity-rank
Brain support,https://www.amazon.com/s?k=Brain+support&i=hpc&s=exact-aware-popularity-rank&ref=sr_st_exact-aware-popularity-rank
B-100 Complex,https://www.amazon.com/s?k=B-100+Complex&i=hpc&s=exact-aware-popularity-rank&ref=sr_st_exact-aware-popularity-rank
Heart Chews,https://www.amazon.com/s?k=Heart+Chews&i=hpc&s=exact-aware-popularity-rank&ref=sr_st_exact-aware-popularity-rank
Ubiquinol Softgels,https://www.amazon.com/s?k=Ubiquinol+Softgels&i=hpc&s=exact-aware-popularity-rank&ref=sr_st_exact-aware-popularity-rank
Salmon Oil,https://www.amazon.com/s?k=Salmon+Oil&i=hpc&s=exact-aware-popularity-rank&ref=sr_st_exact-aware-popularity-rank
Mussel Oil,https://www.amazon.com/s?k=Mussel+Oil&i=hpc&s=exact-aware-popularity-rank&ref=sr_st_exact-aware-popularity-rank
Lipid Control,https://www.amazon.com/s?k=Lipid+Control&i=hpc&s=exact-aware-popularity-rank&ref=sr_st_exact-aware-popularity-rank
Omega-3 Gummies,https://www.amazon.com/s?k=Omega-3+Gummies&i=hpc&s=exact-aware-popularity-rank&ref=sr_st_exact-aware-popularity-rank
D-Ribose Powder,https://www.amazon.com/s?k=D-Ribose+Powder&i=hpc&s=exact-aware-popularity-rank&ref=sr_st_exact-aware-popularity-rank
Apple Cider Gummies,https://www.amazon.com/s?k=Apple+Cider+Gummies&i=hpc&s=exact-aware-popularity-rank&ref=sr_st_exact-aware-popularity-rank
Flaxseed Oil,https://www.amazon.com/s?k=Flaxseed+Oil&i=hpc&s=exact-aware-popularity-rank&ref=sr_st_exact-aware-popularity-rank
Berberine supplement,https://www.amazon.com/s?k=Berberine+supplement&i=hpc&s=exact-aware-popularity-rank&ref=sr_st_exact-aware-popularity-rank
Flax Seed,https://www.amazon.com/s?k=Flax+Seed&i=hpc&s=exact-aware-popularity-rank&ref=sr_st_exact-aware-popularity-rank
Aged Garlic,https://www.amazon.com/s?k=Aged+Garlic&i=hpc&s=exact-aware-popularity-rank&ref=sr_st_exact-aware-popularity-rank
Black Garlic,https://www.amazon.com/s?k=Black+Garlic&i=hpc&s=exact-aware-popularity-rank&ref=sr_st_exact-aware-popularity-rank
Butt Supplements,https://www.amazon.com/s?k=Butt+Supplements&i=hpc&s=exact-aware-popularity-rank&ref=sr_st_exact-aware-popularity-rank
Joint supplement,https://www.amazon.com/s?k=Joint+supplement&i=hpc&s=exact-aware-popularity-rank&ref=sr_st_exact-aware-popularity-rank
Performance Vitapak,https://www.amazon.com/s?k=Performance+Vitapak&i=hpc&s=exact-aware-popularity-rank&ref=sr_st_exact-aware-popularity-rank
Turmeric Gummies,https://www.amazon.com/s?k=Turmeric+Gummies&i=hpc&s=exact-aware-popularity-rank&ref=sr_st_exact-aware-popularity-rank
Beet Supplement,https://www.amazon.com/s?k=Beet+Supplement&i=hpc&s=exact-aware-popularity-rank&ref=sr_st_exact-aware-popularity-rank
Garlic Tablets,https://www.amazon.com/s?k=Garlic+Tablets&i=hpc&s=exact-aware-popularity-rank&ref=sr_st_exact-aware-popularity-rank
Women's Multivitamin,https://www.amazon.com/s?k=Women's+Multivitamin&i=hpc&s=exact-aware-popularity-rank&ref=sr_st_exact-aware-popularity-rank
Superfood Powder,https://www.amazon.com/s?k=Superfood+Powder&i=hpc&s=exact-aware-popularity-rank&ref=sr_st_exact-aware-popularity-rank
Turmeric Chews,https://www.amazon.com/s?k=Turmeric+Chews&i=hpc&s=exact-aware-popularity-rank&ref=sr_st_exact-aware-popularity-rank
Lecithin Softgels,https://www.amazon.com/s?k=Lecithin+Softgels&i=hpc&s=exact-aware-popularity-rank&ref=sr_st_exact-aware-popularity-rank
Omega-3 Balance,https://www.amazon.com/s?k=Omega-3+Balance&i=hpc&s=exact-aware-popularity-rank&ref=sr_st_exact-aware-popularity-rank
Curcumin Softgels,https://www.amazon.com/s?k=Curcumin+Softgels&i=hpc&s=exact-aware-popularity-rank&ref=sr_st_exact-aware-popularity-rank
Coenzyme Q10,https://www.amazon.com/s?k=Coenzyme+Q10&i=hpc&s=exact-aware-popularity-rank&ref=sr_st_exact-aware-popularity-rank
Apple Cider,https://www.amazon.com/s?k=Apple+Cider&i=hpc&s=exact-aware-popularity-rank&ref=sr_st_exact-aware-popularity-rank
Curcumin capsules,https://www.amazon.com/s?k=Curcumin+capsules&i=hpc&s=exact-aware-popularity-rank&ref=sr_st_exact-aware-popularity-rank
Turmeric Moringa,https://www.amazon.com/s?k=Turmeric+Moringa&i=hpc&s=exact-aware-popularity-rank&ref=sr_st_exact-aware-popularity-rank
Turmeric Curcumin,https://www.amazon.com/s?k=Turmeric+Curcumin&i=hpc&s=exact-aware-popularity-rank&ref=sr_st_exact-aware-popularity-rank
Curcumin supplement,https://www.amazon.com/s?k=Curcumin+supplement&i=hpc&s=exact-aware-popularity-rank&ref=sr_st_exact-aware-popularity-rank
Red Yeast,https://www.amazon.com/s?k=Red+Yeast&i=hpc&s=exact-aware-popularity-rank&ref=sr_st_exact-aware-popularity-rank
Curcumin Support,https://www.amazon.com/s?k=Curcumin+Support&i=hpc&s=exact-aware-popularity-rank&ref=sr_st_exact-aware-popularity-rank
DHA supplement,https://www.amazon.com/s?k=DHA+supplement&i=hpc&s=exact-aware-popularity-rank&ref=sr_st_exact-aware-popularity-rank
Omega 3,https://www.amazon.com/s?k=Omega+3&i=hpc&s=exact-aware-popularity-rank&ref=sr_st_exact-aware-popularity-rank
