Keyword,Links
Beeswax Jelly,https://www.amazon.com/s?k=Beeswax+Jelly&i=beauty&s=exact-aware-popularity-rank&ref=sr_st_exact-aware-popularity-rank
Combing Cream,https://www.amazon.com/s?k=Combing+Cream&i=beauty&s=exact-aware-popularity-rank&ref=sr_st_exact-aware-popularity-rank
Activator Gel,https://www.amazon.com/s?k=Activator+Gel&i=beauty&s=exact-aware-popularity-rank&ref=sr_st_exact-aware-popularity-rank
Edge pomade,https://www.amazon.com/s?k=Edge+pomade&i=beauty&s=exact-aware-popularity-rank&ref=sr_st_exact-aware-popularity-rank
Style mousse,https://www.amazon.com/s?k=Style+mousse&i=beauty&s=exact-aware-popularity-rank&ref=sr_st_exact-aware-popularity-rank
Volume Spritz,https://www.amazon.com/s?k=Volume+Spritz&i=beauty&s=exact-aware-popularity-rank&ref=sr_st_exact-aware-popularity-rank
Liquid gel,https://www.amazon.com/s?k=Liquid+gel&i=beauty&s=exact-aware-popularity-rank&ref=sr_st_exact-aware-popularity-rank
Loc setting,https://www.amazon.com/s?k=Loc+setting&i=beauty&s=exact-aware-popularity-rank&ref=sr_st_exact-aware-popularity-rank
Curl definition,https://www.amazon.com/s?k=Curl+definition&i=beauty&s=exact-aware-popularity-rank&ref=sr_st_exact-aware-popularity-rank
Texturizing Paste,https://www.amazon.com/s?k=Texturizing+Paste&i=beauty&s=exact-aware-popularity-rank&ref=sr_st_exact-aware-popularity-rank
Cachos Definidos,https://www.amazon.com/s?k=Cachos+Definidos&i=beauty&s=exact-aware-popularity-rank&ref=sr_st_exact-aware-popularity-rank
Beeswax Candle,https://www.amazon.com/s?k=Beeswax+Candle&i=beauty&s=exact-aware-popularity-rank&ref=sr_st_exact-aware-popularity-rank
Shine Styler,https://www.amazon.com/s?k=Shine+Styler&i=beauty&s=exact-aware-popularity-rank&ref=sr_st_exact-aware-popularity-rank
Curl uplifting,https://www.amazon.com/s?k=Curl+uplifting&i=beauty&s=exact-aware-popularity-rank&ref=sr_st_exact-aware-popularity-rank
Shortlooks Gel,https://www.amazon.com/s?k=Shortlooks+Gel&i=beauty&s=exact-aware-popularity-rank&ref=sr_st_exact-aware-popularity-rank
Coming soon,https://www.amazon.com/s?k=Coming+soon&i=beauty&s=exact-aware-popularity-rank&ref=sr_st_exact-aware-popularity-rank
Curl creme,https://www.amazon.com/s?k=Curl+creme&i=beauty&s=exact-aware-popularity-rank&ref=sr_st_exact-aware-popularity-rank
Curly Hair Gel,https://www.amazon.com/s?k=Curly+Hair+Gel&i=beauty&s=exact-aware-popularity-rank&ref=sr_st_exact-aware-popularity-rank
Beach wave spray,https://www.amazon.com/s?k=Beach+wave+spray&i=beauty&s=exact-aware-popularity-rank&ref=sr_st_exact-aware-popularity-rank
Curl trio,https://www.amazon.com/s?k=Curl+trio&i=beauty&s=exact-aware-popularity-rank&ref=sr_st_exact-aware-popularity-rank
Extra Firm Hairspray,https://www.amazon.com/s?k=Extra+Firm+Hairspray&i=beauty&s=exact-aware-popularity-rank&ref=sr_st_exact-aware-popularity-rank
Wave gel,https://www.amazon.com/s?k=Wave+gel&i=beauty&s=exact-aware-popularity-rank&ref=sr_st_exact-aware-popularity-rank
Hydrating Spray,https://www.amazon.com/s?k=Hydrating+Spray&i=beauty&s=exact-aware-popularity-rank&ref=sr_st_exact-aware-popularity-rank
Bold Control,https://www.amazon.com/s?k=Bold+Control&i=beauty&s=exact-aware-popularity-rank&ref=sr_st_exact-aware-popularity-rank
Sculpting Paste,https://www.amazon.com/s?k=Sculpting+Paste&i=beauty&s=exact-aware-popularity-rank&ref=sr_st_exact-aware-popularity-rank
Volume Powder,https://www.amazon.com/s?k=Volume+Powder&i=beauty&s=exact-aware-popularity-rank&ref=sr_st_exact-aware-popularity-rank
Humectant Pomade,https://www.amazon.com/s?k=Humectant+Pomade&i=beauty&s=exact-aware-popularity-rank&ref=sr_st_exact-aware-popularity-rank
Texturizing Hairspray,https://www.amazon.com/s?k=Texturizing+Hairspray&i=beauty&s=exact-aware-popularity-rank&ref=sr_st_exact-aware-popularity-rank
Air Dry Whip,https://www.amazon.com/s?k=Air+Dry+Whip&i=beauty&s=exact-aware-popularity-rank&ref=sr_st_exact-aware-popularity-rank
Fiber groom,https://www.amazon.com/s?k=Fiber+groom&i=beauty&s=exact-aware-popularity-rank&ref=sr_st_exact-aware-popularity-rank
Define Sculpt,https://www.amazon.com/s?k=Define+Sculpt&i=beauty&s=exact-aware-popularity-rank&ref=sr_st_exact-aware-popularity-rank
Curly Wax,https://www.amazon.com/s?k=Curly+Wax&i=beauty&s=exact-aware-popularity-rank&ref=sr_st_exact-aware-popularity-rank
Strong hold gel,https://www.amazon.com/s?k=Strong+hold+gel&i=beauty&s=exact-aware-popularity-rank&ref=sr_st_exact-aware-popularity-rank
Silk serum,https://www.amazon.com/s?k=Silk+serum&i=beauty&s=exact-aware-popularity-rank&ref=sr_st_exact-aware-popularity-rank
Leave In Spray,https://www.amazon.com/s?k=Leave+In+Spray&i=beauty&s=exact-aware-popularity-rank&ref=sr_st_exact-aware-popularity-rank
Texturizer Gel,https://www.amazon.com/s?k=Texturizer+Gel&i=beauty&s=exact-aware-popularity-rank&ref=sr_st_exact-aware-popularity-rank
Guava Gel,https://www.amazon.com/s?k=Guava+Gel&i=beauty&s=exact-aware-popularity-rank&ref=sr_st_exact-aware-popularity-rank
Curly Creme,https://www.amazon.com/s?k=Curly+Creme&i=beauty&s=exact-aware-popularity-rank&ref=sr_st_exact-aware-popularity-rank
Grey hair pomade,https://www.amazon.com/s?k=Grey+hair+pomade&i=beauty&s=exact-aware-popularity-rank&ref=sr_st_exact-aware-popularity-rank
Curls Pudding,https://www.amazon.com/s?k=Curls+Pudding&i=beauty&s=exact-aware-popularity-rank&ref=sr_st_exact-aware-popularity-rank
Sea-Salt Hairspray,https://www.amazon.com/s?k=Sea-Salt+Hairspray&i=beauty&s=exact-aware-popularity-rank&ref=sr_st_exact-aware-popularity-rank
Texturizer Lotion,https://www.amazon.com/s?k=Texturizer+Lotion&i=beauty&s=exact-aware-popularity-rank&ref=sr_st_exact-aware-popularity-rank
Hair creme,https://www.amazon.com/s?k=Hair+creme&i=beauty&s=exact-aware-popularity-rank&ref=sr_st_exact-aware-popularity-rank
Moisturizer Cream,https://www.amazon.com/s?k=Moisturizer+Cream&i=beauty&s=exact-aware-popularity-rank&ref=sr_st_exact-aware-popularity-rank
Setting foam,https://www.amazon.com/s?k=Setting+foam&i=beauty&s=exact-aware-popularity-rank&ref=sr_st_exact-aware-popularity-rank
Texture paste,https://www.amazon.com/s?k=Texture+paste&i=beauty&s=exact-aware-popularity-rank&ref=sr_st_exact-aware-popularity-rank
Smoothing Gel,https://www.amazon.com/s?k=Smoothing+Gel&i=beauty&s=exact-aware-popularity-rank&ref=sr_st_exact-aware-popularity-rank
Anti-Frizz Balm,https://www.amazon.com/s?k=Anti-Frizz+Balm&i=beauty&s=exact-aware-popularity-rank&ref=sr_st_exact-aware-popularity-rank
Curl reactivator,https://www.amazon.com/s?k=Curl+reactivator&i=beauty&s=exact-aware-popularity-rank&ref=sr_st_exact-aware-popularity-rank
Curl styling,https://www.amazon.com/s?k=Curl+styling&i=beauty&s=exact-aware-popularity-rank&ref=sr_st_exact-aware-popularity-rank
