Keyword,Links
Elegant perfume,https://www.amazon.com/s?k=Elegant+perfume&i=beauty&s=exact-aware-popularity-rank&ref=sr_st_exact-aware-popularity-rank
Clementine perfume,https://www.amazon.com/s?k=Clementine+perfume&i=beauty&s=exact-aware-popularity-rank&ref=sr_st_exact-aware-popularity-rank
Vanilla fragrance,https://www.amazon.com/s?k=Vanilla+fragrance&i=beauty&s=exact-aware-popularity-rank&ref=sr_st_exact-aware-popularity-rank
Impression Cologne,https://www.amazon.com/s?k=Impression+Cologne&i=beauty&s=exact-aware-popularity-rank&ref=sr_st_exact-aware-popularity-rank
Ladies Fragrance,https://www.amazon.com/s?k=Ladies+Fragrance&i=beauty&s=exact-aware-popularity-rank&ref=sr_st_exact-aware-popularity-rank
Rugby Fragrance,https://www.amazon.com/s?k=Rugby+Fragrance&i=beauty&s=exact-aware-popularity-rank&ref=sr_st_exact-aware-popularity-rank
Floral Perfume,https://www.amazon.com/s?k=Floral+Perfume&i=beauty&s=exact-aware-popularity-rank&ref=sr_st_exact-aware-popularity-rank
Men's fragrance,https://www.amazon.com/s?k=Men's+fragrance&i=beauty&s=exact-aware-popularity-rank&ref=sr_st_exact-aware-popularity-rank
Unisex fragrance,https://www.amazon.com/s?k=Unisex+fragrance&i=beauty&s=exact-aware-popularity-rank&ref=sr_st_exact-aware-popularity-rank
Driftwood Perfume,https://www.amazon.com/s?k=Driftwood+Perfume&i=beauty&s=exact-aware-popularity-rank&ref=sr_st_exact-aware-popularity-rank
Blue EDT,https://www.amazon.com/s?k=Blue+EDT&i=beauty&s=exact-aware-popularity-rank&ref=sr_st_exact-aware-popularity-rank
Daisy perfume,https://www.amazon.com/s?k=Daisy+perfume&i=beauty&s=exact-aware-popularity-rank&ref=sr_st_exact-aware-popularity-rank
Eau de Cologne,https://www.amazon.com/s?k=Eau+de+Cologne&i=beauty&s=exact-aware-popularity-rank&ref=sr_st_exact-aware-popularity-rank
Spring fragrance,https://www.amazon.com/s?k=Spring+fragrance&i=beauty&s=exact-aware-popularity-rank&ref=sr_st_exact-aware-popularity-rank
Pure Addiction,https://www.amazon.com/s?k=Pure+Addiction&i=beauty&s=exact-aware-popularity-rank&ref=sr_st_exact-aware-popularity-rank
Women's parfum,https://www.amazon.com/s?k=Women's+parfum&i=beauty&s=exact-aware-popularity-rank&ref=sr_st_exact-aware-popularity-rank
Nectar fragrance,https://www.amazon.com/s?k=Nectar+fragrance&i=beauty&s=exact-aware-popularity-rank&ref=sr_st_exact-aware-popularity-rank
Magnetic Pink,https://www.amazon.com/s?k=Magnetic+Pink&i=beauty&s=exact-aware-popularity-rank&ref=sr_st_exact-aware-popularity-rank
SpongeBob fragrance,https://www.amazon.com/s?k=SpongeBob+fragrance&i=beauty&s=exact-aware-popularity-rank&ref=sr_st_exact-aware-popularity-rank
Sweet Cupcake,https://www.amazon.com/s?k=Sweet+Cupcake&i=beauty&s=exact-aware-popularity-rank&ref=sr_st_exact-aware-popularity-rank
Lavender Cologne,https://www.amazon.com/s?k=Lavender+Cologne&i=beauty&s=exact-aware-popularity-rank&ref=sr_st_exact-aware-popularity-rank
Floral Spray,https://www.amazon.com/s?k=Floral+Spray&i=beauty&s=exact-aware-popularity-rank&ref=sr_st_exact-aware-popularity-rank
Perfumed Mist,https://www.amazon.com/s?k=Perfumed+Mist&i=beauty&s=exact-aware-popularity-rank&ref=sr_st_exact-aware-popularity-rank
Vanilla Musk,https://www.amazon.com/s?k=Vanilla+Musk&i=beauty&s=exact-aware-popularity-rank&ref=sr_st_exact-aware-popularity-rank
Oud fragrance,https://www.amazon.com/s?k=Oud+fragrance&i=beauty&s=exact-aware-popularity-rank&ref=sr_st_exact-aware-popularity-rank
Rose Cologne,https://www.amazon.com/s?k=Rose+Cologne&i=beauty&s=exact-aware-popularity-rank&ref=sr_st_exact-aware-popularity-rank
Pheromone Cologne,https://www.amazon.com/s?k=Pheromone+Cologne&i=beauty&s=exact-aware-popularity-rank&ref=sr_st_exact-aware-popularity-rank
Perfume Oil,https://www.amazon.com/s?k=Perfume+Oil&i=beauty&s=exact-aware-popularity-rank&ref=sr_st_exact-aware-popularity-rank
Men's perfume,https://www.amazon.com/s?k=Men's+perfume&i=beauty&s=exact-aware-popularity-rank&ref=sr_st_exact-aware-popularity-rank
Eau De Spray,https://www.amazon.com/s?k=Eau+De+Spray&i=beauty&s=exact-aware-popularity-rank&ref=sr_st_exact-aware-popularity-rank
EDT Spray,https://www.amazon.com/s?k=EDT+Spray&i=beauty&s=exact-aware-popularity-rank&ref=sr_st_exact-aware-popularity-rank
Timeless Elegance,https://www.amazon.com/s?k=Timeless+Elegance&i=beauty&s=exact-aware-popularity-rank&ref=sr_st_exact-aware-popularity-rank
Scent Library,https://www.amazon.com/s?k=Scent+Library&i=beauty&s=exact-aware-popularity-rank&ref=sr_st_exact-aware-popularity-rank
Musk Cologne,https://www.amazon.com/s?k=Musk+Cologne&i=beauty&s=exact-aware-popularity-rank&ref=sr_st_exact-aware-popularity-rank
Vanilla Spray,https://www.amazon.com/s?k=Vanilla+Spray&i=beauty&s=exact-aware-popularity-rank&ref=sr_st_exact-aware-popularity-rank
Women's fragrance,https://www.amazon.com/s?k=Women's+fragrance&i=beauty&s=exact-aware-popularity-rank&ref=sr_st_exact-aware-popularity-rank
Joy perfume,https://www.amazon.com/s?k=Joy+perfume&i=beauty&s=exact-aware-popularity-rank&ref=sr_st_exact-aware-popularity-rank
Cool fragrance,https://www.amazon.com/s?k=Cool+fragrance&i=beauty&s=exact-aware-popularity-rank&ref=sr_st_exact-aware-popularity-rank
French Grey,https://www.amazon.com/s?k=French+Grey&i=beauty&s=exact-aware-popularity-rank&ref=sr_st_exact-aware-popularity-rank
Gilded Perfume,https://www.amazon.com/s?k=Gilded+Perfume&i=beauty&s=exact-aware-popularity-rank&ref=sr_st_exact-aware-popularity-rank
Red Intense,https://www.amazon.com/s?k=Red+Intense&i=beauty&s=exact-aware-popularity-rank&ref=sr_st_exact-aware-popularity-rank
Basilic Cologne,https://www.amazon.com/s?k=Basilic+Cologne&i=beauty&s=exact-aware-popularity-rank&ref=sr_st_exact-aware-popularity-rank
Aqua Perfume,https://www.amazon.com/s?k=Aqua+Perfume&i=beauty&s=exact-aware-popularity-rank&ref=sr_st_exact-aware-popularity-rank
Floral Bouquet,https://www.amazon.com/s?k=Floral+Bouquet&i=beauty&s=exact-aware-popularity-rank&ref=sr_st_exact-aware-popularity-rank
Blue Sail,https://www.amazon.com/s?k=Blue+Sail&i=beauty&s=exact-aware-popularity-rank&ref=sr_st_exact-aware-popularity-rank
Cologne Spray,https://www.amazon.com/s?k=Cologne+Spray&i=beauty&s=exact-aware-popularity-rank&ref=sr_st_exact-aware-popularity-rank
Coconuts Summer,https://www.amazon.com/s?k=Coconuts+Summer&i=beauty&s=exact-aware-popularity-rank&ref=sr_st_exact-aware-popularity-rank
Honeysuckle Perfume,https://www.amazon.com/s?k=Honeysuckle+Perfume&i=beauty&s=exact-aware-popularity-rank&ref=sr_st_exact-aware-popularity-rank
Intense Cologne,https://www.amazon.com/s?k=Intense+Cologne&i=beauty&s=exact-aware-popularity-rank&ref=sr_st_exact-aware-popularity-rank
Beverly Hills,https://www.amazon.com/s?k=Beverly+Hills&i=beauty&s=exact-aware-popularity-rank&ref=sr_st_exact-aware-popularity-rank
