Keyword,Links
Collagen Burn,https://www.amazon.com/s?k=Collagen+Burn&i=hpc&s=exact-aware-popularity-rank&ref=sr_st_exact-aware-popularity-rank
Biotin Support,https://www.amazon.com/s?k=Biotin+Support&i=hpc&s=exact-aware-popularity-rank&ref=sr_st_exact-aware-popularity-rank
Cinnamon Tablets,https://www.amazon.com/s?k=Cinnamon+Tablets&i=hpc&s=exact-aware-popularity-rank&ref=sr_st_exact-aware-popularity-rank
Hair volume,https://www.amazon.com/s?k=Hair+volume&i=hpc&s=exact-aware-popularity-rank&ref=sr_st_exact-aware-popularity-rank
Collagen Blend,https://www.amazon.com/s?k=Collagen+Blend&i=hpc&s=exact-aware-popularity-rank&ref=sr_st_exact-aware-popularity-rank
Aging Supplement,https://www.amazon.com/s?k=Aging+Supplement&i=hpc&s=exact-aware-popularity-rank&ref=sr_st_exact-aware-popularity-rank
Hair support,https://www.amazon.com/s?k=Hair+support&i=hpc&s=exact-aware-popularity-rank&ref=sr_st_exact-aware-popularity-rank
Glucosamine Capsules,https://www.amazon.com/s?k=Glucosamine+Capsules&i=hpc&s=exact-aware-popularity-rank&ref=sr_st_exact-aware-popularity-rank
Ionic Silica,https://www.amazon.com/s?k=Ionic+Silica&i=hpc&s=exact-aware-popularity-rank&ref=sr_st_exact-aware-popularity-rank
Biotin supplements,https://www.amazon.com/s?k=Biotin+supplements&i=hpc&s=exact-aware-popularity-rank&ref=sr_st_exact-aware-popularity-rank
Sugar cravings,https://www.amazon.com/s?k=Sugar+cravings&i=hpc&s=exact-aware-popularity-rank&ref=sr_st_exact-aware-popularity-rank
Type 2 Collagen,https://www.amazon.com/s?k=Type+2+Collagen&i=hpc&s=exact-aware-popularity-rank&ref=sr_st_exact-aware-popularity-rank
Youth Collagen,https://www.amazon.com/s?k=Youth+Collagen&i=hpc&s=exact-aware-popularity-rank&ref=sr_st_exact-aware-popularity-rank
Bariatric Biotin,https://www.amazon.com/s?k=Bariatric+Biotin&i=hpc&s=exact-aware-popularity-rank&ref=sr_st_exact-aware-popularity-rank
Thyroid Complex,https://www.amazon.com/s?k=Thyroid+Complex&i=hpc&s=exact-aware-popularity-rank&ref=sr_st_exact-aware-popularity-rank
Hair Regrowth,https://www.amazon.com/s?k=Hair+Regrowth&i=hpc&s=exact-aware-popularity-rank&ref=sr_st_exact-aware-popularity-rank
Mango Collagen,https://www.amazon.com/s?k=Mango+Collagen&i=hpc&s=exact-aware-popularity-rank&ref=sr_st_exact-aware-popularity-rank
Keto Collagen,https://www.amazon.com/s?k=Keto+Collagen&i=hpc&s=exact-aware-popularity-rank&ref=sr_st_exact-aware-popularity-rank
Biotin Patch,https://www.amazon.com/s?k=Biotin+Patch&i=hpc&s=exact-aware-popularity-rank&ref=sr_st_exact-aware-popularity-rank
Collagen Cherry,https://www.amazon.com/s?k=Collagen+Cherry&i=hpc&s=exact-aware-popularity-rank&ref=sr_st_exact-aware-popularity-rank
Fiber Collagen,https://www.amazon.com/s?k=Fiber+Collagen&i=hpc&s=exact-aware-popularity-rank&ref=sr_st_exact-aware-popularity-rank
Women's supplement,https://www.amazon.com/s?k=Women's+supplement&i=hpc&s=exact-aware-popularity-rank&ref=sr_st_exact-aware-popularity-rank
Joint formula,https://www.amazon.com/s?k=Joint+formula&i=hpc&s=exact-aware-popularity-rank&ref=sr_st_exact-aware-popularity-rank
Biotin Peptides,https://www.amazon.com/s?k=Biotin+Peptides&i=hpc&s=exact-aware-popularity-rank&ref=sr_st_exact-aware-popularity-rank
Glucosamine Collagen,https://www.amazon.com/s?k=Glucosamine+Collagen&i=hpc&s=exact-aware-popularity-rank&ref=sr_st_exact-aware-popularity-rank
Liquid Biocell,https://www.amazon.com/s?k=Liquid+Biocell&i=hpc&s=exact-aware-popularity-rank&ref=sr_st_exact-aware-popularity-rank
Tanning supplement,https://www.amazon.com/s?k=Tanning+supplement&i=hpc&s=exact-aware-popularity-rank&ref=sr_st_exact-aware-popularity-rank
Collagen Matcha,https://www.amazon.com/s?k=Collagen+Matcha&i=hpc&s=exact-aware-popularity-rank&ref=sr_st_exact-aware-popularity-rank
Collagen Fiber,https://www.amazon.com/s?k=Collagen+Fiber&i=hpc&s=exact-aware-popularity-rank&ref=sr_st_exact-aware-popularity-rank
Anti-Aging Procollagen,https://www.amazon.com/s?k=Anti-Aging+Procollagen&i=hpc&s=exact-aware-popularity-rank&ref=sr_st_exact-aware-popularity-rank
Collagen lemonade,https://www.amazon.com/s?k=Collagen+lemonade&i=hpc&s=exact-aware-popularity-rank&ref=sr_st_exact-aware-popularity-rank
Vegan Cellulite,https://www.amazon.com/s?k=Vegan+Cellulite&i=hpc&s=exact-aware-popularity-rank&ref=sr_st_exact-aware-popularity-rank
Glucosamine Powder,https://www.amazon.com/s?k=Glucosamine+Powder&i=hpc&s=exact-aware-popularity-rank&ref=sr_st_exact-aware-popularity-rank
Inositol Collagen,https://www.amazon.com/s?k=Inositol+Collagen&i=hpc&s=exact-aware-popularity-rank&ref=sr_st_exact-aware-popularity-rank
Vitamins Biotin,https://www.amazon.com/s?k=Vitamins+Biotin&i=hpc&s=exact-aware-popularity-rank&ref=sr_st_exact-aware-popularity-rank
Energy Pre-Workout,https://www.amazon.com/s?k=Energy+Pre-Workout&i=hpc&s=exact-aware-popularity-rank&ref=sr_st_exact-aware-popularity-rank
Beet Root,https://www.amazon.com/s?k=Beet+Root&i=hpc&s=exact-aware-popularity-rank&ref=sr_st_exact-aware-popularity-rank
Beetroot Gummies,https://www.amazon.com/s?k=Beetroot+Gummies&i=hpc&s=exact-aware-popularity-rank&ref=sr_st_exact-aware-popularity-rank
Beetroot Capsules,https://www.amazon.com/s?k=Beetroot+Capsules&i=hpc&s=exact-aware-popularity-rank&ref=sr_st_exact-aware-popularity-rank
Lion's Mane Powder,https://www.amazon.com/s?k=Lion's+Mane+Powder&i=hpc&s=exact-aware-popularity-rank&ref=sr_st_exact-aware-popularity-rank
Gut Cleanse,https://www.amazon.com/s?k=Gut+Cleanse&i=hpc&s=exact-aware-popularity-rank&ref=sr_st_exact-aware-popularity-rank
Wellness Greens,https://www.amazon.com/s?k=Wellness+Greens&i=hpc&s=exact-aware-popularity-rank&ref=sr_st_exact-aware-popularity-rank
Liquid Chlorophyll,https://www.amazon.com/s?k=Liquid+Chlorophyll&i=hpc&s=exact-aware-popularity-rank&ref=sr_st_exact-aware-popularity-rank
Bee Propolis,https://www.amazon.com/s?k=Bee+Propolis&i=hpc&s=exact-aware-popularity-rank&ref=sr_st_exact-aware-popularity-rank
Maca Supplement,https://www.amazon.com/s?k=Maca+Supplement&i=hpc&s=exact-aware-popularity-rank&ref=sr_st_exact-aware-popularity-rank
Detox Greens,https://www.amazon.com/s?k=Detox+Greens&i=hpc&s=exact-aware-popularity-rank&ref=sr_st_exact-aware-popularity-rank
Bountiful Beets,https://www.amazon.com/s?k=Bountiful+Beets&i=hpc&s=exact-aware-popularity-rank&ref=sr_st_exact-aware-popularity-rank
Cider Gummies,https://www.amazon.com/s?k=Cider+Gummies&i=hpc&s=exact-aware-popularity-rank&ref=sr_st_exact-aware-popularity-rank
Organic greens,https://www.amazon.com/s?k=Organic+greens&i=hpc&s=exact-aware-popularity-rank&ref=sr_st_exact-aware-popularity-rank
Vegan Superfoods,https://www.amazon.com/s?k=Vegan+Superfoods&i=hpc&s=exact-aware-popularity-rank&ref=sr_st_exact-aware-popularity-rank
