Keyword,Links
Superfood Chlorella,https://www.amazon.com/s?k=Superfood+Chlorella&i=hpc&s=exact-aware-popularity-rank&ref=sr_st_exact-aware-popularity-rank
ACV Gummies,https://www.amazon.com/s?k=ACV+Gummies&i=hpc&s=exact-aware-popularity-rank&ref=sr_st_exact-aware-popularity-rank
Cider Pills,https://www.amazon.com/s?k=Cider+Pills&i=hpc&s=exact-aware-popularity-rank&ref=sr_st_exact-aware-popularity-rank
Red Maca,https://www.amazon.com/s?k=Red+Maca&i=hpc&s=exact-aware-popularity-rank&ref=sr_st_exact-aware-popularity-rank
Beetroot Juice,https://www.amazon.com/s?k=Beetroot+Juice&i=hpc&s=exact-aware-popularity-rank&ref=sr_st_exact-aware-popularity-rank
Chaga Powder,https://www.amazon.com/s?k=Chaga+Powder&i=hpc&s=exact-aware-popularity-rank&ref=sr_st_exact-aware-popularity-rank
Chlorophyll Packs,https://www.amazon.com/s?k=Chlorophyll+Packs&i=hpc&s=exact-aware-popularity-rank&ref=sr_st_exact-aware-popularity-rank
Chlorella Supplement,https://www.amazon.com/s?k=Chlorella+Supplement&i=hpc&s=exact-aware-popularity-rank&ref=sr_st_exact-aware-popularity-rank
Organic Super Greens,https://www.amazon.com/s?k=Organic+Super+Greens&i=hpc&s=exact-aware-popularity-rank&ref=sr_st_exact-aware-popularity-rank
Mega Chlorophyll,https://www.amazon.com/s?k=Mega+Chlorophyll&i=hpc&s=exact-aware-popularity-rank&ref=sr_st_exact-aware-popularity-rank
Adaptogen Booster,https://www.amazon.com/s?k=Adaptogen+Booster&i=hpc&s=exact-aware-popularity-rank&ref=sr_st_exact-aware-popularity-rank
Raspberry Ketone,https://www.amazon.com/s?k=Raspberry+Ketone&i=hpc&s=exact-aware-popularity-rank&ref=sr_st_exact-aware-popularity-rank
Lung Health,https://www.amazon.com/s?k=Lung+Health&i=hpc&s=exact-aware-popularity-rank&ref=sr_st_exact-aware-popularity-rank
Berry Protein,https://www.amazon.com/s?k=Berry+Protein&i=hpc&s=exact-aware-popularity-rank&ref=sr_st_exact-aware-popularity-rank
Slimming Gummies,https://www.amazon.com/s?k=Slimming+Gummies&i=hpc&s=exact-aware-popularity-rank&ref=sr_st_exact-aware-popularity-rank
Fiber gummies,https://www.amazon.com/s?k=Fiber+gummies&i=hpc&s=exact-aware-popularity-rank&ref=sr_st_exact-aware-popularity-rank
Sea Moss Bundle,https://www.amazon.com/s?k=Sea+Moss+Bundle&i=hpc&s=exact-aware-popularity-rank&ref=sr_st_exact-aware-popularity-rank
Beet Juice,https://www.amazon.com/s?k=Beet+Juice&i=hpc&s=exact-aware-popularity-rank&ref=sr_st_exact-aware-popularity-rank
Acai Concentrate,https://www.amazon.com/s?k=Acai+Concentrate&i=hpc&s=exact-aware-popularity-rank&ref=sr_st_exact-aware-popularity-rank
Spirulina Powder,https://www.amazon.com/s?k=Spirulina+Powder&i=hpc&s=exact-aware-popularity-rank&ref=sr_st_exact-aware-popularity-rank
Breathe Capsules,https://www.amazon.com/s?k=Breathe+Capsules&i=hpc&s=exact-aware-popularity-rank&ref=sr_st_exact-aware-popularity-rank
Heart Gummies,https://www.amazon.com/s?k=Heart+Gummies&i=hpc&s=exact-aware-popularity-rank&ref=sr_st_exact-aware-popularity-rank
Royal jelly capsules,https://www.amazon.com/s?k=Royal+jelly+capsules&i=hpc&s=exact-aware-popularity-rank&ref=sr_st_exact-aware-popularity-rank
Coconut Charcoal,https://www.amazon.com/s?k=Coconut+Charcoal&i=hpc&s=exact-aware-popularity-rank&ref=sr_st_exact-aware-popularity-rank
Lions Mane Gummies,https://www.amazon.com/s?k=Lions+Mane+Gummies&i=hpc&s=exact-aware-popularity-rank&ref=sr_st_exact-aware-popularity-rank
Keto Burn,https://www.amazon.com/s?k=Keto+Burn&i=hpc&s=exact-aware-popularity-rank&ref=sr_st_exact-aware-popularity-rank
Cartas espirituais,https://www.amazon.com/s?k=Cartas+espirituais&i=hpc&s=exact-aware-popularity-rank&ref=sr_st_exact-aware-popularity-rank
Chlorella Powder,https://www.amazon.com/s?k=Chlorella+Powder&i=hpc&s=exact-aware-popularity-rank&ref=sr_st_exact-aware-popularity-rank
Guaraciaba Book,https://www.amazon.com/s?k=Guaraciaba+Book&i=hpc&s=exact-aware-popularity-rank&ref=sr_st_exact-aware-popularity-rank
Vegan Protein,https://www.amazon.com/s?k=Vegan+Protein&i=hpc&s=exact-aware-popularity-rank&ref=sr_st_exact-aware-popularity-rank
Plant Protein,https://www.amazon.com/s?k=Plant+Protein&i=hpc&s=exact-aware-popularity-rank&ref=sr_st_exact-aware-popularity-rank
Blood support,https://www.amazon.com/s?k=Blood+support&i=hpc&s=exact-aware-popularity-rank&ref=sr_st_exact-aware-popularity-rank
Weight Control,https://www.amazon.com/s?k=Weight+Control&i=hpc&s=exact-aware-popularity-rank&ref=sr_st_exact-aware-popularity-rank
Cirurgia instrumentos,https://www.amazon.com/s?k=Cirurgia+instrumentos&i=hpc&s=exact-aware-popularity-rank&ref=sr_st_exact-aware-popularity-rank
Chaga Set,https://www.amazon.com/s?k=Chaga+Set&i=hpc&s=exact-aware-popularity-rank&ref=sr_st_exact-aware-popularity-rank
Chlorophyll Fluorescence,https://www.amazon.com/s?k=Chlorophyll+Fluorescence&i=hpc&s=exact-aware-popularity-rank&ref=sr_st_exact-aware-popularity-rank
Beet Chews,https://www.amazon.com/s?k=Beet+Chews&i=hpc&s=exact-aware-popularity-rank&ref=sr_st_exact-aware-popularity-rank
Peruvian Maca,https://www.amazon.com/s?k=Peruvian+Maca&i=hpc&s=exact-aware-popularity-rank&ref=sr_st_exact-aware-popularity-rank
Agarikon Mushroom,https://www.amazon.com/s?k=Agarikon+Mushroom&i=hpc&s=exact-aware-popularity-rank&ref=sr_st_exact-aware-popularity-rank
Maca Tablets,https://www.amazon.com/s?k=Maca+Tablets&i=hpc&s=exact-aware-popularity-rank&ref=sr_st_exact-aware-popularity-rank
Cordyceps Chews,https://www.amazon.com/s?k=Cordyceps+Chews&i=hpc&s=exact-aware-popularity-rank&ref=sr_st_exact-aware-popularity-rank
Chlorella Caplets,https://www.amazon.com/s?k=Chlorella+Caplets&i=hpc&s=exact-aware-popularity-rank&ref=sr_st_exact-aware-popularity-rank
Meal replacement,https://www.amazon.com/s?k=Meal+replacement&i=hpc&s=exact-aware-popularity-rank&ref=sr_st_exact-aware-popularity-rank
Swedish pollen,https://www.amazon.com/s?k=Swedish+pollen&i=hpc&s=exact-aware-popularity-rank&ref=sr_st_exact-aware-popularity-rank
Chocolate superfood,https://www.amazon.com/s?k=Chocolate+superfood&i=hpc&s=exact-aware-popularity-rank&ref=sr_st_exact-aware-popularity-rank
Keto Fat Burner,https://www.amazon.com/s?k=Keto+Fat+Burner&i=hpc&s=exact-aware-popularity-rank&ref=sr_st_exact-aware-popularity-rank
Organic MCT,https://www.amazon.com/s?k=Organic+MCT&i=hpc&s=exact-aware-popularity-rank&ref=sr_st_exact-aware-popularity-rank
Acai Chews,https://www.amazon.com/s?k=Acai+Chews&i=hpc&s=exact-aware-popularity-rank&ref=sr_st_exact-aware-popularity-rank
Hydration Booster,https://www.amazon.com/s?k=Hydration+Booster&i=hpc&s=exact-aware-popularity-rank&ref=sr_st_exact-aware-popularity-rank
Digestive Superfoods,https://www.amazon.com/s?k=Digestive+Superfoods&i=hpc&s=exact-aware-popularity-rank&ref=sr_st_exact-aware-popularity-rank
