Keyword,Links
Superfood Chlorella,https://www.ebay.com/sch/i.html?_from=R40&_nkw=Superfood+Chlorella&_sacat=26395&rt=nc&LH_ItemCondition=3&LH_BIN=1&rt=nc&LH_PrefLoc=1
ACV Gummies,https://www.ebay.com/sch/i.html?_from=R40&_nkw=ACV+Gummies&_sacat=26395&rt=nc&LH_ItemCondition=3&LH_BIN=1&rt=nc&LH_PrefLoc=1
Cider Pills,https://www.ebay.com/sch/i.html?_from=R40&_nkw=Cider+Pills&_sacat=26395&rt=nc&LH_ItemCondition=3&LH_BIN=1&rt=nc&LH_PrefLoc=1
Red Maca,https://www.ebay.com/sch/i.html?_from=R40&_nkw=Red+Maca&_sacat=26395&rt=nc&LH_ItemCondition=3&LH_BIN=1&rt=nc&LH_PrefLoc=1
Beetroot Juice,https://www.ebay.com/sch/i.html?_from=R40&_nkw=Beetroot+Juice&_sacat=26395&rt=nc&LH_ItemCondition=3&LH_BIN=1&rt=nc&LH_PrefLoc=1
Chaga Powder,https://www.ebay.com/sch/i.html?_from=R40&_nkw=Chaga+Powder&_sacat=26395&rt=nc&LH_ItemCondition=3&LH_BIN=1&rt=nc&LH_PrefLoc=1
Chlorophyll Packs,https://www.ebay.com/sch/i.html?_from=R40&_nkw=Chlorophyll+Packs&_sacat=26395&rt=nc&LH_ItemCondition=3&LH_BIN=1&rt=nc&LH_PrefLoc=1
Chlorella Supplement,https://www.ebay.com/sch/i.html?_from=R40&_nkw=Chlorella+Supplement&_sacat=26395&rt=nc&LH_ItemCondition=3&LH_BIN=1&rt=nc&LH_PrefLoc=1
Organic Super Greens,https://www.ebay.com/sch/i.html?_from=R40&_nkw=Organic+Super+Greens&_sacat=26395&rt=nc&LH_ItemCondition=3&LH_BIN=1&rt=nc&LH_PrefLoc=1
Mega Chlorophyll,https://www.ebay.com/sch/i.html?_from=R40&_nkw=Mega+Chlorophyll&_sacat=26395&rt=nc&LH_ItemCondition=3&LH_BIN=1&rt=nc&LH_PrefLoc=1
Adaptogen Booster,https://www.ebay.com/sch/i.html?_from=R40&_nkw=Adaptogen+Booster&_sacat=26395&rt=nc&LH_ItemCondition=3&LH_BIN=1&rt=nc&LH_PrefLoc=1
Raspberry Ketone,https://www.ebay.com/sch/i.html?_from=R40&_nkw=Raspberry+Ketone&_sacat=26395&rt=nc&LH_ItemCondition=3&LH_BIN=1&rt=nc&LH_PrefLoc=1
Lung Health,https://www.ebay.com/sch/i.html?_from=R40&_nkw=Lung+Health&_sacat=26395&rt=nc&LH_ItemCondition=3&LH_BIN=1&rt=nc&LH_PrefLoc=1
Berry Protein,https://www.ebay.com/sch/i.html?_from=R40&_nkw=Berry+Protein&_sacat=26395&rt=nc&LH_ItemCondition=3&LH_BIN=1&rt=nc&LH_PrefLoc=1
Slimming Gummies,https://www.ebay.com/sch/i.html?_from=R40&_nkw=Slimming+Gummies&_sacat=26395&rt=nc&LH_ItemCondition=3&LH_BIN=1&rt=nc&LH_PrefLoc=1
Fiber gummies,https://www.ebay.com/sch/i.html?_from=R40&_nkw=Fiber+gummies&_sacat=26395&rt=nc&LH_ItemCondition=3&LH_BIN=1&rt=nc&LH_PrefLoc=1
Sea Moss Bundle,https://www.ebay.com/sch/i.html?_from=R40&_nkw=Sea+Moss+Bundle&_sacat=26395&rt=nc&LH_ItemCondition=3&LH_BIN=1&rt=nc&LH_PrefLoc=1
Beet Juice,https://www.ebay.com/sch/i.html?_from=R40&_nkw=Beet+Juice&_sacat=26395&rt=nc&LH_ItemCondition=3&LH_BIN=1&rt=nc&LH_PrefLoc=1
Acai Concentrate,https://www.ebay.com/sch/i.html?_from=R40&_nkw=Acai+Concentrate&_sacat=26395&rt=nc&LH_ItemCondition=3&LH_BIN=1&rt=nc&LH_PrefLoc=1
Spirulina Powder,https://www.ebay.com/sch/i.html?_from=R40&_nkw=Spirulina+Powder&_sacat=26395&rt=nc&LH_ItemCondition=3&LH_BIN=1&rt=nc&LH_PrefLoc=1
Breathe Capsules,https://www.ebay.com/sch/i.html?_from=R40&_nkw=Breathe+Capsules&_sacat=26395&rt=nc&LH_ItemCondition=3&LH_BIN=1&rt=nc&LH_PrefLoc=1
Heart Gummies,https://www.ebay.com/sch/i.html?_from=R40&_nkw=Heart+Gummies&_sacat=26395&rt=nc&LH_ItemCondition=3&LH_BIN=1&rt=nc&LH_PrefLoc=1
Royal jelly capsules,https://www.ebay.com/sch/i.html?_from=R40&_nkw=Royal+jelly+capsules&_sacat=26395&rt=nc&LH_ItemCondition=3&LH_BIN=1&rt=nc&LH_PrefLoc=1
Coconut Charcoal,https://www.ebay.com/sch/i.html?_from=R40&_nkw=Coconut+Charcoal&_sacat=26395&rt=nc&LH_ItemCondition=3&LH_BIN=1&rt=nc&LH_PrefLoc=1
Lions Mane Gummies,https://www.ebay.com/sch/i.html?_from=R40&_nkw=Lions+Mane+Gummies&_sacat=26395&rt=nc&LH_ItemCondition=3&LH_BIN=1&rt=nc&LH_PrefLoc=1
Keto Burn,https://www.ebay.com/sch/i.html?_from=R40&_nkw=Keto+Burn&_sacat=26395&rt=nc&LH_ItemCondition=3&LH_BIN=1&rt=nc&LH_PrefLoc=1
Cartas espirituais,https://www.ebay.com/sch/i.html?_from=R40&_nkw=Cartas+espirituais&_sacat=26395&rt=nc&LH_ItemCondition=3&LH_BIN=1&rt=nc&LH_PrefLoc=1
Chlorella Powder,https://www.ebay.com/sch/i.html?_from=R40&_nkw=Chlorella+Powder&_sacat=26395&rt=nc&LH_ItemCondition=3&LH_BIN=1&rt=nc&LH_PrefLoc=1
Guaraciaba Book,https://www.ebay.com/sch/i.html?_from=R40&_nkw=Guaraciaba+Book&_sacat=26395&rt=nc&LH_ItemCondition=3&LH_BIN=1&rt=nc&LH_PrefLoc=1
Vegan Protein,https://www.ebay.com/sch/i.html?_from=R40&_nkw=Vegan+Protein&_sacat=26395&rt=nc&LH_ItemCondition=3&LH_BIN=1&rt=nc&LH_PrefLoc=1
Plant Protein,https://www.ebay.com/sch/i.html?_from=R40&_nkw=Plant+Protein&_sacat=26395&rt=nc&LH_ItemCondition=3&LH_BIN=1&rt=nc&LH_PrefLoc=1
Blood support,https://www.ebay.com/sch/i.html?_from=R40&_nkw=Blood+support&_sacat=26395&rt=nc&LH_ItemCondition=3&LH_BIN=1&rt=nc&LH_PrefLoc=1
Weight Control,https://www.ebay.com/sch/i.html?_from=R40&_nkw=Weight+Control&_sacat=26395&rt=nc&LH_ItemCondition=3&LH_BIN=1&rt=nc&LH_PrefLoc=1
Cirurgia instrumentos,https://www.ebay.com/sch/i.html?_from=R40&_nkw=Cirurgia+instrumentos&_sacat=26395&rt=nc&LH_ItemCondition=3&LH_BIN=1&rt=nc&LH_PrefLoc=1
Chaga Set,https://www.ebay.com/sch/i.html?_from=R40&_nkw=Chaga+Set&_sacat=26395&rt=nc&LH_ItemCondition=3&LH_BIN=1&rt=nc&LH_PrefLoc=1
Chlorophyll Fluorescence,https://www.ebay.com/sch/i.html?_from=R40&_nkw=Chlorophyll+Fluorescence&_sacat=26395&rt=nc&LH_ItemCondition=3&LH_BIN=1&rt=nc&LH_PrefLoc=1
Beet Chews,https://www.ebay.com/sch/i.html?_from=R40&_nkw=Beet+Chews&_sacat=26395&rt=nc&LH_ItemCondition=3&LH_BIN=1&rt=nc&LH_PrefLoc=1
Peruvian Maca,https://www.ebay.com/sch/i.html?_from=R40&_nkw=Peruvian+Maca&_sacat=26395&rt=nc&LH_ItemCondition=3&LH_BIN=1&rt=nc&LH_PrefLoc=1
Agarikon Mushroom,https://www.ebay.com/sch/i.html?_from=R40&_nkw=Agarikon+Mushroom&_sacat=26395&rt=nc&LH_ItemCondition=3&LH_BIN=1&rt=nc&LH_PrefLoc=1
Maca Tablets,https://www.ebay.com/sch/i.html?_from=R40&_nkw=Maca+Tablets&_sacat=26395&rt=nc&LH_ItemCondition=3&LH_BIN=1&rt=nc&LH_PrefLoc=1
Cordyceps Chews,https://www.ebay.com/sch/i.html?_from=R40&_nkw=Cordyceps+Chews&_sacat=26395&rt=nc&LH_ItemCondition=3&LH_BIN=1&rt=nc&LH_PrefLoc=1
Chlorella Caplets,https://www.ebay.com/sch/i.html?_from=R40&_nkw=Chlorella+Caplets&_sacat=26395&rt=nc&LH_ItemCondition=3&LH_BIN=1&rt=nc&LH_PrefLoc=1
Meal replacement,https://www.ebay.com/sch/i.html?_from=R40&_nkw=Meal+replacement&_sacat=26395&rt=nc&LH_ItemCondition=3&LH_BIN=1&rt=nc&LH_PrefLoc=1
Swedish pollen,https://www.ebay.com/sch/i.html?_from=R40&_nkw=Swedish+pollen&_sacat=26395&rt=nc&LH_ItemCondition=3&LH_BIN=1&rt=nc&LH_PrefLoc=1
Chocolate superfood,https://www.ebay.com/sch/i.html?_from=R40&_nkw=Chocolate+superfood&_sacat=26395&rt=nc&LH_ItemCondition=3&LH_BIN=1&rt=nc&LH_PrefLoc=1
Keto Fat Burner,https://www.ebay.com/sch/i.html?_from=R40&_nkw=Keto+Fat+Burner&_sacat=26395&rt=nc&LH_ItemCondition=3&LH_BIN=1&rt=nc&LH_PrefLoc=1
Organic MCT,https://www.ebay.com/sch/i.html?_from=R40&_nkw=Organic+MCT&_sacat=26395&rt=nc&LH_ItemCondition=3&LH_BIN=1&rt=nc&LH_PrefLoc=1
Acai Chews,https://www.ebay.com/sch/i.html?_from=R40&_nkw=Acai+Chews&_sacat=26395&rt=nc&LH_ItemCondition=3&LH_BIN=1&rt=nc&LH_PrefLoc=1
Hydration Booster,https://www.ebay.com/sch/i.html?_from=R40&_nkw=Hydration+Booster&_sacat=26395&rt=nc&LH_ItemCondition=3&LH_BIN=1&rt=nc&LH_PrefLoc=1
Digestive Superfoods,https://www.ebay.com/sch/i.html?_from=R40&_nkw=Digestive+Superfoods&_sacat=26395&rt=nc&LH_ItemCondition=3&LH_BIN=1&rt=nc&LH_PrefLoc=1
