Keyword,Links
Ceylon Cinnamon,https://www.ebay.com/sch/i.html?_from=R40&_nkw=Ceylon+Cinnamon&_sacat=26395&rt=nc&LH_ItemCondition=3&LH_BIN=1&rt=nc&LH_PrefLoc=1
Cherry Acai,https://www.ebay.com/sch/i.html?_from=R40&_nkw=Cherry+Acai&_sacat=26395&rt=nc&LH_ItemCondition=3&LH_BIN=1&rt=nc&LH_PrefLoc=1
Acetyl-L-Carnitine,https://www.ebay.com/sch/i.html?_from=R40&_nkw=Acetyl-L-Carnitine&_sacat=26395&rt=nc&LH_ItemCondition=3&LH_BIN=1&rt=nc&LH_PrefLoc=1
Brain focus,https://www.ebay.com/sch/i.html?_from=R40&_nkw=Brain+focus&_sacat=26395&rt=nc&LH_ItemCondition=3&LH_BIN=1&rt=nc&LH_PrefLoc=1
Macular Health,https://www.ebay.com/sch/i.html?_from=R40&_nkw=Macular+Health&_sacat=26395&rt=nc&LH_ItemCondition=3&LH_BIN=1&rt=nc&LH_PrefLoc=1
Lithium supplement,https://www.ebay.com/sch/i.html?_from=R40&_nkw=Lithium+supplement&_sacat=26395&rt=nc&LH_ItemCondition=3&LH_BIN=1&rt=nc&LH_PrefLoc=1
Citicoline supplement,https://www.ebay.com/sch/i.html?_from=R40&_nkw=Citicoline+supplement&_sacat=26395&rt=nc&LH_ItemCondition=3&LH_BIN=1&rt=nc&LH_PrefLoc=1
Luteolin Supplement,https://www.ebay.com/sch/i.html?_from=R40&_nkw=Luteolin+Supplement&_sacat=26395&rt=nc&LH_ItemCondition=3&LH_BIN=1&rt=nc&LH_PrefLoc=1
Choline Supplement,https://www.ebay.com/sch/i.html?_from=R40&_nkw=Choline+Supplement&_sacat=26395&rt=nc&LH_ItemCondition=3&LH_BIN=1&rt=nc&LH_PrefLoc=1
Brain Performance,https://www.ebay.com/sch/i.html?_from=R40&_nkw=Brain+Performance&_sacat=26395&rt=nc&LH_ItemCondition=3&LH_BIN=1&rt=nc&LH_PrefLoc=1
Cordyceps Mushroom,https://www.ebay.com/sch/i.html?_from=R40&_nkw=Cordyceps+Mushroom&_sacat=26395&rt=nc&LH_ItemCondition=3&LH_BIN=1&rt=nc&LH_PrefLoc=1
Huperzine A,https://www.ebay.com/sch/i.html?_from=R40&_nkw=Huperzine+A&_sacat=26395&rt=nc&LH_ItemCondition=3&LH_BIN=1&rt=nc&LH_PrefLoc=1
Nootropic Drink,https://www.ebay.com/sch/i.html?_from=R40&_nkw=Nootropic+Drink&_sacat=26395&rt=nc&LH_ItemCondition=3&LH_BIN=1&rt=nc&LH_PrefLoc=1
Gaming supplement,https://www.ebay.com/sch/i.html?_from=R40&_nkw=Gaming+supplement&_sacat=26395&rt=nc&LH_ItemCondition=3&LH_BIN=1&rt=nc&LH_PrefLoc=1
Brain Fog,https://www.ebay.com/sch/i.html?_from=R40&_nkw=Brain+Fog&_sacat=26395&rt=nc&LH_ItemCondition=3&LH_BIN=1&rt=nc&LH_PrefLoc=1
Brain Chews,https://www.ebay.com/sch/i.html?_from=R40&_nkw=Brain+Chews&_sacat=26395&rt=nc&LH_ItemCondition=3&LH_BIN=1&rt=nc&LH_PrefLoc=1
Alpha GPC,https://www.ebay.com/sch/i.html?_from=R40&_nkw=Alpha+GPC&_sacat=26395&rt=nc&LH_ItemCondition=3&LH_BIN=1&rt=nc&LH_PrefLoc=1
Dopamine Support,https://www.ebay.com/sch/i.html?_from=R40&_nkw=Dopamine+Support&_sacat=26395&rt=nc&LH_ItemCondition=3&LH_BIN=1&rt=nc&LH_PrefLoc=1
Cognitive Nootropic,https://www.ebay.com/sch/i.html?_from=R40&_nkw=Cognitive+Nootropic&_sacat=26395&rt=nc&LH_ItemCondition=3&LH_BIN=1&rt=nc&LH_PrefLoc=1
Probiotic Omega,https://www.ebay.com/sch/i.html?_from=R40&_nkw=Probiotic+Omega&_sacat=26395&rt=nc&LH_ItemCondition=3&LH_BIN=1&rt=nc&LH_PrefLoc=1
Glutathione Protein,https://www.ebay.com/sch/i.html?_from=R40&_nkw=Glutathione+Protein&_sacat=26395&rt=nc&LH_ItemCondition=3&LH_BIN=1&rt=nc&LH_PrefLoc=1
Nicotinamide Riboside,https://www.ebay.com/sch/i.html?_from=R40&_nkw=Nicotinamide+Riboside&_sacat=26395&rt=nc&LH_ItemCondition=3&LH_BIN=1&rt=nc&LH_PrefLoc=1
Brain Boost,https://www.ebay.com/sch/i.html?_from=R40&_nkw=Brain+Boost&_sacat=26395&rt=nc&LH_ItemCondition=3&LH_BIN=1&rt=nc&LH_PrefLoc=1
Brain diseases,https://www.ebay.com/sch/i.html?_from=R40&_nkw=Brain+diseases&_sacat=26395&rt=nc&LH_ItemCondition=3&LH_BIN=1&rt=nc&LH_PrefLoc=1
Therapeutic practice,https://www.ebay.com/sch/i.html?_from=R40&_nkw=Therapeutic+practice&_sacat=26395&rt=nc&LH_ItemCondition=3&LH_BIN=1&rt=nc&LH_PrefLoc=1
Liver Benefits,https://www.ebay.com/sch/i.html?_from=R40&_nkw=Liver+Benefits&_sacat=26395&rt=nc&LH_ItemCondition=3&LH_BIN=1&rt=nc&LH_PrefLoc=1
Cognitive Priming,https://www.ebay.com/sch/i.html?_from=R40&_nkw=Cognitive+Priming&_sacat=26395&rt=nc&LH_ItemCondition=3&LH_BIN=1&rt=nc&LH_PrefLoc=1
Phosphatidylcholine Supplement,https://www.ebay.com/sch/i.html?_from=R40&_nkw=Phosphatidylcholine+Supplement&_sacat=26395&rt=nc&LH_ItemCondition=3&LH_BIN=1&rt=nc&LH_PrefLoc=1
Keto MCT,https://www.ebay.com/sch/i.html?_from=R40&_nkw=Keto+MCT&_sacat=26395&rt=nc&LH_ItemCondition=3&LH_BIN=1&rt=nc&LH_PrefLoc=1
EFA Liquid,https://www.ebay.com/sch/i.html?_from=R40&_nkw=EFA+Liquid&_sacat=26395&rt=nc&LH_ItemCondition=3&LH_BIN=1&rt=nc&LH_PrefLoc=1
Brain health gummies,https://www.ebay.com/sch/i.html?_from=R40&_nkw=Brain+health+gummies&_sacat=26395&rt=nc&LH_ItemCondition=3&LH_BIN=1&rt=nc&LH_PrefLoc=1
Pre-Workout Yuzu,https://www.ebay.com/sch/i.html?_from=R40&_nkw=Pre-Workout+Yuzu&_sacat=26395&rt=nc&LH_ItemCondition=3&LH_BIN=1&rt=nc&LH_PrefLoc=1
Probiotics Capsules,https://www.ebay.com/sch/i.html?_from=R40&_nkw=Probiotics+Capsules&_sacat=26395&rt=nc&LH_ItemCondition=3&LH_BIN=1&rt=nc&LH_PrefLoc=1
Fisetin Supplement,https://www.ebay.com/sch/i.html?_from=R40&_nkw=Fisetin+Supplement&_sacat=26395&rt=nc&LH_ItemCondition=3&LH_BIN=1&rt=nc&LH_PrefLoc=1
Choline Gummies,https://www.ebay.com/sch/i.html?_from=R40&_nkw=Choline+Gummies&_sacat=26395&rt=nc&LH_ItemCondition=3&LH_BIN=1&rt=nc&LH_PrefLoc=1
Spermidine Supplement,https://www.ebay.com/sch/i.html?_from=R40&_nkw=Spermidine+Supplement&_sacat=26395&rt=nc&LH_ItemCondition=3&LH_BIN=1&rt=nc&LH_PrefLoc=1
Digestive Charcoal,https://www.ebay.com/sch/i.html?_from=R40&_nkw=Digestive+Charcoal&_sacat=26395&rt=nc&LH_ItemCondition=3&LH_BIN=1&rt=nc&LH_PrefLoc=1
Phosphatidylserine Capsules,https://www.ebay.com/sch/i.html?_from=R40&_nkw=Phosphatidylserine+Capsules&_sacat=26395&rt=nc&LH_ItemCondition=3&LH_BIN=1&rt=nc&LH_PrefLoc=1
Omega Vitamins,https://www.ebay.com/sch/i.html?_from=R40&_nkw=Omega+Vitamins&_sacat=26395&rt=nc&LH_ItemCondition=3&LH_BIN=1&rt=nc&LH_PrefLoc=1
Ketone Supplement,https://www.ebay.com/sch/i.html?_from=R40&_nkw=Ketone+Supplement&_sacat=26395&rt=nc&LH_ItemCondition=3&LH_BIN=1&rt=nc&LH_PrefLoc=1
Coconut MCT,https://www.ebay.com/sch/i.html?_from=R40&_nkw=Coconut+MCT&_sacat=26395&rt=nc&LH_ItemCondition=3&LH_BIN=1&rt=nc&LH_PrefLoc=1
Bacopa Capsules,https://www.ebay.com/sch/i.html?_from=R40&_nkw=Bacopa+Capsules&_sacat=26395&rt=nc&LH_ItemCondition=3&LH_BIN=1&rt=nc&LH_PrefLoc=1
EAA Supplement,https://www.ebay.com/sch/i.html?_from=R40&_nkw=EAA+Supplement&_sacat=26395&rt=nc&LH_ItemCondition=3&LH_BIN=1&rt=nc&LH_PrefLoc=1
Choline Supplements,https://www.ebay.com/sch/i.html?_from=R40&_nkw=Choline+Supplements&_sacat=26395&rt=nc&LH_ItemCondition=3&LH_BIN=1&rt=nc&LH_PrefLoc=1
Aloe Vera Cream,https://www.ebay.com/sch/i.html?_from=R40&_nkw=Aloe+Vera+Cream&_sacat=26395&rt=nc&LH_ItemCondition=3&LH_BIN=1&rt=nc&LH_PrefLoc=1
L-Theanine Drops,https://www.ebay.com/sch/i.html?_from=R40&_nkw=L-Theanine+Drops&_sacat=26395&rt=nc&LH_ItemCondition=3&LH_BIN=1&rt=nc&LH_PrefLoc=1
Brain Function,https://www.ebay.com/sch/i.html?_from=R40&_nkw=Brain+Function&_sacat=26395&rt=nc&LH_ItemCondition=3&LH_BIN=1&rt=nc&LH_PrefLoc=1
Probiotics Tablets,https://www.ebay.com/sch/i.html?_from=R40&_nkw=Probiotics+Tablets&_sacat=26395&rt=nc&LH_ItemCondition=3&LH_BIN=1&rt=nc&LH_PrefLoc=1
Hunger Control,https://www.ebay.com/sch/i.html?_from=R40&_nkw=Hunger+Control&_sacat=26395&rt=nc&LH_ItemCondition=3&LH_BIN=1&rt=nc&LH_PrefLoc=1
CoQ10 Support,https://www.ebay.com/sch/i.html?_from=R40&_nkw=CoQ10+Support&_sacat=26395&rt=nc&LH_ItemCondition=3&LH_BIN=1&rt=nc&LH_PrefLoc=1
