Keyword,Links
Strengthening Serum,https://www.amazon.com/s?k=Strengthening+Serum&i=beauty&s=exact-aware-popularity-rank&ref=sr_st_exact-aware-popularity-rank
Anti Frizz,https://www.amazon.com/s?k=Anti+Frizz&i=beauty&s=exact-aware-popularity-rank&ref=sr_st_exact-aware-popularity-rank
Moisture Mist,https://www.amazon.com/s?k=Moisture+Mist&i=beauty&s=exact-aware-popularity-rank&ref=sr_st_exact-aware-popularity-rank
Purifying Conditioner,https://www.amazon.com/s?k=Purifying+Conditioner&i=beauty&s=exact-aware-popularity-rank&ref=sr_st_exact-aware-popularity-rank
Shampoo Travel,https://www.amazon.com/s?k=Shampoo+Travel&i=beauty&s=exact-aware-popularity-rank&ref=sr_st_exact-aware-popularity-rank
Soft Spray,https://www.amazon.com/s?k=Soft+Spray&i=beauty&s=exact-aware-popularity-rank&ref=sr_st_exact-aware-popularity-rank
Silk Leave-In,https://www.amazon.com/s?k=Silk+Leave-In&i=beauty&s=exact-aware-popularity-rank&ref=sr_st_exact-aware-popularity-rank
Detox Shampoo,https://www.amazon.com/s?k=Detox+Shampoo&i=beauty&s=exact-aware-popularity-rank&ref=sr_st_exact-aware-popularity-rank
Detox Rinse,https://www.amazon.com/s?k=Detox+Rinse&i=beauty&s=exact-aware-popularity-rank&ref=sr_st_exact-aware-popularity-rank
Natural hairspray,https://www.amazon.com/s?k=Natural+hairspray&i=beauty&s=exact-aware-popularity-rank&ref=sr_st_exact-aware-popularity-rank
Coily Leave-In,https://www.amazon.com/s?k=Coily+Leave-In&i=beauty&s=exact-aware-popularity-rank&ref=sr_st_exact-aware-popularity-rank
Scalp serum,https://www.amazon.com/s?k=Scalp+serum&i=beauty&s=exact-aware-popularity-rank&ref=sr_st_exact-aware-popularity-rank
Hydrating Mask,https://www.amazon.com/s?k=Hydrating+Mask&i=beauty&s=exact-aware-popularity-rank&ref=sr_st_exact-aware-popularity-rank
Hydrocream Whip,https://www.amazon.com/s?k=Hydrocream+Whip&i=beauty&s=exact-aware-popularity-rank&ref=sr_st_exact-aware-popularity-rank
Nourishing Shampoo,https://www.amazon.com/s?k=Nourishing+Shampoo&i=beauty&s=exact-aware-popularity-rank&ref=sr_st_exact-aware-popularity-rank
Dry wax,https://www.amazon.com/s?k=Dry+wax&i=beauty&s=exact-aware-popularity-rank&ref=sr_st_exact-aware-popularity-rank
Volumizing Paste,https://www.amazon.com/s?k=Volumizing+Paste&i=beauty&s=exact-aware-popularity-rank&ref=sr_st_exact-aware-popularity-rank
Tone Correcting,https://www.amazon.com/s?k=Tone+Correcting&i=beauty&s=exact-aware-popularity-rank&ref=sr_st_exact-aware-popularity-rank
Volume hairspray,https://www.amazon.com/s?k=Volume+hairspray&i=beauty&s=exact-aware-popularity-rank&ref=sr_st_exact-aware-popularity-rank
Thickening Treatment,https://www.amazon.com/s?k=Thickening+Treatment&i=beauty&s=exact-aware-popularity-rank&ref=sr_st_exact-aware-popularity-rank
Clean Spray,https://www.amazon.com/s?k=Clean+Spray&i=beauty&s=exact-aware-popularity-rank&ref=sr_st_exact-aware-popularity-rank
pH-Balanced Shampoo,https://www.amazon.com/s?k=pH-Balanced+Shampoo&i=beauty&s=exact-aware-popularity-rank&ref=sr_st_exact-aware-popularity-rank
Hair mousse,https://www.amazon.com/s?k=Hair+mousse&i=beauty&s=exact-aware-popularity-rank&ref=sr_st_exact-aware-popularity-rank
Hair Detox,https://www.amazon.com/s?k=Hair+Detox&i=beauty&s=exact-aware-popularity-rank&ref=sr_st_exact-aware-popularity-rank
Blonde Repair,https://www.amazon.com/s?k=Blonde+Repair&i=beauty&s=exact-aware-popularity-rank&ref=sr_st_exact-aware-popularity-rank
Molding Creme,https://www.amazon.com/s?k=Molding+Creme&i=beauty&s=exact-aware-popularity-rank&ref=sr_st_exact-aware-popularity-rank
Frizz mousse,https://www.amazon.com/s?k=Frizz+mousse&i=beauty&s=exact-aware-popularity-rank&ref=sr_st_exact-aware-popularity-rank
Purifying Shampoo,https://www.amazon.com/s?k=Purifying+Shampoo&i=beauty&s=exact-aware-popularity-rank&ref=sr_st_exact-aware-popularity-rank
Scalp Spray,https://www.amazon.com/s?k=Scalp+Spray&i=beauty&s=exact-aware-popularity-rank&ref=sr_st_exact-aware-popularity-rank
Conditioning Water,https://www.amazon.com/s?k=Conditioning+Water&i=beauty&s=exact-aware-popularity-rank&ref=sr_st_exact-aware-popularity-rank
Silk Infusion,https://www.amazon.com/s?k=Silk+Infusion&i=beauty&s=exact-aware-popularity-rank&ref=sr_st_exact-aware-popularity-rank
Thickening Paste,https://www.amazon.com/s?k=Thickening+Paste&i=beauty&s=exact-aware-popularity-rank&ref=sr_st_exact-aware-popularity-rank
Thinning Shampoo,https://www.amazon.com/s?k=Thinning+Shampoo&i=beauty&s=exact-aware-popularity-rank&ref=sr_st_exact-aware-popularity-rank
Hot Spray,https://www.amazon.com/s?k=Hot+Spray&i=beauty&s=exact-aware-popularity-rank&ref=sr_st_exact-aware-popularity-rank
Silk mask,https://www.amazon.com/s?k=Silk+mask&i=beauty&s=exact-aware-popularity-rank&ref=sr_st_exact-aware-popularity-rank
Buildup Cleanser,https://www.amazon.com/s?k=Buildup+Cleanser&i=beauty&s=exact-aware-popularity-rank&ref=sr_st_exact-aware-popularity-rank
Dual Mist,https://www.amazon.com/s?k=Dual+Mist&i=beauty&s=exact-aware-popularity-rank&ref=sr_st_exact-aware-popularity-rank
Grooming Cream,https://www.amazon.com/s?k=Grooming+Cream&i=beauty&s=exact-aware-popularity-rank&ref=sr_st_exact-aware-popularity-rank
Texturizing Taffy,https://www.amazon.com/s?k=Texturizing+Taffy&i=beauty&s=exact-aware-popularity-rank&ref=sr_st_exact-aware-popularity-rank
Cooling Gel,https://www.amazon.com/s?k=Cooling+Gel&i=beauty&s=exact-aware-popularity-rank&ref=sr_st_exact-aware-popularity-rank
Styling Serum,https://www.amazon.com/s?k=Styling+Serum&i=beauty&s=exact-aware-popularity-rank&ref=sr_st_exact-aware-popularity-rank
Blow Dry Spray,https://www.amazon.com/s?k=Blow+Dry+Spray&i=beauty&s=exact-aware-popularity-rank&ref=sr_st_exact-aware-popularity-rank
Volumizing Set,https://www.amazon.com/s?k=Volumizing+Set&i=beauty&s=exact-aware-popularity-rank&ref=sr_st_exact-aware-popularity-rank
Retinol Serum,https://www.amazon.com/s?k=Retinol+Serum&i=beauty&s=exact-aware-popularity-rank&ref=sr_st_exact-aware-popularity-rank
Tea Tree Spray,https://www.amazon.com/s?k=Tea+Tree+Spray&i=beauty&s=exact-aware-popularity-rank&ref=sr_st_exact-aware-popularity-rank
Iron Grip,https://www.amazon.com/s?k=Iron+Grip&i=beauty&s=exact-aware-popularity-rank&ref=sr_st_exact-aware-popularity-rank
Fiber cream,https://www.amazon.com/s?k=Fiber+cream&i=beauty&s=exact-aware-popularity-rank&ref=sr_st_exact-aware-popularity-rank
Volumizing Powder,https://www.amazon.com/s?k=Volumizing+Powder&i=beauty&s=exact-aware-popularity-rank&ref=sr_st_exact-aware-popularity-rank
Scalp Foam,https://www.amazon.com/s?k=Scalp+Foam&i=beauty&s=exact-aware-popularity-rank&ref=sr_st_exact-aware-popularity-rank
Conditioning Shampoo,https://www.amazon.com/s?k=Conditioning+Shampoo&i=beauty&s=exact-aware-popularity-rank&ref=sr_st_exact-aware-popularity-rank
