Keyword,Links
Strengthening Serum,https://www.ebay.com/sch/i.html?_from=R40&_nkw=Strengthening+Serum&_sacat=26395&rt=nc&LH_ItemCondition=3&LH_BIN=1&rt=nc&LH_PrefLoc=1
Anti Frizz,https://www.ebay.com/sch/i.html?_from=R40&_nkw=Anti+Frizz&_sacat=26395&rt=nc&LH_ItemCondition=3&LH_BIN=1&rt=nc&LH_PrefLoc=1
Moisture Mist,https://www.ebay.com/sch/i.html?_from=R40&_nkw=Moisture+Mist&_sacat=26395&rt=nc&LH_ItemCondition=3&LH_BIN=1&rt=nc&LH_PrefLoc=1
Purifying Conditioner,https://www.ebay.com/sch/i.html?_from=R40&_nkw=Purifying+Conditioner&_sacat=26395&rt=nc&LH_ItemCondition=3&LH_BIN=1&rt=nc&LH_PrefLoc=1
Shampoo Travel,https://www.ebay.com/sch/i.html?_from=R40&_nkw=Shampoo+Travel&_sacat=26395&rt=nc&LH_ItemCondition=3&LH_BIN=1&rt=nc&LH_PrefLoc=1
Soft Spray,https://www.ebay.com/sch/i.html?_from=R40&_nkw=Soft+Spray&_sacat=26395&rt=nc&LH_ItemCondition=3&LH_BIN=1&rt=nc&LH_PrefLoc=1
Silk Leave-In,https://www.ebay.com/sch/i.html?_from=R40&_nkw=Silk+Leave-In&_sacat=26395&rt=nc&LH_ItemCondition=3&LH_BIN=1&rt=nc&LH_PrefLoc=1
Detox Shampoo,https://www.ebay.com/sch/i.html?_from=R40&_nkw=Detox+Shampoo&_sacat=26395&rt=nc&LH_ItemCondition=3&LH_BIN=1&rt=nc&LH_PrefLoc=1
Detox Rinse,https://www.ebay.com/sch/i.html?_from=R40&_nkw=Detox+Rinse&_sacat=26395&rt=nc&LH_ItemCondition=3&LH_BIN=1&rt=nc&LH_PrefLoc=1
Natural hairspray,https://www.ebay.com/sch/i.html?_from=R40&_nkw=Natural+hairspray&_sacat=26395&rt=nc&LH_ItemCondition=3&LH_BIN=1&rt=nc&LH_PrefLoc=1
Coily Leave-In,https://www.ebay.com/sch/i.html?_from=R40&_nkw=Coily+Leave-In&_sacat=26395&rt=nc&LH_ItemCondition=3&LH_BIN=1&rt=nc&LH_PrefLoc=1
Scalp serum,https://www.ebay.com/sch/i.html?_from=R40&_nkw=Scalp+serum&_sacat=26395&rt=nc&LH_ItemCondition=3&LH_BIN=1&rt=nc&LH_PrefLoc=1
Hydrating Mask,https://www.ebay.com/sch/i.html?_from=R40&_nkw=Hydrating+Mask&_sacat=26395&rt=nc&LH_ItemCondition=3&LH_BIN=1&rt=nc&LH_PrefLoc=1
Hydrocream Whip,https://www.ebay.com/sch/i.html?_from=R40&_nkw=Hydrocream+Whip&_sacat=26395&rt=nc&LH_ItemCondition=3&LH_BIN=1&rt=nc&LH_PrefLoc=1
Nourishing Shampoo,https://www.ebay.com/sch/i.html?_from=R40&_nkw=Nourishing+Shampoo&_sacat=26395&rt=nc&LH_ItemCondition=3&LH_BIN=1&rt=nc&LH_PrefLoc=1
Dry wax,https://www.ebay.com/sch/i.html?_from=R40&_nkw=Dry+wax&_sacat=26395&rt=nc&LH_ItemCondition=3&LH_BIN=1&rt=nc&LH_PrefLoc=1
Volumizing Paste,https://www.ebay.com/sch/i.html?_from=R40&_nkw=Volumizing+Paste&_sacat=26395&rt=nc&LH_ItemCondition=3&LH_BIN=1&rt=nc&LH_PrefLoc=1
Tone Correcting,https://www.ebay.com/sch/i.html?_from=R40&_nkw=Tone+Correcting&_sacat=26395&rt=nc&LH_ItemCondition=3&LH_BIN=1&rt=nc&LH_PrefLoc=1
Volume hairspray,https://www.ebay.com/sch/i.html?_from=R40&_nkw=Volume+hairspray&_sacat=26395&rt=nc&LH_ItemCondition=3&LH_BIN=1&rt=nc&LH_PrefLoc=1
Thickening Treatment,https://www.ebay.com/sch/i.html?_from=R40&_nkw=Thickening+Treatment&_sacat=26395&rt=nc&LH_ItemCondition=3&LH_BIN=1&rt=nc&LH_PrefLoc=1
Clean Spray,https://www.ebay.com/sch/i.html?_from=R40&_nkw=Clean+Spray&_sacat=26395&rt=nc&LH_ItemCondition=3&LH_BIN=1&rt=nc&LH_PrefLoc=1
pH-Balanced Shampoo,https://www.ebay.com/sch/i.html?_from=R40&_nkw=pH-Balanced+Shampoo&_sacat=26395&rt=nc&LH_ItemCondition=3&LH_BIN=1&rt=nc&LH_PrefLoc=1
Hair mousse,https://www.ebay.com/sch/i.html?_from=R40&_nkw=Hair+mousse&_sacat=26395&rt=nc&LH_ItemCondition=3&LH_BIN=1&rt=nc&LH_PrefLoc=1
Hair Detox,https://www.ebay.com/sch/i.html?_from=R40&_nkw=Hair+Detox&_sacat=26395&rt=nc&LH_ItemCondition=3&LH_BIN=1&rt=nc&LH_PrefLoc=1
Blonde Repair,https://www.ebay.com/sch/i.html?_from=R40&_nkw=Blonde+Repair&_sacat=26395&rt=nc&LH_ItemCondition=3&LH_BIN=1&rt=nc&LH_PrefLoc=1
Molding Creme,https://www.ebay.com/sch/i.html?_from=R40&_nkw=Molding+Creme&_sacat=26395&rt=nc&LH_ItemCondition=3&LH_BIN=1&rt=nc&LH_PrefLoc=1
Frizz mousse,https://www.ebay.com/sch/i.html?_from=R40&_nkw=Frizz+mousse&_sacat=26395&rt=nc&LH_ItemCondition=3&LH_BIN=1&rt=nc&LH_PrefLoc=1
Purifying Shampoo,https://www.ebay.com/sch/i.html?_from=R40&_nkw=Purifying+Shampoo&_sacat=26395&rt=nc&LH_ItemCondition=3&LH_BIN=1&rt=nc&LH_PrefLoc=1
Scalp Spray,https://www.ebay.com/sch/i.html?_from=R40&_nkw=Scalp+Spray&_sacat=26395&rt=nc&LH_ItemCondition=3&LH_BIN=1&rt=nc&LH_PrefLoc=1
Conditioning Water,https://www.ebay.com/sch/i.html?_from=R40&_nkw=Conditioning+Water&_sacat=26395&rt=nc&LH_ItemCondition=3&LH_BIN=1&rt=nc&LH_PrefLoc=1
Silk Infusion,https://www.ebay.com/sch/i.html?_from=R40&_nkw=Silk+Infusion&_sacat=26395&rt=nc&LH_ItemCondition=3&LH_BIN=1&rt=nc&LH_PrefLoc=1
Thickening Paste,https://www.ebay.com/sch/i.html?_from=R40&_nkw=Thickening+Paste&_sacat=26395&rt=nc&LH_ItemCondition=3&LH_BIN=1&rt=nc&LH_PrefLoc=1
Thinning Shampoo,https://www.ebay.com/sch/i.html?_from=R40&_nkw=Thinning+Shampoo&_sacat=26395&rt=nc&LH_ItemCondition=3&LH_BIN=1&rt=nc&LH_PrefLoc=1
Hot Spray,https://www.ebay.com/sch/i.html?_from=R40&_nkw=Hot+Spray&_sacat=26395&rt=nc&LH_ItemCondition=3&LH_BIN=1&rt=nc&LH_PrefLoc=1
Silk mask,https://www.ebay.com/sch/i.html?_from=R40&_nkw=Silk+mask&_sacat=26395&rt=nc&LH_ItemCondition=3&LH_BIN=1&rt=nc&LH_PrefLoc=1
Buildup Cleanser,https://www.ebay.com/sch/i.html?_from=R40&_nkw=Buildup+Cleanser&_sacat=26395&rt=nc&LH_ItemCondition=3&LH_BIN=1&rt=nc&LH_PrefLoc=1
Dual Mist,https://www.ebay.com/sch/i.html?_from=R40&_nkw=Dual+Mist&_sacat=26395&rt=nc&LH_ItemCondition=3&LH_BIN=1&rt=nc&LH_PrefLoc=1
Grooming Cream,https://www.ebay.com/sch/i.html?_from=R40&_nkw=Grooming+Cream&_sacat=26395&rt=nc&LH_ItemCondition=3&LH_BIN=1&rt=nc&LH_PrefLoc=1
Texturizing Taffy,https://www.ebay.com/sch/i.html?_from=R40&_nkw=Texturizing+Taffy&_sacat=26395&rt=nc&LH_ItemCondition=3&LH_BIN=1&rt=nc&LH_PrefLoc=1
Cooling Gel,https://www.ebay.com/sch/i.html?_from=R40&_nkw=Cooling+Gel&_sacat=26395&rt=nc&LH_ItemCondition=3&LH_BIN=1&rt=nc&LH_PrefLoc=1
Styling Serum,https://www.ebay.com/sch/i.html?_from=R40&_nkw=Styling+Serum&_sacat=26395&rt=nc&LH_ItemCondition=3&LH_BIN=1&rt=nc&LH_PrefLoc=1
Blow Dry Spray,https://www.ebay.com/sch/i.html?_from=R40&_nkw=Blow+Dry+Spray&_sacat=26395&rt=nc&LH_ItemCondition=3&LH_BIN=1&rt=nc&LH_PrefLoc=1
Volumizing Set,https://www.ebay.com/sch/i.html?_from=R40&_nkw=Volumizing+Set&_sacat=26395&rt=nc&LH_ItemCondition=3&LH_BIN=1&rt=nc&LH_PrefLoc=1
Retinol Serum,https://www.ebay.com/sch/i.html?_from=R40&_nkw=Retinol+Serum&_sacat=26395&rt=nc&LH_ItemCondition=3&LH_BIN=1&rt=nc&LH_PrefLoc=1
Tea Tree Spray,https://www.ebay.com/sch/i.html?_from=R40&_nkw=Tea+Tree+Spray&_sacat=26395&rt=nc&LH_ItemCondition=3&LH_BIN=1&rt=nc&LH_PrefLoc=1
Iron Grip,https://www.ebay.com/sch/i.html?_from=R40&_nkw=Iron+Grip&_sacat=26395&rt=nc&LH_ItemCondition=3&LH_BIN=1&rt=nc&LH_PrefLoc=1
Fiber cream,https://www.ebay.com/sch/i.html?_from=R40&_nkw=Fiber+cream&_sacat=26395&rt=nc&LH_ItemCondition=3&LH_BIN=1&rt=nc&LH_PrefLoc=1
Volumizing Powder,https://www.ebay.com/sch/i.html?_from=R40&_nkw=Volumizing+Powder&_sacat=26395&rt=nc&LH_ItemCondition=3&LH_BIN=1&rt=nc&LH_PrefLoc=1
Scalp Foam,https://www.ebay.com/sch/i.html?_from=R40&_nkw=Scalp+Foam&_sacat=26395&rt=nc&LH_ItemCondition=3&LH_BIN=1&rt=nc&LH_PrefLoc=1
Conditioning Shampoo,https://www.ebay.com/sch/i.html?_from=R40&_nkw=Conditioning+Shampoo&_sacat=26395&rt=nc&LH_ItemCondition=3&LH_BIN=1&rt=nc&LH_PrefLoc=1
