Keyword,Links
Sport electrolyte,https://www.ebay.com/sch/i.html?_from=R40&_nkw=Sport+electrolyte&_sacat=26395&rt=nc&LH_ItemCondition=3&LH_BIN=1&rt=nc&LH_PrefLoc=1
Electrolyte Tabs,https://www.ebay.com/sch/i.html?_from=R40&_nkw=Electrolyte+Tabs&_sacat=26395&rt=nc&LH_ItemCondition=3&LH_BIN=1&rt=nc&LH_PrefLoc=1
Acai Drink,https://www.ebay.com/sch/i.html?_from=R40&_nkw=Acai+Drink&_sacat=26395&rt=nc&LH_ItemCondition=3&LH_BIN=1&rt=nc&LH_PrefLoc=1
Hydration Drink,https://www.ebay.com/sch/i.html?_from=R40&_nkw=Hydration+Drink&_sacat=26395&rt=nc&LH_ItemCondition=3&LH_BIN=1&rt=nc&LH_PrefLoc=1
Hydrate Powders,https://www.ebay.com/sch/i.html?_from=R40&_nkw=Hydrate+Powders&_sacat=26395&rt=nc&LH_ItemCondition=3&LH_BIN=1&rt=nc&LH_PrefLoc=1
HGH Activator,https://www.ebay.com/sch/i.html?_from=R40&_nkw=HGH+Activator&_sacat=26395&rt=nc&LH_ItemCondition=3&LH_BIN=1&rt=nc&LH_PrefLoc=1
HMB Supplement,https://www.ebay.com/sch/i.html?_from=R40&_nkw=HMB+Supplement&_sacat=26395&rt=nc&LH_ItemCondition=3&LH_BIN=1&rt=nc&LH_PrefLoc=1
BCAA Mango,https://www.ebay.com/sch/i.html?_from=R40&_nkw=BCAA+Mango&_sacat=26395&rt=nc&LH_ItemCondition=3&LH_BIN=1&rt=nc&LH_PrefLoc=1
Hard Capsules,https://www.ebay.com/sch/i.html?_from=R40&_nkw=Hard+Capsules&_sacat=26395&rt=nc&LH_ItemCondition=3&LH_BIN=1&rt=nc&LH_PrefLoc=1
L-Glutamine Tablets,https://www.ebay.com/sch/i.html?_from=R40&_nkw=L-Glutamine+Tablets&_sacat=26395&rt=nc&LH_ItemCondition=3&LH_BIN=1&rt=nc&LH_PrefLoc=1
Tadalix Pack,https://www.ebay.com/sch/i.html?_from=R40&_nkw=Tadalix+Pack&_sacat=26395&rt=nc&LH_ItemCondition=3&LH_BIN=1&rt=nc&LH_PrefLoc=1
Testosterone Complex,https://www.ebay.com/sch/i.html?_from=R40&_nkw=Testosterone+Complex&_sacat=26395&rt=nc&LH_ItemCondition=3&LH_BIN=1&rt=nc&LH_PrefLoc=1
Glutamine Capsules,https://www.ebay.com/sch/i.html?_from=R40&_nkw=Glutamine+Capsules&_sacat=26395&rt=nc&LH_ItemCondition=3&LH_BIN=1&rt=nc&LH_PrefLoc=1
BCAA Lemonade,https://www.ebay.com/sch/i.html?_from=R40&_nkw=BCAA+Lemonade&_sacat=26395&rt=nc&LH_ItemCondition=3&LH_BIN=1&rt=nc&LH_PrefLoc=1
NAC Tablets,https://www.ebay.com/sch/i.html?_from=R40&_nkw=NAC+Tablets&_sacat=26395&rt=nc&LH_ItemCondition=3&LH_BIN=1&rt=nc&LH_PrefLoc=1
Micronized Creatine,https://www.ebay.com/sch/i.html?_from=R40&_nkw=Micronized+Creatine&_sacat=26395&rt=nc&LH_ItemCondition=3&LH_BIN=1&rt=nc&LH_PrefLoc=1
Micronized Glutamine,https://www.ebay.com/sch/i.html?_from=R40&_nkw=Micronized+Glutamine&_sacat=26395&rt=nc&LH_ItemCondition=3&LH_BIN=1&rt=nc&LH_PrefLoc=1
Citrulline Powder,https://www.ebay.com/sch/i.html?_from=R40&_nkw=Citrulline+Powder&_sacat=26395&rt=nc&LH_ItemCondition=3&LH_BIN=1&rt=nc&LH_PrefLoc=1
Vegetarian Glucosamine,https://www.ebay.com/sch/i.html?_from=R40&_nkw=Vegetarian+Glucosamine&_sacat=26395&rt=nc&LH_ItemCondition=3&LH_BIN=1&rt=nc&LH_PrefLoc=1
L-Leucine Powder,https://www.ebay.com/sch/i.html?_from=R40&_nkw=L-Leucine+Powder&_sacat=26395&rt=nc&LH_ItemCondition=3&LH_BIN=1&rt=nc&LH_PrefLoc=1
Agmatine Sulfate,https://www.ebay.com/sch/i.html?_from=R40&_nkw=Agmatine+Sulfate&_sacat=26395&rt=nc&LH_ItemCondition=3&LH_BIN=1&rt=nc&LH_PrefLoc=1
Phenylalanine Capsules,https://www.ebay.com/sch/i.html?_from=R40&_nkw=Phenylalanine+Capsules&_sacat=26395&rt=nc&LH_ItemCondition=3&LH_BIN=1&rt=nc&LH_PrefLoc=1
N Acetyl Cysteine,https://www.ebay.com/sch/i.html?_from=R40&_nkw=N+Acetyl+Cysteine&_sacat=26395&rt=nc&LH_ItemCondition=3&LH_BIN=1&rt=nc&LH_PrefLoc=1
Post Workout,https://www.ebay.com/sch/i.html?_from=R40&_nkw=Post+Workout&_sacat=26395&rt=nc&LH_ItemCondition=3&LH_BIN=1&rt=nc&LH_PrefLoc=1
Kre-Alkalyn Powder,https://www.ebay.com/sch/i.html?_from=R40&_nkw=Kre-Alkalyn+Powder&_sacat=26395&rt=nc&LH_ItemCondition=3&LH_BIN=1&rt=nc&LH_PrefLoc=1
Natural Grape,https://www.ebay.com/sch/i.html?_from=R40&_nkw=Natural+Grape&_sacat=26395&rt=nc&LH_ItemCondition=3&LH_BIN=1&rt=nc&LH_PrefLoc=1
Glutamine Metabolism,https://www.ebay.com/sch/i.html?_from=R40&_nkw=Glutamine+Metabolism&_sacat=26395&rt=nc&LH_ItemCondition=3&LH_BIN=1&rt=nc&LH_PrefLoc=1
BCAA Electrolytes,https://www.ebay.com/sch/i.html?_from=R40&_nkw=BCAA+Electrolytes&_sacat=26395&rt=nc&LH_ItemCondition=3&LH_BIN=1&rt=nc&LH_PrefLoc=1
Watermelon supplement,https://www.ebay.com/sch/i.html?_from=R40&_nkw=Watermelon+supplement&_sacat=26395&rt=nc&LH_ItemCondition=3&LH_BIN=1&rt=nc&LH_PrefLoc=1
Endurance BCAAs,https://www.ebay.com/sch/i.html?_from=R40&_nkw=Endurance+BCAAs&_sacat=26395&rt=nc&LH_ItemCondition=3&LH_BIN=1&rt=nc&LH_PrefLoc=1
Strawberry Watermelon,https://www.ebay.com/sch/i.html?_from=R40&_nkw=Strawberry+Watermelon&_sacat=26395&rt=nc&LH_ItemCondition=3&LH_BIN=1&rt=nc&LH_PrefLoc=1
BCAA Shredded,https://www.ebay.com/sch/i.html?_from=R40&_nkw=BCAA+Shredded&_sacat=26395&rt=nc&LH_ItemCondition=3&LH_BIN=1&rt=nc&LH_PrefLoc=1
Citrulline Supplement,https://www.ebay.com/sch/i.html?_from=R40&_nkw=Citrulline+Supplement&_sacat=26395&rt=nc&LH_ItemCondition=3&LH_BIN=1&rt=nc&LH_PrefLoc=1
L-Citrulline Supplement,https://www.ebay.com/sch/i.html?_from=R40&_nkw=L-Citrulline+Supplement&_sacat=26395&rt=nc&LH_ItemCondition=3&LH_BIN=1&rt=nc&LH_PrefLoc=1
Agmatine Powder,https://www.ebay.com/sch/i.html?_from=R40&_nkw=Agmatine+Powder&_sacat=26395&rt=nc&LH_ItemCondition=3&LH_BIN=1&rt=nc&LH_PrefLoc=1
L-Lysine VegCaps,https://www.ebay.com/sch/i.html?_from=R40&_nkw=L-Lysine+VegCaps&_sacat=26395&rt=nc&LH_ItemCondition=3&LH_BIN=1&rt=nc&LH_PrefLoc=1
Creatine HCl,https://www.ebay.com/sch/i.html?_from=R40&_nkw=Creatine+HCl&_sacat=26395&rt=nc&LH_ItemCondition=3&LH_BIN=1&rt=nc&LH_PrefLoc=1
L-Carnitine Caplets,https://www.ebay.com/sch/i.html?_from=R40&_nkw=L-Carnitine+Caplets&_sacat=26395&rt=nc&LH_ItemCondition=3&LH_BIN=1&rt=nc&LH_PrefLoc=1
L-Arginine Complex,https://www.ebay.com/sch/i.html?_from=R40&_nkw=L-Arginine+Complex&_sacat=26395&rt=nc&LH_ItemCondition=3&LH_BIN=1&rt=nc&LH_PrefLoc=1
Citrus Pre Workout,https://www.ebay.com/sch/i.html?_from=R40&_nkw=Citrus+Pre+Workout&_sacat=26395&rt=nc&LH_ItemCondition=3&LH_BIN=1&rt=nc&LH_PrefLoc=1
L-Theanine Nootropic,https://www.ebay.com/sch/i.html?_from=R40&_nkw=L-Theanine+Nootropic&_sacat=26395&rt=nc&LH_ItemCondition=3&LH_BIN=1&rt=nc&LH_PrefLoc=1
Creatine Chews,https://www.ebay.com/sch/i.html?_from=R40&_nkw=Creatine+Chews&_sacat=26395&rt=nc&LH_ItemCondition=3&LH_BIN=1&rt=nc&LH_PrefLoc=1
Keto Creatine,https://www.ebay.com/sch/i.html?_from=R40&_nkw=Keto+Creatine&_sacat=26395&rt=nc&LH_ItemCondition=3&LH_BIN=1&rt=nc&LH_PrefLoc=1
Creatine Complex,https://www.ebay.com/sch/i.html?_from=R40&_nkw=Creatine+Complex&_sacat=26395&rt=nc&LH_ItemCondition=3&LH_BIN=1&rt=nc&LH_PrefLoc=1
L-Lysine Monolaurin,https://www.ebay.com/sch/i.html?_from=R40&_nkw=L-Lysine+Monolaurin&_sacat=26395&rt=nc&LH_ItemCondition=3&LH_BIN=1&rt=nc&LH_PrefLoc=1
Creatine HMB,https://www.ebay.com/sch/i.html?_from=R40&_nkw=Creatine+HMB&_sacat=26395&rt=nc&LH_ItemCondition=3&LH_BIN=1&rt=nc&LH_PrefLoc=1
Trimethylglycine Powder,https://www.ebay.com/sch/i.html?_from=R40&_nkw=Trimethylglycine+Powder&_sacat=26395&rt=nc&LH_ItemCondition=3&LH_BIN=1&rt=nc&LH_PrefLoc=1
L-Carnitine Liquid,https://www.ebay.com/sch/i.html?_from=R40&_nkw=L-Carnitine+Liquid&_sacat=26395&rt=nc&LH_ItemCondition=3&LH_BIN=1&rt=nc&LH_PrefLoc=1
Tyrosine Capsules,https://www.ebay.com/sch/i.html?_from=R40&_nkw=Tyrosine+Capsules&_sacat=26395&rt=nc&LH_ItemCondition=3&LH_BIN=1&rt=nc&LH_PrefLoc=1
Carnitine Tablets,https://www.ebay.com/sch/i.html?_from=R40&_nkw=Carnitine+Tablets&_sacat=26395&rt=nc&LH_ItemCondition=3&LH_BIN=1&rt=nc&LH_PrefLoc=1
