Keyword,Links
Murumuru Oil,https://www.amazon.com/s?k=Murumuru+Oil&i=beauty&s=exact-aware-popularity-rank&ref=sr_st_exact-aware-popularity-rank
Curly Spray,https://www.amazon.com/s?k=Curly+Spray&i=beauty&s=exact-aware-popularity-rank&ref=sr_st_exact-aware-popularity-rank
Recovery Mask,https://www.amazon.com/s?k=Recovery+Mask&i=beauty&s=exact-aware-popularity-rank&ref=sr_st_exact-aware-popularity-rank
Coconut Masque,https://www.amazon.com/s?k=Coconut+Masque&i=beauty&s=exact-aware-popularity-rank&ref=sr_st_exact-aware-popularity-rank
Curl defining oil,https://www.amazon.com/s?k=Curl+defining+oil&i=beauty&s=exact-aware-popularity-rank&ref=sr_st_exact-aware-popularity-rank
Afro Smoothie,https://www.amazon.com/s?k=Afro+Smoothie&i=beauty&s=exact-aware-popularity-rank&ref=sr_st_exact-aware-popularity-rank
Moisturizing Masque,https://www.amazon.com/s?k=Moisturizing+Masque&i=beauty&s=exact-aware-popularity-rank&ref=sr_st_exact-aware-popularity-rank
Hair Elixir,https://www.amazon.com/s?k=Hair+Elixir&i=beauty&s=exact-aware-popularity-rank&ref=sr_st_exact-aware-popularity-rank
Amla Oil,https://www.amazon.com/s?k=Amla+Oil&i=beauty&s=exact-aware-popularity-rank&ref=sr_st_exact-aware-popularity-rank
Repairing Mask,https://www.amazon.com/s?k=Repairing+Mask&i=beauty&s=exact-aware-popularity-rank&ref=sr_st_exact-aware-popularity-rank
Strengthening Oil,https://www.amazon.com/s?k=Strengthening+Oil&i=beauty&s=exact-aware-popularity-rank&ref=sr_st_exact-aware-popularity-rank
Anti-Humidity Mist,https://www.amazon.com/s?k=Anti-Humidity+Mist&i=beauty&s=exact-aware-popularity-rank&ref=sr_st_exact-aware-popularity-rank
Wavy Hair Mask,https://www.amazon.com/s?k=Wavy+Hair+Mask&i=beauty&s=exact-aware-popularity-rank&ref=sr_st_exact-aware-popularity-rank
Anti-Breakage Shampoo,https://www.amazon.com/s?k=Anti-Breakage+Shampoo&i=beauty&s=exact-aware-popularity-rank&ref=sr_st_exact-aware-popularity-rank
Twist Oil,https://www.amazon.com/s?k=Twist+Oil&i=beauty&s=exact-aware-popularity-rank&ref=sr_st_exact-aware-popularity-rank
Dreadlock Oil,https://www.amazon.com/s?k=Dreadlock+Oil&i=beauty&s=exact-aware-popularity-rank&ref=sr_st_exact-aware-popularity-rank
Clarifying Cleanser,https://www.amazon.com/s?k=Clarifying+Cleanser&i=beauty&s=exact-aware-popularity-rank&ref=sr_st_exact-aware-popularity-rank
Moisturizing Oil,https://www.amazon.com/s?k=Moisturizing+Oil&i=beauty&s=exact-aware-popularity-rank&ref=sr_st_exact-aware-popularity-rank
Scalp Mask,https://www.amazon.com/s?k=Scalp+Mask&i=beauty&s=exact-aware-popularity-rank&ref=sr_st_exact-aware-popularity-rank
Balm Mask,https://www.amazon.com/s?k=Balm+Mask&i=beauty&s=exact-aware-popularity-rank&ref=sr_st_exact-aware-popularity-rank
Baby Hair Oil,https://www.amazon.com/s?k=Baby+Hair+Oil&i=beauty&s=exact-aware-popularity-rank&ref=sr_st_exact-aware-popularity-rank
Chebe Butter,https://www.amazon.com/s?k=Chebe+Butter&i=beauty&s=exact-aware-popularity-rank&ref=sr_st_exact-aware-popularity-rank
Locs oil,https://www.amazon.com/s?k=Locs+oil&i=beauty&s=exact-aware-popularity-rank&ref=sr_st_exact-aware-popularity-rank
Onion Hair Oil,https://www.amazon.com/s?k=Onion+Hair+Oil&i=beauty&s=exact-aware-popularity-rank&ref=sr_st_exact-aware-popularity-rank
Healing Hair Oil,https://www.amazon.com/s?k=Healing+Hair+Oil&i=beauty&s=exact-aware-popularity-rank&ref=sr_st_exact-aware-popularity-rank
Hydrating Hair Oil,https://www.amazon.com/s?k=Hydrating+Hair+Oil&i=beauty&s=exact-aware-popularity-rank&ref=sr_st_exact-aware-popularity-rank
Hydrating Hair Mask,https://www.amazon.com/s?k=Hydrating+Hair+Mask&i=beauty&s=exact-aware-popularity-rank&ref=sr_st_exact-aware-popularity-rank
Pumpkin Seed Oil,https://www.amazon.com/s?k=Pumpkin+Seed+Oil&i=beauty&s=exact-aware-popularity-rank&ref=sr_st_exact-aware-popularity-rank
Cocoa Curl,https://www.amazon.com/s?k=Cocoa+Curl&i=beauty&s=exact-aware-popularity-rank&ref=sr_st_exact-aware-popularity-rank
Pressing oil,https://www.amazon.com/s?k=Pressing+oil&i=beauty&s=exact-aware-popularity-rank&ref=sr_st_exact-aware-popularity-rank
Biotin Hair Oil,https://www.amazon.com/s?k=Biotin+Hair+Oil&i=beauty&s=exact-aware-popularity-rank&ref=sr_st_exact-aware-popularity-rank
Pumpkin Oil,https://www.amazon.com/s?k=Pumpkin+Oil&i=beauty&s=exact-aware-popularity-rank&ref=sr_st_exact-aware-popularity-rank
Leave-In Mask,https://www.amazon.com/s?k=Leave-In+Mask&i=beauty&s=exact-aware-popularity-rank&ref=sr_st_exact-aware-popularity-rank
Multi Purpose Oil,https://www.amazon.com/s?k=Multi+Purpose+Oil&i=beauty&s=exact-aware-popularity-rank&ref=sr_st_exact-aware-popularity-rank
Blueberry Hair Mask,https://www.amazon.com/s?k=Blueberry+Hair+Mask&i=beauty&s=exact-aware-popularity-rank&ref=sr_st_exact-aware-popularity-rank
Avocado Hair Oil,https://www.amazon.com/s?k=Avocado+Hair+Oil&i=beauty&s=exact-aware-popularity-rank&ref=sr_st_exact-aware-popularity-rank
Moringa Oil,https://www.amazon.com/s?k=Moringa+Oil&i=beauty&s=exact-aware-popularity-rank&ref=sr_st_exact-aware-popularity-rank
Curl Texturizer,https://www.amazon.com/s?k=Curl+Texturizer&i=beauty&s=exact-aware-popularity-rank&ref=sr_st_exact-aware-popularity-rank
Smoothing Oil,https://www.amazon.com/s?k=Smoothing+Oil&i=beauty&s=exact-aware-popularity-rank&ref=sr_st_exact-aware-popularity-rank
Texture softener,https://www.amazon.com/s?k=Texture+softener&i=beauty&s=exact-aware-popularity-rank&ref=sr_st_exact-aware-popularity-rank
Curl revive,https://www.amazon.com/s?k=Curl+revive&i=beauty&s=exact-aware-popularity-rank&ref=sr_st_exact-aware-popularity-rank
Deep Moisturizing,https://www.amazon.com/s?k=Deep+Moisturizing&i=beauty&s=exact-aware-popularity-rank&ref=sr_st_exact-aware-popularity-rank
Hydrating Butter,https://www.amazon.com/s?k=Hydrating+Butter&i=beauty&s=exact-aware-popularity-rank&ref=sr_st_exact-aware-popularity-rank
Neem oil,https://www.amazon.com/s?k=Neem+oil&i=beauty&s=exact-aware-popularity-rank&ref=sr_st_exact-aware-popularity-rank
Culture Mask,https://www.amazon.com/s?k=Culture+Mask&i=beauty&s=exact-aware-popularity-rank&ref=sr_st_exact-aware-popularity-rank
Phenomenal Oil,https://www.amazon.com/s?k=Phenomenal+Oil&i=beauty&s=exact-aware-popularity-rank&ref=sr_st_exact-aware-popularity-rank
Ginger Oil,https://www.amazon.com/s?k=Ginger+Oil&i=beauty&s=exact-aware-popularity-rank&ref=sr_st_exact-aware-popularity-rank
Moisture Booster,https://www.amazon.com/s?k=Moisture+Booster&i=beauty&s=exact-aware-popularity-rank&ref=sr_st_exact-aware-popularity-rank
Growth oil,https://www.amazon.com/s?k=Growth+oil&i=beauty&s=exact-aware-popularity-rank&ref=sr_st_exact-aware-popularity-rank
Curly Hair Oil,https://www.amazon.com/s?k=Curly+Hair+Oil&i=beauty&s=exact-aware-popularity-rank&ref=sr_st_exact-aware-popularity-rank
