Keyword,Links
Mass Builder,https://www.amazon.com/s?k=Mass+Builder&i=hpc&s=exact-aware-popularity-rank&ref=sr_st_exact-aware-popularity-rank
Muscle Gainer,https://www.amazon.com/s?k=Muscle+Gainer&i=hpc&s=exact-aware-popularity-rank&ref=sr_st_exact-aware-popularity-rank
Sustained Release,https://www.amazon.com/s?k=Sustained+Release&i=hpc&s=exact-aware-popularity-rank&ref=sr_st_exact-aware-popularity-rank
Appetite Stimulant,https://www.amazon.com/s?k=Appetite+Stimulant&i=hpc&s=exact-aware-popularity-rank&ref=sr_st_exact-aware-popularity-rank
Strawberry Protein,https://www.amazon.com/s?k=Strawberry+Protein&i=hpc&s=exact-aware-popularity-rank&ref=sr_st_exact-aware-popularity-rank
Protein gainer,https://www.amazon.com/s?k=Protein+gainer&i=hpc&s=exact-aware-popularity-rank&ref=sr_st_exact-aware-popularity-rank
Organic meal,https://www.amazon.com/s?k=Organic+meal&i=hpc&s=exact-aware-popularity-rank&ref=sr_st_exact-aware-popularity-rank
Vegan Meal Replacement,https://www.amazon.com/s?k=Vegan+Meal+Replacement&i=hpc&s=exact-aware-popularity-rank&ref=sr_st_exact-aware-popularity-rank
Protein tablets,https://www.amazon.com/s?k=Protein+tablets&i=hpc&s=exact-aware-popularity-rank&ref=sr_st_exact-aware-popularity-rank
Soy Protein,https://www.amazon.com/s?k=Soy+Protein&i=hpc&s=exact-aware-popularity-rank&ref=sr_st_exact-aware-popularity-rank
Lean Protein,https://www.amazon.com/s?k=Lean+Protein&i=hpc&s=exact-aware-popularity-rank&ref=sr_st_exact-aware-popularity-rank
Birthday Cake,https://www.amazon.com/s?k=Birthday+Cake&i=hpc&s=exact-aware-popularity-rank&ref=sr_st_exact-aware-popularity-rank
Protein electrolytes,https://www.amazon.com/s?k=Protein+electrolytes&i=hpc&s=exact-aware-popularity-rank&ref=sr_st_exact-aware-popularity-rank
Organic Pea Protein,https://www.amazon.com/s?k=Organic+Pea+Protein&i=hpc&s=exact-aware-popularity-rank&ref=sr_st_exact-aware-popularity-rank
Diet Protein,https://www.amazon.com/s?k=Diet+Protein&i=hpc&s=exact-aware-popularity-rank&ref=sr_st_exact-aware-popularity-rank
Boba Protein,https://www.amazon.com/s?k=Boba+Protein&i=hpc&s=exact-aware-popularity-rank&ref=sr_st_exact-aware-popularity-rank
Pre-Workout Energizer,https://www.amazon.com/s?k=Pre-Workout+Energizer&i=hpc&s=exact-aware-popularity-rank&ref=sr_st_exact-aware-popularity-rank
Beef Gelatin,https://www.amazon.com/s?k=Beef+Gelatin&i=hpc&s=exact-aware-popularity-rank&ref=sr_st_exact-aware-popularity-rank
Organic Whey,https://www.amazon.com/s?k=Organic+Whey&i=hpc&s=exact-aware-popularity-rank&ref=sr_st_exact-aware-popularity-rank
Natural gainer,https://www.amazon.com/s?k=Natural+gainer&i=hpc&s=exact-aware-popularity-rank&ref=sr_st_exact-aware-popularity-rank
Oatmilk Protein,https://www.amazon.com/s?k=Oatmilk+Protein&i=hpc&s=exact-aware-popularity-rank&ref=sr_st_exact-aware-popularity-rank
Protein greens,https://www.amazon.com/s?k=Protein+greens&i=hpc&s=exact-aware-popularity-rank&ref=sr_st_exact-aware-popularity-rank
Vegan Weight Gainer,https://www.amazon.com/s?k=Vegan+Weight+Gainer&i=hpc&s=exact-aware-popularity-rank&ref=sr_st_exact-aware-popularity-rank
Keto Protein,https://www.amazon.com/s?k=Keto+Protein&i=hpc&s=exact-aware-popularity-rank&ref=sr_st_exact-aware-popularity-rank
Seed Protein,https://www.amazon.com/s?k=Seed+Protein&i=hpc&s=exact-aware-popularity-rank&ref=sr_st_exact-aware-popularity-rank
Protein puffs,https://www.amazon.com/s?k=Protein+puffs&i=hpc&s=exact-aware-popularity-rank&ref=sr_st_exact-aware-popularity-rank
Plant-Based Gainer,https://www.amazon.com/s?k=Plant-Based+Gainer&i=hpc&s=exact-aware-popularity-rank&ref=sr_st_exact-aware-popularity-rank
Pre-Workout Powder,https://www.amazon.com/s?k=Pre-Workout+Powder&i=hpc&s=exact-aware-popularity-rank&ref=sr_st_exact-aware-popularity-rank
Lean Gainer,https://www.amazon.com/s?k=Lean+Gainer&i=hpc&s=exact-aware-popularity-rank&ref=sr_st_exact-aware-popularity-rank
Extreme mass,https://www.amazon.com/s?k=Extreme+mass&i=hpc&s=exact-aware-popularity-rank&ref=sr_st_exact-aware-popularity-rank
Creatine Monohydrate,https://www.amazon.com/s?k=Creatine+Monohydrate&i=hpc&s=exact-aware-popularity-rank&ref=sr_st_exact-aware-popularity-rank
Peanut Protein,https://www.amazon.com/s?k=Peanut+Protein&i=hpc&s=exact-aware-popularity-rank&ref=sr_st_exact-aware-popularity-rank
Protein collagen,https://www.amazon.com/s?k=Protein+collagen&i=hpc&s=exact-aware-popularity-rank&ref=sr_st_exact-aware-popularity-rank
Non-Dairy Protein,https://www.amazon.com/s?k=Non-Dairy+Protein&i=hpc&s=exact-aware-popularity-rank&ref=sr_st_exact-aware-popularity-rank
Beard Supplement,https://www.amazon.com/s?k=Beard+Supplement&i=hpc&s=exact-aware-popularity-rank&ref=sr_st_exact-aware-popularity-rank
French Vanilla,https://www.amazon.com/s?k=French+Vanilla&i=hpc&s=exact-aware-popularity-rank&ref=sr_st_exact-aware-popularity-rank
Prebiotic Gummies,https://www.amazon.com/s?k=Prebiotic+Gummies&i=hpc&s=exact-aware-popularity-rank&ref=sr_st_exact-aware-popularity-rank
Micellar Casein,https://www.amazon.com/s?k=Micellar+Casein&i=hpc&s=exact-aware-popularity-rank&ref=sr_st_exact-aware-popularity-rank
Brown Rice Protein,https://www.amazon.com/s?k=Brown+Rice+Protein&i=hpc&s=exact-aware-popularity-rank&ref=sr_st_exact-aware-popularity-rank
Pregnancy Protein,https://www.amazon.com/s?k=Pregnancy+Protein&i=hpc&s=exact-aware-popularity-rank&ref=sr_st_exact-aware-popularity-rank
Keto Shake,https://www.amazon.com/s?k=Keto+Shake&i=hpc&s=exact-aware-popularity-rank&ref=sr_st_exact-aware-popularity-rank
Egg Protein,https://www.amazon.com/s?k=Egg+Protein&i=hpc&s=exact-aware-popularity-rank&ref=sr_st_exact-aware-popularity-rank
Pegan Protein,https://www.amazon.com/s?k=Pegan+Protein&i=hpc&s=exact-aware-popularity-rank&ref=sr_st_exact-aware-popularity-rank
Sport Protein,https://www.amazon.com/s?k=Sport+Protein&i=hpc&s=exact-aware-popularity-rank&ref=sr_st_exact-aware-popularity-rank
Protein Cereal,https://www.amazon.com/s?k=Protein+Cereal&i=hpc&s=exact-aware-popularity-rank&ref=sr_st_exact-aware-popularity-rank
Sugar Free,https://www.amazon.com/s?k=Sugar+Free&i=hpc&s=exact-aware-popularity-rank&ref=sr_st_exact-aware-popularity-rank
Keto Electrolytes,https://www.amazon.com/s?k=Keto+Electrolytes&i=hpc&s=exact-aware-popularity-rank&ref=sr_st_exact-aware-popularity-rank
Growth Shake,https://www.amazon.com/s?k=Growth+Shake&i=hpc&s=exact-aware-popularity-rank&ref=sr_st_exact-aware-popularity-rank
Beef Protein,https://www.amazon.com/s?k=Beef+Protein&i=hpc&s=exact-aware-popularity-rank&ref=sr_st_exact-aware-popularity-rank
Egg White Protein,https://www.amazon.com/s?k=Egg+White+Protein&i=hpc&s=exact-aware-popularity-rank&ref=sr_st_exact-aware-popularity-rank
