Keyword,Links
Moisturizing Balm,https://www.amazon.com/s?k=Moisturizing+Balm&i=beauty&s=exact-aware-popularity-rank&ref=sr_st_exact-aware-popularity-rank
Body oil,https://www.amazon.com/s?k=Body+oil&i=beauty&s=exact-aware-popularity-rank&ref=sr_st_exact-aware-popularity-rank
Tinted Primer,https://www.amazon.com/s?k=Tinted+Primer&i=beauty&s=exact-aware-popularity-rank&ref=sr_st_exact-aware-popularity-rank
Tanning Oil,https://www.amazon.com/s?k=Tanning+Oil&i=beauty&s=exact-aware-popularity-rank&ref=sr_st_exact-aware-popularity-rank
Lipid-Replenishing Cream,https://www.amazon.com/s?k=Lipid-Replenishing+Cream&i=beauty&s=exact-aware-popularity-rank&ref=sr_st_exact-aware-popularity-rank
Dark Circles,https://www.amazon.com/s?k=Dark+Circles&i=beauty&s=exact-aware-popularity-rank&ref=sr_st_exact-aware-popularity-rank
Restorative Hand Cream,https://www.amazon.com/s?k=Restorative+Hand+Cream&i=beauty&s=exact-aware-popularity-rank&ref=sr_st_exact-aware-popularity-rank
Hand cream,https://www.amazon.com/s?k=Hand+cream&i=beauty&s=exact-aware-popularity-rank&ref=sr_st_exact-aware-popularity-rank
Overnight Mask,https://www.amazon.com/s?k=Overnight+Mask&i=beauty&s=exact-aware-popularity-rank&ref=sr_st_exact-aware-popularity-rank
Retinol Eye Cream,https://www.amazon.com/s?k=Retinol+Eye+Cream&i=beauty&s=exact-aware-popularity-rank&ref=sr_st_exact-aware-popularity-rank
Candy Lip Balm,https://www.amazon.com/s?k=Candy+Lip+Balm&i=beauty&s=exact-aware-popularity-rank&ref=sr_st_exact-aware-popularity-rank
Calming Veil,https://www.amazon.com/s?k=Calming+Veil&i=beauty&s=exact-aware-popularity-rank&ref=sr_st_exact-aware-popularity-rank
Water Resistant Sunscreen,https://www.amazon.com/s?k=Water+Resistant+Sunscreen&i=beauty&s=exact-aware-popularity-rank&ref=sr_st_exact-aware-popularity-rank
Coconut Lip Care,https://www.amazon.com/s?k=Coconut+Lip+Care&i=beauty&s=exact-aware-popularity-rank&ref=sr_st_exact-aware-popularity-rank
Pink Champagne,https://www.amazon.com/s?k=Pink+Champagne&i=beauty&s=exact-aware-popularity-rank&ref=sr_st_exact-aware-popularity-rank
Organic Facial Wash,https://www.amazon.com/s?k=Organic+Facial+Wash&i=beauty&s=exact-aware-popularity-rank&ref=sr_st_exact-aware-popularity-rank
Lipid Balm,https://www.amazon.com/s?k=Lipid+Balm&i=beauty&s=exact-aware-popularity-rank&ref=sr_st_exact-aware-popularity-rank
Pink Grapefruit Balm,https://www.amazon.com/s?k=Pink+Grapefruit+Balm&i=beauty&s=exact-aware-popularity-rank&ref=sr_st_exact-aware-popularity-rank
Physical sunscreen,https://www.amazon.com/s?k=Physical+sunscreen&i=beauty&s=exact-aware-popularity-rank&ref=sr_st_exact-aware-popularity-rank
Cleansing Cloths,https://www.amazon.com/s?k=Cleansing+Cloths&i=beauty&s=exact-aware-popularity-rank&ref=sr_st_exact-aware-popularity-rank
Youth Mask,https://www.amazon.com/s?k=Youth+Mask&i=beauty&s=exact-aware-popularity-rank&ref=sr_st_exact-aware-popularity-rank
Peach Lip Balm,https://www.amazon.com/s?k=Peach+Lip+Balm&i=beauty&s=exact-aware-popularity-rank&ref=sr_st_exact-aware-popularity-rank
Gummy Bear Lip Balm,https://www.amazon.com/s?k=Gummy+Bear+Lip+Balm&i=beauty&s=exact-aware-popularity-rank&ref=sr_st_exact-aware-popularity-rank
Survival Kit,https://www.amazon.com/s?k=Survival+Kit&i=beauty&s=exact-aware-popularity-rank&ref=sr_st_exact-aware-popularity-rank
Post Procedure,https://www.amazon.com/s?k=Post+Procedure&i=beauty&s=exact-aware-popularity-rank&ref=sr_st_exact-aware-popularity-rank
Hydra Balm,https://www.amazon.com/s?k=Hydra+Balm&i=beauty&s=exact-aware-popularity-rank&ref=sr_st_exact-aware-popularity-rank
Sensitive skin,https://www.amazon.com/s?k=Sensitive+skin&i=beauty&s=exact-aware-popularity-rank&ref=sr_st_exact-aware-popularity-rank
Hydrating Cleanser,https://www.amazon.com/s?k=Hydrating+Cleanser&i=beauty&s=exact-aware-popularity-rank&ref=sr_st_exact-aware-popularity-rank
Facial Wash,https://www.amazon.com/s?k=Facial+Wash&i=beauty&s=exact-aware-popularity-rank&ref=sr_st_exact-aware-popularity-rank
Acne Face Wash,https://www.amazon.com/s?k=Acne+Face+Wash&i=beauty&s=exact-aware-popularity-rank&ref=sr_st_exact-aware-popularity-rank
Melt-In Sunscreen,https://www.amazon.com/s?k=Melt-In+Sunscreen&i=beauty&s=exact-aware-popularity-rank&ref=sr_st_exact-aware-popularity-rank
Sunscreen SPF 100,https://www.amazon.com/s?k=Sunscreen+SPF+100&i=beauty&s=exact-aware-popularity-rank&ref=sr_st_exact-aware-popularity-rank
Clear Skin Sunscreen,https://www.amazon.com/s?k=Clear+Skin+Sunscreen&i=beauty&s=exact-aware-popularity-rank&ref=sr_st_exact-aware-popularity-rank
Kids Sunscreen,https://www.amazon.com/s?k=Kids+Sunscreen&i=beauty&s=exact-aware-popularity-rank&ref=sr_st_exact-aware-popularity-rank
Sensitive moisturizer,https://www.amazon.com/s?k=Sensitive+moisturizer&i=beauty&s=exact-aware-popularity-rank&ref=sr_st_exact-aware-popularity-rank
Eye gels,https://www.amazon.com/s?k=Eye+gels&i=beauty&s=exact-aware-popularity-rank&ref=sr_st_exact-aware-popularity-rank
Microcurrent Facelift,https://www.amazon.com/s?k=Microcurrent+Facelift&i=beauty&s=exact-aware-popularity-rank&ref=sr_st_exact-aware-popularity-rank
Hydrating Sunscreen,https://www.amazon.com/s?k=Hydrating+Sunscreen&i=beauty&s=exact-aware-popularity-rank&ref=sr_st_exact-aware-popularity-rank
Facial Toning,https://www.amazon.com/s?k=Facial+Toning&i=beauty&s=exact-aware-popularity-rank&ref=sr_st_exact-aware-popularity-rank
Sunscreen Stick,https://www.amazon.com/s?k=Sunscreen+Stick&i=beauty&s=exact-aware-popularity-rank&ref=sr_st_exact-aware-popularity-rank
Coconut Lip Balm,https://www.amazon.com/s?k=Coconut+Lip+Balm&i=beauty&s=exact-aware-popularity-rank&ref=sr_st_exact-aware-popularity-rank
Tinted moisturizer,https://www.amazon.com/s?k=Tinted+moisturizer&i=beauty&s=exact-aware-popularity-rank&ref=sr_st_exact-aware-popularity-rank
Acne patches,https://www.amazon.com/s?k=Acne+patches&i=beauty&s=exact-aware-popularity-rank&ref=sr_st_exact-aware-popularity-rank
Eczema cream,https://www.amazon.com/s?k=Eczema+cream&i=beauty&s=exact-aware-popularity-rank&ref=sr_st_exact-aware-popularity-rank
Sunscreen Lotion,https://www.amazon.com/s?k=Sunscreen+Lotion&i=beauty&s=exact-aware-popularity-rank&ref=sr_st_exact-aware-popularity-rank
Glow mask,https://www.amazon.com/s?k=Glow+mask&i=beauty&s=exact-aware-popularity-rank&ref=sr_st_exact-aware-popularity-rank
Thermal Water,https://www.amazon.com/s?k=Thermal+Water&i=beauty&s=exact-aware-popularity-rank&ref=sr_st_exact-aware-popularity-rank
Redness cream,https://www.amazon.com/s?k=Redness+cream&i=beauty&s=exact-aware-popularity-rank&ref=sr_st_exact-aware-popularity-rank
Blemish Kit,https://www.amazon.com/s?k=Blemish+Kit&i=beauty&s=exact-aware-popularity-rank&ref=sr_st_exact-aware-popularity-rank
Anti-Wrinkle Kit,https://www.amazon.com/s?k=Anti-Wrinkle+Kit&i=beauty&s=exact-aware-popularity-rank&ref=sr_st_exact-aware-popularity-rank
