Keyword,Links
Moisturizing Balm,https://www.ebay.com/sch/i.html?_from=R40&_nkw=Moisturizing+Balm&_sacat=26395&rt=nc&LH_ItemCondition=3&LH_BIN=1&rt=nc&LH_PrefLoc=1
Body oil,https://www.ebay.com/sch/i.html?_from=R40&_nkw=Body+oil&_sacat=26395&rt=nc&LH_ItemCondition=3&LH_BIN=1&rt=nc&LH_PrefLoc=1
Tinted Primer,https://www.ebay.com/sch/i.html?_from=R40&_nkw=Tinted+Primer&_sacat=26395&rt=nc&LH_ItemCondition=3&LH_BIN=1&rt=nc&LH_PrefLoc=1
Tanning Oil,https://www.ebay.com/sch/i.html?_from=R40&_nkw=Tanning+Oil&_sacat=26395&rt=nc&LH_ItemCondition=3&LH_BIN=1&rt=nc&LH_PrefLoc=1
Lipid-Replenishing Cream,https://www.ebay.com/sch/i.html?_from=R40&_nkw=Lipid-Replenishing+Cream&_sacat=26395&rt=nc&LH_ItemCondition=3&LH_BIN=1&rt=nc&LH_PrefLoc=1
Dark Circles,https://www.ebay.com/sch/i.html?_from=R40&_nkw=Dark+Circles&_sacat=26395&rt=nc&LH_ItemCondition=3&LH_BIN=1&rt=nc&LH_PrefLoc=1
Restorative Hand Cream,https://www.ebay.com/sch/i.html?_from=R40&_nkw=Restorative+Hand+Cream&_sacat=26395&rt=nc&LH_ItemCondition=3&LH_BIN=1&rt=nc&LH_PrefLoc=1
Hand cream,https://www.ebay.com/sch/i.html?_from=R40&_nkw=Hand+cream&_sacat=26395&rt=nc&LH_ItemCondition=3&LH_BIN=1&rt=nc&LH_PrefLoc=1
Overnight Mask,https://www.ebay.com/sch/i.html?_from=R40&_nkw=Overnight+Mask&_sacat=26395&rt=nc&LH_ItemCondition=3&LH_BIN=1&rt=nc&LH_PrefLoc=1
Retinol Eye Cream,https://www.ebay.com/sch/i.html?_from=R40&_nkw=Retinol+Eye+Cream&_sacat=26395&rt=nc&LH_ItemCondition=3&LH_BIN=1&rt=nc&LH_PrefLoc=1
Candy Lip Balm,https://www.ebay.com/sch/i.html?_from=R40&_nkw=Candy+Lip+Balm&_sacat=26395&rt=nc&LH_ItemCondition=3&LH_BIN=1&rt=nc&LH_PrefLoc=1
Calming Veil,https://www.ebay.com/sch/i.html?_from=R40&_nkw=Calming+Veil&_sacat=26395&rt=nc&LH_ItemCondition=3&LH_BIN=1&rt=nc&LH_PrefLoc=1
Water Resistant Sunscreen,https://www.ebay.com/sch/i.html?_from=R40&_nkw=Water+Resistant+Sunscreen&_sacat=26395&rt=nc&LH_ItemCondition=3&LH_BIN=1&rt=nc&LH_PrefLoc=1
Coconut Lip Care,https://www.ebay.com/sch/i.html?_from=R40&_nkw=Coconut+Lip+Care&_sacat=26395&rt=nc&LH_ItemCondition=3&LH_BIN=1&rt=nc&LH_PrefLoc=1
Pink Champagne,https://www.ebay.com/sch/i.html?_from=R40&_nkw=Pink+Champagne&_sacat=26395&rt=nc&LH_ItemCondition=3&LH_BIN=1&rt=nc&LH_PrefLoc=1
Organic Facial Wash,https://www.ebay.com/sch/i.html?_from=R40&_nkw=Organic+Facial+Wash&_sacat=26395&rt=nc&LH_ItemCondition=3&LH_BIN=1&rt=nc&LH_PrefLoc=1
Lipid Balm,https://www.ebay.com/sch/i.html?_from=R40&_nkw=Lipid+Balm&_sacat=26395&rt=nc&LH_ItemCondition=3&LH_BIN=1&rt=nc&LH_PrefLoc=1
Pink Grapefruit Balm,https://www.ebay.com/sch/i.html?_from=R40&_nkw=Pink+Grapefruit+Balm&_sacat=26395&rt=nc&LH_ItemCondition=3&LH_BIN=1&rt=nc&LH_PrefLoc=1
Physical sunscreen,https://www.ebay.com/sch/i.html?_from=R40&_nkw=Physical+sunscreen&_sacat=26395&rt=nc&LH_ItemCondition=3&LH_BIN=1&rt=nc&LH_PrefLoc=1
Cleansing Cloths,https://www.ebay.com/sch/i.html?_from=R40&_nkw=Cleansing+Cloths&_sacat=26395&rt=nc&LH_ItemCondition=3&LH_BIN=1&rt=nc&LH_PrefLoc=1
Youth Mask,https://www.ebay.com/sch/i.html?_from=R40&_nkw=Youth+Mask&_sacat=26395&rt=nc&LH_ItemCondition=3&LH_BIN=1&rt=nc&LH_PrefLoc=1
Peach Lip Balm,https://www.ebay.com/sch/i.html?_from=R40&_nkw=Peach+Lip+Balm&_sacat=26395&rt=nc&LH_ItemCondition=3&LH_BIN=1&rt=nc&LH_PrefLoc=1
Gummy Bear Lip Balm,https://www.ebay.com/sch/i.html?_from=R40&_nkw=Gummy+Bear+Lip+Balm&_sacat=26395&rt=nc&LH_ItemCondition=3&LH_BIN=1&rt=nc&LH_PrefLoc=1
Survival Kit,https://www.ebay.com/sch/i.html?_from=R40&_nkw=Survival+Kit&_sacat=26395&rt=nc&LH_ItemCondition=3&LH_BIN=1&rt=nc&LH_PrefLoc=1
Post Procedure,https://www.ebay.com/sch/i.html?_from=R40&_nkw=Post+Procedure&_sacat=26395&rt=nc&LH_ItemCondition=3&LH_BIN=1&rt=nc&LH_PrefLoc=1
Hydra Balm,https://www.ebay.com/sch/i.html?_from=R40&_nkw=Hydra+Balm&_sacat=26395&rt=nc&LH_ItemCondition=3&LH_BIN=1&rt=nc&LH_PrefLoc=1
Sensitive skin,https://www.ebay.com/sch/i.html?_from=R40&_nkw=Sensitive+skin&_sacat=26395&rt=nc&LH_ItemCondition=3&LH_BIN=1&rt=nc&LH_PrefLoc=1
Hydrating Cleanser,https://www.ebay.com/sch/i.html?_from=R40&_nkw=Hydrating+Cleanser&_sacat=26395&rt=nc&LH_ItemCondition=3&LH_BIN=1&rt=nc&LH_PrefLoc=1
Facial Wash,https://www.ebay.com/sch/i.html?_from=R40&_nkw=Facial+Wash&_sacat=26395&rt=nc&LH_ItemCondition=3&LH_BIN=1&rt=nc&LH_PrefLoc=1
Acne Face Wash,https://www.ebay.com/sch/i.html?_from=R40&_nkw=Acne+Face+Wash&_sacat=26395&rt=nc&LH_ItemCondition=3&LH_BIN=1&rt=nc&LH_PrefLoc=1
Melt-In Sunscreen,https://www.ebay.com/sch/i.html?_from=R40&_nkw=Melt-In+Sunscreen&_sacat=26395&rt=nc&LH_ItemCondition=3&LH_BIN=1&rt=nc&LH_PrefLoc=1
Sunscreen SPF 100,https://www.ebay.com/sch/i.html?_from=R40&_nkw=Sunscreen+SPF+100&_sacat=26395&rt=nc&LH_ItemCondition=3&LH_BIN=1&rt=nc&LH_PrefLoc=1
Clear Skin Sunscreen,https://www.ebay.com/sch/i.html?_from=R40&_nkw=Clear+Skin+Sunscreen&_sacat=26395&rt=nc&LH_ItemCondition=3&LH_BIN=1&rt=nc&LH_PrefLoc=1
Kids Sunscreen,https://www.ebay.com/sch/i.html?_from=R40&_nkw=Kids+Sunscreen&_sacat=26395&rt=nc&LH_ItemCondition=3&LH_BIN=1&rt=nc&LH_PrefLoc=1
Sensitive moisturizer,https://www.ebay.com/sch/i.html?_from=R40&_nkw=Sensitive+moisturizer&_sacat=26395&rt=nc&LH_ItemCondition=3&LH_BIN=1&rt=nc&LH_PrefLoc=1
Eye gels,https://www.ebay.com/sch/i.html?_from=R40&_nkw=Eye+gels&_sacat=26395&rt=nc&LH_ItemCondition=3&LH_BIN=1&rt=nc&LH_PrefLoc=1
Microcurrent Facelift,https://www.ebay.com/sch/i.html?_from=R40&_nkw=Microcurrent+Facelift&_sacat=26395&rt=nc&LH_ItemCondition=3&LH_BIN=1&rt=nc&LH_PrefLoc=1
Hydrating Sunscreen,https://www.ebay.com/sch/i.html?_from=R40&_nkw=Hydrating+Sunscreen&_sacat=26395&rt=nc&LH_ItemCondition=3&LH_BIN=1&rt=nc&LH_PrefLoc=1
Facial Toning,https://www.ebay.com/sch/i.html?_from=R40&_nkw=Facial+Toning&_sacat=26395&rt=nc&LH_ItemCondition=3&LH_BIN=1&rt=nc&LH_PrefLoc=1
Sunscreen Stick,https://www.ebay.com/sch/i.html?_from=R40&_nkw=Sunscreen+Stick&_sacat=26395&rt=nc&LH_ItemCondition=3&LH_BIN=1&rt=nc&LH_PrefLoc=1
Coconut Lip Balm,https://www.ebay.com/sch/i.html?_from=R40&_nkw=Coconut+Lip+Balm&_sacat=26395&rt=nc&LH_ItemCondition=3&LH_BIN=1&rt=nc&LH_PrefLoc=1
Tinted moisturizer,https://www.ebay.com/sch/i.html?_from=R40&_nkw=Tinted+moisturizer&_sacat=26395&rt=nc&LH_ItemCondition=3&LH_BIN=1&rt=nc&LH_PrefLoc=1
Acne patches,https://www.ebay.com/sch/i.html?_from=R40&_nkw=Acne+patches&_sacat=26395&rt=nc&LH_ItemCondition=3&LH_BIN=1&rt=nc&LH_PrefLoc=1
Eczema cream,https://www.ebay.com/sch/i.html?_from=R40&_nkw=Eczema+cream&_sacat=26395&rt=nc&LH_ItemCondition=3&LH_BIN=1&rt=nc&LH_PrefLoc=1
Sunscreen Lotion,https://www.ebay.com/sch/i.html?_from=R40&_nkw=Sunscreen+Lotion&_sacat=26395&rt=nc&LH_ItemCondition=3&LH_BIN=1&rt=nc&LH_PrefLoc=1
Glow mask,https://www.ebay.com/sch/i.html?_from=R40&_nkw=Glow+mask&_sacat=26395&rt=nc&LH_ItemCondition=3&LH_BIN=1&rt=nc&LH_PrefLoc=1
Thermal Water,https://www.ebay.com/sch/i.html?_from=R40&_nkw=Thermal+Water&_sacat=26395&rt=nc&LH_ItemCondition=3&LH_BIN=1&rt=nc&LH_PrefLoc=1
Redness cream,https://www.ebay.com/sch/i.html?_from=R40&_nkw=Redness+cream&_sacat=26395&rt=nc&LH_ItemCondition=3&LH_BIN=1&rt=nc&LH_PrefLoc=1
Blemish Kit,https://www.ebay.com/sch/i.html?_from=R40&_nkw=Blemish+Kit&_sacat=26395&rt=nc&LH_ItemCondition=3&LH_BIN=1&rt=nc&LH_PrefLoc=1
Anti-Wrinkle Kit,https://www.ebay.com/sch/i.html?_from=R40&_nkw=Anti-Wrinkle+Kit&_sacat=26395&rt=nc&LH_ItemCondition=3&LH_BIN=1&rt=nc&LH_PrefLoc=1
