Keyword,Links
Repairing Cream,https://www.amazon.com/s?k=Repairing+Cream&i=beauty&s=exact-aware-popularity-rank&ref=sr_st_exact-aware-popularity-rank
Sunscreen Spray,https://www.amazon.com/s?k=Sunscreen+Spray&i=beauty&s=exact-aware-popularity-rank&ref=sr_st_exact-aware-popularity-rank
Acne Serum,https://www.amazon.com/s?k=Acne+Serum&i=beauty&s=exact-aware-popularity-rank&ref=sr_st_exact-aware-popularity-rank
Miracle Oil,https://www.amazon.com/s?k=Miracle+Oil&i=beauty&s=exact-aware-popularity-rank&ref=sr_st_exact-aware-popularity-rank
Wound Care,https://www.amazon.com/s?k=Wound+Care&i=beauty&s=exact-aware-popularity-rank&ref=sr_st_exact-aware-popularity-rank
Facial Powder,https://www.amazon.com/s?k=Facial+Powder&i=beauty&s=exact-aware-popularity-rank&ref=sr_st_exact-aware-popularity-rank
Dragons Blood Kit,https://www.amazon.com/s?k=Dragons+Blood+Kit&i=beauty&s=exact-aware-popularity-rank&ref=sr_st_exact-aware-popularity-rank
Day Routine,https://www.amazon.com/s?k=Day+Routine&i=beauty&s=exact-aware-popularity-rank&ref=sr_st_exact-aware-popularity-rank
Green Apple Exfoliant,https://www.amazon.com/s?k=Green+Apple+Exfoliant&i=beauty&s=exact-aware-popularity-rank&ref=sr_st_exact-aware-popularity-rank
Pore cleaner,https://www.amazon.com/s?k=Pore+cleaner&i=beauty&s=exact-aware-popularity-rank&ref=sr_st_exact-aware-popularity-rank
Vitamin C Cream,https://www.amazon.com/s?k=Vitamin+C+Cream&i=beauty&s=exact-aware-popularity-rank&ref=sr_st_exact-aware-popularity-rank
Microcurrent Serum,https://www.amazon.com/s?k=Microcurrent+Serum&i=beauty&s=exact-aware-popularity-rank&ref=sr_st_exact-aware-popularity-rank
Purifying Mask,https://www.amazon.com/s?k=Purifying+Mask&i=beauty&s=exact-aware-popularity-rank&ref=sr_st_exact-aware-popularity-rank
Facial Sunscreen,https://www.amazon.com/s?k=Facial+Sunscreen&i=beauty&s=exact-aware-popularity-rank&ref=sr_st_exact-aware-popularity-rank
Anti-Aging Serum,https://www.amazon.com/s?k=Anti-Aging+Serum&i=beauty&s=exact-aware-popularity-rank&ref=sr_st_exact-aware-popularity-rank
Age Defy Moisturizer,https://www.amazon.com/s?k=Age+Defy+Moisturizer&i=beauty&s=exact-aware-popularity-rank&ref=sr_st_exact-aware-popularity-rank
Cleansing Balm,https://www.amazon.com/s?k=Cleansing+Balm&i=beauty&s=exact-aware-popularity-rank&ref=sr_st_exact-aware-popularity-rank
Bright Radiant,https://www.amazon.com/s?k=Bright+Radiant&i=beauty&s=exact-aware-popularity-rank&ref=sr_st_exact-aware-popularity-rank
Face Cream,https://www.amazon.com/s?k=Face+Cream&i=beauty&s=exact-aware-popularity-rank&ref=sr_st_exact-aware-popularity-rank
Facial Cleansing,https://www.amazon.com/s?k=Facial+Cleansing&i=beauty&s=exact-aware-popularity-rank&ref=sr_st_exact-aware-popularity-rank
Cleansing Duo,https://www.amazon.com/s?k=Cleansing+Duo&i=beauty&s=exact-aware-popularity-rank&ref=sr_st_exact-aware-popularity-rank
Soothing Cream,https://www.amazon.com/s?k=Soothing+Cream&i=beauty&s=exact-aware-popularity-rank&ref=sr_st_exact-aware-popularity-rank
Facial Device,https://www.amazon.com/s?k=Facial+Device&i=beauty&s=exact-aware-popularity-rank&ref=sr_st_exact-aware-popularity-rank
Eyelid serum,https://www.amazon.com/s?k=Eyelid+serum&i=beauty&s=exact-aware-popularity-rank&ref=sr_st_exact-aware-popularity-rank
Lip complex,https://www.amazon.com/s?k=Lip+complex&i=beauty&s=exact-aware-popularity-rank&ref=sr_st_exact-aware-popularity-rank
Moisturizing Sunscreen,https://www.amazon.com/s?k=Moisturizing+Sunscreen&i=beauty&s=exact-aware-popularity-rank&ref=sr_st_exact-aware-popularity-rank
Hydrating Gel,https://www.amazon.com/s?k=Hydrating+Gel&i=beauty&s=exact-aware-popularity-rank&ref=sr_st_exact-aware-popularity-rank
Renewal Set,https://www.amazon.com/s?k=Renewal+Set&i=beauty&s=exact-aware-popularity-rank&ref=sr_st_exact-aware-popularity-rank
Cica relief,https://www.amazon.com/s?k=Cica+relief&i=beauty&s=exact-aware-popularity-rank&ref=sr_st_exact-aware-popularity-rank
Night cream,https://www.amazon.com/s?k=Night+cream&i=beauty&s=exact-aware-popularity-rank&ref=sr_st_exact-aware-popularity-rank
Exfoliating Scrub,https://www.amazon.com/s?k=Exfoliating+Scrub&i=beauty&s=exact-aware-popularity-rank&ref=sr_st_exact-aware-popularity-rank
Glow Lip Balm,https://www.amazon.com/s?k=Glow+Lip+Balm&i=beauty&s=exact-aware-popularity-rank&ref=sr_st_exact-aware-popularity-rank
Glycolic Cleanser,https://www.amazon.com/s?k=Glycolic+Cleanser&i=beauty&s=exact-aware-popularity-rank&ref=sr_st_exact-aware-popularity-rank
Firming Eye,https://www.amazon.com/s?k=Firming+Eye&i=beauty&s=exact-aware-popularity-rank&ref=sr_st_exact-aware-popularity-rank
Under Eye Cream,https://www.amazon.com/s?k=Under+Eye+Cream&i=beauty&s=exact-aware-popularity-rank&ref=sr_st_exact-aware-popularity-rank
Firming Moisturizer,https://www.amazon.com/s?k=Firming+Moisturizer&i=beauty&s=exact-aware-popularity-rank&ref=sr_st_exact-aware-popularity-rank
Facelift Bundle,https://www.amazon.com/s?k=Facelift+Bundle&i=beauty&s=exact-aware-popularity-rank&ref=sr_st_exact-aware-popularity-rank
Pore Cleanser,https://www.amazon.com/s?k=Pore+Cleanser&i=beauty&s=exact-aware-popularity-rank&ref=sr_st_exact-aware-popularity-rank
Polish Method,https://www.amazon.com/s?k=Polish+Method&i=beauty&s=exact-aware-popularity-rank&ref=sr_st_exact-aware-popularity-rank
Aloe Mist,https://www.amazon.com/s?k=Aloe+Mist&i=beauty&s=exact-aware-popularity-rank&ref=sr_st_exact-aware-popularity-rank
Retinol Oil,https://www.amazon.com/s?k=Retinol+Oil&i=beauty&s=exact-aware-popularity-rank&ref=sr_st_exact-aware-popularity-rank
BHA Liquid,https://www.amazon.com/s?k=BHA+Liquid&i=beauty&s=exact-aware-popularity-rank&ref=sr_st_exact-aware-popularity-rank
Green Tea Mask,https://www.amazon.com/s?k=Green+Tea+Mask&i=beauty&s=exact-aware-popularity-rank&ref=sr_st_exact-aware-popularity-rank
Hyaluronic Serum,https://www.amazon.com/s?k=Hyaluronic+Serum&i=beauty&s=exact-aware-popularity-rank&ref=sr_st_exact-aware-popularity-rank
Body treatment,https://www.amazon.com/s?k=Body+treatment&i=beauty&s=exact-aware-popularity-rank&ref=sr_st_exact-aware-popularity-rank
Lip Volumizer,https://www.amazon.com/s?k=Lip+Volumizer&i=beauty&s=exact-aware-popularity-rank&ref=sr_st_exact-aware-popularity-rank
Vitamin E Sunscreen,https://www.amazon.com/s?k=Vitamin+E+Sunscreen&i=beauty&s=exact-aware-popularity-rank&ref=sr_st_exact-aware-popularity-rank
Rescue Peel,https://www.amazon.com/s?k=Rescue+Peel&i=beauty&s=exact-aware-popularity-rank&ref=sr_st_exact-aware-popularity-rank
Wrinkle cream,https://www.amazon.com/s?k=Wrinkle+cream&i=beauty&s=exact-aware-popularity-rank&ref=sr_st_exact-aware-popularity-rank
Anti-Aging Cream,https://www.amazon.com/s?k=Anti-Aging+Cream&i=beauty&s=exact-aware-popularity-rank&ref=sr_st_exact-aware-popularity-rank
