Keyword,Links
Water Sprayer,https://www.amazon.com/s?k=Water+Sprayer&i=beauty&s=exact-aware-popularity-rank&ref=sr_st_exact-aware-popularity-rank
Peppermint Conditioner,https://www.amazon.com/s?k=Peppermint+Conditioner&i=beauty&s=exact-aware-popularity-rank&ref=sr_st_exact-aware-popularity-rank
Dry Scalp,https://www.amazon.com/s?k=Dry+Scalp&i=beauty&s=exact-aware-popularity-rank&ref=sr_st_exact-aware-popularity-rank
Curly Mousse,https://www.amazon.com/s?k=Curly+Mousse&i=beauty&s=exact-aware-popularity-rank&ref=sr_st_exact-aware-popularity-rank
Sealing Mask,https://www.amazon.com/s?k=Sealing+Mask&i=beauty&s=exact-aware-popularity-rank&ref=sr_st_exact-aware-popularity-rank
Color Shield,https://www.amazon.com/s?k=Color+Shield&i=beauty&s=exact-aware-popularity-rank&ref=sr_st_exact-aware-popularity-rank
Blonde Maintenance,https://www.amazon.com/s?k=Blonde+Maintenance&i=beauty&s=exact-aware-popularity-rank&ref=sr_st_exact-aware-popularity-rank
Cool Angel,https://www.amazon.com/s?k=Cool+Angel&i=beauty&s=exact-aware-popularity-rank&ref=sr_st_exact-aware-popularity-rank
Moist Shampoo,https://www.amazon.com/s?k=Moist+Shampoo&i=beauty&s=exact-aware-popularity-rank&ref=sr_st_exact-aware-popularity-rank
Body Boost,https://www.amazon.com/s?k=Body+Boost&i=beauty&s=exact-aware-popularity-rank&ref=sr_st_exact-aware-popularity-rank
Defrizzing Gel,https://www.amazon.com/s?k=Defrizzing+Gel&i=beauty&s=exact-aware-popularity-rank&ref=sr_st_exact-aware-popularity-rank
Blonde Conditioner,https://www.amazon.com/s?k=Blonde+Conditioner&i=beauty&s=exact-aware-popularity-rank&ref=sr_st_exact-aware-popularity-rank
Scalp wash,https://www.amazon.com/s?k=Scalp+wash&i=beauty&s=exact-aware-popularity-rank&ref=sr_st_exact-aware-popularity-rank
Density booster,https://www.amazon.com/s?k=Density+booster&i=beauty&s=exact-aware-popularity-rank&ref=sr_st_exact-aware-popularity-rank
Deoxyribose Gel,https://www.amazon.com/s?k=Deoxyribose+Gel&i=beauty&s=exact-aware-popularity-rank&ref=sr_st_exact-aware-popularity-rank
Flourish Conditioner,https://www.amazon.com/s?k=Flourish+Conditioner&i=beauty&s=exact-aware-popularity-rank&ref=sr_st_exact-aware-popularity-rank
Modeling Paste,https://www.amazon.com/s?k=Modeling+Paste&i=beauty&s=exact-aware-popularity-rank&ref=sr_st_exact-aware-popularity-rank
Colour Shine,https://www.amazon.com/s?k=Colour+Shine&i=beauty&s=exact-aware-popularity-rank&ref=sr_st_exact-aware-popularity-rank
Flourish Mask,https://www.amazon.com/s?k=Flourish+Mask&i=beauty&s=exact-aware-popularity-rank&ref=sr_st_exact-aware-popularity-rank
Beautiful Shampoo,https://www.amazon.com/s?k=Beautiful+Shampoo&i=beauty&s=exact-aware-popularity-rank&ref=sr_st_exact-aware-popularity-rank
Recovery Conditioner,https://www.amazon.com/s?k=Recovery+Conditioner&i=beauty&s=exact-aware-popularity-rank&ref=sr_st_exact-aware-popularity-rank
Cleansing Paste,https://www.amazon.com/s?k=Cleansing+Paste&i=beauty&s=exact-aware-popularity-rank&ref=sr_st_exact-aware-popularity-rank
Rose shampoo,https://www.amazon.com/s?k=Rose+shampoo&i=beauty&s=exact-aware-popularity-rank&ref=sr_st_exact-aware-popularity-rank
Scalp Reset,https://www.amazon.com/s?k=Scalp+Reset&i=beauty&s=exact-aware-popularity-rank&ref=sr_st_exact-aware-popularity-rank
Curl Duo,https://www.amazon.com/s?k=Curl+Duo&i=beauty&s=exact-aware-popularity-rank&ref=sr_st_exact-aware-popularity-rank
Volumising Shampoo,https://www.amazon.com/s?k=Volumising+Shampoo&i=beauty&s=exact-aware-popularity-rank&ref=sr_st_exact-aware-popularity-rank
Volume Paste,https://www.amazon.com/s?k=Volume+Paste&i=beauty&s=exact-aware-popularity-rank&ref=sr_st_exact-aware-popularity-rank
Leave In Gel,https://www.amazon.com/s?k=Leave+In+Gel&i=beauty&s=exact-aware-popularity-rank&ref=sr_st_exact-aware-popularity-rank
Recovery Kit,https://www.amazon.com/s?k=Recovery+Kit&i=beauty&s=exact-aware-popularity-rank&ref=sr_st_exact-aware-popularity-rank
Regenerating Masque,https://www.amazon.com/s?k=Regenerating+Masque&i=beauty&s=exact-aware-popularity-rank&ref=sr_st_exact-aware-popularity-rank
Scalp Supplement,https://www.amazon.com/s?k=Scalp+Supplement&i=beauty&s=exact-aware-popularity-rank&ref=sr_st_exact-aware-popularity-rank
Volumising Conditioner,https://www.amazon.com/s?k=Volumising+Conditioner&i=beauty&s=exact-aware-popularity-rank&ref=sr_st_exact-aware-popularity-rank
Regenerating Mask,https://www.amazon.com/s?k=Regenerating+Mask&i=beauty&s=exact-aware-popularity-rank&ref=sr_st_exact-aware-popularity-rank
Money Mist,https://www.amazon.com/s?k=Money+Mist&i=beauty&s=exact-aware-popularity-rank&ref=sr_st_exact-aware-popularity-rank
Styling Paste,https://www.amazon.com/s?k=Styling+Paste&i=beauty&s=exact-aware-popularity-rank&ref=sr_st_exact-aware-popularity-rank
Matte Paste,https://www.amazon.com/s?k=Matte+Paste&i=beauty&s=exact-aware-popularity-rank&ref=sr_st_exact-aware-popularity-rank
Chamomile Shampoo,https://www.amazon.com/s?k=Chamomile+Shampoo&i=beauty&s=exact-aware-popularity-rank&ref=sr_st_exact-aware-popularity-rank
Plumping Rinse,https://www.amazon.com/s?k=Plumping+Rinse&i=beauty&s=exact-aware-popularity-rank&ref=sr_st_exact-aware-popularity-rank
Colored Hair,https://www.amazon.com/s?k=Colored+Hair&i=beauty&s=exact-aware-popularity-rank&ref=sr_st_exact-aware-popularity-rank
Hair therapy,https://www.amazon.com/s?k=Hair+therapy&i=beauty&s=exact-aware-popularity-rank&ref=sr_st_exact-aware-popularity-rank
Thinning Conditioner,https://www.amazon.com/s?k=Thinning+Conditioner&i=beauty&s=exact-aware-popularity-rank&ref=sr_st_exact-aware-popularity-rank
Everyday Conditioner,https://www.amazon.com/s?k=Everyday+Conditioner&i=beauty&s=exact-aware-popularity-rank&ref=sr_st_exact-aware-popularity-rank
Thick Cream,https://www.amazon.com/s?k=Thick+Cream&i=beauty&s=exact-aware-popularity-rank&ref=sr_st_exact-aware-popularity-rank
Curl definer,https://www.amazon.com/s?k=Curl+definer&i=beauty&s=exact-aware-popularity-rank&ref=sr_st_exact-aware-popularity-rank
Curl styler,https://www.amazon.com/s?k=Curl+styler&i=beauty&s=exact-aware-popularity-rank&ref=sr_st_exact-aware-popularity-rank
Scalp Therapy,https://www.amazon.com/s?k=Scalp+Therapy&i=beauty&s=exact-aware-popularity-rank&ref=sr_st_exact-aware-popularity-rank
Conditioning Cleanser,https://www.amazon.com/s?k=Conditioning+Cleanser&i=beauty&s=exact-aware-popularity-rank&ref=sr_st_exact-aware-popularity-rank
Styling Mousse,https://www.amazon.com/s?k=Styling+Mousse&i=beauty&s=exact-aware-popularity-rank&ref=sr_st_exact-aware-popularity-rank
Cleanser Conditioner,https://www.amazon.com/s?k=Cleanser+Conditioner&i=beauty&s=exact-aware-popularity-rank&ref=sr_st_exact-aware-popularity-rank
Skinny Shampoo,https://www.amazon.com/s?k=Skinny+Shampoo&i=beauty&s=exact-aware-popularity-rank&ref=sr_st_exact-aware-popularity-rank
