Keyword,Links
Cinnamon supplement,https://www.amazon.com/s?k=Cinnamon+supplement&i=hpc&s=exact-aware-popularity-rank&ref=sr_st_exact-aware-popularity-rank
Vitamin support,https://www.amazon.com/s?k=Vitamin+support&i=hpc&s=exact-aware-popularity-rank&ref=sr_st_exact-aware-popularity-rank
Memory supplement,https://www.amazon.com/s?k=Memory+supplement&i=hpc&s=exact-aware-popularity-rank&ref=sr_st_exact-aware-popularity-rank
D-1000 Tablets,https://www.amazon.com/s?k=D-1000+Tablets&i=hpc&s=exact-aware-popularity-rank&ref=sr_st_exact-aware-popularity-rank
Glucosamine Complex,https://www.amazon.com/s?k=Glucosamine+Complex&i=hpc&s=exact-aware-popularity-rank&ref=sr_st_exact-aware-popularity-rank
Vitamin K1,https://www.amazon.com/s?k=Vitamin+K1&i=hpc&s=exact-aware-popularity-rank&ref=sr_st_exact-aware-popularity-rank
Vitamin K,https://www.amazon.com/s?k=Vitamin+K&i=hpc&s=exact-aware-popularity-rank&ref=sr_st_exact-aware-popularity-rank
Eye Supplements,https://www.amazon.com/s?k=Eye+Supplements&i=hpc&s=exact-aware-popularity-rank&ref=sr_st_exact-aware-popularity-rank
Cognitive supplement,https://www.amazon.com/s?k=Cognitive+supplement&i=hpc&s=exact-aware-popularity-rank&ref=sr_st_exact-aware-popularity-rank
Biotin Tablets,https://www.amazon.com/s?k=Biotin+Tablets&i=hpc&s=exact-aware-popularity-rank&ref=sr_st_exact-aware-popularity-rank
Hair Supplements,https://www.amazon.com/s?k=Hair+Supplements&i=hpc&s=exact-aware-popularity-rank&ref=sr_st_exact-aware-popularity-rank
Caffeine Supplement,https://www.amazon.com/s?k=Caffeine+Supplement&i=hpc&s=exact-aware-popularity-rank&ref=sr_st_exact-aware-popularity-rank
Newborn Relief,https://www.amazon.com/s?k=Newborn+Relief&i=hpc&s=exact-aware-popularity-rank&ref=sr_st_exact-aware-popularity-rank
Lemon Bioflavonoids,https://www.amazon.com/s?k=Lemon+Bioflavonoids&i=hpc&s=exact-aware-popularity-rank&ref=sr_st_exact-aware-popularity-rank
Eye gummies,https://www.amazon.com/s?k=Eye+gummies&i=hpc&s=exact-aware-popularity-rank&ref=sr_st_exact-aware-popularity-rank
Collagen Pills,https://www.amazon.com/s?k=Collagen+Pills&i=hpc&s=exact-aware-popularity-rank&ref=sr_st_exact-aware-popularity-rank
Immunity Supplement,https://www.amazon.com/s?k=Immunity+Supplement&i=hpc&s=exact-aware-popularity-rank&ref=sr_st_exact-aware-popularity-rank
Nerve Health,https://www.amazon.com/s?k=Nerve+Health&i=hpc&s=exact-aware-popularity-rank&ref=sr_st_exact-aware-popularity-rank
Prostate Supplements,https://www.amazon.com/s?k=Prostate+Supplements&i=hpc&s=exact-aware-popularity-rank&ref=sr_st_exact-aware-popularity-rank
Mood Booster,https://www.amazon.com/s?k=Mood+Booster&i=hpc&s=exact-aware-popularity-rank&ref=sr_st_exact-aware-popularity-rank
Anti Aging,https://www.amazon.com/s?k=Anti+Aging&i=hpc&s=exact-aware-popularity-rank&ref=sr_st_exact-aware-popularity-rank
Methylation Support,https://www.amazon.com/s?k=Methylation+Support&i=hpc&s=exact-aware-popularity-rank&ref=sr_st_exact-aware-popularity-rank
Immune Vitamin,https://www.amazon.com/s?k=Immune+Vitamin&i=hpc&s=exact-aware-popularity-rank&ref=sr_st_exact-aware-popularity-rank
Chewable Tablets,https://www.amazon.com/s?k=Chewable+Tablets&i=hpc&s=exact-aware-popularity-rank&ref=sr_st_exact-aware-popularity-rank
Toddler Vitamin C,https://www.amazon.com/s?k=Toddler+Vitamin+C&i=hpc&s=exact-aware-popularity-rank&ref=sr_st_exact-aware-popularity-rank
Vitamin D3 Zinc,https://www.amazon.com/s?k=Vitamin+D3+Zinc&i=hpc&s=exact-aware-popularity-rank&ref=sr_st_exact-aware-popularity-rank
B Complex Gummies,https://www.amazon.com/s?k=B+Complex+Gummies&i=hpc&s=exact-aware-popularity-rank&ref=sr_st_exact-aware-popularity-rank
B-Complex,https://www.amazon.com/s?k=B-Complex&i=hpc&s=exact-aware-popularity-rank&ref=sr_st_exact-aware-popularity-rank
Infant Vitamin C,https://www.amazon.com/s?k=Infant+Vitamin+C&i=hpc&s=exact-aware-popularity-rank&ref=sr_st_exact-aware-popularity-rank
Glucosamine Supplement,https://www.amazon.com/s?k=Glucosamine+Supplement&i=hpc&s=exact-aware-popularity-rank&ref=sr_st_exact-aware-popularity-rank
Vitamin D K,https://www.amazon.com/s?k=Vitamin+D+K&i=hpc&s=exact-aware-popularity-rank&ref=sr_st_exact-aware-popularity-rank
Coenzyme B-Complex,https://www.amazon.com/s?k=Coenzyme+B-Complex&i=hpc&s=exact-aware-popularity-rank&ref=sr_st_exact-aware-popularity-rank
Glucosamine Caplets,https://www.amazon.com/s?k=Glucosamine+Caplets&i=hpc&s=exact-aware-popularity-rank&ref=sr_st_exact-aware-popularity-rank
Citrus Tablets,https://www.amazon.com/s?k=Citrus+Tablets&i=hpc&s=exact-aware-popularity-rank&ref=sr_st_exact-aware-popularity-rank
Beta-Carotene Supplement,https://www.amazon.com/s?k=Beta-Carotene+Supplement&i=hpc&s=exact-aware-popularity-rank&ref=sr_st_exact-aware-popularity-rank
B-50 Complex,https://www.amazon.com/s?k=B-50+Complex&i=hpc&s=exact-aware-popularity-rank&ref=sr_st_exact-aware-popularity-rank
Collagen Peptides,https://www.amazon.com/s?k=Collagen+Peptides&i=hpc&s=exact-aware-popularity-rank&ref=sr_st_exact-aware-popularity-rank
Plant Calcium,https://www.amazon.com/s?k=Plant+Calcium&i=hpc&s=exact-aware-popularity-rank&ref=sr_st_exact-aware-popularity-rank
Glutathione Booster,https://www.amazon.com/s?k=Glutathione+Booster&i=hpc&s=exact-aware-popularity-rank&ref=sr_st_exact-aware-popularity-rank
B-Complex Vitamins,https://www.amazon.com/s?k=B-Complex+Vitamins&i=hpc&s=exact-aware-popularity-rank&ref=sr_st_exact-aware-popularity-rank
Pomegranate Gummies,https://www.amazon.com/s?k=Pomegranate+Gummies&i=hpc&s=exact-aware-popularity-rank&ref=sr_st_exact-aware-popularity-rank
Folate B12,https://www.amazon.com/s?k=Folate+B12&i=hpc&s=exact-aware-popularity-rank&ref=sr_st_exact-aware-popularity-rank
Methyl B-12,https://www.amazon.com/s?k=Methyl+B-12&i=hpc&s=exact-aware-popularity-rank&ref=sr_st_exact-aware-popularity-rank
Quercetin Gummies,https://www.amazon.com/s?k=Quercetin+Gummies&i=hpc&s=exact-aware-popularity-rank&ref=sr_st_exact-aware-popularity-rank
B-Complex Caplets,https://www.amazon.com/s?k=B-Complex+Caplets&i=hpc&s=exact-aware-popularity-rank&ref=sr_st_exact-aware-popularity-rank
B12 spray,https://www.amazon.com/s?k=B12+spray&i=hpc&s=exact-aware-popularity-rank&ref=sr_st_exact-aware-popularity-rank
B-Complex Capsules,https://www.amazon.com/s?k=B-Complex+Capsules&i=hpc&s=exact-aware-popularity-rank&ref=sr_st_exact-aware-popularity-rank
Buffered Vitamin C,https://www.amazon.com/s?k=Buffered+Vitamin+C&i=hpc&s=exact-aware-popularity-rank&ref=sr_st_exact-aware-popularity-rank
Organic Spirulina,https://www.amazon.com/s?k=Organic+Spirulina&i=hpc&s=exact-aware-popularity-rank&ref=sr_st_exact-aware-popularity-rank
Liquid Energy,https://www.amazon.com/s?k=Liquid+Energy&i=hpc&s=exact-aware-popularity-rank&ref=sr_st_exact-aware-popularity-rank
