Keyword,Links
Plant Based Pre-workout,https://www.ebay.com/sch/i.html?_from=R40&_nkw=Plant+Based+Pre-workout&_sacat=26395&rt=nc&LH_ItemCondition=3&LH_BIN=1&rt=nc&LH_PrefLoc=1
Citrus Pre-Workout,https://www.ebay.com/sch/i.html?_from=R40&_nkw=Citrus+Pre-Workout&_sacat=26395&rt=nc&LH_ItemCondition=3&LH_BIN=1&rt=nc&LH_PrefLoc=1
Pre-Workout Serum,https://www.ebay.com/sch/i.html?_from=R40&_nkw=Pre-Workout+Serum&_sacat=26395&rt=nc&LH_ItemCondition=3&LH_BIN=1&rt=nc&LH_PrefLoc=1
Pre-Workout Boost,https://www.ebay.com/sch/i.html?_from=R40&_nkw=Pre-Workout+Boost&_sacat=26395&rt=nc&LH_ItemCondition=3&LH_BIN=1&rt=nc&LH_PrefLoc=1
Pre-Workout Caffeine,https://www.ebay.com/sch/i.html?_from=R40&_nkw=Pre-Workout+Caffeine&_sacat=26395&rt=nc&LH_ItemCondition=3&LH_BIN=1&rt=nc&LH_PrefLoc=1
Preworkout Punch,https://www.ebay.com/sch/i.html?_from=R40&_nkw=Preworkout+Punch&_sacat=26395&rt=nc&LH_ItemCondition=3&LH_BIN=1&rt=nc&LH_PrefLoc=1
Pump Enhancer,https://www.ebay.com/sch/i.html?_from=R40&_nkw=Pump+Enhancer&_sacat=26395&rt=nc&LH_ItemCondition=3&LH_BIN=1&rt=nc&LH_PrefLoc=1
Citrulline Malate,https://www.ebay.com/sch/i.html?_from=R40&_nkw=Citrulline+Malate&_sacat=26395&rt=nc&LH_ItemCondition=3&LH_BIN=1&rt=nc&LH_PrefLoc=1
L-Carnitine Gummies,https://www.ebay.com/sch/i.html?_from=R40&_nkw=L-Carnitine+Gummies&_sacat=26395&rt=nc&LH_ItemCondition=3&LH_BIN=1&rt=nc&LH_PrefLoc=1
Energy shots,https://www.ebay.com/sch/i.html?_from=R40&_nkw=Energy+shots&_sacat=26395&rt=nc&LH_ItemCondition=3&LH_BIN=1&rt=nc&LH_PrefLoc=1
L-Theanine Powder,https://www.ebay.com/sch/i.html?_from=R40&_nkw=L-Theanine+Powder&_sacat=26395&rt=nc&LH_ItemCondition=3&LH_BIN=1&rt=nc&LH_PrefLoc=1
Muscle Growth,https://www.ebay.com/sch/i.html?_from=R40&_nkw=Muscle+Growth&_sacat=26395&rt=nc&LH_ItemCondition=3&LH_BIN=1&rt=nc&LH_PrefLoc=1
Fast Digesting,https://www.ebay.com/sch/i.html?_from=R40&_nkw=Fast+Digesting&_sacat=26395&rt=nc&LH_ItemCondition=3&LH_BIN=1&rt=nc&LH_PrefLoc=1
Male Performance,https://www.ebay.com/sch/i.html?_from=R40&_nkw=Male+Performance&_sacat=26395&rt=nc&LH_ItemCondition=3&LH_BIN=1&rt=nc&LH_PrefLoc=1
Carb Powder,https://www.ebay.com/sch/i.html?_from=R40&_nkw=Carb+Powder&_sacat=26395&rt=nc&LH_ItemCondition=3&LH_BIN=1&rt=nc&LH_PrefLoc=1
Pre-Workout Apple,https://www.ebay.com/sch/i.html?_from=R40&_nkw=Pre-Workout+Apple&_sacat=26395&rt=nc&LH_ItemCondition=3&LH_BIN=1&rt=nc&LH_PrefLoc=1
Caffeine Free Pre-Workout,https://www.ebay.com/sch/i.html?_from=R40&_nkw=Caffeine+Free+Pre-Workout&_sacat=26395&rt=nc&LH_ItemCondition=3&LH_BIN=1&rt=nc&LH_PrefLoc=1
High-Stim Pre-Workout,https://www.ebay.com/sch/i.html?_from=R40&_nkw=High-Stim+Pre-Workout&_sacat=26395&rt=nc&LH_ItemCondition=3&LH_BIN=1&rt=nc&LH_PrefLoc=1
Berry energy,https://www.ebay.com/sch/i.html?_from=R40&_nkw=Berry+energy&_sacat=26395&rt=nc&LH_ItemCondition=3&LH_BIN=1&rt=nc&LH_PrefLoc=1
Dextrose Powder,https://www.ebay.com/sch/i.html?_from=R40&_nkw=Dextrose+Powder&_sacat=26395&rt=nc&LH_ItemCondition=3&LH_BIN=1&rt=nc&LH_PrefLoc=1
BCAA Supplement,https://www.ebay.com/sch/i.html?_from=R40&_nkw=BCAA+Supplement&_sacat=26395&rt=nc&LH_ItemCondition=3&LH_BIN=1&rt=nc&LH_PrefLoc=1
Pre-Workout Juice,https://www.ebay.com/sch/i.html?_from=R40&_nkw=Pre-Workout+Juice&_sacat=26395&rt=nc&LH_ItemCondition=3&LH_BIN=1&rt=nc&LH_PrefLoc=1
BCAAs Powder,https://www.ebay.com/sch/i.html?_from=R40&_nkw=BCAAs+Powder&_sacat=26395&rt=nc&LH_ItemCondition=3&LH_BIN=1&rt=nc&LH_PrefLoc=1
Tropical Pre-Workout,https://www.ebay.com/sch/i.html?_from=R40&_nkw=Tropical+Pre-Workout&_sacat=26395&rt=nc&LH_ItemCondition=3&LH_BIN=1&rt=nc&LH_PrefLoc=1
Nitric Booster,https://www.ebay.com/sch/i.html?_from=R40&_nkw=Nitric+Booster&_sacat=26395&rt=nc&LH_ItemCondition=3&LH_BIN=1&rt=nc&LH_PrefLoc=1
Caffeine-Free Pre-Workout,https://www.ebay.com/sch/i.html?_from=R40&_nkw=Caffeine-Free+Pre-Workout&_sacat=26395&rt=nc&LH_ItemCondition=3&LH_BIN=1&rt=nc&LH_PrefLoc=1
Villain Pre-Workout,https://www.ebay.com/sch/i.html?_from=R40&_nkw=Villain+Pre-Workout&_sacat=26395&rt=nc&LH_ItemCondition=3&LH_BIN=1&rt=nc&LH_PrefLoc=1
Watermelon Energy,https://www.ebay.com/sch/i.html?_from=R40&_nkw=Watermelon+Energy&_sacat=26395&rt=nc&LH_ItemCondition=3&LH_BIN=1&rt=nc&LH_PrefLoc=1
Pre-Workout Fat Burn,https://www.ebay.com/sch/i.html?_from=R40&_nkw=Pre-Workout+Fat+Burn&_sacat=26395&rt=nc&LH_ItemCondition=3&LH_BIN=1&rt=nc&LH_PrefLoc=1
Thermogenic Powder,https://www.ebay.com/sch/i.html?_from=R40&_nkw=Thermogenic+Powder&_sacat=26395&rt=nc&LH_ItemCondition=3&LH_BIN=1&rt=nc&LH_PrefLoc=1
Shaved Ice,https://www.ebay.com/sch/i.html?_from=R40&_nkw=Shaved+Ice&_sacat=26395&rt=nc&LH_ItemCondition=3&LH_BIN=1&rt=nc&LH_PrefLoc=1
Nootropic Pre-Workout,https://www.ebay.com/sch/i.html?_from=R40&_nkw=Nootropic+Pre-Workout&_sacat=26395&rt=nc&LH_ItemCondition=3&LH_BIN=1&rt=nc&LH_PrefLoc=1
Blue Slush,https://www.ebay.com/sch/i.html?_from=R40&_nkw=Blue+Slush&_sacat=26395&rt=nc&LH_ItemCondition=3&LH_BIN=1&rt=nc&LH_PrefLoc=1
Cosmic Pre-Workout,https://www.ebay.com/sch/i.html?_from=R40&_nkw=Cosmic+Pre-Workout&_sacat=26395&rt=nc&LH_ItemCondition=3&LH_BIN=1&rt=nc&LH_PrefLoc=1
Pre-Workout Formula,https://www.ebay.com/sch/i.html?_from=R40&_nkw=Pre-Workout+Formula&_sacat=26395&rt=nc&LH_ItemCondition=3&LH_BIN=1&rt=nc&LH_PrefLoc=1
Pre-Workout Packets,https://www.ebay.com/sch/i.html?_from=R40&_nkw=Pre-Workout+Packets&_sacat=26395&rt=nc&LH_ItemCondition=3&LH_BIN=1&rt=nc&LH_PrefLoc=1
Muscle Pump,https://www.ebay.com/sch/i.html?_from=R40&_nkw=Muscle+Pump&_sacat=26395&rt=nc&LH_ItemCondition=3&LH_BIN=1&rt=nc&LH_PrefLoc=1
Natural Pre Workout,https://www.ebay.com/sch/i.html?_from=R40&_nkw=Natural+Pre+Workout&_sacat=26395&rt=nc&LH_ItemCondition=3&LH_BIN=1&rt=nc&LH_PrefLoc=1
Lean Muscle,https://www.ebay.com/sch/i.html?_from=R40&_nkw=Lean+Muscle&_sacat=26395&rt=nc&LH_ItemCondition=3&LH_BIN=1&rt=nc&LH_PrefLoc=1
Pre-Workout Mix,https://www.ebay.com/sch/i.html?_from=R40&_nkw=Pre-Workout+Mix&_sacat=26395&rt=nc&LH_ItemCondition=3&LH_BIN=1&rt=nc&LH_PrefLoc=1
Pre-Workout Lemon,https://www.ebay.com/sch/i.html?_from=R40&_nkw=Pre-Workout+Lemon&_sacat=26395&rt=nc&LH_ItemCondition=3&LH_BIN=1&rt=nc&LH_PrefLoc=1
Snakebite Pre-Workout,https://www.ebay.com/sch/i.html?_from=R40&_nkw=Snakebite+Pre-Workout&_sacat=26395&rt=nc&LH_ItemCondition=3&LH_BIN=1&rt=nc&LH_PrefLoc=1
preworkout drink,https://www.ebay.com/sch/i.html?_from=R40&_nkw=preworkout+drink&_sacat=26395&rt=nc&LH_ItemCondition=3&LH_BIN=1&rt=nc&LH_PrefLoc=1
Carnitine Energy,https://www.ebay.com/sch/i.html?_from=R40&_nkw=Carnitine+Energy&_sacat=26395&rt=nc&LH_ItemCondition=3&LH_BIN=1&rt=nc&LH_PrefLoc=1
Amino Pre-Workout,https://www.ebay.com/sch/i.html?_from=R40&_nkw=Amino+Pre-Workout&_sacat=26395&rt=nc&LH_ItemCondition=3&LH_BIN=1&rt=nc&LH_PrefLoc=1
Extra Strength,https://www.ebay.com/sch/i.html?_from=R40&_nkw=Extra+Strength&_sacat=26395&rt=nc&LH_ItemCondition=3&LH_BIN=1&rt=nc&LH_PrefLoc=1
Pomegranate Energy,https://www.ebay.com/sch/i.html?_from=R40&_nkw=Pomegranate+Energy&_sacat=26395&rt=nc&LH_ItemCondition=3&LH_BIN=1&rt=nc&LH_PrefLoc=1
Popsicle Cherry,https://www.ebay.com/sch/i.html?_from=R40&_nkw=Popsicle+Cherry&_sacat=26395&rt=nc&LH_ItemCondition=3&LH_BIN=1&rt=nc&LH_PrefLoc=1
Extreme Pre-Workout,https://www.ebay.com/sch/i.html?_from=R40&_nkw=Extreme+Pre-Workout&_sacat=26395&rt=nc&LH_ItemCondition=3&LH_BIN=1&rt=nc&LH_PrefLoc=1
Preworkout Lemon,https://www.ebay.com/sch/i.html?_from=R40&_nkw=Preworkout+Lemon&_sacat=26395&rt=nc&LH_ItemCondition=3&LH_BIN=1&rt=nc&LH_PrefLoc=1
