Keyword,Links
Ceylon Cinnamon,https://www.amazon.com/s?k=Ceylon+Cinnamon&i=hpc&s=exact-aware-popularity-rank&ref=sr_st_exact-aware-popularity-rank
Cherry Acai,https://www.amazon.com/s?k=Cherry+Acai&i=hpc&s=exact-aware-popularity-rank&ref=sr_st_exact-aware-popularity-rank
Acetyl-L-Carnitine,https://www.amazon.com/s?k=Acetyl-L-Carnitine&i=hpc&s=exact-aware-popularity-rank&ref=sr_st_exact-aware-popularity-rank
Brain focus,https://www.amazon.com/s?k=Brain+focus&i=hpc&s=exact-aware-popularity-rank&ref=sr_st_exact-aware-popularity-rank
Macular Health,https://www.amazon.com/s?k=Macular+Health&i=hpc&s=exact-aware-popularity-rank&ref=sr_st_exact-aware-popularity-rank
Lithium supplement,https://www.amazon.com/s?k=Lithium+supplement&i=hpc&s=exact-aware-popularity-rank&ref=sr_st_exact-aware-popularity-rank
Citicoline supplement,https://www.amazon.com/s?k=Citicoline+supplement&i=hpc&s=exact-aware-popularity-rank&ref=sr_st_exact-aware-popularity-rank
Luteolin Supplement,https://www.amazon.com/s?k=Luteolin+Supplement&i=hpc&s=exact-aware-popularity-rank&ref=sr_st_exact-aware-popularity-rank
Choline Supplement,https://www.amazon.com/s?k=Choline+Supplement&i=hpc&s=exact-aware-popularity-rank&ref=sr_st_exact-aware-popularity-rank
Brain Performance,https://www.amazon.com/s?k=Brain+Performance&i=hpc&s=exact-aware-popularity-rank&ref=sr_st_exact-aware-popularity-rank
Cordyceps Mushroom,https://www.amazon.com/s?k=Cordyceps+Mushroom&i=hpc&s=exact-aware-popularity-rank&ref=sr_st_exact-aware-popularity-rank
Huperzine A,https://www.amazon.com/s?k=Huperzine+A&i=hpc&s=exact-aware-popularity-rank&ref=sr_st_exact-aware-popularity-rank
Nootropic Drink,https://www.amazon.com/s?k=Nootropic+Drink&i=hpc&s=exact-aware-popularity-rank&ref=sr_st_exact-aware-popularity-rank
Gaming supplement,https://www.amazon.com/s?k=Gaming+supplement&i=hpc&s=exact-aware-popularity-rank&ref=sr_st_exact-aware-popularity-rank
Brain Fog,https://www.amazon.com/s?k=Brain+Fog&i=hpc&s=exact-aware-popularity-rank&ref=sr_st_exact-aware-popularity-rank
Brain Chews,https://www.amazon.com/s?k=Brain+Chews&i=hpc&s=exact-aware-popularity-rank&ref=sr_st_exact-aware-popularity-rank
Alpha GPC,https://www.amazon.com/s?k=Alpha+GPC&i=hpc&s=exact-aware-popularity-rank&ref=sr_st_exact-aware-popularity-rank
Dopamine Support,https://www.amazon.com/s?k=Dopamine+Support&i=hpc&s=exact-aware-popularity-rank&ref=sr_st_exact-aware-popularity-rank
Cognitive Nootropic,https://www.amazon.com/s?k=Cognitive+Nootropic&i=hpc&s=exact-aware-popularity-rank&ref=sr_st_exact-aware-popularity-rank
Probiotic Omega,https://www.amazon.com/s?k=Probiotic+Omega&i=hpc&s=exact-aware-popularity-rank&ref=sr_st_exact-aware-popularity-rank
Glutathione Protein,https://www.amazon.com/s?k=Glutathione+Protein&i=hpc&s=exact-aware-popularity-rank&ref=sr_st_exact-aware-popularity-rank
Nicotinamide Riboside,https://www.amazon.com/s?k=Nicotinamide+Riboside&i=hpc&s=exact-aware-popularity-rank&ref=sr_st_exact-aware-popularity-rank
Brain Boost,https://www.amazon.com/s?k=Brain+Boost&i=hpc&s=exact-aware-popularity-rank&ref=sr_st_exact-aware-popularity-rank
Brain diseases,https://www.amazon.com/s?k=Brain+diseases&i=hpc&s=exact-aware-popularity-rank&ref=sr_st_exact-aware-popularity-rank
Therapeutic practice,https://www.amazon.com/s?k=Therapeutic+practice&i=hpc&s=exact-aware-popularity-rank&ref=sr_st_exact-aware-popularity-rank
Liver Benefits,https://www.amazon.com/s?k=Liver+Benefits&i=hpc&s=exact-aware-popularity-rank&ref=sr_st_exact-aware-popularity-rank
Cognitive Priming,https://www.amazon.com/s?k=Cognitive+Priming&i=hpc&s=exact-aware-popularity-rank&ref=sr_st_exact-aware-popularity-rank
Phosphatidylcholine Supplement,https://www.amazon.com/s?k=Phosphatidylcholine+Supplement&i=hpc&s=exact-aware-popularity-rank&ref=sr_st_exact-aware-popularity-rank
Keto MCT,https://www.amazon.com/s?k=Keto+MCT&i=hpc&s=exact-aware-popularity-rank&ref=sr_st_exact-aware-popularity-rank
EFA Liquid,https://www.amazon.com/s?k=EFA+Liquid&i=hpc&s=exact-aware-popularity-rank&ref=sr_st_exact-aware-popularity-rank
Brain health gummies,https://www.amazon.com/s?k=Brain+health+gummies&i=hpc&s=exact-aware-popularity-rank&ref=sr_st_exact-aware-popularity-rank
Pre-Workout Yuzu,https://www.amazon.com/s?k=Pre-Workout+Yuzu&i=hpc&s=exact-aware-popularity-rank&ref=sr_st_exact-aware-popularity-rank
Probiotics Capsules,https://www.amazon.com/s?k=Probiotics+Capsules&i=hpc&s=exact-aware-popularity-rank&ref=sr_st_exact-aware-popularity-rank
Fisetin Supplement,https://www.amazon.com/s?k=Fisetin+Supplement&i=hpc&s=exact-aware-popularity-rank&ref=sr_st_exact-aware-popularity-rank
Choline Gummies,https://www.amazon.com/s?k=Choline+Gummies&i=hpc&s=exact-aware-popularity-rank&ref=sr_st_exact-aware-popularity-rank
Spermidine Supplement,https://www.amazon.com/s?k=Spermidine+Supplement&i=hpc&s=exact-aware-popularity-rank&ref=sr_st_exact-aware-popularity-rank
Digestive Charcoal,https://www.amazon.com/s?k=Digestive+Charcoal&i=hpc&s=exact-aware-popularity-rank&ref=sr_st_exact-aware-popularity-rank
Phosphatidylserine Capsules,https://www.amazon.com/s?k=Phosphatidylserine+Capsules&i=hpc&s=exact-aware-popularity-rank&ref=sr_st_exact-aware-popularity-rank
Omega Vitamins,https://www.amazon.com/s?k=Omega+Vitamins&i=hpc&s=exact-aware-popularity-rank&ref=sr_st_exact-aware-popularity-rank
Ketone Supplement,https://www.amazon.com/s?k=Ketone+Supplement&i=hpc&s=exact-aware-popularity-rank&ref=sr_st_exact-aware-popularity-rank
Coconut MCT,https://www.amazon.com/s?k=Coconut+MCT&i=hpc&s=exact-aware-popularity-rank&ref=sr_st_exact-aware-popularity-rank
Bacopa Capsules,https://www.amazon.com/s?k=Bacopa+Capsules&i=hpc&s=exact-aware-popularity-rank&ref=sr_st_exact-aware-popularity-rank
EAA Supplement,https://www.amazon.com/s?k=EAA+Supplement&i=hpc&s=exact-aware-popularity-rank&ref=sr_st_exact-aware-popularity-rank
Choline Supplements,https://www.amazon.com/s?k=Choline+Supplements&i=hpc&s=exact-aware-popularity-rank&ref=sr_st_exact-aware-popularity-rank
Aloe Vera Cream,https://www.amazon.com/s?k=Aloe+Vera+Cream&i=hpc&s=exact-aware-popularity-rank&ref=sr_st_exact-aware-popularity-rank
L-Theanine Drops,https://www.amazon.com/s?k=L-Theanine+Drops&i=hpc&s=exact-aware-popularity-rank&ref=sr_st_exact-aware-popularity-rank
Brain Function,https://www.amazon.com/s?k=Brain+Function&i=hpc&s=exact-aware-popularity-rank&ref=sr_st_exact-aware-popularity-rank
Probiotics Tablets,https://www.amazon.com/s?k=Probiotics+Tablets&i=hpc&s=exact-aware-popularity-rank&ref=sr_st_exact-aware-popularity-rank
Hunger Control,https://www.amazon.com/s?k=Hunger+Control&i=hpc&s=exact-aware-popularity-rank&ref=sr_st_exact-aware-popularity-rank
CoQ10 Support,https://www.amazon.com/s?k=CoQ10+Support&i=hpc&s=exact-aware-popularity-rank&ref=sr_st_exact-aware-popularity-rank
