Keyword,Links
Silkening Serum,https://www.amazon.com/s?k=Silkening+Serum&i=beauty&s=exact-aware-popularity-rank&ref=sr_st_exact-aware-popularity-rank
Acid Pads,https://www.amazon.com/s?k=Acid+Pads&i=beauty&s=exact-aware-popularity-rank&ref=sr_st_exact-aware-popularity-rank
Brightening Polish,https://www.amazon.com/s?k=Brightening+Polish&i=beauty&s=exact-aware-popularity-rank&ref=sr_st_exact-aware-popularity-rank
Daring Lotion,https://www.amazon.com/s?k=Daring+Lotion&i=beauty&s=exact-aware-popularity-rank&ref=sr_st_exact-aware-popularity-rank
Eyeshadow Extender,https://www.amazon.com/s?k=Eyeshadow+Extender&i=beauty&s=exact-aware-popularity-rank&ref=sr_st_exact-aware-popularity-rank
Oatmeal Spray,https://www.amazon.com/s?k=Oatmeal+Spray&i=beauty&s=exact-aware-popularity-rank&ref=sr_st_exact-aware-popularity-rank
Beard Butter,https://www.amazon.com/s?k=Beard+Butter&i=beauty&s=exact-aware-popularity-rank&ref=sr_st_exact-aware-popularity-rank
Anti-Humidity Spray,https://www.amazon.com/s?k=Anti-Humidity+Spray&i=beauty&s=exact-aware-popularity-rank&ref=sr_st_exact-aware-popularity-rank
Mineral Veil,https://www.amazon.com/s?k=Mineral+Veil&i=beauty&s=exact-aware-popularity-rank&ref=sr_st_exact-aware-popularity-rank
Moisture Serum,https://www.amazon.com/s?k=Moisture+Serum&i=beauty&s=exact-aware-popularity-rank&ref=sr_st_exact-aware-popularity-rank
Oily Scalp,https://www.amazon.com/s?k=Oily+Scalp&i=beauty&s=exact-aware-popularity-rank&ref=sr_st_exact-aware-popularity-rank
Shampoo Bar,https://www.amazon.com/s?k=Shampoo+Bar&i=beauty&s=exact-aware-popularity-rank&ref=sr_st_exact-aware-popularity-rank
Body scrub,https://www.amazon.com/s?k=Body+scrub&i=beauty&s=exact-aware-popularity-rank&ref=sr_st_exact-aware-popularity-rank
Microfiber Towel,https://www.amazon.com/s?k=Microfiber+Towel&i=beauty&s=exact-aware-popularity-rank&ref=sr_st_exact-aware-popularity-rank
Amino Cleanser,https://www.amazon.com/s?k=Amino+Cleanser&i=beauty&s=exact-aware-popularity-rank&ref=sr_st_exact-aware-popularity-rank
No Makeup Lipstick,https://www.amazon.com/s?k=No+Makeup+Lipstick&i=beauty&s=exact-aware-popularity-rank&ref=sr_st_exact-aware-popularity-rank
Intensive Trio,https://www.amazon.com/s?k=Intensive+Trio&i=beauty&s=exact-aware-popularity-rank&ref=sr_st_exact-aware-popularity-rank
Whiskey Soap,https://www.amazon.com/s?k=Whiskey+Soap&i=beauty&s=exact-aware-popularity-rank&ref=sr_st_exact-aware-popularity-rank
Mineral Eyeliner,https://www.amazon.com/s?k=Mineral+Eyeliner&i=beauty&s=exact-aware-popularity-rank&ref=sr_st_exact-aware-popularity-rank
Acne Spot Gel,https://www.amazon.com/s?k=Acne+Spot+Gel&i=beauty&s=exact-aware-popularity-rank&ref=sr_st_exact-aware-popularity-rank
Repairing Conditioner,https://www.amazon.com/s?k=Repairing+Conditioner&i=beauty&s=exact-aware-popularity-rank&ref=sr_st_exact-aware-popularity-rank
Sheet mask,https://www.amazon.com/s?k=Sheet+mask&i=beauty&s=exact-aware-popularity-rank&ref=sr_st_exact-aware-popularity-rank
Hair bundle,https://www.amazon.com/s?k=Hair+bundle&i=beauty&s=exact-aware-popularity-rank&ref=sr_st_exact-aware-popularity-rank
Ceramic Holiday,https://www.amazon.com/s?k=Ceramic+Holiday&i=beauty&s=exact-aware-popularity-rank&ref=sr_st_exact-aware-popularity-rank
Shave Gel,https://www.amazon.com/s?k=Shave+Gel&i=beauty&s=exact-aware-popularity-rank&ref=sr_st_exact-aware-popularity-rank
Glossing Treatment,https://www.amazon.com/s?k=Glossing+Treatment&i=beauty&s=exact-aware-popularity-rank&ref=sr_st_exact-aware-popularity-rank
Olive detangler,https://www.amazon.com/s?k=Olive+detangler&i=beauty&s=exact-aware-popularity-rank&ref=sr_st_exact-aware-popularity-rank
Unicorn Brush,https://www.amazon.com/s?k=Unicorn+Brush&i=beauty&s=exact-aware-popularity-rank&ref=sr_st_exact-aware-popularity-rank
Curling cream,https://www.amazon.com/s?k=Curling+cream&i=beauty&s=exact-aware-popularity-rank&ref=sr_st_exact-aware-popularity-rank
Detangling Spray,https://www.amazon.com/s?k=Detangling+Spray&i=beauty&s=exact-aware-popularity-rank&ref=sr_st_exact-aware-popularity-rank
Kids hair gel,https://www.amazon.com/s?k=Kids+hair+gel&i=beauty&s=exact-aware-popularity-rank&ref=sr_st_exact-aware-popularity-rank
Mixed Hair Custard,https://www.amazon.com/s?k=Mixed+Hair+Custard&i=beauty&s=exact-aware-popularity-rank&ref=sr_st_exact-aware-popularity-rank
Moisturizing Detangler,https://www.amazon.com/s?k=Moisturizing+Detangler&i=beauty&s=exact-aware-popularity-rank&ref=sr_st_exact-aware-popularity-rank
Kids Co-Wash,https://www.amazon.com/s?k=Kids+Co-Wash&i=beauty&s=exact-aware-popularity-rank&ref=sr_st_exact-aware-popularity-rank
Kids Curling,https://www.amazon.com/s?k=Kids+Curling&i=beauty&s=exact-aware-popularity-rank&ref=sr_st_exact-aware-popularity-rank
Braiding Gel,https://www.amazon.com/s?k=Braiding+Gel&i=beauty&s=exact-aware-popularity-rank&ref=sr_st_exact-aware-popularity-rank
Curl shine,https://www.amazon.com/s?k=Curl+shine&i=beauty&s=exact-aware-popularity-rank&ref=sr_st_exact-aware-popularity-rank
Detangling Shampoo,https://www.amazon.com/s?k=Detangling+Shampoo&i=beauty&s=exact-aware-popularity-rank&ref=sr_st_exact-aware-popularity-rank
Mixed Hair,https://www.amazon.com/s?k=Mixed+Hair&i=beauty&s=exact-aware-popularity-rank&ref=sr_st_exact-aware-popularity-rank
Tear-Free Shampoo,https://www.amazon.com/s?k=Tear-Free+Shampoo&i=beauty&s=exact-aware-popularity-rank&ref=sr_st_exact-aware-popularity-rank
Nourishing Conditioner,https://www.amazon.com/s?k=Nourishing+Conditioner&i=beauty&s=exact-aware-popularity-rank&ref=sr_st_exact-aware-popularity-rank
Curly Kids,https://www.amazon.com/s?k=Curly+Kids&i=beauty&s=exact-aware-popularity-rank&ref=sr_st_exact-aware-popularity-rank
Disney Princess,https://www.amazon.com/s?k=Disney+Princess&i=beauty&s=exact-aware-popularity-rank&ref=sr_st_exact-aware-popularity-rank
Sulfate-Free Custard,https://www.amazon.com/s?k=Sulfate-Free+Custard&i=beauty&s=exact-aware-popularity-rank&ref=sr_st_exact-aware-popularity-rank
Kids hair lotion,https://www.amazon.com/s?k=Kids+hair+lotion&i=beauty&s=exact-aware-popularity-rank&ref=sr_st_exact-aware-popularity-rank
Tangle Brush,https://www.amazon.com/s?k=Tangle+Brush&i=beauty&s=exact-aware-popularity-rank&ref=sr_st_exact-aware-popularity-rank
Detangling Cream,https://www.amazon.com/s?k=Detangling+Cream&i=beauty&s=exact-aware-popularity-rank&ref=sr_st_exact-aware-popularity-rank
Hair Beader,https://www.amazon.com/s?k=Hair+Beader&i=beauty&s=exact-aware-popularity-rank&ref=sr_st_exact-aware-popularity-rank
Anti-Frizz Gel,https://www.amazon.com/s?k=Anti-Frizz+Gel&i=beauty&s=exact-aware-popularity-rank&ref=sr_st_exact-aware-popularity-rank
Curly moisturizer,https://www.amazon.com/s?k=Curly+moisturizer&i=beauty&s=exact-aware-popularity-rank&ref=sr_st_exact-aware-popularity-rank
