Keyword,Links
Sensiderm Cream,https://www.ebay.com/sch/i.html?_from=R40&_nkw=Sensiderm+Cream&_sacat=26395&rt=nc&LH_ItemCondition=3&LH_BIN=1&rt=nc&LH_PrefLoc=1
Coconut Cleanser,https://www.ebay.com/sch/i.html?_from=R40&_nkw=Coconut+Cleanser&_sacat=26395&rt=nc&LH_ItemCondition=3&LH_BIN=1&rt=nc&LH_PrefLoc=1
Firming Eye Cream,https://www.ebay.com/sch/i.html?_from=R40&_nkw=Firming+Eye+Cream&_sacat=26395&rt=nc&LH_ItemCondition=3&LH_BIN=1&rt=nc&LH_PrefLoc=1
Active Gel,https://www.ebay.com/sch/i.html?_from=R40&_nkw=Active+Gel&_sacat=26395&rt=nc&LH_ItemCondition=3&LH_BIN=1&rt=nc&LH_PrefLoc=1
Cooling Lip Balm,https://www.ebay.com/sch/i.html?_from=R40&_nkw=Cooling+Lip+Balm&_sacat=26395&rt=nc&LH_ItemCondition=3&LH_BIN=1&rt=nc&LH_PrefLoc=1
Hydrating Masque,https://www.ebay.com/sch/i.html?_from=R40&_nkw=Hydrating+Masque&_sacat=26395&rt=nc&LH_ItemCondition=3&LH_BIN=1&rt=nc&LH_PrefLoc=1
UV spray,https://www.ebay.com/sch/i.html?_from=R40&_nkw=UV+spray&_sacat=26395&rt=nc&LH_ItemCondition=3&LH_BIN=1&rt=nc&LH_PrefLoc=1
Firming Treatment,https://www.ebay.com/sch/i.html?_from=R40&_nkw=Firming+Treatment&_sacat=26395&rt=nc&LH_ItemCondition=3&LH_BIN=1&rt=nc&LH_PrefLoc=1
Dry Skin,https://www.ebay.com/sch/i.html?_from=R40&_nkw=Dry+Skin&_sacat=26395&rt=nc&LH_ItemCondition=3&LH_BIN=1&rt=nc&LH_PrefLoc=1
Pore refiner,https://www.ebay.com/sch/i.html?_from=R40&_nkw=Pore+refiner&_sacat=26395&rt=nc&LH_ItemCondition=3&LH_BIN=1&rt=nc&LH_PrefLoc=1
Marine Mud,https://www.ebay.com/sch/i.html?_from=R40&_nkw=Marine+Mud&_sacat=26395&rt=nc&LH_ItemCondition=3&LH_BIN=1&rt=nc&LH_PrefLoc=1
Cleanser Set,https://www.ebay.com/sch/i.html?_from=R40&_nkw=Cleanser+Set&_sacat=26395&rt=nc&LH_ItemCondition=3&LH_BIN=1&rt=nc&LH_PrefLoc=1
Grapefruit Lip Balm,https://www.ebay.com/sch/i.html?_from=R40&_nkw=Grapefruit+Lip+Balm&_sacat=26395&rt=nc&LH_ItemCondition=3&LH_BIN=1&rt=nc&LH_PrefLoc=1
Party pack,https://www.ebay.com/sch/i.html?_from=R40&_nkw=Party+pack&_sacat=26395&rt=nc&LH_ItemCondition=3&LH_BIN=1&rt=nc&LH_PrefLoc=1
Papaya Peel,https://www.ebay.com/sch/i.html?_from=R40&_nkw=Papaya+Peel&_sacat=26395&rt=nc&LH_ItemCondition=3&LH_BIN=1&rt=nc&LH_PrefLoc=1
Skin gel,https://www.ebay.com/sch/i.html?_from=R40&_nkw=Skin+gel&_sacat=26395&rt=nc&LH_ItemCondition=3&LH_BIN=1&rt=nc&LH_PrefLoc=1
Retinal Moisturizer,https://www.ebay.com/sch/i.html?_from=R40&_nkw=Retinal+Moisturizer&_sacat=26395&rt=nc&LH_ItemCondition=3&LH_BIN=1&rt=nc&LH_PrefLoc=1
Tanning Cream,https://www.ebay.com/sch/i.html?_from=R40&_nkw=Tanning+Cream&_sacat=26395&rt=nc&LH_ItemCondition=3&LH_BIN=1&rt=nc&LH_PrefLoc=1
Chamomile Moisturizer,https://www.ebay.com/sch/i.html?_from=R40&_nkw=Chamomile+Moisturizer&_sacat=26395&rt=nc&LH_ItemCondition=3&LH_BIN=1&rt=nc&LH_PrefLoc=1
Skin Renewal,https://www.ebay.com/sch/i.html?_from=R40&_nkw=Skin+Renewal&_sacat=26395&rt=nc&LH_ItemCondition=3&LH_BIN=1&rt=nc&LH_PrefLoc=1
Revival Serum,https://www.ebay.com/sch/i.html?_from=R40&_nkw=Revival+Serum&_sacat=26395&rt=nc&LH_ItemCondition=3&LH_BIN=1&rt=nc&LH_PrefLoc=1
Peach Balm,https://www.ebay.com/sch/i.html?_from=R40&_nkw=Peach+Balm&_sacat=26395&rt=nc&LH_ItemCondition=3&LH_BIN=1&rt=nc&LH_PrefLoc=1
Ginger Lip Balm,https://www.ebay.com/sch/i.html?_from=R40&_nkw=Ginger+Lip+Balm&_sacat=26395&rt=nc&LH_ItemCondition=3&LH_BIN=1&rt=nc&LH_PrefLoc=1
Line Smoothing,https://www.ebay.com/sch/i.html?_from=R40&_nkw=Line+Smoothing&_sacat=26395&rt=nc&LH_ItemCondition=3&LH_BIN=1&rt=nc&LH_PrefLoc=1
Turmeric Serum,https://www.ebay.com/sch/i.html?_from=R40&_nkw=Turmeric+Serum&_sacat=26395&rt=nc&LH_ItemCondition=3&LH_BIN=1&rt=nc&LH_PrefLoc=1
Hydrating Eye Cream,https://www.ebay.com/sch/i.html?_from=R40&_nkw=Hydrating+Eye+Cream&_sacat=26395&rt=nc&LH_ItemCondition=3&LH_BIN=1&rt=nc&LH_PrefLoc=1
Vanilla Cleansing Wipes,https://www.ebay.com/sch/i.html?_from=R40&_nkw=Vanilla+Cleansing+Wipes&_sacat=26395&rt=nc&LH_ItemCondition=3&LH_BIN=1&rt=nc&LH_PrefLoc=1
Sunless Tanner,https://www.ebay.com/sch/i.html?_from=R40&_nkw=Sunless+Tanner&_sacat=26395&rt=nc&LH_ItemCondition=3&LH_BIN=1&rt=nc&LH_PrefLoc=1
Oil Minimizing,https://www.ebay.com/sch/i.html?_from=R40&_nkw=Oil+Minimizing&_sacat=26395&rt=nc&LH_ItemCondition=3&LH_BIN=1&rt=nc&LH_PrefLoc=1
Self-tan spray,https://www.ebay.com/sch/i.html?_from=R40&_nkw=Self-tan+spray&_sacat=26395&rt=nc&LH_ItemCondition=3&LH_BIN=1&rt=nc&LH_PrefLoc=1
SPF Bronzer,https://www.ebay.com/sch/i.html?_from=R40&_nkw=SPF+Bronzer&_sacat=26395&rt=nc&LH_ItemCondition=3&LH_BIN=1&rt=nc&LH_PrefLoc=1
Clarifying Pads,https://www.ebay.com/sch/i.html?_from=R40&_nkw=Clarifying+Pads&_sacat=26395&rt=nc&LH_ItemCondition=3&LH_BIN=1&rt=nc&LH_PrefLoc=1
Rosacea treatment,https://www.ebay.com/sch/i.html?_from=R40&_nkw=Rosacea+treatment&_sacat=26395&rt=nc&LH_ItemCondition=3&LH_BIN=1&rt=nc&LH_PrefLoc=1
Hydrating Lip Balm,https://www.ebay.com/sch/i.html?_from=R40&_nkw=Hydrating+Lip+Balm&_sacat=26395&rt=nc&LH_ItemCondition=3&LH_BIN=1&rt=nc&LH_PrefLoc=1
Hydrating Lip Shine,https://www.ebay.com/sch/i.html?_from=R40&_nkw=Hydrating+Lip+Shine&_sacat=26395&rt=nc&LH_ItemCondition=3&LH_BIN=1&rt=nc&LH_PrefLoc=1
Manuka Serum,https://www.ebay.com/sch/i.html?_from=R40&_nkw=Manuka+Serum&_sacat=26395&rt=nc&LH_ItemCondition=3&LH_BIN=1&rt=nc&LH_PrefLoc=1
Pore Pad,https://www.ebay.com/sch/i.html?_from=R40&_nkw=Pore+Pad&_sacat=26395&rt=nc&LH_ItemCondition=3&LH_BIN=1&rt=nc&LH_PrefLoc=1
Yogurt Mask,https://www.ebay.com/sch/i.html?_from=R40&_nkw=Yogurt+Mask&_sacat=26395&rt=nc&LH_ItemCondition=3&LH_BIN=1&rt=nc&LH_PrefLoc=1
Lifting Cream,https://www.ebay.com/sch/i.html?_from=R40&_nkw=Lifting+Cream&_sacat=26395&rt=nc&LH_ItemCondition=3&LH_BIN=1&rt=nc&LH_PrefLoc=1
Sunless Tanning,https://www.ebay.com/sch/i.html?_from=R40&_nkw=Sunless+Tanning&_sacat=26395&rt=nc&LH_ItemCondition=3&LH_BIN=1&rt=nc&LH_PrefLoc=1
Pore Strips,https://www.ebay.com/sch/i.html?_from=R40&_nkw=Pore+Strips&_sacat=26395&rt=nc&LH_ItemCondition=3&LH_BIN=1&rt=nc&LH_PrefLoc=1
Matifying cream,https://www.ebay.com/sch/i.html?_from=R40&_nkw=Matifying+cream&_sacat=26395&rt=nc&LH_ItemCondition=3&LH_BIN=1&rt=nc&LH_PrefLoc=1
Atopic Lotion,https://www.ebay.com/sch/i.html?_from=R40&_nkw=Atopic+Lotion&_sacat=26395&rt=nc&LH_ItemCondition=3&LH_BIN=1&rt=nc&LH_PrefLoc=1
Frozen figures,https://www.ebay.com/sch/i.html?_from=R40&_nkw=Frozen+figures&_sacat=26395&rt=nc&LH_ItemCondition=3&LH_BIN=1&rt=nc&LH_PrefLoc=1
Protective Cream,https://www.ebay.com/sch/i.html?_from=R40&_nkw=Protective+Cream&_sacat=26395&rt=nc&LH_ItemCondition=3&LH_BIN=1&rt=nc&LH_PrefLoc=1
Detoxifying Mask,https://www.ebay.com/sch/i.html?_from=R40&_nkw=Detoxifying+Mask&_sacat=26395&rt=nc&LH_ItemCondition=3&LH_BIN=1&rt=nc&LH_PrefLoc=1
Vitamin E Cream,https://www.ebay.com/sch/i.html?_from=R40&_nkw=Vitamin+E+Cream&_sacat=26395&rt=nc&LH_ItemCondition=3&LH_BIN=1&rt=nc&LH_PrefLoc=1
Multi-Purpose Balm,https://www.ebay.com/sch/i.html?_from=R40&_nkw=Multi-Purpose+Balm&_sacat=26395&rt=nc&LH_ItemCondition=3&LH_BIN=1&rt=nc&LH_PrefLoc=1
Tone Repair,https://www.ebay.com/sch/i.html?_from=R40&_nkw=Tone+Repair&_sacat=26395&rt=nc&LH_ItemCondition=3&LH_BIN=1&rt=nc&LH_PrefLoc=1
Luminous Serum,https://www.ebay.com/sch/i.html?_from=R40&_nkw=Luminous+Serum&_sacat=26395&rt=nc&LH_ItemCondition=3&LH_BIN=1&rt=nc&LH_PrefLoc=1
