Keyword,Links
Curly Hair Kit,https://www.ebay.com/sch/i.html?_from=R40&_nkw=Curly+Hair+Kit&_sacat=26395&rt=nc&LH_ItemCondition=3&LH_BIN=1&rt=nc&LH_PrefLoc=1
Shampoo Comb,https://www.ebay.com/sch/i.html?_from=R40&_nkw=Shampoo+Comb&_sacat=26395&rt=nc&LH_ItemCondition=3&LH_BIN=1&rt=nc&LH_PrefLoc=1
Curly Co-Wash,https://www.ebay.com/sch/i.html?_from=R40&_nkw=Curly+Co-Wash&_sacat=26395&rt=nc&LH_ItemCondition=3&LH_BIN=1&rt=nc&LH_PrefLoc=1
Curl nourish,https://www.ebay.com/sch/i.html?_from=R40&_nkw=Curl+nourish&_sacat=26395&rt=nc&LH_ItemCondition=3&LH_BIN=1&rt=nc&LH_PrefLoc=1
Detangle Shampoo,https://www.ebay.com/sch/i.html?_from=R40&_nkw=Detangle+Shampoo&_sacat=26395&rt=nc&LH_ItemCondition=3&LH_BIN=1&rt=nc&LH_PrefLoc=1
Bambu Shampoo,https://www.ebay.com/sch/i.html?_from=R40&_nkw=Bambu+Shampoo&_sacat=26395&rt=nc&LH_ItemCondition=3&LH_BIN=1&rt=nc&LH_PrefLoc=1
Nutrient Shampoo,https://www.ebay.com/sch/i.html?_from=R40&_nkw=Nutrient+Shampoo&_sacat=26395&rt=nc&LH_ItemCondition=3&LH_BIN=1&rt=nc&LH_PrefLoc=1
Shampoo 13.5 oz,https://www.ebay.com/sch/i.html?_from=R40&_nkw=Shampoo+13.5+oz&_sacat=26395&rt=nc&LH_ItemCondition=3&LH_BIN=1&rt=nc&LH_PrefLoc=1
Cleanse Shampoo,https://www.ebay.com/sch/i.html?_from=R40&_nkw=Cleanse+Shampoo&_sacat=26395&rt=nc&LH_ItemCondition=3&LH_BIN=1&rt=nc&LH_PrefLoc=1
Cucumber shampoo,https://www.ebay.com/sch/i.html?_from=R40&_nkw=Cucumber+shampoo&_sacat=26395&rt=nc&LH_ItemCondition=3&LH_BIN=1&rt=nc&LH_PrefLoc=1
Moisture Combo,https://www.ebay.com/sch/i.html?_from=R40&_nkw=Moisture+Combo&_sacat=26395&rt=nc&LH_ItemCondition=3&LH_BIN=1&rt=nc&LH_PrefLoc=1
Curl Bond,https://www.ebay.com/sch/i.html?_from=R40&_nkw=Curl+Bond&_sacat=26395&rt=nc&LH_ItemCondition=3&LH_BIN=1&rt=nc&LH_PrefLoc=1
Dark Brown Shampoo,https://www.ebay.com/sch/i.html?_from=R40&_nkw=Dark+Brown+Shampoo&_sacat=26395&rt=nc&LH_ItemCondition=3&LH_BIN=1&rt=nc&LH_PrefLoc=1
Sulfate-free cleanser,https://www.ebay.com/sch/i.html?_from=R40&_nkw=Sulfate-free+cleanser&_sacat=26395&rt=nc&LH_ItemCondition=3&LH_BIN=1&rt=nc&LH_PrefLoc=1
Straightening Shampoo,https://www.ebay.com/sch/i.html?_from=R40&_nkw=Straightening+Shampoo&_sacat=26395&rt=nc&LH_ItemCondition=3&LH_BIN=1&rt=nc&LH_PrefLoc=1
Children's shampoo,https://www.ebay.com/sch/i.html?_from=R40&_nkw=Children's+shampoo&_sacat=26395&rt=nc&LH_ItemCondition=3&LH_BIN=1&rt=nc&LH_PrefLoc=1
Colour Goddess,https://www.ebay.com/sch/i.html?_from=R40&_nkw=Colour+Goddess&_sacat=26395&rt=nc&LH_ItemCondition=3&LH_BIN=1&rt=nc&LH_PrefLoc=1
Intensive Conditioner,https://www.ebay.com/sch/i.html?_from=R40&_nkw=Intensive+Conditioner&_sacat=26395&rt=nc&LH_ItemCondition=3&LH_BIN=1&rt=nc&LH_PrefLoc=1
Flaxseed Shampoo,https://www.ebay.com/sch/i.html?_from=R40&_nkw=Flaxseed+Shampoo&_sacat=26395&rt=nc&LH_ItemCondition=3&LH_BIN=1&rt=nc&LH_PrefLoc=1
Natural curls,https://www.ebay.com/sch/i.html?_from=R40&_nkw=Natural+curls&_sacat=26395&rt=nc&LH_ItemCondition=3&LH_BIN=1&rt=nc&LH_PrefLoc=1
Extra Intense Conditioner,https://www.ebay.com/sch/i.html?_from=R40&_nkw=Extra+Intense+Conditioner&_sacat=26395&rt=nc&LH_ItemCondition=3&LH_BIN=1&rt=nc&LH_PrefLoc=1
Herbal Cleanse,https://www.ebay.com/sch/i.html?_from=R40&_nkw=Herbal+Cleanse&_sacat=26395&rt=nc&LH_ItemCondition=3&LH_BIN=1&rt=nc&LH_PrefLoc=1
Nourishing Set,https://www.ebay.com/sch/i.html?_from=R40&_nkw=Nourishing+Set&_sacat=26395&rt=nc&LH_ItemCondition=3&LH_BIN=1&rt=nc&LH_PrefLoc=1
Softening Conditioner,https://www.ebay.com/sch/i.html?_from=R40&_nkw=Softening+Conditioner&_sacat=26395&rt=nc&LH_ItemCondition=3&LH_BIN=1&rt=nc&LH_PrefLoc=1
After Care Set,https://www.ebay.com/sch/i.html?_from=R40&_nkw=After+Care+Set&_sacat=26395&rt=nc&LH_ItemCondition=3&LH_BIN=1&rt=nc&LH_PrefLoc=1
Litsea Conditioner,https://www.ebay.com/sch/i.html?_from=R40&_nkw=Litsea+Conditioner&_sacat=26395&rt=nc&LH_ItemCondition=3&LH_BIN=1&rt=nc&LH_PrefLoc=1
Caution Curls,https://www.ebay.com/sch/i.html?_from=R40&_nkw=Caution+Curls&_sacat=26395&rt=nc&LH_ItemCondition=3&LH_BIN=1&rt=nc&LH_PrefLoc=1
Rose Gold Shampoo,https://www.ebay.com/sch/i.html?_from=R40&_nkw=Rose+Gold+Shampoo&_sacat=26395&rt=nc&LH_ItemCondition=3&LH_BIN=1&rt=nc&LH_PrefLoc=1
Tingling Shampoo,https://www.ebay.com/sch/i.html?_from=R40&_nkw=Tingling+Shampoo&_sacat=26395&rt=nc&LH_ItemCondition=3&LH_BIN=1&rt=nc&LH_PrefLoc=1
Marula Oil,https://www.ebay.com/sch/i.html?_from=R40&_nkw=Marula+Oil&_sacat=26395&rt=nc&LH_ItemCondition=3&LH_BIN=1&rt=nc&LH_PrefLoc=1
Rice Water Shampoo,https://www.ebay.com/sch/i.html?_from=R40&_nkw=Rice+Water+Shampoo&_sacat=26395&rt=nc&LH_ItemCondition=3&LH_BIN=1&rt=nc&LH_PrefLoc=1
Hinoki Duo,https://www.ebay.com/sch/i.html?_from=R40&_nkw=Hinoki+Duo&_sacat=26395&rt=nc&LH_ItemCondition=3&LH_BIN=1&rt=nc&LH_PrefLoc=1
Shower Caps,https://www.ebay.com/sch/i.html?_from=R40&_nkw=Shower+Caps&_sacat=26395&rt=nc&LH_ItemCondition=3&LH_BIN=1&rt=nc&LH_PrefLoc=1
No-Lye Relaxer,https://www.ebay.com/sch/i.html?_from=R40&_nkw=No-Lye+Relaxer&_sacat=26395&rt=nc&LH_ItemCondition=3&LH_BIN=1&rt=nc&LH_PrefLoc=1
Anti-Breakage Lotion,https://www.ebay.com/sch/i.html?_from=R40&_nkw=Anti-Breakage+Lotion&_sacat=26395&rt=nc&LH_ItemCondition=3&LH_BIN=1&rt=nc&LH_PrefLoc=1
Fade cream,https://www.ebay.com/sch/i.html?_from=R40&_nkw=Fade+cream&_sacat=26395&rt=nc&LH_ItemCondition=3&LH_BIN=1&rt=nc&LH_PrefLoc=1
Beach sunscreen,https://www.ebay.com/sch/i.html?_from=R40&_nkw=Beach+sunscreen&_sacat=26395&rt=nc&LH_ItemCondition=3&LH_BIN=1&rt=nc&LH_PrefLoc=1
Sport Sunscreen,https://www.ebay.com/sch/i.html?_from=R40&_nkw=Sport+Sunscreen&_sacat=26395&rt=nc&LH_ItemCondition=3&LH_BIN=1&rt=nc&LH_PrefLoc=1
DNA Damage,https://www.ebay.com/sch/i.html?_from=R40&_nkw=DNA+Damage&_sacat=26395&rt=nc&LH_ItemCondition=3&LH_BIN=1&rt=nc&LH_PrefLoc=1
Suntouchable SPF,https://www.ebay.com/sch/i.html?_from=R40&_nkw=Suntouchable+SPF&_sacat=26395&rt=nc&LH_ItemCondition=3&LH_BIN=1&rt=nc&LH_PrefLoc=1
Sun stick,https://www.ebay.com/sch/i.html?_from=R40&_nkw=Sun+stick&_sacat=26395&rt=nc&LH_ItemCondition=3&LH_BIN=1&rt=nc&LH_PrefLoc=1
Hawaiian Sunscreen,https://www.ebay.com/sch/i.html?_from=R40&_nkw=Hawaiian+Sunscreen&_sacat=26395&rt=nc&LH_ItemCondition=3&LH_BIN=1&rt=nc&LH_PrefLoc=1
Sensitive Sunscreen,https://www.ebay.com/sch/i.html?_from=R40&_nkw=Sensitive+Sunscreen&_sacat=26395&rt=nc&LH_ItemCondition=3&LH_BIN=1&rt=nc&LH_PrefLoc=1
Sunscreen Emulsion,https://www.ebay.com/sch/i.html?_from=R40&_nkw=Sunscreen+Emulsion&_sacat=26395&rt=nc&LH_ItemCondition=3&LH_BIN=1&rt=nc&LH_PrefLoc=1
Sun Protection,https://www.ebay.com/sch/i.html?_from=R40&_nkw=Sun+Protection&_sacat=26395&rt=nc&LH_ItemCondition=3&LH_BIN=1&rt=nc&LH_PrefLoc=1
Oil control sunscreen,https://www.ebay.com/sch/i.html?_from=R40&_nkw=Oil+control+sunscreen&_sacat=26395&rt=nc&LH_ItemCondition=3&LH_BIN=1&rt=nc&LH_PrefLoc=1
Baby Sunscreen,https://www.ebay.com/sch/i.html?_from=R40&_nkw=Baby+Sunscreen&_sacat=26395&rt=nc&LH_ItemCondition=3&LH_BIN=1&rt=nc&LH_PrefLoc=1
Sunscreen SPF,https://www.ebay.com/sch/i.html?_from=R40&_nkw=Sunscreen+SPF&_sacat=26395&rt=nc&LH_ItemCondition=3&LH_BIN=1&rt=nc&LH_PrefLoc=1
Centella sunscreen,https://www.ebay.com/sch/i.html?_from=R40&_nkw=Centella+sunscreen&_sacat=26395&rt=nc&LH_ItemCondition=3&LH_BIN=1&rt=nc&LH_PrefLoc=1
SPF sunscreen,https://www.ebay.com/sch/i.html?_from=R40&_nkw=SPF+sunscreen&_sacat=26395&rt=nc&LH_ItemCondition=3&LH_BIN=1&rt=nc&LH_PrefLoc=1
