Keyword,Links
Hair thinning,https://www.ebay.com/sch/i.html?_from=R40&_nkw=Hair+thinning&_sacat=26395&rt=nc&LH_ItemCondition=3&LH_BIN=1&rt=nc&LH_PrefLoc=1
Colored Hair Kit,https://www.ebay.com/sch/i.html?_from=R40&_nkw=Colored+Hair+Kit&_sacat=26395&rt=nc&LH_ItemCondition=3&LH_BIN=1&rt=nc&LH_PrefLoc=1
Flake Relief,https://www.ebay.com/sch/i.html?_from=R40&_nkw=Flake+Relief&_sacat=26395&rt=nc&LH_ItemCondition=3&LH_BIN=1&rt=nc&LH_PrefLoc=1
Hair Cleanse,https://www.ebay.com/sch/i.html?_from=R40&_nkw=Hair+Cleanse&_sacat=26395&rt=nc&LH_ItemCondition=3&LH_BIN=1&rt=nc&LH_PrefLoc=1
Hair scrub,https://www.ebay.com/sch/i.html?_from=R40&_nkw=Hair+scrub&_sacat=26395&rt=nc&LH_ItemCondition=3&LH_BIN=1&rt=nc&LH_PrefLoc=1
Facial Spray,https://www.ebay.com/sch/i.html?_from=R40&_nkw=Facial+Spray&_sacat=26395&rt=nc&LH_ItemCondition=3&LH_BIN=1&rt=nc&LH_PrefLoc=1
Moisturizer Repair,https://www.ebay.com/sch/i.html?_from=R40&_nkw=Moisturizer+Repair&_sacat=26395&rt=nc&LH_ItemCondition=3&LH_BIN=1&rt=nc&LH_PrefLoc=1
Under Eye Mask,https://www.ebay.com/sch/i.html?_from=R40&_nkw=Under+Eye+Mask&_sacat=26395&rt=nc&LH_ItemCondition=3&LH_BIN=1&rt=nc&LH_PrefLoc=1
Face moisturizer,https://www.ebay.com/sch/i.html?_from=R40&_nkw=Face+moisturizer&_sacat=26395&rt=nc&LH_ItemCondition=3&LH_BIN=1&rt=nc&LH_PrefLoc=1
Body lotion,https://www.ebay.com/sch/i.html?_from=R40&_nkw=Body+lotion&_sacat=26395&rt=nc&LH_ItemCondition=3&LH_BIN=1&rt=nc&LH_PrefLoc=1
Eye cream,https://www.ebay.com/sch/i.html?_from=R40&_nkw=Eye+cream&_sacat=26395&rt=nc&LH_ItemCondition=3&LH_BIN=1&rt=nc&LH_PrefLoc=1
Ice Face Mask,https://www.ebay.com/sch/i.html?_from=R40&_nkw=Ice+Face+Mask&_sacat=26395&rt=nc&LH_ItemCondition=3&LH_BIN=1&rt=nc&LH_PrefLoc=1
Eye serum,https://www.ebay.com/sch/i.html?_from=R40&_nkw=Eye+serum&_sacat=26395&rt=nc&LH_ItemCondition=3&LH_BIN=1&rt=nc&LH_PrefLoc=1
Sunscreen Mist,https://www.ebay.com/sch/i.html?_from=R40&_nkw=Sunscreen+Mist&_sacat=26395&rt=nc&LH_ItemCondition=3&LH_BIN=1&rt=nc&LH_PrefLoc=1
Gloss treatment,https://www.ebay.com/sch/i.html?_from=R40&_nkw=Gloss+treatment&_sacat=26395&rt=nc&LH_ItemCondition=3&LH_BIN=1&rt=nc&LH_PrefLoc=1
Brightening Kit,https://www.ebay.com/sch/i.html?_from=R40&_nkw=Brightening+Kit&_sacat=26395&rt=nc&LH_ItemCondition=3&LH_BIN=1&rt=nc&LH_PrefLoc=1
Snail Kit,https://www.ebay.com/sch/i.html?_from=R40&_nkw=Snail+Kit&_sacat=26395&rt=nc&LH_ItemCondition=3&LH_BIN=1&rt=nc&LH_PrefLoc=1
Acne Toner,https://www.ebay.com/sch/i.html?_from=R40&_nkw=Acne+Toner&_sacat=26395&rt=nc&LH_ItemCondition=3&LH_BIN=1&rt=nc&LH_PrefLoc=1
Oily Moisturizer,https://www.ebay.com/sch/i.html?_from=R40&_nkw=Oily+Moisturizer&_sacat=26395&rt=nc&LH_ItemCondition=3&LH_BIN=1&rt=nc&LH_PrefLoc=1
Dark Spot Serum,https://www.ebay.com/sch/i.html?_from=R40&_nkw=Dark+Spot+Serum&_sacat=26395&rt=nc&LH_ItemCondition=3&LH_BIN=1&rt=nc&LH_PrefLoc=1
Skin protectant,https://www.ebay.com/sch/i.html?_from=R40&_nkw=Skin+protectant&_sacat=26395&rt=nc&LH_ItemCondition=3&LH_BIN=1&rt=nc&LH_PrefLoc=1
Hyaluronic Eye Cream,https://www.ebay.com/sch/i.html?_from=R40&_nkw=Hyaluronic+Eye+Cream&_sacat=26395&rt=nc&LH_ItemCondition=3&LH_BIN=1&rt=nc&LH_PrefLoc=1
Niacinamide Serum,https://www.ebay.com/sch/i.html?_from=R40&_nkw=Niacinamide+Serum&_sacat=26395&rt=nc&LH_ItemCondition=3&LH_BIN=1&rt=nc&LH_PrefLoc=1
Peptide Serum,https://www.ebay.com/sch/i.html?_from=R40&_nkw=Peptide+Serum&_sacat=26395&rt=nc&LH_ItemCondition=3&LH_BIN=1&rt=nc&LH_PrefLoc=1
Antioxidant Sunscreen,https://www.ebay.com/sch/i.html?_from=R40&_nkw=Antioxidant+Sunscreen&_sacat=26395&rt=nc&LH_ItemCondition=3&LH_BIN=1&rt=nc&LH_PrefLoc=1
Lip balm,https://www.ebay.com/sch/i.html?_from=R40&_nkw=Lip+balm&_sacat=26395&rt=nc&LH_ItemCondition=3&LH_BIN=1&rt=nc&LH_PrefLoc=1
Vitamin C Serum,https://www.ebay.com/sch/i.html?_from=R40&_nkw=Vitamin+C+Serum&_sacat=26395&rt=nc&LH_ItemCondition=3&LH_BIN=1&rt=nc&LH_PrefLoc=1
Lip repair,https://www.ebay.com/sch/i.html?_from=R40&_nkw=Lip+repair&_sacat=26395&rt=nc&LH_ItemCondition=3&LH_BIN=1&rt=nc&LH_PrefLoc=1
Matte Moisturizer,https://www.ebay.com/sch/i.html?_from=R40&_nkw=Matte+Moisturizer&_sacat=26395&rt=nc&LH_ItemCondition=3&LH_BIN=1&rt=nc&LH_PrefLoc=1
Tinted Lip Treatment,https://www.ebay.com/sch/i.html?_from=R40&_nkw=Tinted+Lip+Treatment&_sacat=26395&rt=nc&LH_ItemCondition=3&LH_BIN=1&rt=nc&LH_PrefLoc=1
Eye gel,https://www.ebay.com/sch/i.html?_from=R40&_nkw=Eye+gel&_sacat=26395&rt=nc&LH_ItemCondition=3&LH_BIN=1&rt=nc&LH_PrefLoc=1
Exfoliating Face Wash,https://www.ebay.com/sch/i.html?_from=R40&_nkw=Exfoliating+Face+Wash&_sacat=26395&rt=nc&LH_ItemCondition=3&LH_BIN=1&rt=nc&LH_PrefLoc=1
Mineral Sunscreen,https://www.ebay.com/sch/i.html?_from=R40&_nkw=Mineral+Sunscreen&_sacat=26395&rt=nc&LH_ItemCondition=3&LH_BIN=1&rt=nc&LH_PrefLoc=1
Snail Eye Patch,https://www.ebay.com/sch/i.html?_from=R40&_nkw=Snail+Eye+Patch&_sacat=26395&rt=nc&LH_ItemCondition=3&LH_BIN=1&rt=nc&LH_PrefLoc=1
Tinted Sunscreen,https://www.ebay.com/sch/i.html?_from=R40&_nkw=Tinted+Sunscreen&_sacat=26395&rt=nc&LH_ItemCondition=3&LH_BIN=1&rt=nc&LH_PrefLoc=1
Snail Essence,https://www.ebay.com/sch/i.html?_from=R40&_nkw=Snail+Essence&_sacat=26395&rt=nc&LH_ItemCondition=3&LH_BIN=1&rt=nc&LH_PrefLoc=1
Eye Makeup Remover,https://www.ebay.com/sch/i.html?_from=R40&_nkw=Eye+Makeup+Remover&_sacat=26395&rt=nc&LH_ItemCondition=3&LH_BIN=1&rt=nc&LH_PrefLoc=1
Micro-Filler Mask,https://www.ebay.com/sch/i.html?_from=R40&_nkw=Micro-Filler+Mask&_sacat=26395&rt=nc&LH_ItemCondition=3&LH_BIN=1&rt=nc&LH_PrefLoc=1
Snail Cleanser,https://www.ebay.com/sch/i.html?_from=R40&_nkw=Snail+Cleanser&_sacat=26395&rt=nc&LH_ItemCondition=3&LH_BIN=1&rt=nc&LH_PrefLoc=1
Emu Apple Mask,https://www.ebay.com/sch/i.html?_from=R40&_nkw=Emu+Apple+Mask&_sacat=26395&rt=nc&LH_ItemCondition=3&LH_BIN=1&rt=nc&LH_PrefLoc=1
Hyaluronic Therapy,https://www.ebay.com/sch/i.html?_from=R40&_nkw=Hyaluronic+Therapy&_sacat=26395&rt=nc&LH_ItemCondition=3&LH_BIN=1&rt=nc&LH_PrefLoc=1
Microdermabrasion Remover,https://www.ebay.com/sch/i.html?_from=R40&_nkw=Microdermabrasion+Remover&_sacat=26395&rt=nc&LH_ItemCondition=3&LH_BIN=1&rt=nc&LH_PrefLoc=1
Face treats,https://www.ebay.com/sch/i.html?_from=R40&_nkw=Face+treats&_sacat=26395&rt=nc&LH_ItemCondition=3&LH_BIN=1&rt=nc&LH_PrefLoc=1
Purifying Cleanser,https://www.ebay.com/sch/i.html?_from=R40&_nkw=Purifying+Cleanser&_sacat=26395&rt=nc&LH_ItemCondition=3&LH_BIN=1&rt=nc&LH_PrefLoc=1
Cleansing Water,https://www.ebay.com/sch/i.html?_from=R40&_nkw=Cleansing+Water&_sacat=26395&rt=nc&LH_ItemCondition=3&LH_BIN=1&rt=nc&LH_PrefLoc=1
Glow masks,https://www.ebay.com/sch/i.html?_from=R40&_nkw=Glow+masks&_sacat=26395&rt=nc&LH_ItemCondition=3&LH_BIN=1&rt=nc&LH_PrefLoc=1
Cleansing Bar,https://www.ebay.com/sch/i.html?_from=R40&_nkw=Cleansing+Bar&_sacat=26395&rt=nc&LH_ItemCondition=3&LH_BIN=1&rt=nc&LH_PrefLoc=1
Lip Care,https://www.ebay.com/sch/i.html?_from=R40&_nkw=Lip+Care&_sacat=26395&rt=nc&LH_ItemCondition=3&LH_BIN=1&rt=nc&LH_PrefLoc=1
Illuminating Gift,https://www.ebay.com/sch/i.html?_from=R40&_nkw=Illuminating+Gift&_sacat=26395&rt=nc&LH_ItemCondition=3&LH_BIN=1&rt=nc&LH_PrefLoc=1
Night Moisturizer,https://www.ebay.com/sch/i.html?_from=R40&_nkw=Night+Moisturizer&_sacat=26395&rt=nc&LH_ItemCondition=3&LH_BIN=1&rt=nc&LH_PrefLoc=1
