Keyword,Links
Gold Copper,https://www.amazon.com/s?k=Gold+Copper&i=beauty&s=exact-aware-popularity-rank&ref=sr_st_exact-aware-popularity-rank
Bubble hair dye,https://www.amazon.com/s?k=Bubble+hair+dye&i=beauty&s=exact-aware-popularity-rank&ref=sr_st_exact-aware-popularity-rank
Repairing Shampoo,https://www.amazon.com/s?k=Repairing+Shampoo&i=beauty&s=exact-aware-popularity-rank&ref=sr_st_exact-aware-popularity-rank
Kera Solutions,https://www.amazon.com/s?k=Kera+Solutions&i=beauty&s=exact-aware-popularity-rank&ref=sr_st_exact-aware-popularity-rank
Volumizing Hairspray,https://www.amazon.com/s?k=Volumizing+Hairspray&i=beauty&s=exact-aware-popularity-rank&ref=sr_st_exact-aware-popularity-rank
Thinning Hair,https://www.amazon.com/s?k=Thinning+Hair&i=beauty&s=exact-aware-popularity-rank&ref=sr_st_exact-aware-popularity-rank
Permanent Hair Color,https://www.amazon.com/s?k=Permanent+Hair+Color&i=beauty&s=exact-aware-popularity-rank&ref=sr_st_exact-aware-popularity-rank
Bubble Hair Color,https://www.amazon.com/s?k=Bubble+Hair+Color&i=beauty&s=exact-aware-popularity-rank&ref=sr_st_exact-aware-popularity-rank
Root cover-up,https://www.amazon.com/s?k=Root+cover-up&i=beauty&s=exact-aware-popularity-rank&ref=sr_st_exact-aware-popularity-rank
Gentle Shampoo,https://www.amazon.com/s?k=Gentle+Shampoo&i=beauty&s=exact-aware-popularity-rank&ref=sr_st_exact-aware-popularity-rank
Cleansing Shampoo,https://www.amazon.com/s?k=Cleansing+Shampoo&i=beauty&s=exact-aware-popularity-rank&ref=sr_st_exact-aware-popularity-rank
Rose Hair Mask,https://www.amazon.com/s?k=Rose+Hair+Mask&i=beauty&s=exact-aware-popularity-rank&ref=sr_st_exact-aware-popularity-rank
Mighty Cnut,https://www.amazon.com/s?k=Mighty+Cnut&i=beauty&s=exact-aware-popularity-rank&ref=sr_st_exact-aware-popularity-rank
Moisture Mousse,https://www.amazon.com/s?k=Moisture+Mousse&i=beauty&s=exact-aware-popularity-rank&ref=sr_st_exact-aware-popularity-rank
Gentle Conditioner,https://www.amazon.com/s?k=Gentle+Conditioner&i=beauty&s=exact-aware-popularity-rank&ref=sr_st_exact-aware-popularity-rank
Damage Shampoo,https://www.amazon.com/s?k=Damage+Shampoo&i=beauty&s=exact-aware-popularity-rank&ref=sr_st_exact-aware-popularity-rank
Styling Cream,https://www.amazon.com/s?k=Styling+Cream&i=beauty&s=exact-aware-popularity-rank&ref=sr_st_exact-aware-popularity-rank
Styling Gel,https://www.amazon.com/s?k=Styling+Gel&i=beauty&s=exact-aware-popularity-rank&ref=sr_st_exact-aware-popularity-rank
Thickening Shampoo,https://www.amazon.com/s?k=Thickening+Shampoo&i=beauty&s=exact-aware-popularity-rank&ref=sr_st_exact-aware-popularity-rank
Pine Tar Shampoo,https://www.amazon.com/s?k=Pine+Tar+Shampoo&i=beauty&s=exact-aware-popularity-rank&ref=sr_st_exact-aware-popularity-rank
Hair Fertilizer,https://www.amazon.com/s?k=Hair+Fertilizer&i=beauty&s=exact-aware-popularity-rank&ref=sr_st_exact-aware-popularity-rank
Hydrating Shampoo,https://www.amazon.com/s?k=Hydrating+Shampoo&i=beauty&s=exact-aware-popularity-rank&ref=sr_st_exact-aware-popularity-rank
Charcoal Shampoo,https://www.amazon.com/s?k=Charcoal+Shampoo&i=beauty&s=exact-aware-popularity-rank&ref=sr_st_exact-aware-popularity-rank
Grapefruit Conditioner,https://www.amazon.com/s?k=Grapefruit+Conditioner&i=beauty&s=exact-aware-popularity-rank&ref=sr_st_exact-aware-popularity-rank
Beach spray,https://www.amazon.com/s?k=Beach+spray&i=beauty&s=exact-aware-popularity-rank&ref=sr_st_exact-aware-popularity-rank
Anti-frizz treatment,https://www.amazon.com/s?k=Anti-frizz+treatment&i=beauty&s=exact-aware-popularity-rank&ref=sr_st_exact-aware-popularity-rank
Extreme Hold,https://www.amazon.com/s?k=Extreme+Hold&i=beauty&s=exact-aware-popularity-rank&ref=sr_st_exact-aware-popularity-rank
Repair Conditioner,https://www.amazon.com/s?k=Repair+Conditioner&i=beauty&s=exact-aware-popularity-rank&ref=sr_st_exact-aware-popularity-rank
Supernatural Spray,https://www.amazon.com/s?k=Supernatural+Spray&i=beauty&s=exact-aware-popularity-rank&ref=sr_st_exact-aware-popularity-rank
Baby conditioner,https://www.amazon.com/s?k=Baby+conditioner&i=beauty&s=exact-aware-popularity-rank&ref=sr_st_exact-aware-popularity-rank
Moisturizing Shampoo,https://www.amazon.com/s?k=Moisturizing+Shampoo&i=beauty&s=exact-aware-popularity-rank&ref=sr_st_exact-aware-popularity-rank
Velvet Shampoo,https://www.amazon.com/s?k=Velvet+Shampoo&i=beauty&s=exact-aware-popularity-rank&ref=sr_st_exact-aware-popularity-rank
Hair Oil,https://www.amazon.com/s?k=Hair+Oil&i=beauty&s=exact-aware-popularity-rank&ref=sr_st_exact-aware-popularity-rank
Straight Ponytail,https://www.amazon.com/s?k=Straight+Ponytail&i=beauty&s=exact-aware-popularity-rank&ref=sr_st_exact-aware-popularity-rank
Moisturizing Cream,https://www.amazon.com/s?k=Moisturizing+Cream&i=beauty&s=exact-aware-popularity-rank&ref=sr_st_exact-aware-popularity-rank
St. Patrick's Hat,https://www.amazon.com/s?k=St.+Patrick's+Hat&i=beauty&s=exact-aware-popularity-rank&ref=sr_st_exact-aware-popularity-rank
Thickening Spray,https://www.amazon.com/s?k=Thickening+Spray&i=beauty&s=exact-aware-popularity-rank&ref=sr_st_exact-aware-popularity-rank
Extra hold hairspray,https://www.amazon.com/s?k=Extra+hold+hairspray&i=beauty&s=exact-aware-popularity-rank&ref=sr_st_exact-aware-popularity-rank
Coconut Deodorant,https://www.amazon.com/s?k=Coconut+Deodorant&i=beauty&s=exact-aware-popularity-rank&ref=sr_st_exact-aware-popularity-rank
Deep Nourish,https://www.amazon.com/s?k=Deep+Nourish&i=beauty&s=exact-aware-popularity-rank&ref=sr_st_exact-aware-popularity-rank
Hydrating Oil,https://www.amazon.com/s?k=Hydrating+Oil&i=beauty&s=exact-aware-popularity-rank&ref=sr_st_exact-aware-popularity-rank
Blonde Pixie,https://www.amazon.com/s?k=Blonde+Pixie&i=beauty&s=exact-aware-popularity-rank&ref=sr_st_exact-aware-popularity-rank
Styling Spritz,https://www.amazon.com/s?k=Styling+Spritz&i=beauty&s=exact-aware-popularity-rank&ref=sr_st_exact-aware-popularity-rank
Conditioning Detangler,https://www.amazon.com/s?k=Conditioning+Detangler&i=beauty&s=exact-aware-popularity-rank&ref=sr_st_exact-aware-popularity-rank
Blowdry Lotion,https://www.amazon.com/s?k=Blowdry+Lotion&i=beauty&s=exact-aware-popularity-rank&ref=sr_st_exact-aware-popularity-rank
Shampoo Treatment,https://www.amazon.com/s?k=Shampoo+Treatment&i=beauty&s=exact-aware-popularity-rank&ref=sr_st_exact-aware-popularity-rank
Nourishing Oil,https://www.amazon.com/s?k=Nourishing+Oil&i=beauty&s=exact-aware-popularity-rank&ref=sr_st_exact-aware-popularity-rank
Baby Shampoo,https://www.amazon.com/s?k=Baby+Shampoo&i=beauty&s=exact-aware-popularity-rank&ref=sr_st_exact-aware-popularity-rank
Leave-In Detangler,https://www.amazon.com/s?k=Leave-In+Detangler&i=beauty&s=exact-aware-popularity-rank&ref=sr_st_exact-aware-popularity-rank
Shampoo,https://www.amazon.com/s?k=Shampoo&i=beauty&s=exact-aware-popularity-rank&ref=sr_st_exact-aware-popularity-rank
