Keyword,Links
Self-tanner combo,https://www.amazon.com/s?k=Self-tanner+combo&i=beauty&s=exact-aware-popularity-rank&ref=sr_st_exact-aware-popularity-rank
Cooling Moisturizer,https://www.amazon.com/s?k=Cooling+Moisturizer&i=beauty&s=exact-aware-popularity-rank&ref=sr_st_exact-aware-popularity-rank
Peeling Gel,https://www.amazon.com/s?k=Peeling+Gel&i=beauty&s=exact-aware-popularity-rank&ref=sr_st_exact-aware-popularity-rank
UV Moisturizer,https://www.amazon.com/s?k=UV+Moisturizer&i=beauty&s=exact-aware-popularity-rank&ref=sr_st_exact-aware-popularity-rank
Moisture Kit,https://www.amazon.com/s?k=Moisture+Kit&i=beauty&s=exact-aware-popularity-rank&ref=sr_st_exact-aware-popularity-rank
Lip protect,https://www.amazon.com/s?k=Lip+protect&i=beauty&s=exact-aware-popularity-rank&ref=sr_st_exact-aware-popularity-rank
Hyaluronic Moisturiser,https://www.amazon.com/s?k=Hyaluronic+Moisturiser&i=beauty&s=exact-aware-popularity-rank&ref=sr_st_exact-aware-popularity-rank
Bright Reveal,https://www.amazon.com/s?k=Bright+Reveal&i=beauty&s=exact-aware-popularity-rank&ref=sr_st_exact-aware-popularity-rank
Bentonite Mask,https://www.amazon.com/s?k=Bentonite+Mask&i=beauty&s=exact-aware-popularity-rank&ref=sr_st_exact-aware-popularity-rank
Collagen Emulsion,https://www.amazon.com/s?k=Collagen+Emulsion&i=beauty&s=exact-aware-popularity-rank&ref=sr_st_exact-aware-popularity-rank
Moisturizer Stick,https://www.amazon.com/s?k=Moisturizer+Stick&i=beauty&s=exact-aware-popularity-rank&ref=sr_st_exact-aware-popularity-rank
Exfoliating Toner,https://www.amazon.com/s?k=Exfoliating+Toner&i=beauty&s=exact-aware-popularity-rank&ref=sr_st_exact-aware-popularity-rank
Anti Blemish,https://www.amazon.com/s?k=Anti+Blemish&i=beauty&s=exact-aware-popularity-rank&ref=sr_st_exact-aware-popularity-rank
Snail toner,https://www.amazon.com/s?k=Snail+toner&i=beauty&s=exact-aware-popularity-rank&ref=sr_st_exact-aware-popularity-rank
Calming Pack,https://www.amazon.com/s?k=Calming+Pack&i=beauty&s=exact-aware-popularity-rank&ref=sr_st_exact-aware-popularity-rank
Stem Cell Serum,https://www.amazon.com/s?k=Stem+Cell+Serum&i=beauty&s=exact-aware-popularity-rank&ref=sr_st_exact-aware-popularity-rank
Tanning Milk,https://www.amazon.com/s?k=Tanning+Milk&i=beauty&s=exact-aware-popularity-rank&ref=sr_st_exact-aware-popularity-rank
Marshmallow Mask,https://www.amazon.com/s?k=Marshmallow+Mask&i=beauty&s=exact-aware-popularity-rank&ref=sr_st_exact-aware-popularity-rank
Peptide Moisturizer,https://www.amazon.com/s?k=Peptide+Moisturizer&i=beauty&s=exact-aware-popularity-rank&ref=sr_st_exact-aware-popularity-rank
Antiperspirant Stick,https://www.amazon.com/s?k=Antiperspirant+Stick&i=beauty&s=exact-aware-popularity-rank&ref=sr_st_exact-aware-popularity-rank
Moisturising Balm,https://www.amazon.com/s?k=Moisturising+Balm&i=beauty&s=exact-aware-popularity-rank&ref=sr_st_exact-aware-popularity-rank
Adult Acne,https://www.amazon.com/s?k=Adult+Acne&i=beauty&s=exact-aware-popularity-rank&ref=sr_st_exact-aware-popularity-rank
Calming Balm,https://www.amazon.com/s?k=Calming+Balm&i=beauty&s=exact-aware-popularity-rank&ref=sr_st_exact-aware-popularity-rank
Body Makeup,https://www.amazon.com/s?k=Body+Makeup&i=beauty&s=exact-aware-popularity-rank&ref=sr_st_exact-aware-popularity-rank
Clear Lotion,https://www.amazon.com/s?k=Clear+Lotion&i=beauty&s=exact-aware-popularity-rank&ref=sr_st_exact-aware-popularity-rank
Children sunscreen,https://www.amazon.com/s?k=Children+sunscreen&i=beauty&s=exact-aware-popularity-rank&ref=sr_st_exact-aware-popularity-rank
Ashwagandha Gummies,https://www.amazon.com/s?k=Ashwagandha+Gummies&i=hpc&s=exact-aware-popularity-rank&ref=sr_st_exact-aware-popularity-rank
Ashwagandha Supplement,https://www.amazon.com/s?k=Ashwagandha+Supplement&i=hpc&s=exact-aware-popularity-rank&ref=sr_st_exact-aware-popularity-rank
Stress support,https://www.amazon.com/s?k=Stress+support&i=hpc&s=exact-aware-popularity-rank&ref=sr_st_exact-aware-popularity-rank
Calcium Magnesium,https://www.amazon.com/s?k=Calcium+Magnesium&i=hpc&s=exact-aware-popularity-rank&ref=sr_st_exact-aware-popularity-rank
Magnesium Supplement,https://www.amazon.com/s?k=Magnesium+Supplement&i=hpc&s=exact-aware-popularity-rank&ref=sr_st_exact-aware-popularity-rank
Ashwagandha Capsules,https://www.amazon.com/s?k=Ashwagandha+Capsules&i=hpc&s=exact-aware-popularity-rank&ref=sr_st_exact-aware-popularity-rank
Anxiety Relief,https://www.amazon.com/s?k=Anxiety+Relief&i=hpc&s=exact-aware-popularity-rank&ref=sr_st_exact-aware-popularity-rank
Magnesium Gummies,https://www.amazon.com/s?k=Magnesium+Gummies&i=hpc&s=exact-aware-popularity-rank&ref=sr_st_exact-aware-popularity-rank
Cortisol Balance,https://www.amazon.com/s?k=Cortisol+Balance&i=hpc&s=exact-aware-popularity-rank&ref=sr_st_exact-aware-popularity-rank
Vitamin D3,https://www.amazon.com/s?k=Vitamin+D3&i=hpc&s=exact-aware-popularity-rank&ref=sr_st_exact-aware-popularity-rank
Stress Relief,https://www.amazon.com/s?k=Stress+Relief&i=hpc&s=exact-aware-popularity-rank&ref=sr_st_exact-aware-popularity-rank
Moringa Capsules,https://www.amazon.com/s?k=Moringa+Capsules&i=hpc&s=exact-aware-popularity-rank&ref=sr_st_exact-aware-popularity-rank
Magnesium Glycinate,https://www.amazon.com/s?k=Magnesium+Glycinate&i=hpc&s=exact-aware-popularity-rank&ref=sr_st_exact-aware-popularity-rank
Libido Supplement,https://www.amazon.com/s?k=Libido+Supplement&i=hpc&s=exact-aware-popularity-rank&ref=sr_st_exact-aware-popularity-rank
Herbal Supplement,https://www.amazon.com/s?k=Herbal+Supplement&i=hpc&s=exact-aware-popularity-rank&ref=sr_st_exact-aware-popularity-rank
Mood support,https://www.amazon.com/s?k=Mood+support&i=hpc&s=exact-aware-popularity-rank&ref=sr_st_exact-aware-popularity-rank
Magnesium Supplements,https://www.amazon.com/s?k=Magnesium+Supplements&i=hpc&s=exact-aware-popularity-rank&ref=sr_st_exact-aware-popularity-rank
Relax Support,https://www.amazon.com/s?k=Relax+Support&i=hpc&s=exact-aware-popularity-rank&ref=sr_st_exact-aware-popularity-rank
Calcium Supplement,https://www.amazon.com/s?k=Calcium+Supplement&i=hpc&s=exact-aware-popularity-rank&ref=sr_st_exact-aware-popularity-rank
Fertility Gummies,https://www.amazon.com/s?k=Fertility+Gummies&i=hpc&s=exact-aware-popularity-rank&ref=sr_st_exact-aware-popularity-rank
Sleep aid,https://www.amazon.com/s?k=Sleep+aid&i=hpc&s=exact-aware-popularity-rank&ref=sr_st_exact-aware-popularity-rank
P-5-P,https://www.amazon.com/s?k=P-5-P&i=hpc&s=exact-aware-popularity-rank&ref=sr_st_exact-aware-popularity-rank
Testosterone Booster,https://www.amazon.com/s?k=Testosterone+Booster&i=hpc&s=exact-aware-popularity-rank&ref=sr_st_exact-aware-popularity-rank
Inositol Capsules,https://www.amazon.com/s?k=Inositol+Capsules&i=hpc&s=exact-aware-popularity-rank&ref=sr_st_exact-aware-popularity-rank
