Keyword,Links
OliPure BP,https://www.ebay.com/sch/i.html?_from=R40&_nkw=OliPure+BP&_sacat=26395&rt=nc&LH_ItemCondition=3&LH_BIN=1&rt=nc&LH_PrefLoc=1
Quercetin supplement,https://www.ebay.com/sch/i.html?_from=R40&_nkw=Quercetin+supplement&_sacat=26395&rt=nc&LH_ItemCondition=3&LH_BIN=1&rt=nc&LH_PrefLoc=1
Kidney Detox,https://www.ebay.com/sch/i.html?_from=R40&_nkw=Kidney+Detox&_sacat=26395&rt=nc&LH_ItemCondition=3&LH_BIN=1&rt=nc&LH_PrefLoc=1
Omega-3 support,https://www.ebay.com/sch/i.html?_from=R40&_nkw=Omega-3+support&_sacat=26395&rt=nc&LH_ItemCondition=3&LH_BIN=1&rt=nc&LH_PrefLoc=1
Glucomannan Capsules,https://www.ebay.com/sch/i.html?_from=R40&_nkw=Glucomannan+Capsules&_sacat=26395&rt=nc&LH_ItemCondition=3&LH_BIN=1&rt=nc&LH_PrefLoc=1
Omega Softgels,https://www.ebay.com/sch/i.html?_from=R40&_nkw=Omega+Softgels&_sacat=26395&rt=nc&LH_ItemCondition=3&LH_BIN=1&rt=nc&LH_PrefLoc=1
Focus Gummies,https://www.ebay.com/sch/i.html?_from=R40&_nkw=Focus+Gummies&_sacat=26395&rt=nc&LH_ItemCondition=3&LH_BIN=1&rt=nc&LH_PrefLoc=1
Garlic Extract,https://www.ebay.com/sch/i.html?_from=R40&_nkw=Garlic+Extract&_sacat=26395&rt=nc&LH_ItemCondition=3&LH_BIN=1&rt=nc&LH_PrefLoc=1
Turmeric Liquid,https://www.ebay.com/sch/i.html?_from=R40&_nkw=Turmeric+Liquid&_sacat=26395&rt=nc&LH_ItemCondition=3&LH_BIN=1&rt=nc&LH_PrefLoc=1
Turmeric Drops,https://www.ebay.com/sch/i.html?_from=R40&_nkw=Turmeric+Drops&_sacat=26395&rt=nc&LH_ItemCondition=3&LH_BIN=1&rt=nc&LH_PrefLoc=1
Salmon Softgels,https://www.ebay.com/sch/i.html?_from=R40&_nkw=Salmon+Softgels&_sacat=26395&rt=nc&LH_ItemCondition=3&LH_BIN=1&rt=nc&LH_PrefLoc=1
Lutein Zeaxanthin,https://www.ebay.com/sch/i.html?_from=R40&_nkw=Lutein+Zeaxanthin&_sacat=26395&rt=nc&LH_ItemCondition=3&LH_BIN=1&rt=nc&LH_PrefLoc=1
MCT Omega-3,https://www.ebay.com/sch/i.html?_from=R40&_nkw=MCT+Omega-3&_sacat=26395&rt=nc&LH_ItemCondition=3&LH_BIN=1&rt=nc&LH_PrefLoc=1
Whole Flaxseed,https://www.ebay.com/sch/i.html?_from=R40&_nkw=Whole+Flaxseed&_sacat=26395&rt=nc&LH_ItemCondition=3&LH_BIN=1&rt=nc&LH_PrefLoc=1
Magnesium Turmeric,https://www.ebay.com/sch/i.html?_from=R40&_nkw=Magnesium+Turmeric&_sacat=26395&rt=nc&LH_ItemCondition=3&LH_BIN=1&rt=nc&LH_PrefLoc=1
Omega-3 Smoothie,https://www.ebay.com/sch/i.html?_from=R40&_nkw=Omega-3+Smoothie&_sacat=26395&rt=nc&LH_ItemCondition=3&LH_BIN=1&rt=nc&LH_PrefLoc=1
Multivitamin Antioxidant,https://www.ebay.com/sch/i.html?_from=R40&_nkw=Multivitamin+Antioxidant&_sacat=26395&rt=nc&LH_ItemCondition=3&LH_BIN=1&rt=nc&LH_PrefLoc=1
Beet Powder,https://www.ebay.com/sch/i.html?_from=R40&_nkw=Beet+Powder&_sacat=26395&rt=nc&LH_ItemCondition=3&LH_BIN=1&rt=nc&LH_PrefLoc=1
Krill Supplement,https://www.ebay.com/sch/i.html?_from=R40&_nkw=Krill+Supplement&_sacat=26395&rt=nc&LH_ItemCondition=3&LH_BIN=1&rt=nc&LH_PrefLoc=1
Calcium Pyruvate,https://www.ebay.com/sch/i.html?_from=R40&_nkw=Calcium+Pyruvate&_sacat=26395&rt=nc&LH_ItemCondition=3&LH_BIN=1&rt=nc&LH_PrefLoc=1
Immune Booster,https://www.ebay.com/sch/i.html?_from=R40&_nkw=Immune+Booster&_sacat=26395&rt=nc&LH_ItemCondition=3&LH_BIN=1&rt=nc&LH_PrefLoc=1
Mushroom Blend,https://www.ebay.com/sch/i.html?_from=R40&_nkw=Mushroom+Blend&_sacat=26395&rt=nc&LH_ItemCondition=3&LH_BIN=1&rt=nc&LH_PrefLoc=1
CoQ-10,https://www.ebay.com/sch/i.html?_from=R40&_nkw=CoQ-10&_sacat=26395&rt=nc&LH_ItemCondition=3&LH_BIN=1&rt=nc&LH_PrefLoc=1
Halal Fish Oil,https://www.ebay.com/sch/i.html?_from=R40&_nkw=Halal+Fish+Oil&_sacat=26395&rt=nc&LH_ItemCondition=3&LH_BIN=1&rt=nc&LH_PrefLoc=1
Omega 3 Softgels,https://www.ebay.com/sch/i.html?_from=R40&_nkw=Omega+3+Softgels&_sacat=26395&rt=nc&LH_ItemCondition=3&LH_BIN=1&rt=nc&LH_PrefLoc=1
Policosanol CoQ10,https://www.ebay.com/sch/i.html?_from=R40&_nkw=Policosanol+CoQ10&_sacat=26395&rt=nc&LH_ItemCondition=3&LH_BIN=1&rt=nc&LH_PrefLoc=1
Kids multivitamin,https://www.ebay.com/sch/i.html?_from=R40&_nkw=Kids+multivitamin&_sacat=26395&rt=nc&LH_ItemCondition=3&LH_BIN=1&rt=nc&LH_PrefLoc=1
Multivitamin Gummies,https://www.ebay.com/sch/i.html?_from=R40&_nkw=Multivitamin+Gummies&_sacat=26395&rt=nc&LH_ItemCondition=3&LH_BIN=1&rt=nc&LH_PrefLoc=1
Liver Cleanse,https://www.ebay.com/sch/i.html?_from=R40&_nkw=Liver+Cleanse&_sacat=26395&rt=nc&LH_ItemCondition=3&LH_BIN=1&rt=nc&LH_PrefLoc=1
Epa Dha,https://www.ebay.com/sch/i.html?_from=R40&_nkw=Epa+Dha&_sacat=26395&rt=nc&LH_ItemCondition=3&LH_BIN=1&rt=nc&LH_PrefLoc=1
Vegan Omega-3,https://www.ebay.com/sch/i.html?_from=R40&_nkw=Vegan+Omega-3&_sacat=26395&rt=nc&LH_ItemCondition=3&LH_BIN=1&rt=nc&LH_PrefLoc=1
Phosphatidyl Choline,https://www.ebay.com/sch/i.html?_from=R40&_nkw=Phosphatidyl+Choline&_sacat=26395&rt=nc&LH_ItemCondition=3&LH_BIN=1&rt=nc&LH_PrefLoc=1
Turmeric Meriva,https://www.ebay.com/sch/i.html?_from=R40&_nkw=Turmeric+Meriva&_sacat=26395&rt=nc&LH_ItemCondition=3&LH_BIN=1&rt=nc&LH_PrefLoc=1
Urinary Health,https://www.ebay.com/sch/i.html?_from=R40&_nkw=Urinary+Health&_sacat=26395&rt=nc&LH_ItemCondition=3&LH_BIN=1&rt=nc&LH_PrefLoc=1
Pine Pollen,https://www.ebay.com/sch/i.html?_from=R40&_nkw=Pine+Pollen&_sacat=26395&rt=nc&LH_ItemCondition=3&LH_BIN=1&rt=nc&LH_PrefLoc=1
Omega-3 Concentrate,https://www.ebay.com/sch/i.html?_from=R40&_nkw=Omega-3+Concentrate&_sacat=26395&rt=nc&LH_ItemCondition=3&LH_BIN=1&rt=nc&LH_PrefLoc=1
High-Intensity EPA,https://www.ebay.com/sch/i.html?_from=R40&_nkw=High-Intensity+EPA&_sacat=26395&rt=nc&LH_ItemCondition=3&LH_BIN=1&rt=nc&LH_PrefLoc=1
CoQ10 Hawthorn,https://www.ebay.com/sch/i.html?_from=R40&_nkw=CoQ10+Hawthorn&_sacat=26395&rt=nc&LH_ItemCondition=3&LH_BIN=1&rt=nc&LH_PrefLoc=1
Digestive Enzymes,https://www.ebay.com/sch/i.html?_from=R40&_nkw=Digestive+Enzymes&_sacat=26395&rt=nc&LH_ItemCondition=3&LH_BIN=1&rt=nc&LH_PrefLoc=1
DHA softgels,https://www.ebay.com/sch/i.html?_from=R40&_nkw=DHA+softgels&_sacat=26395&rt=nc&LH_ItemCondition=3&LH_BIN=1&rt=nc&LH_PrefLoc=1
Collagen supplement,https://www.ebay.com/sch/i.html?_from=R40&_nkw=Collagen+supplement&_sacat=26395&rt=nc&LH_ItemCondition=3&LH_BIN=1&rt=nc&LH_PrefLoc=1
Turmeric Boswellia,https://www.ebay.com/sch/i.html?_from=R40&_nkw=Turmeric+Boswellia&_sacat=26395&rt=nc&LH_ItemCondition=3&LH_BIN=1&rt=nc&LH_PrefLoc=1
CoQ-10 Softgels,https://www.ebay.com/sch/i.html?_from=R40&_nkw=CoQ-10+Softgels&_sacat=26395&rt=nc&LH_ItemCondition=3&LH_BIN=1&rt=nc&LH_PrefLoc=1
Omega-3 CoQ10,https://www.ebay.com/sch/i.html?_from=R40&_nkw=Omega-3+CoQ10&_sacat=26395&rt=nc&LH_ItemCondition=3&LH_BIN=1&rt=nc&LH_PrefLoc=1
Joint health,https://www.ebay.com/sch/i.html?_from=R40&_nkw=Joint+health&_sacat=26395&rt=nc&LH_ItemCondition=3&LH_BIN=1&rt=nc&LH_PrefLoc=1
Hemp Seed Oil,https://www.ebay.com/sch/i.html?_from=R40&_nkw=Hemp+Seed+Oil&_sacat=26395&rt=nc&LH_ItemCondition=3&LH_BIN=1&rt=nc&LH_PrefLoc=1
Omega-3 Sorbet,https://www.ebay.com/sch/i.html?_from=R40&_nkw=Omega-3+Sorbet&_sacat=26395&rt=nc&LH_ItemCondition=3&LH_BIN=1&rt=nc&LH_PrefLoc=1
Carditone Capsules,https://www.ebay.com/sch/i.html?_from=R40&_nkw=Carditone+Capsules&_sacat=26395&rt=nc&LH_ItemCondition=3&LH_BIN=1&rt=nc&LH_PrefLoc=1
CoQ10 PQQ,https://www.ebay.com/sch/i.html?_from=R40&_nkw=CoQ10+PQQ&_sacat=26395&rt=nc&LH_ItemCondition=3&LH_BIN=1&rt=nc&LH_PrefLoc=1
Keto Gummies,https://www.ebay.com/sch/i.html?_from=R40&_nkw=Keto+Gummies&_sacat=26395&rt=nc&LH_ItemCondition=3&LH_BIN=1&rt=nc&LH_PrefLoc=1
