Keyword,Links
Color safe,https://www.ebay.com/sch/i.html?_from=R40&_nkw=Color+safe&_sacat=26395&rt=nc&LH_ItemCondition=3&LH_BIN=1&rt=nc&LH_PrefLoc=1
Wax Strips,https://www.ebay.com/sch/i.html?_from=R40&_nkw=Wax+Strips&_sacat=26395&rt=nc&LH_ItemCondition=3&LH_BIN=1&rt=nc&LH_PrefLoc=1
Hair moisturizer,https://www.ebay.com/sch/i.html?_from=R40&_nkw=Hair+moisturizer&_sacat=26395&rt=nc&LH_ItemCondition=3&LH_BIN=1&rt=nc&LH_PrefLoc=1
Security Shampoo,https://www.ebay.com/sch/i.html?_from=R40&_nkw=Security+Shampoo&_sacat=26395&rt=nc&LH_ItemCondition=3&LH_BIN=1&rt=nc&LH_PrefLoc=1
Lilo Stitch Headband,https://www.ebay.com/sch/i.html?_from=R40&_nkw=Lilo+Stitch+Headband&_sacat=26395&rt=nc&LH_ItemCondition=3&LH_BIN=1&rt=nc&LH_PrefLoc=1
Biotin Shampoo,https://www.ebay.com/sch/i.html?_from=R40&_nkw=Biotin+Shampoo&_sacat=26395&rt=nc&LH_ItemCondition=3&LH_BIN=1&rt=nc&LH_PrefLoc=1
Brown Butter,https://www.ebay.com/sch/i.html?_from=R40&_nkw=Brown+Butter&_sacat=26395&rt=nc&LH_ItemCondition=3&LH_BIN=1&rt=nc&LH_PrefLoc=1
Color Protecting,https://www.ebay.com/sch/i.html?_from=R40&_nkw=Color+Protecting&_sacat=26395&rt=nc&LH_ItemCondition=3&LH_BIN=1&rt=nc&LH_PrefLoc=1
Keratin Conditioner,https://www.ebay.com/sch/i.html?_from=R40&_nkw=Keratin+Conditioner&_sacat=26395&rt=nc&LH_ItemCondition=3&LH_BIN=1&rt=nc&LH_PrefLoc=1
Self tan,https://www.ebay.com/sch/i.html?_from=R40&_nkw=Self+tan&_sacat=26395&rt=nc&LH_ItemCondition=3&LH_BIN=1&rt=nc&LH_PrefLoc=1
Sulfate-Free Shampoo,https://www.ebay.com/sch/i.html?_from=R40&_nkw=Sulfate-Free+Shampoo&_sacat=26395&rt=nc&LH_ItemCondition=3&LH_BIN=1&rt=nc&LH_PrefLoc=1
Dandruff Shampoo,https://www.ebay.com/sch/i.html?_from=R40&_nkw=Dandruff+Shampoo&_sacat=26395&rt=nc&LH_ItemCondition=3&LH_BIN=1&rt=nc&LH_PrefLoc=1
Shiny Conditioner,https://www.ebay.com/sch/i.html?_from=R40&_nkw=Shiny+Conditioner&_sacat=26395&rt=nc&LH_ItemCondition=3&LH_BIN=1&rt=nc&LH_PrefLoc=1
Sleek Shine,https://www.ebay.com/sch/i.html?_from=R40&_nkw=Sleek+Shine&_sacat=26395&rt=nc&LH_ItemCondition=3&LH_BIN=1&rt=nc&LH_PrefLoc=1
Travel Duo,https://www.ebay.com/sch/i.html?_from=R40&_nkw=Travel+Duo&_sacat=26395&rt=nc&LH_ItemCondition=3&LH_BIN=1&rt=nc&LH_PrefLoc=1
Ceramic Hair Dryer,https://www.ebay.com/sch/i.html?_from=R40&_nkw=Ceramic+Hair+Dryer&_sacat=26395&rt=nc&LH_ItemCondition=3&LH_BIN=1&rt=nc&LH_PrefLoc=1
Hair regrowth,https://www.ebay.com/sch/i.html?_from=R40&_nkw=Hair+regrowth&_sacat=26395&rt=nc&LH_ItemCondition=3&LH_BIN=1&rt=nc&LH_PrefLoc=1
Coconut Lotion,https://www.ebay.com/sch/i.html?_from=R40&_nkw=Coconut+Lotion&_sacat=26395&rt=nc&LH_ItemCondition=3&LH_BIN=1&rt=nc&LH_PrefLoc=1
Ricino aceite,https://www.ebay.com/sch/i.html?_from=R40&_nkw=Ricino+aceite&_sacat=26395&rt=nc&LH_ItemCondition=3&LH_BIN=1&rt=nc&LH_PrefLoc=1
Shampoo Wash,https://www.ebay.com/sch/i.html?_from=R40&_nkw=Shampoo+Wash&_sacat=26395&rt=nc&LH_ItemCondition=3&LH_BIN=1&rt=nc&LH_PrefLoc=1
Age Defying Conditioner,https://www.ebay.com/sch/i.html?_from=R40&_nkw=Age+Defying+Conditioner&_sacat=26395&rt=nc&LH_ItemCondition=3&LH_BIN=1&rt=nc&LH_PrefLoc=1
Calming Shampoo,https://www.ebay.com/sch/i.html?_from=R40&_nkw=Calming+Shampoo&_sacat=26395&rt=nc&LH_ItemCondition=3&LH_BIN=1&rt=nc&LH_PrefLoc=1
Blonde Wig,https://www.ebay.com/sch/i.html?_from=R40&_nkw=Blonde+Wig&_sacat=26395&rt=nc&LH_ItemCondition=3&LH_BIN=1&rt=nc&LH_PrefLoc=1
Color shampoo,https://www.ebay.com/sch/i.html?_from=R40&_nkw=Color+shampoo&_sacat=26395&rt=nc&LH_ItemCondition=3&LH_BIN=1&rt=nc&LH_PrefLoc=1
Body mist,https://www.ebay.com/sch/i.html?_from=R40&_nkw=Body+mist&_sacat=26395&rt=nc&LH_ItemCondition=3&LH_BIN=1&rt=nc&LH_PrefLoc=1
Hydrating Toner,https://www.ebay.com/sch/i.html?_from=R40&_nkw=Hydrating+Toner&_sacat=26395&rt=nc&LH_ItemCondition=3&LH_BIN=1&rt=nc&LH_PrefLoc=1
Curl Enhancer,https://www.ebay.com/sch/i.html?_from=R40&_nkw=Curl+Enhancer&_sacat=26395&rt=nc&LH_ItemCondition=3&LH_BIN=1&rt=nc&LH_PrefLoc=1
Silver conditioner,https://www.ebay.com/sch/i.html?_from=R40&_nkw=Silver+conditioner&_sacat=26395&rt=nc&LH_ItemCondition=3&LH_BIN=1&rt=nc&LH_PrefLoc=1
Curly Curls,https://www.ebay.com/sch/i.html?_from=R40&_nkw=Curly+Curls&_sacat=26395&rt=nc&LH_ItemCondition=3&LH_BIN=1&rt=nc&LH_PrefLoc=1
Shampoo Conditioner,https://www.ebay.com/sch/i.html?_from=R40&_nkw=Shampoo+Conditioner&_sacat=26395&rt=nc&LH_ItemCondition=3&LH_BIN=1&rt=nc&LH_PrefLoc=1
Volumizing spray,https://www.ebay.com/sch/i.html?_from=R40&_nkw=Volumizing+spray&_sacat=26395&rt=nc&LH_ItemCondition=3&LH_BIN=1&rt=nc&LH_PrefLoc=1
Glitter Hair Clips,https://www.ebay.com/sch/i.html?_from=R40&_nkw=Glitter+Hair+Clips&_sacat=26395&rt=nc&LH_ItemCondition=3&LH_BIN=1&rt=nc&LH_PrefLoc=1
Smoothing Lotion,https://www.ebay.com/sch/i.html?_from=R40&_nkw=Smoothing+Lotion&_sacat=26395&rt=nc&LH_ItemCondition=3&LH_BIN=1&rt=nc&LH_PrefLoc=1
Nourish Conditioner,https://www.ebay.com/sch/i.html?_from=R40&_nkw=Nourish+Conditioner&_sacat=26395&rt=nc&LH_ItemCondition=3&LH_BIN=1&rt=nc&LH_PrefLoc=1
Dreadlock Wig,https://www.ebay.com/sch/i.html?_from=R40&_nkw=Dreadlock+Wig&_sacat=26395&rt=nc&LH_ItemCondition=3&LH_BIN=1&rt=nc&LH_PrefLoc=1
Fresh Air Shampoo,https://www.ebay.com/sch/i.html?_from=R40&_nkw=Fresh+Air+Shampoo&_sacat=26395&rt=nc&LH_ItemCondition=3&LH_BIN=1&rt=nc&LH_PrefLoc=1
Claw Clip,https://www.ebay.com/sch/i.html?_from=R40&_nkw=Claw+Clip&_sacat=26395&rt=nc&LH_ItemCondition=3&LH_BIN=1&rt=nc&LH_PrefLoc=1
Pixie Wig,https://www.ebay.com/sch/i.html?_from=R40&_nkw=Pixie+Wig&_sacat=26395&rt=nc&LH_ItemCondition=3&LH_BIN=1&rt=nc&LH_PrefLoc=1
Princess Bows,https://www.ebay.com/sch/i.html?_from=R40&_nkw=Princess+Bows&_sacat=26395&rt=nc&LH_ItemCondition=3&LH_BIN=1&rt=nc&LH_PrefLoc=1
Hair dressing,https://www.ebay.com/sch/i.html?_from=R40&_nkw=Hair+dressing&_sacat=26395&rt=nc&LH_ItemCondition=3&LH_BIN=1&rt=nc&LH_PrefLoc=1
Dry Shampoo,https://www.ebay.com/sch/i.html?_from=R40&_nkw=Dry+Shampoo&_sacat=26395&rt=nc&LH_ItemCondition=3&LH_BIN=1&rt=nc&LH_PrefLoc=1
Scalp Scrub,https://www.ebay.com/sch/i.html?_from=R40&_nkw=Scalp+Scrub&_sacat=26395&rt=nc&LH_ItemCondition=3&LH_BIN=1&rt=nc&LH_PrefLoc=1
Hair thickening,https://www.ebay.com/sch/i.html?_from=R40&_nkw=Hair+thickening&_sacat=26395&rt=nc&LH_ItemCondition=3&LH_BIN=1&rt=nc&LH_PrefLoc=1
Hydrating Conditioner,https://www.ebay.com/sch/i.html?_from=R40&_nkw=Hydrating+Conditioner&_sacat=26395&rt=nc&LH_ItemCondition=3&LH_BIN=1&rt=nc&LH_PrefLoc=1
Leave-In Treatment,https://www.ebay.com/sch/i.html?_from=R40&_nkw=Leave-In+Treatment&_sacat=26395&rt=nc&LH_ItemCondition=3&LH_BIN=1&rt=nc&LH_PrefLoc=1
Frizz Tamer,https://www.ebay.com/sch/i.html?_from=R40&_nkw=Frizz+Tamer&_sacat=26395&rt=nc&LH_ItemCondition=3&LH_BIN=1&rt=nc&LH_PrefLoc=1
Pine Tar Conditioner,https://www.ebay.com/sch/i.html?_from=R40&_nkw=Pine+Tar+Conditioner&_sacat=26395&rt=nc&LH_ItemCondition=3&LH_BIN=1&rt=nc&LH_PrefLoc=1
Therapeutic Shampoo,https://www.ebay.com/sch/i.html?_from=R40&_nkw=Therapeutic+Shampoo&_sacat=26395&rt=nc&LH_ItemCondition=3&LH_BIN=1&rt=nc&LH_PrefLoc=1
Color Extend,https://www.ebay.com/sch/i.html?_from=R40&_nkw=Color+Extend&_sacat=26395&rt=nc&LH_ItemCondition=3&LH_BIN=1&rt=nc&LH_PrefLoc=1
Pink headband,https://www.ebay.com/sch/i.html?_from=R40&_nkw=Pink+headband&_sacat=26395&rt=nc&LH_ItemCondition=3&LH_BIN=1&rt=nc&LH_PrefLoc=1
