Keyword,Links
Tapered Highlighter,https://www.amazon.com/s?k=Tapered+Highlighter&i=beauty&s=exact-aware-popularity-rank&ref=sr_st_exact-aware-popularity-rank
Face Mirror,https://www.amazon.com/s?k=Face+Mirror&i=beauty&s=exact-aware-popularity-rank&ref=sr_st_exact-aware-popularity-rank
Comb honey,https://www.amazon.com/s?k=Comb+honey&i=beauty&s=exact-aware-popularity-rank&ref=sr_st_exact-aware-popularity-rank
Fractographic logging,https://www.amazon.com/s?k=Fractographic+logging&i=beauty&s=exact-aware-popularity-rank&ref=sr_st_exact-aware-popularity-rank
Make-Up Organizer,https://www.amazon.com/s?k=Make-Up+Organizer&i=beauty&s=exact-aware-popularity-rank&ref=sr_st_exact-aware-popularity-rank
Nylon Comb,https://www.amazon.com/s?k=Nylon+Comb&i=beauty&s=exact-aware-popularity-rank&ref=sr_st_exact-aware-popularity-rank
Socks Organizer,https://www.amazon.com/s?k=Socks+Organizer&i=beauty&s=exact-aware-popularity-rank&ref=sr_st_exact-aware-popularity-rank
Travel narrative,https://www.amazon.com/s?k=Travel+narrative&i=beauty&s=exact-aware-popularity-rank&ref=sr_st_exact-aware-popularity-rank
Hair secrets,https://www.amazon.com/s?k=Hair+secrets&i=beauty&s=exact-aware-popularity-rank&ref=sr_st_exact-aware-popularity-rank
Rhode Island Reds,https://www.amazon.com/s?k=Rhode+Island+Reds&i=beauty&s=exact-aware-popularity-rank&ref=sr_st_exact-aware-popularity-rank
Targum Unelos,https://www.amazon.com/s?k=Targum+Unelos&i=beauty&s=exact-aware-popularity-rank&ref=sr_st_exact-aware-popularity-rank
Mirror Decor,https://www.amazon.com/s?k=Mirror+Decor&i=beauty&s=exact-aware-popularity-rank&ref=sr_st_exact-aware-popularity-rank
Beach Towel,https://www.amazon.com/s?k=Beach+Towel&i=beauty&s=exact-aware-popularity-rank&ref=sr_st_exact-aware-popularity-rank
Cook voyages,https://www.amazon.com/s?k=Cook+voyages&i=beauty&s=exact-aware-popularity-rank&ref=sr_st_exact-aware-popularity-rank
Leather Comb,https://www.amazon.com/s?k=Leather+Comb&i=beauty&s=exact-aware-popularity-rank&ref=sr_st_exact-aware-popularity-rank
Mini Flat Iron,https://www.amazon.com/s?k=Mini+Flat+Iron&i=beauty&s=exact-aware-popularity-rank&ref=sr_st_exact-aware-popularity-rank
Cosmetic Organizer,https://www.amazon.com/s?k=Cosmetic+Organizer&i=beauty&s=exact-aware-popularity-rank&ref=sr_st_exact-aware-popularity-rank
Fruits Pouch,https://www.amazon.com/s?k=Fruits+Pouch&i=beauty&s=exact-aware-popularity-rank&ref=sr_st_exact-aware-popularity-rank
Eccentric Mirror,https://www.amazon.com/s?k=Eccentric+Mirror&i=beauty&s=exact-aware-popularity-rank&ref=sr_st_exact-aware-popularity-rank
Eyebrow Shaper,https://www.amazon.com/s?k=Eyebrow+Shaper&i=beauty&s=exact-aware-popularity-rank&ref=sr_st_exact-aware-popularity-rank
Flawless Collection,https://www.amazon.com/s?k=Flawless+Collection&i=beauty&s=exact-aware-popularity-rank&ref=sr_st_exact-aware-popularity-rank
Golden Ticket Pouch,https://www.amazon.com/s?k=Golden+Ticket+Pouch&i=beauty&s=exact-aware-popularity-rank&ref=sr_st_exact-aware-popularity-rank
Leather journal,https://www.amazon.com/s?k=Leather+journal&i=beauty&s=exact-aware-popularity-rank&ref=sr_st_exact-aware-popularity-rank
Crocodile Cosmetic,https://www.amazon.com/s?k=Crocodile+Cosmetic&i=beauty&s=exact-aware-popularity-rank&ref=sr_st_exact-aware-popularity-rank
Facial Sponge,https://www.amazon.com/s?k=Facial+Sponge&i=beauty&s=exact-aware-popularity-rank&ref=sr_st_exact-aware-popularity-rank
Eyebrow Brush,https://www.amazon.com/s?k=Eyebrow+Brush&i=beauty&s=exact-aware-popularity-rank&ref=sr_st_exact-aware-popularity-rank
Food Law,https://www.amazon.com/s?k=Food+Law&i=beauty&s=exact-aware-popularity-rank&ref=sr_st_exact-aware-popularity-rank
Cordless Styler,https://www.amazon.com/s?k=Cordless+Styler&i=beauty&s=exact-aware-popularity-rank&ref=sr_st_exact-aware-popularity-rank
Storage Drawers,https://www.amazon.com/s?k=Storage+Drawers&i=beauty&s=exact-aware-popularity-rank&ref=sr_st_exact-aware-popularity-rank
Gel applicators,https://www.amazon.com/s?k=Gel+applicators&i=beauty&s=exact-aware-popularity-rank&ref=sr_st_exact-aware-popularity-rank
City guide,https://www.amazon.com/s?k=City+guide&i=beauty&s=exact-aware-popularity-rank&ref=sr_st_exact-aware-popularity-rank
Cordless Curler,https://www.amazon.com/s?k=Cordless+Curler&i=beauty&s=exact-aware-popularity-rank&ref=sr_st_exact-aware-popularity-rank
Fluenta Brush,https://www.amazon.com/s?k=Fluenta+Brush&i=beauty&s=exact-aware-popularity-rank&ref=sr_st_exact-aware-popularity-rank
LED therapy,https://www.amazon.com/s?k=LED+therapy&i=beauty&s=exact-aware-popularity-rank&ref=sr_st_exact-aware-popularity-rank
High Frequency,https://www.amazon.com/s?k=High+Frequency&i=beauty&s=exact-aware-popularity-rank&ref=sr_st_exact-aware-popularity-rank
Mirror Brush,https://www.amazon.com/s?k=Mirror+Brush&i=beauty&s=exact-aware-popularity-rank&ref=sr_st_exact-aware-popularity-rank
Cryotherapy Brush,https://www.amazon.com/s?k=Cryotherapy+Brush&i=beauty&s=exact-aware-popularity-rank&ref=sr_st_exact-aware-popularity-rank
Kawaii Mirror,https://www.amazon.com/s?k=Kawaii+Mirror&i=beauty&s=exact-aware-popularity-rank&ref=sr_st_exact-aware-popularity-rank
Photon Therapy,https://www.amazon.com/s?k=Photon+Therapy&i=beauty&s=exact-aware-popularity-rank&ref=sr_st_exact-aware-popularity-rank
Hand-held Mirror,https://www.amazon.com/s?k=Hand-held+Mirror&i=beauty&s=exact-aware-popularity-rank&ref=sr_st_exact-aware-popularity-rank
Brush organizer,https://www.amazon.com/s?k=Brush+organizer&i=beauty&s=exact-aware-popularity-rank&ref=sr_st_exact-aware-popularity-rank
Hair Tweezers,https://www.amazon.com/s?k=Hair+Tweezers&i=beauty&s=exact-aware-popularity-rank&ref=sr_st_exact-aware-popularity-rank
LED Mask,https://www.amazon.com/s?k=LED+Mask&i=beauty&s=exact-aware-popularity-rank&ref=sr_st_exact-aware-popularity-rank
Clear Purse,https://www.amazon.com/s?k=Clear+Purse&i=beauty&s=exact-aware-popularity-rank&ref=sr_st_exact-aware-popularity-rank
Pointed Tweezer,https://www.amazon.com/s?k=Pointed+Tweezer&i=beauty&s=exact-aware-popularity-rank&ref=sr_st_exact-aware-popularity-rank
Face Sponge,https://www.amazon.com/s?k=Face+Sponge&i=beauty&s=exact-aware-popularity-rank&ref=sr_st_exact-aware-popularity-rank
Tweezer Set,https://www.amazon.com/s?k=Tweezer+Set&i=beauty&s=exact-aware-popularity-rank&ref=sr_st_exact-aware-popularity-rank
Chocolate Bag,https://www.amazon.com/s?k=Chocolate+Bag&i=beauty&s=exact-aware-popularity-rank&ref=sr_st_exact-aware-popularity-rank
Replacement Rollers,https://www.amazon.com/s?k=Replacement+Rollers&i=beauty&s=exact-aware-popularity-rank&ref=sr_st_exact-aware-popularity-rank
Lip Gloss Spatula,https://www.amazon.com/s?k=Lip+Gloss+Spatula&i=beauty&s=exact-aware-popularity-rank&ref=sr_st_exact-aware-popularity-rank
