Keyword,Links
Tapered Highlighter,https://www.ebay.com/sch/i.html?_from=R40&_nkw=Tapered+Highlighter&_sacat=26395&rt=nc&LH_ItemCondition=3&LH_BIN=1&rt=nc&LH_PrefLoc=1
Face Mirror,https://www.ebay.com/sch/i.html?_from=R40&_nkw=Face+Mirror&_sacat=26395&rt=nc&LH_ItemCondition=3&LH_BIN=1&rt=nc&LH_PrefLoc=1
Comb honey,https://www.ebay.com/sch/i.html?_from=R40&_nkw=Comb+honey&_sacat=26395&rt=nc&LH_ItemCondition=3&LH_BIN=1&rt=nc&LH_PrefLoc=1
Fractographic logging,https://www.ebay.com/sch/i.html?_from=R40&_nkw=Fractographic+logging&_sacat=26395&rt=nc&LH_ItemCondition=3&LH_BIN=1&rt=nc&LH_PrefLoc=1
Make-Up Organizer,https://www.ebay.com/sch/i.html?_from=R40&_nkw=Make-Up+Organizer&_sacat=26395&rt=nc&LH_ItemCondition=3&LH_BIN=1&rt=nc&LH_PrefLoc=1
Nylon Comb,https://www.ebay.com/sch/i.html?_from=R40&_nkw=Nylon+Comb&_sacat=26395&rt=nc&LH_ItemCondition=3&LH_BIN=1&rt=nc&LH_PrefLoc=1
Socks Organizer,https://www.ebay.com/sch/i.html?_from=R40&_nkw=Socks+Organizer&_sacat=26395&rt=nc&LH_ItemCondition=3&LH_BIN=1&rt=nc&LH_PrefLoc=1
Travel narrative,https://www.ebay.com/sch/i.html?_from=R40&_nkw=Travel+narrative&_sacat=26395&rt=nc&LH_ItemCondition=3&LH_BIN=1&rt=nc&LH_PrefLoc=1
Hair secrets,https://www.ebay.com/sch/i.html?_from=R40&_nkw=Hair+secrets&_sacat=26395&rt=nc&LH_ItemCondition=3&LH_BIN=1&rt=nc&LH_PrefLoc=1
Rhode Island Reds,https://www.ebay.com/sch/i.html?_from=R40&_nkw=Rhode+Island+Reds&_sacat=26395&rt=nc&LH_ItemCondition=3&LH_BIN=1&rt=nc&LH_PrefLoc=1
Targum Unelos,https://www.ebay.com/sch/i.html?_from=R40&_nkw=Targum+Unelos&_sacat=26395&rt=nc&LH_ItemCondition=3&LH_BIN=1&rt=nc&LH_PrefLoc=1
Mirror Decor,https://www.ebay.com/sch/i.html?_from=R40&_nkw=Mirror+Decor&_sacat=26395&rt=nc&LH_ItemCondition=3&LH_BIN=1&rt=nc&LH_PrefLoc=1
Beach Towel,https://www.ebay.com/sch/i.html?_from=R40&_nkw=Beach+Towel&_sacat=26395&rt=nc&LH_ItemCondition=3&LH_BIN=1&rt=nc&LH_PrefLoc=1
Cook voyages,https://www.ebay.com/sch/i.html?_from=R40&_nkw=Cook+voyages&_sacat=26395&rt=nc&LH_ItemCondition=3&LH_BIN=1&rt=nc&LH_PrefLoc=1
Leather Comb,https://www.ebay.com/sch/i.html?_from=R40&_nkw=Leather+Comb&_sacat=26395&rt=nc&LH_ItemCondition=3&LH_BIN=1&rt=nc&LH_PrefLoc=1
Mini Flat Iron,https://www.ebay.com/sch/i.html?_from=R40&_nkw=Mini+Flat+Iron&_sacat=26395&rt=nc&LH_ItemCondition=3&LH_BIN=1&rt=nc&LH_PrefLoc=1
Cosmetic Organizer,https://www.ebay.com/sch/i.html?_from=R40&_nkw=Cosmetic+Organizer&_sacat=26395&rt=nc&LH_ItemCondition=3&LH_BIN=1&rt=nc&LH_PrefLoc=1
Fruits Pouch,https://www.ebay.com/sch/i.html?_from=R40&_nkw=Fruits+Pouch&_sacat=26395&rt=nc&LH_ItemCondition=3&LH_BIN=1&rt=nc&LH_PrefLoc=1
Eccentric Mirror,https://www.ebay.com/sch/i.html?_from=R40&_nkw=Eccentric+Mirror&_sacat=26395&rt=nc&LH_ItemCondition=3&LH_BIN=1&rt=nc&LH_PrefLoc=1
Eyebrow Shaper,https://www.ebay.com/sch/i.html?_from=R40&_nkw=Eyebrow+Shaper&_sacat=26395&rt=nc&LH_ItemCondition=3&LH_BIN=1&rt=nc&LH_PrefLoc=1
Flawless Collection,https://www.ebay.com/sch/i.html?_from=R40&_nkw=Flawless+Collection&_sacat=26395&rt=nc&LH_ItemCondition=3&LH_BIN=1&rt=nc&LH_PrefLoc=1
Golden Ticket Pouch,https://www.ebay.com/sch/i.html?_from=R40&_nkw=Golden+Ticket+Pouch&_sacat=26395&rt=nc&LH_ItemCondition=3&LH_BIN=1&rt=nc&LH_PrefLoc=1
Leather journal,https://www.ebay.com/sch/i.html?_from=R40&_nkw=Leather+journal&_sacat=26395&rt=nc&LH_ItemCondition=3&LH_BIN=1&rt=nc&LH_PrefLoc=1
Crocodile Cosmetic,https://www.ebay.com/sch/i.html?_from=R40&_nkw=Crocodile+Cosmetic&_sacat=26395&rt=nc&LH_ItemCondition=3&LH_BIN=1&rt=nc&LH_PrefLoc=1
Facial Sponge,https://www.ebay.com/sch/i.html?_from=R40&_nkw=Facial+Sponge&_sacat=26395&rt=nc&LH_ItemCondition=3&LH_BIN=1&rt=nc&LH_PrefLoc=1
Eyebrow Brush,https://www.ebay.com/sch/i.html?_from=R40&_nkw=Eyebrow+Brush&_sacat=26395&rt=nc&LH_ItemCondition=3&LH_BIN=1&rt=nc&LH_PrefLoc=1
Food Law,https://www.ebay.com/sch/i.html?_from=R40&_nkw=Food+Law&_sacat=26395&rt=nc&LH_ItemCondition=3&LH_BIN=1&rt=nc&LH_PrefLoc=1
Cordless Styler,https://www.ebay.com/sch/i.html?_from=R40&_nkw=Cordless+Styler&_sacat=26395&rt=nc&LH_ItemCondition=3&LH_BIN=1&rt=nc&LH_PrefLoc=1
Storage Drawers,https://www.ebay.com/sch/i.html?_from=R40&_nkw=Storage+Drawers&_sacat=26395&rt=nc&LH_ItemCondition=3&LH_BIN=1&rt=nc&LH_PrefLoc=1
Gel applicators,https://www.ebay.com/sch/i.html?_from=R40&_nkw=Gel+applicators&_sacat=26395&rt=nc&LH_ItemCondition=3&LH_BIN=1&rt=nc&LH_PrefLoc=1
City guide,https://www.ebay.com/sch/i.html?_from=R40&_nkw=City+guide&_sacat=26395&rt=nc&LH_ItemCondition=3&LH_BIN=1&rt=nc&LH_PrefLoc=1
Cordless Curler,https://www.ebay.com/sch/i.html?_from=R40&_nkw=Cordless+Curler&_sacat=26395&rt=nc&LH_ItemCondition=3&LH_BIN=1&rt=nc&LH_PrefLoc=1
Fluenta Brush,https://www.ebay.com/sch/i.html?_from=R40&_nkw=Fluenta+Brush&_sacat=26395&rt=nc&LH_ItemCondition=3&LH_BIN=1&rt=nc&LH_PrefLoc=1
LED therapy,https://www.ebay.com/sch/i.html?_from=R40&_nkw=LED+therapy&_sacat=26395&rt=nc&LH_ItemCondition=3&LH_BIN=1&rt=nc&LH_PrefLoc=1
High Frequency,https://www.ebay.com/sch/i.html?_from=R40&_nkw=High+Frequency&_sacat=26395&rt=nc&LH_ItemCondition=3&LH_BIN=1&rt=nc&LH_PrefLoc=1
Mirror Brush,https://www.ebay.com/sch/i.html?_from=R40&_nkw=Mirror+Brush&_sacat=26395&rt=nc&LH_ItemCondition=3&LH_BIN=1&rt=nc&LH_PrefLoc=1
Cryotherapy Brush,https://www.ebay.com/sch/i.html?_from=R40&_nkw=Cryotherapy+Brush&_sacat=26395&rt=nc&LH_ItemCondition=3&LH_BIN=1&rt=nc&LH_PrefLoc=1
Kawaii Mirror,https://www.ebay.com/sch/i.html?_from=R40&_nkw=Kawaii+Mirror&_sacat=26395&rt=nc&LH_ItemCondition=3&LH_BIN=1&rt=nc&LH_PrefLoc=1
Photon Therapy,https://www.ebay.com/sch/i.html?_from=R40&_nkw=Photon+Therapy&_sacat=26395&rt=nc&LH_ItemCondition=3&LH_BIN=1&rt=nc&LH_PrefLoc=1
Hand-held Mirror,https://www.ebay.com/sch/i.html?_from=R40&_nkw=Hand-held+Mirror&_sacat=26395&rt=nc&LH_ItemCondition=3&LH_BIN=1&rt=nc&LH_PrefLoc=1
Brush organizer,https://www.ebay.com/sch/i.html?_from=R40&_nkw=Brush+organizer&_sacat=26395&rt=nc&LH_ItemCondition=3&LH_BIN=1&rt=nc&LH_PrefLoc=1
Hair Tweezers,https://www.ebay.com/sch/i.html?_from=R40&_nkw=Hair+Tweezers&_sacat=26395&rt=nc&LH_ItemCondition=3&LH_BIN=1&rt=nc&LH_PrefLoc=1
LED Mask,https://www.ebay.com/sch/i.html?_from=R40&_nkw=LED+Mask&_sacat=26395&rt=nc&LH_ItemCondition=3&LH_BIN=1&rt=nc&LH_PrefLoc=1
Clear Purse,https://www.ebay.com/sch/i.html?_from=R40&_nkw=Clear+Purse&_sacat=26395&rt=nc&LH_ItemCondition=3&LH_BIN=1&rt=nc&LH_PrefLoc=1
Pointed Tweezer,https://www.ebay.com/sch/i.html?_from=R40&_nkw=Pointed+Tweezer&_sacat=26395&rt=nc&LH_ItemCondition=3&LH_BIN=1&rt=nc&LH_PrefLoc=1
Face Sponge,https://www.ebay.com/sch/i.html?_from=R40&_nkw=Face+Sponge&_sacat=26395&rt=nc&LH_ItemCondition=3&LH_BIN=1&rt=nc&LH_PrefLoc=1
Tweezer Set,https://www.ebay.com/sch/i.html?_from=R40&_nkw=Tweezer+Set&_sacat=26395&rt=nc&LH_ItemCondition=3&LH_BIN=1&rt=nc&LH_PrefLoc=1
Chocolate Bag,https://www.ebay.com/sch/i.html?_from=R40&_nkw=Chocolate+Bag&_sacat=26395&rt=nc&LH_ItemCondition=3&LH_BIN=1&rt=nc&LH_PrefLoc=1
Replacement Rollers,https://www.ebay.com/sch/i.html?_from=R40&_nkw=Replacement+Rollers&_sacat=26395&rt=nc&LH_ItemCondition=3&LH_BIN=1&rt=nc&LH_PrefLoc=1
Lip Gloss Spatula,https://www.ebay.com/sch/i.html?_from=R40&_nkw=Lip+Gloss+Spatula&_sacat=26395&rt=nc&LH_ItemCondition=3&LH_BIN=1&rt=nc&LH_PrefLoc=1
