Keyword,Links
Blueberry Protein,https://www.amazon.com/s?k=Blueberry+Protein&i=hpc&s=exact-aware-popularity-rank&ref=sr_st_exact-aware-popularity-rank
Beatles CD,https://www.amazon.com/s?k=Beatles+CD&i=hpc&s=exact-aware-popularity-rank&ref=sr_st_exact-aware-popularity-rank
Weight-Loss Program,https://www.amazon.com/s?k=Weight-Loss+Program&i=hpc&s=exact-aware-popularity-rank&ref=sr_st_exact-aware-popularity-rank
Gluten Free Bites,https://www.amazon.com/s?k=Gluten+Free+Bites&i=hpc&s=exact-aware-popularity-rank&ref=sr_st_exact-aware-popularity-rank
Horchata Drink,https://www.amazon.com/s?k=Horchata+Drink&i=hpc&s=exact-aware-popularity-rank&ref=sr_st_exact-aware-popularity-rank
Healthy meals,https://www.amazon.com/s?k=Healthy+meals&i=hpc&s=exact-aware-popularity-rank&ref=sr_st_exact-aware-popularity-rank
Superfood Guide,https://www.amazon.com/s?k=Superfood+Guide&i=hpc&s=exact-aware-popularity-rank&ref=sr_st_exact-aware-popularity-rank
Hermit Volume,https://www.amazon.com/s?k=Hermit+Volume&i=hpc&s=exact-aware-popularity-rank&ref=sr_st_exact-aware-popularity-rank
Fingerstyle Guitar,https://www.amazon.com/s?k=Fingerstyle+Guitar&i=hpc&s=exact-aware-popularity-rank&ref=sr_st_exact-aware-popularity-rank
Simplicial Complexes,https://www.amazon.com/s?k=Simplicial+Complexes&i=hpc&s=exact-aware-popularity-rank&ref=sr_st_exact-aware-popularity-rank
Atkins diet,https://www.amazon.com/s?k=Atkins+diet&i=hpc&s=exact-aware-popularity-rank&ref=sr_st_exact-aware-popularity-rank
Strawberry Meal,https://www.amazon.com/s?k=Strawberry+Meal&i=hpc&s=exact-aware-popularity-rank&ref=sr_st_exact-aware-popularity-rank
Breakfast drink,https://www.amazon.com/s?k=Breakfast+drink&i=hpc&s=exact-aware-popularity-rank&ref=sr_st_exact-aware-popularity-rank
Coconut Chocolate,https://www.amazon.com/s?k=Coconut+Chocolate&i=hpc&s=exact-aware-popularity-rank&ref=sr_st_exact-aware-popularity-rank
Matcha Shake,https://www.amazon.com/s?k=Matcha+Shake&i=hpc&s=exact-aware-popularity-rank&ref=sr_st_exact-aware-popularity-rank
Diuretic Supplements,https://www.amazon.com/s?k=Diuretic+Supplements&i=hpc&s=exact-aware-popularity-rank&ref=sr_st_exact-aware-popularity-rank
Organic waffle,https://www.amazon.com/s?k=Organic+waffle&i=hpc&s=exact-aware-popularity-rank&ref=sr_st_exact-aware-popularity-rank
Creamy Chocolate,https://www.amazon.com/s?k=Creamy+Chocolate&i=hpc&s=exact-aware-popularity-rank&ref=sr_st_exact-aware-popularity-rank
Glucose Control,https://www.amazon.com/s?k=Glucose+Control&i=hpc&s=exact-aware-popularity-rank&ref=sr_st_exact-aware-popularity-rank
Keto Cups,https://www.amazon.com/s?k=Keto+Cups&i=hpc&s=exact-aware-popularity-rank&ref=sr_st_exact-aware-popularity-rank
Coconut Protein,https://www.amazon.com/s?k=Coconut+Protein&i=hpc&s=exact-aware-popularity-rank&ref=sr_st_exact-aware-popularity-rank
Garcinia Extract,https://www.amazon.com/s?k=Garcinia+Extract&i=hpc&s=exact-aware-popularity-rank&ref=sr_st_exact-aware-popularity-rank
Keto Treats,https://www.amazon.com/s?k=Keto+Treats&i=hpc&s=exact-aware-popularity-rank&ref=sr_st_exact-aware-popularity-rank
Cookie crunch,https://www.amazon.com/s?k=Cookie+crunch&i=hpc&s=exact-aware-popularity-rank&ref=sr_st_exact-aware-popularity-rank
Appetite Control,https://www.amazon.com/s?k=Appetite+Control&i=hpc&s=exact-aware-popularity-rank&ref=sr_st_exact-aware-popularity-rank
Waffle Snack,https://www.amazon.com/s?k=Waffle+Snack&i=hpc&s=exact-aware-popularity-rank&ref=sr_st_exact-aware-popularity-rank
Breakfast sandwiches,https://www.amazon.com/s?k=Breakfast+sandwiches&i=hpc&s=exact-aware-popularity-rank&ref=sr_st_exact-aware-popularity-rank
Chocolate fudge,https://www.amazon.com/s?k=Chocolate+fudge&i=hpc&s=exact-aware-popularity-rank&ref=sr_st_exact-aware-popularity-rank
Non Stimulant,https://www.amazon.com/s?k=Non+Stimulant&i=hpc&s=exact-aware-popularity-rank&ref=sr_st_exact-aware-popularity-rank
Fat Loss,https://www.amazon.com/s?k=Fat+Loss&i=hpc&s=exact-aware-popularity-rank&ref=sr_st_exact-aware-popularity-rank
Chocolate Snack,https://www.amazon.com/s?k=Chocolate+Snack&i=hpc&s=exact-aware-popularity-rank&ref=sr_st_exact-aware-popularity-rank
Cappuccino Shakes,https://www.amazon.com/s?k=Cappuccino+Shakes&i=hpc&s=exact-aware-popularity-rank&ref=sr_st_exact-aware-popularity-rank
Slimming Jelly,https://www.amazon.com/s?k=Slimming+Jelly&i=hpc&s=exact-aware-popularity-rank&ref=sr_st_exact-aware-popularity-rank
Appetite syrup,https://www.amazon.com/s?k=Appetite+syrup&i=hpc&s=exact-aware-popularity-rank&ref=sr_st_exact-aware-popularity-rank
Venison Bars,https://www.amazon.com/s?k=Venison+Bars&i=hpc&s=exact-aware-popularity-rank&ref=sr_st_exact-aware-popularity-rank
Shake mix,https://www.amazon.com/s?k=Shake+mix&i=hpc&s=exact-aware-popularity-rank&ref=sr_st_exact-aware-popularity-rank
Natural Energy,https://www.amazon.com/s?k=Natural+Energy&i=hpc&s=exact-aware-popularity-rank&ref=sr_st_exact-aware-popularity-rank
Pre-Workout Pump,https://www.amazon.com/s?k=Pre-Workout+Pump&i=hpc&s=exact-aware-popularity-rank&ref=sr_st_exact-aware-popularity-rank
Pre-Workout Supplement,https://www.amazon.com/s?k=Pre-Workout+Supplement&i=hpc&s=exact-aware-popularity-rank&ref=sr_st_exact-aware-popularity-rank
Preworkout Energy,https://www.amazon.com/s?k=Preworkout+Energy&i=hpc&s=exact-aware-popularity-rank&ref=sr_st_exact-aware-popularity-rank
BCAA Fat Burner,https://www.amazon.com/s?k=BCAA+Fat+Burner&i=hpc&s=exact-aware-popularity-rank&ref=sr_st_exact-aware-popularity-rank
Pre-Workout Electrolyte,https://www.amazon.com/s?k=Pre-Workout+Electrolyte&i=hpc&s=exact-aware-popularity-rank&ref=sr_st_exact-aware-popularity-rank
High-Stimulant Nootropic,https://www.amazon.com/s?k=High-Stimulant+Nootropic&i=hpc&s=exact-aware-popularity-rank&ref=sr_st_exact-aware-popularity-rank
Pre-Workout Complex,https://www.amazon.com/s?k=Pre-Workout+Complex&i=hpc&s=exact-aware-popularity-rank&ref=sr_st_exact-aware-popularity-rank
Pre-Workout Raspberry,https://www.amazon.com/s?k=Pre-Workout+Raspberry&i=hpc&s=exact-aware-popularity-rank&ref=sr_st_exact-aware-popularity-rank
PreWorkout Supplement,https://www.amazon.com/s?k=PreWorkout+Supplement&i=hpc&s=exact-aware-popularity-rank&ref=sr_st_exact-aware-popularity-rank
Non-Stim Pre-Workout,https://www.amazon.com/s?k=Non-Stim+Pre-Workout&i=hpc&s=exact-aware-popularity-rank&ref=sr_st_exact-aware-popularity-rank
Pre-Workout Ripped,https://www.amazon.com/s?k=Pre-Workout+Ripped&i=hpc&s=exact-aware-popularity-rank&ref=sr_st_exact-aware-popularity-rank
Pre-workout candy,https://www.amazon.com/s?k=Pre-workout+candy&i=hpc&s=exact-aware-popularity-rank&ref=sr_st_exact-aware-popularity-rank
Pre-Workout Punch,https://www.amazon.com/s?k=Pre-Workout+Punch&i=hpc&s=exact-aware-popularity-rank&ref=sr_st_exact-aware-popularity-rank
