Keyword,Links
Sensitive shampoo,https://www.amazon.com/s?k=Sensitive+shampoo&i=beauty&s=exact-aware-popularity-rank&ref=sr_st_exact-aware-popularity-rank
Clear Shampoo,https://www.amazon.com/s?k=Clear+Shampoo&i=beauty&s=exact-aware-popularity-rank&ref=sr_st_exact-aware-popularity-rank
Scented Shampoo,https://www.amazon.com/s?k=Scented+Shampoo&i=beauty&s=exact-aware-popularity-rank&ref=sr_st_exact-aware-popularity-rank
Curly Hair Bath,https://www.amazon.com/s?k=Curly+Hair+Bath&i=beauty&s=exact-aware-popularity-rank&ref=sr_st_exact-aware-popularity-rank
Dream Hair,https://www.amazon.com/s?k=Dream+Hair&i=beauty&s=exact-aware-popularity-rank&ref=sr_st_exact-aware-popularity-rank
Collagen Shampoo,https://www.amazon.com/s?k=Collagen+Shampoo&i=beauty&s=exact-aware-popularity-rank&ref=sr_st_exact-aware-popularity-rank
Unscented Shampoo,https://www.amazon.com/s?k=Unscented+Shampoo&i=beauty&s=exact-aware-popularity-rank&ref=sr_st_exact-aware-popularity-rank
Fiberstrong shampoo,https://www.amazon.com/s?k=Fiberstrong+shampoo&i=beauty&s=exact-aware-popularity-rank&ref=sr_st_exact-aware-popularity-rank
Jamaican Castor,https://www.amazon.com/s?k=Jamaican+Castor&i=beauty&s=exact-aware-popularity-rank&ref=sr_st_exact-aware-popularity-rank
Henna Shampoo,https://www.amazon.com/s?k=Henna+Shampoo&i=beauty&s=exact-aware-popularity-rank&ref=sr_st_exact-aware-popularity-rank
Psoriasis shampoo,https://www.amazon.com/s?k=Psoriasis+shampoo&i=beauty&s=exact-aware-popularity-rank&ref=sr_st_exact-aware-popularity-rank
Keratinoil Shampoo,https://www.amazon.com/s?k=Keratinoil+Shampoo&i=beauty&s=exact-aware-popularity-rank&ref=sr_st_exact-aware-popularity-rank
Jasmine Shampoo,https://www.amazon.com/s?k=Jasmine+Shampoo&i=beauty&s=exact-aware-popularity-rank&ref=sr_st_exact-aware-popularity-rank
Shampoo Olive,https://www.amazon.com/s?k=Shampoo+Olive&i=beauty&s=exact-aware-popularity-rank&ref=sr_st_exact-aware-popularity-rank
2 in 1 Shampoo,https://www.amazon.com/s?k=2+in+1+Shampoo&i=beauty&s=exact-aware-popularity-rank&ref=sr_st_exact-aware-popularity-rank
Twisted Shampoo,https://www.amazon.com/s?k=Twisted+Shampoo&i=beauty&s=exact-aware-popularity-rank&ref=sr_st_exact-aware-popularity-rank
Drench Shampoo,https://www.amazon.com/s?k=Drench+Shampoo&i=beauty&s=exact-aware-popularity-rank&ref=sr_st_exact-aware-popularity-rank
Holistic Shampoo,https://www.amazon.com/s?k=Holistic+Shampoo&i=beauty&s=exact-aware-popularity-rank&ref=sr_st_exact-aware-popularity-rank
Wash Waves,https://www.amazon.com/s?k=Wash+Waves&i=beauty&s=exact-aware-popularity-rank&ref=sr_st_exact-aware-popularity-rank
Re-Energize Shampoo,https://www.amazon.com/s?k=Re-Energize+Shampoo&i=beauty&s=exact-aware-popularity-rank&ref=sr_st_exact-aware-popularity-rank
Moisture Set,https://www.amazon.com/s?k=Moisture+Set&i=beauty&s=exact-aware-popularity-rank&ref=sr_st_exact-aware-popularity-rank
Strengthen Trio,https://www.amazon.com/s?k=Strengthen+Trio&i=beauty&s=exact-aware-popularity-rank&ref=sr_st_exact-aware-popularity-rank
Aloe Vera Shampoo,https://www.amazon.com/s?k=Aloe+Vera+Shampoo&i=beauty&s=exact-aware-popularity-rank&ref=sr_st_exact-aware-popularity-rank
Afro Love Set,https://www.amazon.com/s?k=Afro+Love+Set&i=beauty&s=exact-aware-popularity-rank&ref=sr_st_exact-aware-popularity-rank
Riccioli Shampoo,https://www.amazon.com/s?k=Riccioli+Shampoo&i=beauty&s=exact-aware-popularity-rank&ref=sr_st_exact-aware-popularity-rank
Texture shampoo,https://www.amazon.com/s?k=Texture+shampoo&i=beauty&s=exact-aware-popularity-rank&ref=sr_st_exact-aware-popularity-rank
Tar Shampoo,https://www.amazon.com/s?k=Tar+Shampoo&i=beauty&s=exact-aware-popularity-rank&ref=sr_st_exact-aware-popularity-rank
Flawless Curls,https://www.amazon.com/s?k=Flawless+Curls&i=beauty&s=exact-aware-popularity-rank&ref=sr_st_exact-aware-popularity-rank
Black Castor,https://www.amazon.com/s?k=Black+Castor&i=beauty&s=exact-aware-popularity-rank&ref=sr_st_exact-aware-popularity-rank
Deep Clean,https://www.amazon.com/s?k=Deep+Clean&i=beauty&s=exact-aware-popularity-rank&ref=sr_st_exact-aware-popularity-rank
Braid Shampoo,https://www.amazon.com/s?k=Braid+Shampoo&i=beauty&s=exact-aware-popularity-rank&ref=sr_st_exact-aware-popularity-rank
Co-Wash Conditioner,https://www.amazon.com/s?k=Co-Wash+Conditioner&i=beauty&s=exact-aware-popularity-rank&ref=sr_st_exact-aware-popularity-rank
Blond Conditioner,https://www.amazon.com/s?k=Blond+Conditioner&i=beauty&s=exact-aware-popularity-rank&ref=sr_st_exact-aware-popularity-rank
Shine Curl,https://www.amazon.com/s?k=Shine+Curl&i=beauty&s=exact-aware-popularity-rank&ref=sr_st_exact-aware-popularity-rank
Sealing Cream,https://www.amazon.com/s?k=Sealing+Cream&i=beauty&s=exact-aware-popularity-rank&ref=sr_st_exact-aware-popularity-rank
Split End,https://www.amazon.com/s?k=Split+End&i=beauty&s=exact-aware-popularity-rank&ref=sr_st_exact-aware-popularity-rank
Hydra Lock,https://www.amazon.com/s?k=Hydra+Lock&i=beauty&s=exact-aware-popularity-rank&ref=sr_st_exact-aware-popularity-rank
Tinted Shampoo,https://www.amazon.com/s?k=Tinted+Shampoo&i=beauty&s=exact-aware-popularity-rank&ref=sr_st_exact-aware-popularity-rank
Recovery Shampoo,https://www.amazon.com/s?k=Recovery+Shampoo&i=beauty&s=exact-aware-popularity-rank&ref=sr_st_exact-aware-popularity-rank
Curl cleansing,https://www.amazon.com/s?k=Curl+cleansing&i=beauty&s=exact-aware-popularity-rank&ref=sr_st_exact-aware-popularity-rank
Dreadlock Shampoo,https://www.amazon.com/s?k=Dreadlock+Shampoo&i=beauty&s=exact-aware-popularity-rank&ref=sr_st_exact-aware-popularity-rank
Lavender Shampoo,https://www.amazon.com/s?k=Lavender+Shampoo&i=beauty&s=exact-aware-popularity-rank&ref=sr_st_exact-aware-popularity-rank
Vanilla Curly Shampoo,https://www.amazon.com/s?k=Vanilla+Curly+Shampoo&i=beauty&s=exact-aware-popularity-rank&ref=sr_st_exact-aware-popularity-rank
Revitalizing Shampoo,https://www.amazon.com/s?k=Revitalizing+Shampoo&i=beauty&s=exact-aware-popularity-rank&ref=sr_st_exact-aware-popularity-rank
Root Stimulating,https://www.amazon.com/s?k=Root+Stimulating&i=beauty&s=exact-aware-popularity-rank&ref=sr_st_exact-aware-popularity-rank
Restorative Conditioner,https://www.amazon.com/s?k=Restorative+Conditioner&i=beauty&s=exact-aware-popularity-rank&ref=sr_st_exact-aware-popularity-rank
Curl hydration,https://www.amazon.com/s?k=Curl+hydration&i=beauty&s=exact-aware-popularity-rank&ref=sr_st_exact-aware-popularity-rank
Hydrate Set,https://www.amazon.com/s?k=Hydrate+Set&i=beauty&s=exact-aware-popularity-rank&ref=sr_st_exact-aware-popularity-rank
Medicated Shampoo,https://www.amazon.com/s?k=Medicated+Shampoo&i=beauty&s=exact-aware-popularity-rank&ref=sr_st_exact-aware-popularity-rank
Macadamia Shampoo,https://www.amazon.com/s?k=Macadamia+Shampoo&i=beauty&s=exact-aware-popularity-rank&ref=sr_st_exact-aware-popularity-rank
