Keyword,Links
Halloween fragrance,https://www.amazon.com/s?k=Halloween+fragrance&i=beauty&s=exact-aware-popularity-rank&ref=sr_st_exact-aware-popularity-rank
Cotton Candy,https://www.amazon.com/s?k=Cotton+Candy&i=beauty&s=exact-aware-popularity-rank&ref=sr_st_exact-aware-popularity-rank
Elixir Parfum,https://www.amazon.com/s?k=Elixir+Parfum&i=beauty&s=exact-aware-popularity-rank&ref=sr_st_exact-aware-popularity-rank
Coffee fragrance,https://www.amazon.com/s?k=Coffee+fragrance&i=beauty&s=exact-aware-popularity-rank&ref=sr_st_exact-aware-popularity-rank
Roses Musk,https://www.amazon.com/s?k=Roses+Musk&i=beauty&s=exact-aware-popularity-rank&ref=sr_st_exact-aware-popularity-rank
Chaldee fragrance,https://www.amazon.com/s?k=Chaldee+fragrance&i=beauty&s=exact-aware-popularity-rank&ref=sr_st_exact-aware-popularity-rank
Lady Million,https://www.amazon.com/s?k=Lady+Million&i=beauty&s=exact-aware-popularity-rank&ref=sr_st_exact-aware-popularity-rank
Ocean fragrance,https://www.amazon.com/s?k=Ocean+fragrance&i=beauty&s=exact-aware-popularity-rank&ref=sr_st_exact-aware-popularity-rank
Peony Cologne,https://www.amazon.com/s?k=Peony+Cologne&i=beauty&s=exact-aware-popularity-rank&ref=sr_st_exact-aware-popularity-rank
Naxos Fragrance,https://www.amazon.com/s?k=Naxos+Fragrance&i=beauty&s=exact-aware-popularity-rank&ref=sr_st_exact-aware-popularity-rank
Body Milk,https://www.amazon.com/s?k=Body+Milk&i=beauty&s=exact-aware-popularity-rank&ref=sr_st_exact-aware-popularity-rank
Ladies perfume,https://www.amazon.com/s?k=Ladies+perfume&i=beauty&s=exact-aware-popularity-rank&ref=sr_st_exact-aware-popularity-rank
Jasmine Lily,https://www.amazon.com/s?k=Jasmine+Lily&i=beauty&s=exact-aware-popularity-rank&ref=sr_st_exact-aware-popularity-rank
Light Blue Perfume,https://www.amazon.com/s?k=Light+Blue+Perfume&i=beauty&s=exact-aware-popularity-rank&ref=sr_st_exact-aware-popularity-rank
Remix Cologne,https://www.amazon.com/s?k=Remix+Cologne&i=beauty&s=exact-aware-popularity-rank&ref=sr_st_exact-aware-popularity-rank
Leather spray,https://www.amazon.com/s?k=Leather+spray&i=beauty&s=exact-aware-popularity-rank&ref=sr_st_exact-aware-popularity-rank
Black Orchid,https://www.amazon.com/s?k=Black+Orchid&i=beauty&s=exact-aware-popularity-rank&ref=sr_st_exact-aware-popularity-rank
Irresistible Perfume,https://www.amazon.com/s?k=Irresistible+Perfume&i=beauty&s=exact-aware-popularity-rank&ref=sr_st_exact-aware-popularity-rank
Male Elixir,https://www.amazon.com/s?k=Male+Elixir&i=beauty&s=exact-aware-popularity-rank&ref=sr_st_exact-aware-popularity-rank
Femme Perfume,https://www.amazon.com/s?k=Femme+Perfume&i=beauty&s=exact-aware-popularity-rank&ref=sr_st_exact-aware-popularity-rank
Vampirina fragrance,https://www.amazon.com/s?k=Vampirina+fragrance&i=beauty&s=exact-aware-popularity-rank&ref=sr_st_exact-aware-popularity-rank
Passion Gift Set,https://www.amazon.com/s?k=Passion+Gift+Set&i=beauty&s=exact-aware-popularity-rank&ref=sr_st_exact-aware-popularity-rank
Hypnotic Poison,https://www.amazon.com/s?k=Hypnotic+Poison&i=beauty&s=exact-aware-popularity-rank&ref=sr_st_exact-aware-popularity-rank
Imperatrice Spray,https://www.amazon.com/s?k=Imperatrice+Spray&i=beauty&s=exact-aware-popularity-rank&ref=sr_st_exact-aware-popularity-rank
Winter Candy,https://www.amazon.com/s?k=Winter+Candy&i=beauty&s=exact-aware-popularity-rank&ref=sr_st_exact-aware-popularity-rank
Polo shirt,https://www.amazon.com/s?k=Polo+shirt&i=beauty&s=exact-aware-popularity-rank&ref=sr_st_exact-aware-popularity-rank
Cashmere Mist,https://www.amazon.com/s?k=Cashmere+Mist&i=beauty&s=exact-aware-popularity-rank&ref=sr_st_exact-aware-popularity-rank
Frozen perfume,https://www.amazon.com/s?k=Frozen+perfume&i=beauty&s=exact-aware-popularity-rank&ref=sr_st_exact-aware-popularity-rank
Diesel fragrance,https://www.amazon.com/s?k=Diesel+fragrance&i=beauty&s=exact-aware-popularity-rank&ref=sr_st_exact-aware-popularity-rank
Boss Woman,https://www.amazon.com/s?k=Boss+Woman&i=beauty&s=exact-aware-popularity-rank&ref=sr_st_exact-aware-popularity-rank
Black Sapphire,https://www.amazon.com/s?k=Black+Sapphire&i=beauty&s=exact-aware-popularity-rank&ref=sr_st_exact-aware-popularity-rank
Skin oil,https://www.amazon.com/s?k=Skin+oil&i=beauty&s=exact-aware-popularity-rank&ref=sr_st_exact-aware-popularity-rank
Intense Perfume,https://www.amazon.com/s?k=Intense+Perfume&i=beauty&s=exact-aware-popularity-rank&ref=sr_st_exact-aware-popularity-rank
True Love,https://www.amazon.com/s?k=True+Love&i=beauty&s=exact-aware-popularity-rank&ref=sr_st_exact-aware-popularity-rank
Mojave Ghost,https://www.amazon.com/s?k=Mojave+Ghost&i=beauty&s=exact-aware-popularity-rank&ref=sr_st_exact-aware-popularity-rank
Green Tea,https://www.amazon.com/s?k=Green+Tea&i=beauty&s=exact-aware-popularity-rank&ref=sr_st_exact-aware-popularity-rank
Luxury fragrance,https://www.amazon.com/s?k=Luxury+fragrance&i=beauty&s=exact-aware-popularity-rank&ref=sr_st_exact-aware-popularity-rank
Jaipur Bracelet,https://www.amazon.com/s?k=Jaipur+Bracelet&i=beauty&s=exact-aware-popularity-rank&ref=sr_st_exact-aware-popularity-rank
Off-road vehicle,https://www.amazon.com/s?k=Off-road+vehicle&i=beauty&s=exact-aware-popularity-rank&ref=sr_st_exact-aware-popularity-rank
Marine fragrance,https://www.amazon.com/s?k=Marine+fragrance&i=beauty&s=exact-aware-popularity-rank&ref=sr_st_exact-aware-popularity-rank
Eternity Perfume,https://www.amazon.com/s?k=Eternity+Perfume&i=beauty&s=exact-aware-popularity-rank&ref=sr_st_exact-aware-popularity-rank
Sheer Perfume,https://www.amazon.com/s?k=Sheer+Perfume&i=beauty&s=exact-aware-popularity-rank&ref=sr_st_exact-aware-popularity-rank
Nectar Parfum,https://www.amazon.com/s?k=Nectar+Parfum&i=beauty&s=exact-aware-popularity-rank&ref=sr_st_exact-aware-popularity-rank
Santal soap,https://www.amazon.com/s?k=Santal+soap&i=beauty&s=exact-aware-popularity-rank&ref=sr_st_exact-aware-popularity-rank
Fantasy perfume,https://www.amazon.com/s?k=Fantasy+perfume&i=beauty&s=exact-aware-popularity-rank&ref=sr_st_exact-aware-popularity-rank
Delicious Night,https://www.amazon.com/s?k=Delicious+Night&i=beauty&s=exact-aware-popularity-rank&ref=sr_st_exact-aware-popularity-rank
Mini set,https://www.amazon.com/s?k=Mini+set&i=beauty&s=exact-aware-popularity-rank&ref=sr_st_exact-aware-popularity-rank
Weekend fragrance,https://www.amazon.com/s?k=Weekend+fragrance&i=beauty&s=exact-aware-popularity-rank&ref=sr_st_exact-aware-popularity-rank
Sensuous perfume,https://www.amazon.com/s?k=Sensuous+perfume&i=beauty&s=exact-aware-popularity-rank&ref=sr_st_exact-aware-popularity-rank
Lavender Deodorant,https://www.amazon.com/s?k=Lavender+Deodorant&i=beauty&s=exact-aware-popularity-rank&ref=sr_st_exact-aware-popularity-rank
