Keyword,Links
Halloween fragrance,https://www.ebay.com/sch/i.html?_from=R40&_nkw=Halloween+fragrance&_sacat=26395&rt=nc&LH_ItemCondition=3&LH_BIN=1&rt=nc&LH_PrefLoc=1
Cotton Candy,https://www.ebay.com/sch/i.html?_from=R40&_nkw=Cotton+Candy&_sacat=26395&rt=nc&LH_ItemCondition=3&LH_BIN=1&rt=nc&LH_PrefLoc=1
Elixir Parfum,https://www.ebay.com/sch/i.html?_from=R40&_nkw=Elixir+Parfum&_sacat=26395&rt=nc&LH_ItemCondition=3&LH_BIN=1&rt=nc&LH_PrefLoc=1
Coffee fragrance,https://www.ebay.com/sch/i.html?_from=R40&_nkw=Coffee+fragrance&_sacat=26395&rt=nc&LH_ItemCondition=3&LH_BIN=1&rt=nc&LH_PrefLoc=1
Roses Musk,https://www.ebay.com/sch/i.html?_from=R40&_nkw=Roses+Musk&_sacat=26395&rt=nc&LH_ItemCondition=3&LH_BIN=1&rt=nc&LH_PrefLoc=1
Chaldee fragrance,https://www.ebay.com/sch/i.html?_from=R40&_nkw=Chaldee+fragrance&_sacat=26395&rt=nc&LH_ItemCondition=3&LH_BIN=1&rt=nc&LH_PrefLoc=1
Lady Million,https://www.ebay.com/sch/i.html?_from=R40&_nkw=Lady+Million&_sacat=26395&rt=nc&LH_ItemCondition=3&LH_BIN=1&rt=nc&LH_PrefLoc=1
Ocean fragrance,https://www.ebay.com/sch/i.html?_from=R40&_nkw=Ocean+fragrance&_sacat=26395&rt=nc&LH_ItemCondition=3&LH_BIN=1&rt=nc&LH_PrefLoc=1
Peony Cologne,https://www.ebay.com/sch/i.html?_from=R40&_nkw=Peony+Cologne&_sacat=26395&rt=nc&LH_ItemCondition=3&LH_BIN=1&rt=nc&LH_PrefLoc=1
Naxos Fragrance,https://www.ebay.com/sch/i.html?_from=R40&_nkw=Naxos+Fragrance&_sacat=26395&rt=nc&LH_ItemCondition=3&LH_BIN=1&rt=nc&LH_PrefLoc=1
Body Milk,https://www.ebay.com/sch/i.html?_from=R40&_nkw=Body+Milk&_sacat=26395&rt=nc&LH_ItemCondition=3&LH_BIN=1&rt=nc&LH_PrefLoc=1
Ladies perfume,https://www.ebay.com/sch/i.html?_from=R40&_nkw=Ladies+perfume&_sacat=26395&rt=nc&LH_ItemCondition=3&LH_BIN=1&rt=nc&LH_PrefLoc=1
Jasmine Lily,https://www.ebay.com/sch/i.html?_from=R40&_nkw=Jasmine+Lily&_sacat=26395&rt=nc&LH_ItemCondition=3&LH_BIN=1&rt=nc&LH_PrefLoc=1
Light Blue Perfume,https://www.ebay.com/sch/i.html?_from=R40&_nkw=Light+Blue+Perfume&_sacat=26395&rt=nc&LH_ItemCondition=3&LH_BIN=1&rt=nc&LH_PrefLoc=1
Remix Cologne,https://www.ebay.com/sch/i.html?_from=R40&_nkw=Remix+Cologne&_sacat=26395&rt=nc&LH_ItemCondition=3&LH_BIN=1&rt=nc&LH_PrefLoc=1
Leather spray,https://www.ebay.com/sch/i.html?_from=R40&_nkw=Leather+spray&_sacat=26395&rt=nc&LH_ItemCondition=3&LH_BIN=1&rt=nc&LH_PrefLoc=1
Black Orchid,https://www.ebay.com/sch/i.html?_from=R40&_nkw=Black+Orchid&_sacat=26395&rt=nc&LH_ItemCondition=3&LH_BIN=1&rt=nc&LH_PrefLoc=1
Irresistible Perfume,https://www.ebay.com/sch/i.html?_from=R40&_nkw=Irresistible+Perfume&_sacat=26395&rt=nc&LH_ItemCondition=3&LH_BIN=1&rt=nc&LH_PrefLoc=1
Male Elixir,https://www.ebay.com/sch/i.html?_from=R40&_nkw=Male+Elixir&_sacat=26395&rt=nc&LH_ItemCondition=3&LH_BIN=1&rt=nc&LH_PrefLoc=1
Femme Perfume,https://www.ebay.com/sch/i.html?_from=R40&_nkw=Femme+Perfume&_sacat=26395&rt=nc&LH_ItemCondition=3&LH_BIN=1&rt=nc&LH_PrefLoc=1
Vampirina fragrance,https://www.ebay.com/sch/i.html?_from=R40&_nkw=Vampirina+fragrance&_sacat=26395&rt=nc&LH_ItemCondition=3&LH_BIN=1&rt=nc&LH_PrefLoc=1
Passion Gift Set,https://www.ebay.com/sch/i.html?_from=R40&_nkw=Passion+Gift+Set&_sacat=26395&rt=nc&LH_ItemCondition=3&LH_BIN=1&rt=nc&LH_PrefLoc=1
Hypnotic Poison,https://www.ebay.com/sch/i.html?_from=R40&_nkw=Hypnotic+Poison&_sacat=26395&rt=nc&LH_ItemCondition=3&LH_BIN=1&rt=nc&LH_PrefLoc=1
Imperatrice Spray,https://www.ebay.com/sch/i.html?_from=R40&_nkw=Imperatrice+Spray&_sacat=26395&rt=nc&LH_ItemCondition=3&LH_BIN=1&rt=nc&LH_PrefLoc=1
Winter Candy,https://www.ebay.com/sch/i.html?_from=R40&_nkw=Winter+Candy&_sacat=26395&rt=nc&LH_ItemCondition=3&LH_BIN=1&rt=nc&LH_PrefLoc=1
Polo shirt,https://www.ebay.com/sch/i.html?_from=R40&_nkw=Polo+shirt&_sacat=26395&rt=nc&LH_ItemCondition=3&LH_BIN=1&rt=nc&LH_PrefLoc=1
Cashmere Mist,https://www.ebay.com/sch/i.html?_from=R40&_nkw=Cashmere+Mist&_sacat=26395&rt=nc&LH_ItemCondition=3&LH_BIN=1&rt=nc&LH_PrefLoc=1
Frozen perfume,https://www.ebay.com/sch/i.html?_from=R40&_nkw=Frozen+perfume&_sacat=26395&rt=nc&LH_ItemCondition=3&LH_BIN=1&rt=nc&LH_PrefLoc=1
Diesel fragrance,https://www.ebay.com/sch/i.html?_from=R40&_nkw=Diesel+fragrance&_sacat=26395&rt=nc&LH_ItemCondition=3&LH_BIN=1&rt=nc&LH_PrefLoc=1
Boss Woman,https://www.ebay.com/sch/i.html?_from=R40&_nkw=Boss+Woman&_sacat=26395&rt=nc&LH_ItemCondition=3&LH_BIN=1&rt=nc&LH_PrefLoc=1
Black Sapphire,https://www.ebay.com/sch/i.html?_from=R40&_nkw=Black+Sapphire&_sacat=26395&rt=nc&LH_ItemCondition=3&LH_BIN=1&rt=nc&LH_PrefLoc=1
Skin oil,https://www.ebay.com/sch/i.html?_from=R40&_nkw=Skin+oil&_sacat=26395&rt=nc&LH_ItemCondition=3&LH_BIN=1&rt=nc&LH_PrefLoc=1
Intense Perfume,https://www.ebay.com/sch/i.html?_from=R40&_nkw=Intense+Perfume&_sacat=26395&rt=nc&LH_ItemCondition=3&LH_BIN=1&rt=nc&LH_PrefLoc=1
True Love,https://www.ebay.com/sch/i.html?_from=R40&_nkw=True+Love&_sacat=26395&rt=nc&LH_ItemCondition=3&LH_BIN=1&rt=nc&LH_PrefLoc=1
Mojave Ghost,https://www.ebay.com/sch/i.html?_from=R40&_nkw=Mojave+Ghost&_sacat=26395&rt=nc&LH_ItemCondition=3&LH_BIN=1&rt=nc&LH_PrefLoc=1
Green Tea,https://www.ebay.com/sch/i.html?_from=R40&_nkw=Green+Tea&_sacat=26395&rt=nc&LH_ItemCondition=3&LH_BIN=1&rt=nc&LH_PrefLoc=1
Luxury fragrance,https://www.ebay.com/sch/i.html?_from=R40&_nkw=Luxury+fragrance&_sacat=26395&rt=nc&LH_ItemCondition=3&LH_BIN=1&rt=nc&LH_PrefLoc=1
Jaipur Bracelet,https://www.ebay.com/sch/i.html?_from=R40&_nkw=Jaipur+Bracelet&_sacat=26395&rt=nc&LH_ItemCondition=3&LH_BIN=1&rt=nc&LH_PrefLoc=1
Off-road vehicle,https://www.ebay.com/sch/i.html?_from=R40&_nkw=Off-road+vehicle&_sacat=26395&rt=nc&LH_ItemCondition=3&LH_BIN=1&rt=nc&LH_PrefLoc=1
Marine fragrance,https://www.ebay.com/sch/i.html?_from=R40&_nkw=Marine+fragrance&_sacat=26395&rt=nc&LH_ItemCondition=3&LH_BIN=1&rt=nc&LH_PrefLoc=1
Eternity Perfume,https://www.ebay.com/sch/i.html?_from=R40&_nkw=Eternity+Perfume&_sacat=26395&rt=nc&LH_ItemCondition=3&LH_BIN=1&rt=nc&LH_PrefLoc=1
Sheer Perfume,https://www.ebay.com/sch/i.html?_from=R40&_nkw=Sheer+Perfume&_sacat=26395&rt=nc&LH_ItemCondition=3&LH_BIN=1&rt=nc&LH_PrefLoc=1
Nectar Parfum,https://www.ebay.com/sch/i.html?_from=R40&_nkw=Nectar+Parfum&_sacat=26395&rt=nc&LH_ItemCondition=3&LH_BIN=1&rt=nc&LH_PrefLoc=1
Santal soap,https://www.ebay.com/sch/i.html?_from=R40&_nkw=Santal+soap&_sacat=26395&rt=nc&LH_ItemCondition=3&LH_BIN=1&rt=nc&LH_PrefLoc=1
Fantasy perfume,https://www.ebay.com/sch/i.html?_from=R40&_nkw=Fantasy+perfume&_sacat=26395&rt=nc&LH_ItemCondition=3&LH_BIN=1&rt=nc&LH_PrefLoc=1
Delicious Night,https://www.ebay.com/sch/i.html?_from=R40&_nkw=Delicious+Night&_sacat=26395&rt=nc&LH_ItemCondition=3&LH_BIN=1&rt=nc&LH_PrefLoc=1
Mini set,https://www.ebay.com/sch/i.html?_from=R40&_nkw=Mini+set&_sacat=26395&rt=nc&LH_ItemCondition=3&LH_BIN=1&rt=nc&LH_PrefLoc=1
Weekend fragrance,https://www.ebay.com/sch/i.html?_from=R40&_nkw=Weekend+fragrance&_sacat=26395&rt=nc&LH_ItemCondition=3&LH_BIN=1&rt=nc&LH_PrefLoc=1
Sensuous perfume,https://www.ebay.com/sch/i.html?_from=R40&_nkw=Sensuous+perfume&_sacat=26395&rt=nc&LH_ItemCondition=3&LH_BIN=1&rt=nc&LH_PrefLoc=1
Lavender Deodorant,https://www.ebay.com/sch/i.html?_from=R40&_nkw=Lavender+Deodorant&_sacat=26395&rt=nc&LH_ItemCondition=3&LH_BIN=1&rt=nc&LH_PrefLoc=1
