Keyword,Links
Bond Strength,https://www.amazon.com/s?k=Bond+Strength&i=beauty&s=exact-aware-popularity-rank&ref=sr_st_exact-aware-popularity-rank
Dark Auburn,https://www.amazon.com/s?k=Dark+Auburn&i=beauty&s=exact-aware-popularity-rank&ref=sr_st_exact-aware-popularity-rank
Argan Oil,https://www.amazon.com/s?k=Argan+Oil&i=beauty&s=exact-aware-popularity-rank&ref=sr_st_exact-aware-popularity-rank
Moisture Conditioner,https://www.amazon.com/s?k=Moisture+Conditioner&i=beauty&s=exact-aware-popularity-rank&ref=sr_st_exact-aware-popularity-rank
Glossing mask,https://www.amazon.com/s?k=Glossing+mask&i=beauty&s=exact-aware-popularity-rank&ref=sr_st_exact-aware-popularity-rank
Curl mousse,https://www.amazon.com/s?k=Curl+mousse&i=beauty&s=exact-aware-popularity-rank&ref=sr_st_exact-aware-popularity-rank
Paddle Detangler,https://www.amazon.com/s?k=Paddle+Detangler&i=beauty&s=exact-aware-popularity-rank&ref=sr_st_exact-aware-popularity-rank
Moisture Shampoo,https://www.amazon.com/s?k=Moisture+Shampoo&i=beauty&s=exact-aware-popularity-rank&ref=sr_st_exact-aware-popularity-rank
Heat protectant,https://www.amazon.com/s?k=Heat+protectant&i=beauty&s=exact-aware-popularity-rank&ref=sr_st_exact-aware-popularity-rank
Whipped Oil,https://www.amazon.com/s?k=Whipped+Oil&i=beauty&s=exact-aware-popularity-rank&ref=sr_st_exact-aware-popularity-rank
Curly Hair,https://www.amazon.com/s?k=Curly+Hair&i=beauty&s=exact-aware-popularity-rank&ref=sr_st_exact-aware-popularity-rank
Repair Shampoo,https://www.amazon.com/s?k=Repair+Shampoo&i=beauty&s=exact-aware-popularity-rank&ref=sr_st_exact-aware-popularity-rank
Cordless Straightener,https://www.amazon.com/s?k=Cordless+Straightener&i=beauty&s=exact-aware-popularity-rank&ref=sr_st_exact-aware-popularity-rank
Ruby colorwash,https://www.amazon.com/s?k=Ruby+colorwash&i=beauty&s=exact-aware-popularity-rank&ref=sr_st_exact-aware-popularity-rank
Amino Heat Spray,https://www.amazon.com/s?k=Amino+Heat+Spray&i=beauty&s=exact-aware-popularity-rank&ref=sr_st_exact-aware-popularity-rank
Punk Hair Gel,https://www.amazon.com/s?k=Punk+Hair+Gel&i=beauty&s=exact-aware-popularity-rank&ref=sr_st_exact-aware-popularity-rank
Straightening Spray,https://www.amazon.com/s?k=Straightening+Spray&i=beauty&s=exact-aware-popularity-rank&ref=sr_st_exact-aware-popularity-rank
Men's hair care,https://www.amazon.com/s?k=Men's+hair+care&i=beauty&s=exact-aware-popularity-rank&ref=sr_st_exact-aware-popularity-rank
Curl cream,https://www.amazon.com/s?k=Curl+cream&i=beauty&s=exact-aware-popularity-rank&ref=sr_st_exact-aware-popularity-rank
Luminous Hairspray,https://www.amazon.com/s?k=Luminous+Hairspray&i=beauty&s=exact-aware-popularity-rank&ref=sr_st_exact-aware-popularity-rank
Leave-In Conditioner,https://www.amazon.com/s?k=Leave-In+Conditioner&i=beauty&s=exact-aware-popularity-rank&ref=sr_st_exact-aware-popularity-rank
Hair Mask,https://www.amazon.com/s?k=Hair+Mask&i=beauty&s=exact-aware-popularity-rank&ref=sr_st_exact-aware-popularity-rank
Coconut Conditioner,https://www.amazon.com/s?k=Coconut+Conditioner&i=beauty&s=exact-aware-popularity-rank&ref=sr_st_exact-aware-popularity-rank
Volume Shampoo,https://www.amazon.com/s?k=Volume+Shampoo&i=beauty&s=exact-aware-popularity-rank&ref=sr_st_exact-aware-popularity-rank
Smooth Conditioner,https://www.amazon.com/s?k=Smooth+Conditioner&i=beauty&s=exact-aware-popularity-rank&ref=sr_st_exact-aware-popularity-rank
Healthy Look,https://www.amazon.com/s?k=Healthy+Look&i=beauty&s=exact-aware-popularity-rank&ref=sr_st_exact-aware-popularity-rank
Hair masque,https://www.amazon.com/s?k=Hair+masque&i=beauty&s=exact-aware-popularity-rank&ref=sr_st_exact-aware-popularity-rank
Moisturizing lotion,https://www.amazon.com/s?k=Moisturizing+lotion&i=beauty&s=exact-aware-popularity-rank&ref=sr_st_exact-aware-popularity-rank
Collagen treatment,https://www.amazon.com/s?k=Collagen+treatment&i=beauty&s=exact-aware-popularity-rank&ref=sr_st_exact-aware-popularity-rank
Leave-in cream,https://www.amazon.com/s?k=Leave-in+cream&i=beauty&s=exact-aware-popularity-rank&ref=sr_st_exact-aware-popularity-rank
Castor Oil,https://www.amazon.com/s?k=Castor+Oil&i=beauty&s=exact-aware-popularity-rank&ref=sr_st_exact-aware-popularity-rank
Finishing Cream,https://www.amazon.com/s?k=Finishing+Cream&i=beauty&s=exact-aware-popularity-rank&ref=sr_st_exact-aware-popularity-rank
Hair spray,https://www.amazon.com/s?k=Hair+spray&i=beauty&s=exact-aware-popularity-rank&ref=sr_st_exact-aware-popularity-rank
Hydrate Combo,https://www.amazon.com/s?k=Hydrate+Combo&i=beauty&s=exact-aware-popularity-rank&ref=sr_st_exact-aware-popularity-rank
Hair primer,https://www.amazon.com/s?k=Hair+primer&i=beauty&s=exact-aware-popularity-rank&ref=sr_st_exact-aware-popularity-rank
Moisture Repair,https://www.amazon.com/s?k=Moisture+Repair&i=beauty&s=exact-aware-popularity-rank&ref=sr_st_exact-aware-popularity-rank
Grip Roller,https://www.amazon.com/s?k=Grip+Roller&i=beauty&s=exact-aware-popularity-rank&ref=sr_st_exact-aware-popularity-rank
Scalp Care,https://www.amazon.com/s?k=Scalp+Care&i=beauty&s=exact-aware-popularity-rank&ref=sr_st_exact-aware-popularity-rank
Brush Iron,https://www.amazon.com/s?k=Brush+Iron&i=beauty&s=exact-aware-popularity-rank&ref=sr_st_exact-aware-popularity-rank
Root Lift,https://www.amazon.com/s?k=Root+Lift&i=beauty&s=exact-aware-popularity-rank&ref=sr_st_exact-aware-popularity-rank
Detangling Milk,https://www.amazon.com/s?k=Detangling+Milk&i=beauty&s=exact-aware-popularity-rank&ref=sr_st_exact-aware-popularity-rank
Thick Shampoo,https://www.amazon.com/s?k=Thick+Shampoo&i=beauty&s=exact-aware-popularity-rank&ref=sr_st_exact-aware-popularity-rank
Frizz Control,https://www.amazon.com/s?k=Frizz+Control&i=beauty&s=exact-aware-popularity-rank&ref=sr_st_exact-aware-popularity-rank
Organic Castor Oil,https://www.amazon.com/s?k=Organic+Castor+Oil&i=beauty&s=exact-aware-popularity-rank&ref=sr_st_exact-aware-popularity-rank
Silk Protein,https://www.amazon.com/s?k=Silk+Protein&i=beauty&s=exact-aware-popularity-rank&ref=sr_st_exact-aware-popularity-rank
Clay shaper,https://www.amazon.com/s?k=Clay+shaper&i=beauty&s=exact-aware-popularity-rank&ref=sr_st_exact-aware-popularity-rank
Curl oil,https://www.amazon.com/s?k=Curl+oil&i=beauty&s=exact-aware-popularity-rank&ref=sr_st_exact-aware-popularity-rank
Deep Conditioning,https://www.amazon.com/s?k=Deep+Conditioning&i=beauty&s=exact-aware-popularity-rank&ref=sr_st_exact-aware-popularity-rank
Brilliance Shampoo,https://www.amazon.com/s?k=Brilliance+Shampoo&i=beauty&s=exact-aware-popularity-rank&ref=sr_st_exact-aware-popularity-rank
Spa Headband,https://www.amazon.com/s?k=Spa+Headband&i=beauty&s=exact-aware-popularity-rank&ref=sr_st_exact-aware-popularity-rank
