Keyword,Links
Flora Capsules,https://www.amazon.com/s?k=Flora+Capsules&i=hpc&s=exact-aware-popularity-rank&ref=sr_st_exact-aware-popularity-rank
Prebiotic Capsules,https://www.amazon.com/s?k=Prebiotic+Capsules&i=hpc&s=exact-aware-popularity-rank&ref=sr_st_exact-aware-popularity-rank
Critical Care Probiotics,https://www.amazon.com/s?k=Critical+Care+Probiotics&i=hpc&s=exact-aware-popularity-rank&ref=sr_st_exact-aware-popularity-rank
Vaginal Suppositories,https://www.amazon.com/s?k=Vaginal+Suppositories&i=hpc&s=exact-aware-popularity-rank&ref=sr_st_exact-aware-popularity-rank
Agave Inulin,https://www.amazon.com/s?k=Agave+Inulin&i=hpc&s=exact-aware-popularity-rank&ref=sr_st_exact-aware-popularity-rank
Organic Inulin,https://www.amazon.com/s?k=Organic+Inulin&i=hpc&s=exact-aware-popularity-rank&ref=sr_st_exact-aware-popularity-rank
Lactose Defense,https://www.amazon.com/s?k=Lactose+Defense&i=hpc&s=exact-aware-popularity-rank&ref=sr_st_exact-aware-popularity-rank
Probiotic Relief,https://www.amazon.com/s?k=Probiotic+Relief&i=hpc&s=exact-aware-popularity-rank&ref=sr_st_exact-aware-popularity-rank
Herbal Probiotics,https://www.amazon.com/s?k=Herbal+Probiotics&i=hpc&s=exact-aware-popularity-rank&ref=sr_st_exact-aware-popularity-rank
Probiotic Blend,https://www.amazon.com/s?k=Probiotic+Blend&i=hpc&s=exact-aware-popularity-rank&ref=sr_st_exact-aware-popularity-rank
Women's health,https://www.amazon.com/s?k=Women's+health&i=hpc&s=exact-aware-popularity-rank&ref=sr_st_exact-aware-popularity-rank
Probiotics 60 Billion,https://www.amazon.com/s?k=Probiotics+60+Billion&i=hpc&s=exact-aware-popularity-rank&ref=sr_st_exact-aware-popularity-rank
Probiotic Formula,https://www.amazon.com/s?k=Probiotic+Formula&i=hpc&s=exact-aware-popularity-rank&ref=sr_st_exact-aware-popularity-rank
Probiotics Applications,https://www.amazon.com/s?k=Probiotics+Applications&i=hpc&s=exact-aware-popularity-rank&ref=sr_st_exact-aware-popularity-rank
Probiotic Calm,https://www.amazon.com/s?k=Probiotic+Calm&i=hpc&s=exact-aware-popularity-rank&ref=sr_st_exact-aware-popularity-rank
Bloating Relief,https://www.amazon.com/s?k=Bloating+Relief&i=hpc&s=exact-aware-popularity-rank&ref=sr_st_exact-aware-popularity-rank
Teen Probiotic,https://www.amazon.com/s?k=Teen+Probiotic&i=hpc&s=exact-aware-popularity-rank&ref=sr_st_exact-aware-popularity-rank
Probiotics Mood,https://www.amazon.com/s?k=Probiotics+Mood&i=hpc&s=exact-aware-popularity-rank&ref=sr_st_exact-aware-popularity-rank
Adult Probiotics,https://www.amazon.com/s?k=Adult+Probiotics&i=hpc&s=exact-aware-popularity-rank&ref=sr_st_exact-aware-popularity-rank
Liquid Probiotic,https://www.amazon.com/s?k=Liquid+Probiotic&i=hpc&s=exact-aware-popularity-rank&ref=sr_st_exact-aware-popularity-rank
Anti-Diarrheal,https://www.amazon.com/s?k=Anti-Diarrheal&i=hpc&s=exact-aware-popularity-rank&ref=sr_st_exact-aware-popularity-rank
Probiotic Prunes,https://www.amazon.com/s?k=Probiotic+Prunes&i=hpc&s=exact-aware-popularity-rank&ref=sr_st_exact-aware-popularity-rank
Gummy Probiotic,https://www.amazon.com/s?k=Gummy+Probiotic&i=hpc&s=exact-aware-popularity-rank&ref=sr_st_exact-aware-popularity-rank
Digestive Fiber,https://www.amazon.com/s?k=Digestive+Fiber&i=hpc&s=exact-aware-popularity-rank&ref=sr_st_exact-aware-popularity-rank
Nail Fungus,https://www.amazon.com/s?k=Nail+Fungus&i=hpc&s=exact-aware-popularity-rank&ref=sr_st_exact-aware-popularity-rank
Probiotic Prebiotic,https://www.amazon.com/s?k=Probiotic+Prebiotic&i=hpc&s=exact-aware-popularity-rank&ref=sr_st_exact-aware-popularity-rank
Prebiotic Supplement,https://www.amazon.com/s?k=Prebiotic+Supplement&i=hpc&s=exact-aware-popularity-rank&ref=sr_st_exact-aware-popularity-rank
Probiotic Orange,https://www.amazon.com/s?k=Probiotic+Orange&i=hpc&s=exact-aware-popularity-rank&ref=sr_st_exact-aware-popularity-rank
Bifidobacterium supplement,https://www.amazon.com/s?k=Bifidobacterium+supplement&i=hpc&s=exact-aware-popularity-rank&ref=sr_st_exact-aware-popularity-rank
Digestive Enzyme,https://www.amazon.com/s?k=Digestive+Enzyme&i=hpc&s=exact-aware-popularity-rank&ref=sr_st_exact-aware-popularity-rank
Baby Probiotic,https://www.amazon.com/s?k=Baby+Probiotic&i=hpc&s=exact-aware-popularity-rank&ref=sr_st_exact-aware-popularity-rank
Probiotics Veg Caps,https://www.amazon.com/s?k=Probiotics+Veg+Caps&i=hpc&s=exact-aware-popularity-rank&ref=sr_st_exact-aware-popularity-rank
Probiotic Balance,https://www.amazon.com/s?k=Probiotic+Balance&i=hpc&s=exact-aware-popularity-rank&ref=sr_st_exact-aware-popularity-rank
Probiotic Care,https://www.amazon.com/s?k=Probiotic+Care&i=hpc&s=exact-aware-popularity-rank&ref=sr_st_exact-aware-popularity-rank
Grape Probiotic,https://www.amazon.com/s?k=Grape+Probiotic&i=hpc&s=exact-aware-popularity-rank&ref=sr_st_exact-aware-popularity-rank
Candi cleanse,https://www.amazon.com/s?k=Candi+cleanse&i=hpc&s=exact-aware-popularity-rank&ref=sr_st_exact-aware-popularity-rank
Colon health,https://www.amazon.com/s?k=Colon+health&i=hpc&s=exact-aware-popularity-rank&ref=sr_st_exact-aware-popularity-rank
Lactobacillus Capsules,https://www.amazon.com/s?k=Lactobacillus+Capsules&i=hpc&s=exact-aware-popularity-rank&ref=sr_st_exact-aware-popularity-rank
Plant Superfood,https://www.amazon.com/s?k=Plant+Superfood&i=hpc&s=exact-aware-popularity-rank&ref=sr_st_exact-aware-popularity-rank
Lactobacillus Probiotic,https://www.amazon.com/s?k=Lactobacillus+Probiotic&i=hpc&s=exact-aware-popularity-rank&ref=sr_st_exact-aware-popularity-rank
Probiotic Women,https://www.amazon.com/s?k=Probiotic+Women&i=hpc&s=exact-aware-popularity-rank&ref=sr_st_exact-aware-popularity-rank
Probiotic Treatment,https://www.amazon.com/s?k=Probiotic+Treatment&i=hpc&s=exact-aware-popularity-rank&ref=sr_st_exact-aware-popularity-rank
Immune Probiotic,https://www.amazon.com/s?k=Immune+Probiotic&i=hpc&s=exact-aware-popularity-rank&ref=sr_st_exact-aware-popularity-rank
Cranberry Juice,https://www.amazon.com/s?k=Cranberry+Juice&i=hpc&s=exact-aware-popularity-rank&ref=sr_st_exact-aware-popularity-rank
Dental probiotics,https://www.amazon.com/s?k=Dental+probiotics&i=hpc&s=exact-aware-popularity-rank&ref=sr_st_exact-aware-popularity-rank
Thyroid Probiotic,https://www.amazon.com/s?k=Thyroid+Probiotic&i=hpc&s=exact-aware-popularity-rank&ref=sr_st_exact-aware-popularity-rank
Children's Probiotic,https://www.amazon.com/s?k=Children's+Probiotic&i=hpc&s=exact-aware-popularity-rank&ref=sr_st_exact-aware-popularity-rank
Zeolite Suspension,https://www.amazon.com/s?k=Zeolite+Suspension&i=hpc&s=exact-aware-popularity-rank&ref=sr_st_exact-aware-popularity-rank
Phytonutrient Capsules,https://www.amazon.com/s?k=Phytonutrient+Capsules&i=hpc&s=exact-aware-popularity-rank&ref=sr_st_exact-aware-popularity-rank
Colon Care,https://www.amazon.com/s?k=Colon+Care&i=hpc&s=exact-aware-popularity-rank&ref=sr_st_exact-aware-popularity-rank
