Keyword,Links
Flora Capsules,https://www.ebay.com/sch/i.html?_from=R40&_nkw=Flora+Capsules&_sacat=26395&rt=nc&LH_ItemCondition=3&LH_BIN=1&rt=nc&LH_PrefLoc=1
Prebiotic Capsules,https://www.ebay.com/sch/i.html?_from=R40&_nkw=Prebiotic+Capsules&_sacat=26395&rt=nc&LH_ItemCondition=3&LH_BIN=1&rt=nc&LH_PrefLoc=1
Critical Care Probiotics,https://www.ebay.com/sch/i.html?_from=R40&_nkw=Critical+Care+Probiotics&_sacat=26395&rt=nc&LH_ItemCondition=3&LH_BIN=1&rt=nc&LH_PrefLoc=1
Vaginal Suppositories,https://www.ebay.com/sch/i.html?_from=R40&_nkw=Vaginal+Suppositories&_sacat=26395&rt=nc&LH_ItemCondition=3&LH_BIN=1&rt=nc&LH_PrefLoc=1
Agave Inulin,https://www.ebay.com/sch/i.html?_from=R40&_nkw=Agave+Inulin&_sacat=26395&rt=nc&LH_ItemCondition=3&LH_BIN=1&rt=nc&LH_PrefLoc=1
Organic Inulin,https://www.ebay.com/sch/i.html?_from=R40&_nkw=Organic+Inulin&_sacat=26395&rt=nc&LH_ItemCondition=3&LH_BIN=1&rt=nc&LH_PrefLoc=1
Lactose Defense,https://www.ebay.com/sch/i.html?_from=R40&_nkw=Lactose+Defense&_sacat=26395&rt=nc&LH_ItemCondition=3&LH_BIN=1&rt=nc&LH_PrefLoc=1
Probiotic Relief,https://www.ebay.com/sch/i.html?_from=R40&_nkw=Probiotic+Relief&_sacat=26395&rt=nc&LH_ItemCondition=3&LH_BIN=1&rt=nc&LH_PrefLoc=1
Herbal Probiotics,https://www.ebay.com/sch/i.html?_from=R40&_nkw=Herbal+Probiotics&_sacat=26395&rt=nc&LH_ItemCondition=3&LH_BIN=1&rt=nc&LH_PrefLoc=1
Probiotic Blend,https://www.ebay.com/sch/i.html?_from=R40&_nkw=Probiotic+Blend&_sacat=26395&rt=nc&LH_ItemCondition=3&LH_BIN=1&rt=nc&LH_PrefLoc=1
Women's health,https://www.ebay.com/sch/i.html?_from=R40&_nkw=Women's+health&_sacat=26395&rt=nc&LH_ItemCondition=3&LH_BIN=1&rt=nc&LH_PrefLoc=1
Probiotics 60 Billion,https://www.ebay.com/sch/i.html?_from=R40&_nkw=Probiotics+60+Billion&_sacat=26395&rt=nc&LH_ItemCondition=3&LH_BIN=1&rt=nc&LH_PrefLoc=1
Probiotic Formula,https://www.ebay.com/sch/i.html?_from=R40&_nkw=Probiotic+Formula&_sacat=26395&rt=nc&LH_ItemCondition=3&LH_BIN=1&rt=nc&LH_PrefLoc=1
Probiotics Applications,https://www.ebay.com/sch/i.html?_from=R40&_nkw=Probiotics+Applications&_sacat=26395&rt=nc&LH_ItemCondition=3&LH_BIN=1&rt=nc&LH_PrefLoc=1
Probiotic Calm,https://www.ebay.com/sch/i.html?_from=R40&_nkw=Probiotic+Calm&_sacat=26395&rt=nc&LH_ItemCondition=3&LH_BIN=1&rt=nc&LH_PrefLoc=1
Bloating Relief,https://www.ebay.com/sch/i.html?_from=R40&_nkw=Bloating+Relief&_sacat=26395&rt=nc&LH_ItemCondition=3&LH_BIN=1&rt=nc&LH_PrefLoc=1
Teen Probiotic,https://www.ebay.com/sch/i.html?_from=R40&_nkw=Teen+Probiotic&_sacat=26395&rt=nc&LH_ItemCondition=3&LH_BIN=1&rt=nc&LH_PrefLoc=1
Probiotics Mood,https://www.ebay.com/sch/i.html?_from=R40&_nkw=Probiotics+Mood&_sacat=26395&rt=nc&LH_ItemCondition=3&LH_BIN=1&rt=nc&LH_PrefLoc=1
Adult Probiotics,https://www.ebay.com/sch/i.html?_from=R40&_nkw=Adult+Probiotics&_sacat=26395&rt=nc&LH_ItemCondition=3&LH_BIN=1&rt=nc&LH_PrefLoc=1
Liquid Probiotic,https://www.ebay.com/sch/i.html?_from=R40&_nkw=Liquid+Probiotic&_sacat=26395&rt=nc&LH_ItemCondition=3&LH_BIN=1&rt=nc&LH_PrefLoc=1
Anti-Diarrheal,https://www.ebay.com/sch/i.html?_from=R40&_nkw=Anti-Diarrheal&_sacat=26395&rt=nc&LH_ItemCondition=3&LH_BIN=1&rt=nc&LH_PrefLoc=1
Probiotic Prunes,https://www.ebay.com/sch/i.html?_from=R40&_nkw=Probiotic+Prunes&_sacat=26395&rt=nc&LH_ItemCondition=3&LH_BIN=1&rt=nc&LH_PrefLoc=1
Gummy Probiotic,https://www.ebay.com/sch/i.html?_from=R40&_nkw=Gummy+Probiotic&_sacat=26395&rt=nc&LH_ItemCondition=3&LH_BIN=1&rt=nc&LH_PrefLoc=1
Digestive Fiber,https://www.ebay.com/sch/i.html?_from=R40&_nkw=Digestive+Fiber&_sacat=26395&rt=nc&LH_ItemCondition=3&LH_BIN=1&rt=nc&LH_PrefLoc=1
Nail Fungus,https://www.ebay.com/sch/i.html?_from=R40&_nkw=Nail+Fungus&_sacat=26395&rt=nc&LH_ItemCondition=3&LH_BIN=1&rt=nc&LH_PrefLoc=1
Probiotic Prebiotic,https://www.ebay.com/sch/i.html?_from=R40&_nkw=Probiotic+Prebiotic&_sacat=26395&rt=nc&LH_ItemCondition=3&LH_BIN=1&rt=nc&LH_PrefLoc=1
Prebiotic Supplement,https://www.ebay.com/sch/i.html?_from=R40&_nkw=Prebiotic+Supplement&_sacat=26395&rt=nc&LH_ItemCondition=3&LH_BIN=1&rt=nc&LH_PrefLoc=1
Probiotic Orange,https://www.ebay.com/sch/i.html?_from=R40&_nkw=Probiotic+Orange&_sacat=26395&rt=nc&LH_ItemCondition=3&LH_BIN=1&rt=nc&LH_PrefLoc=1
Bifidobacterium supplement,https://www.ebay.com/sch/i.html?_from=R40&_nkw=Bifidobacterium+supplement&_sacat=26395&rt=nc&LH_ItemCondition=3&LH_BIN=1&rt=nc&LH_PrefLoc=1
Digestive Enzyme,https://www.ebay.com/sch/i.html?_from=R40&_nkw=Digestive+Enzyme&_sacat=26395&rt=nc&LH_ItemCondition=3&LH_BIN=1&rt=nc&LH_PrefLoc=1
Baby Probiotic,https://www.ebay.com/sch/i.html?_from=R40&_nkw=Baby+Probiotic&_sacat=26395&rt=nc&LH_ItemCondition=3&LH_BIN=1&rt=nc&LH_PrefLoc=1
Probiotics Veg Caps,https://www.ebay.com/sch/i.html?_from=R40&_nkw=Probiotics+Veg+Caps&_sacat=26395&rt=nc&LH_ItemCondition=3&LH_BIN=1&rt=nc&LH_PrefLoc=1
Probiotic Balance,https://www.ebay.com/sch/i.html?_from=R40&_nkw=Probiotic+Balance&_sacat=26395&rt=nc&LH_ItemCondition=3&LH_BIN=1&rt=nc&LH_PrefLoc=1
Probiotic Care,https://www.ebay.com/sch/i.html?_from=R40&_nkw=Probiotic+Care&_sacat=26395&rt=nc&LH_ItemCondition=3&LH_BIN=1&rt=nc&LH_PrefLoc=1
Grape Probiotic,https://www.ebay.com/sch/i.html?_from=R40&_nkw=Grape+Probiotic&_sacat=26395&rt=nc&LH_ItemCondition=3&LH_BIN=1&rt=nc&LH_PrefLoc=1
Candi cleanse,https://www.ebay.com/sch/i.html?_from=R40&_nkw=Candi+cleanse&_sacat=26395&rt=nc&LH_ItemCondition=3&LH_BIN=1&rt=nc&LH_PrefLoc=1
Colon health,https://www.ebay.com/sch/i.html?_from=R40&_nkw=Colon+health&_sacat=26395&rt=nc&LH_ItemCondition=3&LH_BIN=1&rt=nc&LH_PrefLoc=1
Lactobacillus Capsules,https://www.ebay.com/sch/i.html?_from=R40&_nkw=Lactobacillus+Capsules&_sacat=26395&rt=nc&LH_ItemCondition=3&LH_BIN=1&rt=nc&LH_PrefLoc=1
Plant Superfood,https://www.ebay.com/sch/i.html?_from=R40&_nkw=Plant+Superfood&_sacat=26395&rt=nc&LH_ItemCondition=3&LH_BIN=1&rt=nc&LH_PrefLoc=1
Lactobacillus Probiotic,https://www.ebay.com/sch/i.html?_from=R40&_nkw=Lactobacillus+Probiotic&_sacat=26395&rt=nc&LH_ItemCondition=3&LH_BIN=1&rt=nc&LH_PrefLoc=1
Probiotic Women,https://www.ebay.com/sch/i.html?_from=R40&_nkw=Probiotic+Women&_sacat=26395&rt=nc&LH_ItemCondition=3&LH_BIN=1&rt=nc&LH_PrefLoc=1
Probiotic Treatment,https://www.ebay.com/sch/i.html?_from=R40&_nkw=Probiotic+Treatment&_sacat=26395&rt=nc&LH_ItemCondition=3&LH_BIN=1&rt=nc&LH_PrefLoc=1
Immune Probiotic,https://www.ebay.com/sch/i.html?_from=R40&_nkw=Immune+Probiotic&_sacat=26395&rt=nc&LH_ItemCondition=3&LH_BIN=1&rt=nc&LH_PrefLoc=1
Cranberry Juice,https://www.ebay.com/sch/i.html?_from=R40&_nkw=Cranberry+Juice&_sacat=26395&rt=nc&LH_ItemCondition=3&LH_BIN=1&rt=nc&LH_PrefLoc=1
Dental probiotics,https://www.ebay.com/sch/i.html?_from=R40&_nkw=Dental+probiotics&_sacat=26395&rt=nc&LH_ItemCondition=3&LH_BIN=1&rt=nc&LH_PrefLoc=1
Thyroid Probiotic,https://www.ebay.com/sch/i.html?_from=R40&_nkw=Thyroid+Probiotic&_sacat=26395&rt=nc&LH_ItemCondition=3&LH_BIN=1&rt=nc&LH_PrefLoc=1
Children's Probiotic,https://www.ebay.com/sch/i.html?_from=R40&_nkw=Children's+Probiotic&_sacat=26395&rt=nc&LH_ItemCondition=3&LH_BIN=1&rt=nc&LH_PrefLoc=1
Zeolite Suspension,https://www.ebay.com/sch/i.html?_from=R40&_nkw=Zeolite+Suspension&_sacat=26395&rt=nc&LH_ItemCondition=3&LH_BIN=1&rt=nc&LH_PrefLoc=1
Phytonutrient Capsules,https://www.ebay.com/sch/i.html?_from=R40&_nkw=Phytonutrient+Capsules&_sacat=26395&rt=nc&LH_ItemCondition=3&LH_BIN=1&rt=nc&LH_PrefLoc=1
Colon Care,https://www.ebay.com/sch/i.html?_from=R40&_nkw=Colon+Care&_sacat=26395&rt=nc&LH_ItemCondition=3&LH_BIN=1&rt=nc&LH_PrefLoc=1
