Keyword,Links
Hogwarts Bag,https://www.amazon.com/s?k=Hogwarts+Bag&i=beauty&s=exact-aware-popularity-rank&ref=sr_st_exact-aware-popularity-rank
Slant Tweezer,https://www.amazon.com/s?k=Slant+Tweezer&i=beauty&s=exact-aware-popularity-rank&ref=sr_st_exact-aware-popularity-rank
Eye Massager,https://www.amazon.com/s?k=Eye+Massager&i=beauty&s=exact-aware-popularity-rank&ref=sr_st_exact-aware-popularity-rank
Highlight Brush,https://www.amazon.com/s?k=Highlight+Brush&i=beauty&s=exact-aware-popularity-rank&ref=sr_st_exact-aware-popularity-rank
Beauty Sponge,https://www.amazon.com/s?k=Beauty+Sponge&i=beauty&s=exact-aware-popularity-rank&ref=sr_st_exact-aware-popularity-rank
Makeup Puffs,https://www.amazon.com/s?k=Makeup+Puffs&i=beauty&s=exact-aware-popularity-rank&ref=sr_st_exact-aware-popularity-rank
Sculpting Sponge,https://www.amazon.com/s?k=Sculpting+Sponge&i=beauty&s=exact-aware-popularity-rank&ref=sr_st_exact-aware-popularity-rank
Dermaplaning Kit,https://www.amazon.com/s?k=Dermaplaning+Kit&i=beauty&s=exact-aware-popularity-rank&ref=sr_st_exact-aware-popularity-rank
Stitch Cosmetic,https://www.amazon.com/s?k=Stitch+Cosmetic&i=beauty&s=exact-aware-popularity-rank&ref=sr_st_exact-aware-popularity-rank
Foam Rollers,https://www.amazon.com/s?k=Foam+Rollers&i=beauty&s=exact-aware-popularity-rank&ref=sr_st_exact-aware-popularity-rank
Volume Comb,https://www.amazon.com/s?k=Volume+Comb&i=beauty&s=exact-aware-popularity-rank&ref=sr_st_exact-aware-popularity-rank
Microneedling Roller,https://www.amazon.com/s?k=Microneedling+Roller&i=beauty&s=exact-aware-popularity-rank&ref=sr_st_exact-aware-popularity-rank
Facial Sauna,https://www.amazon.com/s?k=Facial+Sauna&i=beauty&s=exact-aware-popularity-rank&ref=sr_st_exact-aware-popularity-rank
Travel Mirror,https://www.amazon.com/s?k=Travel+Mirror&i=beauty&s=exact-aware-popularity-rank&ref=sr_st_exact-aware-popularity-rank
Wall-Mount Dryer,https://www.amazon.com/s?k=Wall-Mount+Dryer&i=beauty&s=exact-aware-popularity-rank&ref=sr_st_exact-aware-popularity-rank
Makeup Brush Cleaner,https://www.amazon.com/s?k=Makeup+Brush+Cleaner&i=beauty&s=exact-aware-popularity-rank&ref=sr_st_exact-aware-popularity-rank
Heatless Curlers,https://www.amazon.com/s?k=Heatless+Curlers&i=beauty&s=exact-aware-popularity-rank&ref=sr_st_exact-aware-popularity-rank
Toiletry Organizer,https://www.amazon.com/s?k=Toiletry+Organizer&i=beauty&s=exact-aware-popularity-rank&ref=sr_st_exact-aware-popularity-rank
LED Mirror,https://www.amazon.com/s?k=LED+Mirror&i=beauty&s=exact-aware-popularity-rank&ref=sr_st_exact-aware-popularity-rank
High-Speed Blow Dryer,https://www.amazon.com/s?k=High-Speed+Blow+Dryer&i=beauty&s=exact-aware-popularity-rank&ref=sr_st_exact-aware-popularity-rank
Cushion Sponge,https://www.amazon.com/s?k=Cushion+Sponge&i=beauty&s=exact-aware-popularity-rank&ref=sr_st_exact-aware-popularity-rank
Brow Scissors,https://www.amazon.com/s?k=Brow+Scissors&i=beauty&s=exact-aware-popularity-rank&ref=sr_st_exact-aware-popularity-rank
Hair cutting kit,https://www.amazon.com/s?k=Hair+cutting+kit&i=beauty&s=exact-aware-popularity-rank&ref=sr_st_exact-aware-popularity-rank
Floral Organizer,https://www.amazon.com/s?k=Floral+Organizer&i=beauty&s=exact-aware-popularity-rank&ref=sr_st_exact-aware-popularity-rank
Carbon Fiber Combs,https://www.amazon.com/s?k=Carbon+Fiber+Combs&i=beauty&s=exact-aware-popularity-rank&ref=sr_st_exact-aware-popularity-rank
Makeup Cleaner,https://www.amazon.com/s?k=Makeup+Cleaner&i=beauty&s=exact-aware-popularity-rank&ref=sr_st_exact-aware-popularity-rank
Rake Comb,https://www.amazon.com/s?k=Rake+Comb&i=beauty&s=exact-aware-popularity-rank&ref=sr_st_exact-aware-popularity-rank
French twist,https://www.amazon.com/s?k=French+twist&i=beauty&s=exact-aware-popularity-rank&ref=sr_st_exact-aware-popularity-rank
Style Booster,https://www.amazon.com/s?k=Style+Booster&i=beauty&s=exact-aware-popularity-rank&ref=sr_st_exact-aware-popularity-rank
Grooming Kit,https://www.amazon.com/s?k=Grooming+Kit&i=beauty&s=exact-aware-popularity-rank&ref=sr_st_exact-aware-popularity-rank
Hair Crimper,https://www.amazon.com/s?k=Hair+Crimper&i=beauty&s=exact-aware-popularity-rank&ref=sr_st_exact-aware-popularity-rank
Shaving Apron,https://www.amazon.com/s?k=Shaving+Apron&i=beauty&s=exact-aware-popularity-rank&ref=sr_st_exact-aware-popularity-rank
Grooming Scissors,https://www.amazon.com/s?k=Grooming+Scissors&i=beauty&s=exact-aware-popularity-rank&ref=sr_st_exact-aware-popularity-rank
Beauty Massager,https://www.amazon.com/s?k=Beauty+Massager&i=beauty&s=exact-aware-popularity-rank&ref=sr_st_exact-aware-popularity-rank
Eye Shadow Applicator,https://www.amazon.com/s?k=Eye+Shadow+Applicator&i=beauty&s=exact-aware-popularity-rank&ref=sr_st_exact-aware-popularity-rank
Cotton Organizer,https://www.amazon.com/s?k=Cotton+Organizer&i=beauty&s=exact-aware-popularity-rank&ref=sr_st_exact-aware-popularity-rank
Hair scissors,https://www.amazon.com/s?k=Hair+scissors&i=beauty&s=exact-aware-popularity-rank&ref=sr_st_exact-aware-popularity-rank
Ionic Hair Setter,https://www.amazon.com/s?k=Ionic+Hair+Setter&i=beauty&s=exact-aware-popularity-rank&ref=sr_st_exact-aware-popularity-rank
Reusable rounds,https://www.amazon.com/s?k=Reusable+rounds&i=beauty&s=exact-aware-popularity-rank&ref=sr_st_exact-aware-popularity-rank
Jumbo Wedges,https://www.amazon.com/s?k=Jumbo+Wedges&i=beauty&s=exact-aware-popularity-rank&ref=sr_st_exact-aware-popularity-rank
Blackhead Extractor,https://www.amazon.com/s?k=Blackhead+Extractor&i=beauty&s=exact-aware-popularity-rank&ref=sr_st_exact-aware-popularity-rank
Volumizing Brush,https://www.amazon.com/s?k=Volumizing+Brush&i=beauty&s=exact-aware-popularity-rank&ref=sr_st_exact-aware-popularity-rank
Travel Makeup,https://www.amazon.com/s?k=Travel+Makeup&i=beauty&s=exact-aware-popularity-rank&ref=sr_st_exact-aware-popularity-rank
Comb set,https://www.amazon.com/s?k=Comb+set&i=beauty&s=exact-aware-popularity-rank&ref=sr_st_exact-aware-popularity-rank
Travel Makeup Brushes,https://www.amazon.com/s?k=Travel+Makeup+Brushes&i=beauty&s=exact-aware-popularity-rank&ref=sr_st_exact-aware-popularity-rank
Piano Music,https://www.amazon.com/s?k=Piano+Music&i=beauty&s=exact-aware-popularity-rank&ref=sr_st_exact-aware-popularity-rank
Scalp Comb,https://www.amazon.com/s?k=Scalp+Comb&i=beauty&s=exact-aware-popularity-rank&ref=sr_st_exact-aware-popularity-rank
Inspirational Mirror,https://www.amazon.com/s?k=Inspirational+Mirror&i=beauty&s=exact-aware-popularity-rank&ref=sr_st_exact-aware-popularity-rank
Lash Curler,https://www.amazon.com/s?k=Lash+Curler&i=beauty&s=exact-aware-popularity-rank&ref=sr_st_exact-aware-popularity-rank
Bun Shaper,https://www.amazon.com/s?k=Bun+Shaper&i=beauty&s=exact-aware-popularity-rank&ref=sr_st_exact-aware-popularity-rank
