Keyword,Links
Magnesium Kids,https://www.ebay.com/sch/i.html?_from=R40&_nkw=Magnesium+Kids&_sacat=26395&rt=nc&LH_ItemCondition=3&LH_BIN=1&rt=nc&LH_PrefLoc=1
High-Potency Iron,https://www.ebay.com/sch/i.html?_from=R40&_nkw=High-Potency+Iron&_sacat=26395&rt=nc&LH_ItemCondition=3&LH_BIN=1&rt=nc&LH_PrefLoc=1
Chelated Calcium,https://www.ebay.com/sch/i.html?_from=R40&_nkw=Chelated+Calcium&_sacat=26395&rt=nc&LH_ItemCondition=3&LH_BIN=1&rt=nc&LH_PrefLoc=1
Gas relief,https://www.ebay.com/sch/i.html?_from=R40&_nkw=Gas+relief&_sacat=26395&rt=nc&LH_ItemCondition=3&LH_BIN=1&rt=nc&LH_PrefLoc=1
Aces Zinc,https://www.ebay.com/sch/i.html?_from=R40&_nkw=Aces+Zinc&_sacat=26395&rt=nc&LH_ItemCondition=3&LH_BIN=1&rt=nc&LH_PrefLoc=1
Zinc Lemon,https://www.ebay.com/sch/i.html?_from=R40&_nkw=Zinc+Lemon&_sacat=26395&rt=nc&LH_ItemCondition=3&LH_BIN=1&rt=nc&LH_PrefLoc=1
Ferrous Fumarate,https://www.ebay.com/sch/i.html?_from=R40&_nkw=Ferrous+Fumarate&_sacat=26395&rt=nc&LH_ItemCondition=3&LH_BIN=1&rt=nc&LH_PrefLoc=1
Bone Supplement,https://www.ebay.com/sch/i.html?_from=R40&_nkw=Bone+Supplement&_sacat=26395&rt=nc&LH_ItemCondition=3&LH_BIN=1&rt=nc&LH_PrefLoc=1
Citrate Capsules,https://www.ebay.com/sch/i.html?_from=R40&_nkw=Citrate+Capsules&_sacat=26395&rt=nc&LH_ItemCondition=3&LH_BIN=1&rt=nc&LH_PrefLoc=1
Oyster Shell Calcium,https://www.ebay.com/sch/i.html?_from=R40&_nkw=Oyster+Shell+Calcium&_sacat=26395&rt=nc&LH_ItemCondition=3&LH_BIN=1&rt=nc&LH_PrefLoc=1
Kelp Tablets,https://www.ebay.com/sch/i.html?_from=R40&_nkw=Kelp+Tablets&_sacat=26395&rt=nc&LH_ItemCondition=3&LH_BIN=1&rt=nc&LH_PrefLoc=1
Magnesium Bromelain,https://www.ebay.com/sch/i.html?_from=R40&_nkw=Magnesium+Bromelain&_sacat=26395&rt=nc&LH_ItemCondition=3&LH_BIN=1&rt=nc&LH_PrefLoc=1
Iodide Tablets,https://www.ebay.com/sch/i.html?_from=R40&_nkw=Iodide+Tablets&_sacat=26395&rt=nc&LH_ItemCondition=3&LH_BIN=1&rt=nc&LH_PrefLoc=1
Potassium Drops,https://www.ebay.com/sch/i.html?_from=R40&_nkw=Potassium+Drops&_sacat=26395&rt=nc&LH_ItemCondition=3&LH_BIN=1&rt=nc&LH_PrefLoc=1
Energy minerals,https://www.ebay.com/sch/i.html?_from=R40&_nkw=Energy+minerals&_sacat=26395&rt=nc&LH_ItemCondition=3&LH_BIN=1&rt=nc&LH_PrefLoc=1
Epsom Salts,https://www.ebay.com/sch/i.html?_from=R40&_nkw=Epsom+Salts&_sacat=26395&rt=nc&LH_ItemCondition=3&LH_BIN=1&rt=nc&LH_PrefLoc=1
Multi Minerals,https://www.ebay.com/sch/i.html?_from=R40&_nkw=Multi+Minerals&_sacat=26395&rt=nc&LH_ItemCondition=3&LH_BIN=1&rt=nc&LH_PrefLoc=1
Oyster Calcium,https://www.ebay.com/sch/i.html?_from=R40&_nkw=Oyster+Calcium&_sacat=26395&rt=nc&LH_ItemCondition=3&LH_BIN=1&rt=nc&LH_PrefLoc=1
Calcium Threonate,https://www.ebay.com/sch/i.html?_from=R40&_nkw=Calcium+Threonate&_sacat=26395&rt=nc&LH_ItemCondition=3&LH_BIN=1&rt=nc&LH_PrefLoc=1
Zeolite Powder,https://www.ebay.com/sch/i.html?_from=R40&_nkw=Zeolite+Powder&_sacat=26395&rt=nc&LH_ItemCondition=3&LH_BIN=1&rt=nc&LH_PrefLoc=1
Vanadium Chromium,https://www.ebay.com/sch/i.html?_from=R40&_nkw=Vanadium+Chromium&_sacat=26395&rt=nc&LH_ItemCondition=3&LH_BIN=1&rt=nc&LH_PrefLoc=1
Chromium Gummies,https://www.ebay.com/sch/i.html?_from=R40&_nkw=Chromium+Gummies&_sacat=26395&rt=nc&LH_ItemCondition=3&LH_BIN=1&rt=nc&LH_PrefLoc=1
Cell Salts,https://www.ebay.com/sch/i.html?_from=R40&_nkw=Cell+Salts&_sacat=26395&rt=nc&LH_ItemCondition=3&LH_BIN=1&rt=nc&LH_PrefLoc=1
Chelated Iron,https://www.ebay.com/sch/i.html?_from=R40&_nkw=Chelated+Iron&_sacat=26395&rt=nc&LH_ItemCondition=3&LH_BIN=1&rt=nc&LH_PrefLoc=1
Energizing Iron,https://www.ebay.com/sch/i.html?_from=R40&_nkw=Energizing+Iron&_sacat=26395&rt=nc&LH_ItemCondition=3&LH_BIN=1&rt=nc&LH_PrefLoc=1
pH Booster,https://www.ebay.com/sch/i.html?_from=R40&_nkw=pH+Booster&_sacat=26395&rt=nc&LH_ItemCondition=3&LH_BIN=1&rt=nc&LH_PrefLoc=1
Iron Bisglycinate,https://www.ebay.com/sch/i.html?_from=R40&_nkw=Iron+Bisglycinate&_sacat=26395&rt=nc&LH_ItemCondition=3&LH_BIN=1&rt=nc&LH_PrefLoc=1
Systemic Enzymes,https://www.ebay.com/sch/i.html?_from=R40&_nkw=Systemic+Enzymes&_sacat=26395&rt=nc&LH_ItemCondition=3&LH_BIN=1&rt=nc&LH_PrefLoc=1
Beetroot Supplement,https://www.ebay.com/sch/i.html?_from=R40&_nkw=Beetroot+Supplement&_sacat=26395&rt=nc&LH_ItemCondition=3&LH_BIN=1&rt=nc&LH_PrefLoc=1
Potassium Gummies,https://www.ebay.com/sch/i.html?_from=R40&_nkw=Potassium+Gummies&_sacat=26395&rt=nc&LH_ItemCondition=3&LH_BIN=1&rt=nc&LH_PrefLoc=1
Milk chocolate,https://www.ebay.com/sch/i.html?_from=R40&_nkw=Milk+chocolate&_sacat=26395&rt=nc&LH_ItemCondition=3&LH_BIN=1&rt=nc&LH_PrefLoc=1
Dry Eye,https://www.ebay.com/sch/i.html?_from=R40&_nkw=Dry+Eye&_sacat=26395&rt=nc&LH_ItemCondition=3&LH_BIN=1&rt=nc&LH_PrefLoc=1
Zinc Chelate,https://www.ebay.com/sch/i.html?_from=R40&_nkw=Zinc+Chelate&_sacat=26395&rt=nc&LH_ItemCondition=3&LH_BIN=1&rt=nc&LH_PrefLoc=1
Manganese Supplement,https://www.ebay.com/sch/i.html?_from=R40&_nkw=Manganese+Supplement&_sacat=26395&rt=nc&LH_ItemCondition=3&LH_BIN=1&rt=nc&LH_PrefLoc=1
Gotu Kola,https://www.ebay.com/sch/i.html?_from=R40&_nkw=Gotu+Kola&_sacat=26395&rt=nc&LH_ItemCondition=3&LH_BIN=1&rt=nc&LH_PrefLoc=1
Daily Multivitamins,https://www.ebay.com/sch/i.html?_from=R40&_nkw=Daily+Multivitamins&_sacat=26395&rt=nc&LH_ItemCondition=3&LH_BIN=1&rt=nc&LH_PrefLoc=1
Mineral Water,https://www.ebay.com/sch/i.html?_from=R40&_nkw=Mineral+Water&_sacat=26395&rt=nc&LH_ItemCondition=3&LH_BIN=1&rt=nc&LH_PrefLoc=1
Smart Speaker,https://www.ebay.com/sch/i.html?_from=R40&_nkw=Smart+Speaker&_sacat=26395&rt=nc&LH_ItemCondition=3&LH_BIN=1&rt=nc&LH_PrefLoc=1
Salt supplement,https://www.ebay.com/sch/i.html?_from=R40&_nkw=Salt+supplement&_sacat=26395&rt=nc&LH_ItemCondition=3&LH_BIN=1&rt=nc&LH_PrefLoc=1
Calcium Vitamin D3,https://www.ebay.com/sch/i.html?_from=R40&_nkw=Calcium+Vitamin+D3&_sacat=26395&rt=nc&LH_ItemCondition=3&LH_BIN=1&rt=nc&LH_PrefLoc=1
Manganese Capsules,https://www.ebay.com/sch/i.html?_from=R40&_nkw=Manganese+Capsules&_sacat=26395&rt=nc&LH_ItemCondition=3&LH_BIN=1&rt=nc&LH_PrefLoc=1
Calcium Suspension,https://www.ebay.com/sch/i.html?_from=R40&_nkw=Calcium+Suspension&_sacat=26395&rt=nc&LH_ItemCondition=3&LH_BIN=1&rt=nc&LH_PrefLoc=1
Strontium Citrate,https://www.ebay.com/sch/i.html?_from=R40&_nkw=Strontium+Citrate&_sacat=26395&rt=nc&LH_ItemCondition=3&LH_BIN=1&rt=nc&LH_PrefLoc=1
Recovery drink,https://www.ebay.com/sch/i.html?_from=R40&_nkw=Recovery+drink&_sacat=26395&rt=nc&LH_ItemCondition=3&LH_BIN=1&rt=nc&LH_PrefLoc=1
Rhodiola tincture,https://www.ebay.com/sch/i.html?_from=R40&_nkw=Rhodiola+tincture&_sacat=26395&rt=nc&LH_ItemCondition=3&LH_BIN=1&rt=nc&LH_PrefLoc=1
Citric Acid,https://www.ebay.com/sch/i.html?_from=R40&_nkw=Citric+Acid&_sacat=26395&rt=nc&LH_ItemCondition=3&LH_BIN=1&rt=nc&LH_PrefLoc=1
Iron caplets,https://www.ebay.com/sch/i.html?_from=R40&_nkw=Iron+caplets&_sacat=26395&rt=nc&LH_ItemCondition=3&LH_BIN=1&rt=nc&LH_PrefLoc=1
Boron supplements,https://www.ebay.com/sch/i.html?_from=R40&_nkw=Boron+supplements&_sacat=26395&rt=nc&LH_ItemCondition=3&LH_BIN=1&rt=nc&LH_PrefLoc=1
Liquid Iodine,https://www.ebay.com/sch/i.html?_from=R40&_nkw=Liquid+Iodine&_sacat=26395&rt=nc&LH_ItemCondition=3&LH_BIN=1&rt=nc&LH_PrefLoc=1
Blackstrap Molasses,https://www.ebay.com/sch/i.html?_from=R40&_nkw=Blackstrap+Molasses&_sacat=26395&rt=nc&LH_ItemCondition=3&LH_BIN=1&rt=nc&LH_PrefLoc=1
