Keyword,Links
Glow Makeup Brushes,https://www.amazon.com/s?k=Glow+Makeup+Brushes&i=beauty&s=exact-aware-popularity-rank&ref=sr_st_exact-aware-popularity-rank
Travel dryer,https://www.amazon.com/s?k=Travel+dryer&i=beauty&s=exact-aware-popularity-rank&ref=sr_st_exact-aware-popularity-rank
Blow Dryer,https://www.amazon.com/s?k=Blow+Dryer&i=beauty&s=exact-aware-popularity-rank&ref=sr_st_exact-aware-popularity-rank
Microneedling Heads,https://www.amazon.com/s?k=Microneedling+Heads&i=beauty&s=exact-aware-popularity-rank&ref=sr_st_exact-aware-popularity-rank
Blackhead Scraper,https://www.amazon.com/s?k=Blackhead+Scraper&i=beauty&s=exact-aware-popularity-rank&ref=sr_st_exact-aware-popularity-rank
Angled Tweezers,https://www.amazon.com/s?k=Angled+Tweezers&i=beauty&s=exact-aware-popularity-rank&ref=sr_st_exact-aware-popularity-rank
Complexion Sponge,https://www.amazon.com/s?k=Complexion+Sponge&i=beauty&s=exact-aware-popularity-rank&ref=sr_st_exact-aware-popularity-rank
Eye lift,https://www.amazon.com/s?k=Eye+lift&i=beauty&s=exact-aware-popularity-rank&ref=sr_st_exact-aware-popularity-rank
Blending Sponge,https://www.amazon.com/s?k=Blending+Sponge&i=beauty&s=exact-aware-popularity-rank&ref=sr_st_exact-aware-popularity-rank
Stipple Brush,https://www.amazon.com/s?k=Stipple+Brush&i=beauty&s=exact-aware-popularity-rank&ref=sr_st_exact-aware-popularity-rank
Vented Hairbrush,https://www.amazon.com/s?k=Vented+Hairbrush&i=beauty&s=exact-aware-popularity-rank&ref=sr_st_exact-aware-popularity-rank
LED skin therapy,https://www.amazon.com/s?k=LED+skin+therapy&i=beauty&s=exact-aware-popularity-rank&ref=sr_st_exact-aware-popularity-rank
Cleansing Bag,https://www.amazon.com/s?k=Cleansing+Bag&i=beauty&s=exact-aware-popularity-rank&ref=sr_st_exact-aware-popularity-rank
Hot Air Curling,https://www.amazon.com/s?k=Hot+Air+Curling&i=beauty&s=exact-aware-popularity-rank&ref=sr_st_exact-aware-popularity-rank
Haircut Kit,https://www.amazon.com/s?k=Haircut+Kit&i=beauty&s=exact-aware-popularity-rank&ref=sr_st_exact-aware-popularity-rank
Galvanic Roller,https://www.amazon.com/s?k=Galvanic+Roller&i=beauty&s=exact-aware-popularity-rank&ref=sr_st_exact-aware-popularity-rank
Microdermabrasion Kit,https://www.amazon.com/s?k=Microdermabrasion+Kit&i=beauty&s=exact-aware-popularity-rank&ref=sr_st_exact-aware-popularity-rank
Side Comb,https://www.amazon.com/s?k=Side+Comb&i=beauty&s=exact-aware-popularity-rank&ref=sr_st_exact-aware-popularity-rank
Ceramic Dryer,https://www.amazon.com/s?k=Ceramic+Dryer&i=beauty&s=exact-aware-popularity-rank&ref=sr_st_exact-aware-popularity-rank
Gentle Brush,https://www.amazon.com/s?k=Gentle+Brush&i=beauty&s=exact-aware-popularity-rank&ref=sr_st_exact-aware-popularity-rank
Replacement heads,https://www.amazon.com/s?k=Replacement+heads&i=beauty&s=exact-aware-popularity-rank&ref=sr_st_exact-aware-popularity-rank
Leopard Bag,https://www.amazon.com/s?k=Leopard+Bag&i=beauty&s=exact-aware-popularity-rank&ref=sr_st_exact-aware-popularity-rank
Neon Wand,https://www.amazon.com/s?k=Neon+Wand&i=beauty&s=exact-aware-popularity-rank&ref=sr_st_exact-aware-popularity-rank
Lip Eye Attachment,https://www.amazon.com/s?k=Lip+Eye+Attachment&i=beauty&s=exact-aware-popularity-rank&ref=sr_st_exact-aware-popularity-rank
Minnie Mouse Pouch,https://www.amazon.com/s?k=Minnie+Mouse+Pouch&i=beauty&s=exact-aware-popularity-rank&ref=sr_st_exact-aware-popularity-rank
Hair Essentials,https://www.amazon.com/s?k=Hair+Essentials&i=beauty&s=exact-aware-popularity-rank&ref=sr_st_exact-aware-popularity-rank
Gold Vanity,https://www.amazon.com/s?k=Gold+Vanity&i=beauty&s=exact-aware-popularity-rank&ref=sr_st_exact-aware-popularity-rank
Diamond Microdermabrasion,https://www.amazon.com/s?k=Diamond+Microdermabrasion&i=beauty&s=exact-aware-popularity-rank&ref=sr_st_exact-aware-popularity-rank
Cosmetic Set,https://www.amazon.com/s?k=Cosmetic+Set&i=beauty&s=exact-aware-popularity-rank&ref=sr_st_exact-aware-popularity-rank
Foaming Peel,https://www.amazon.com/s?k=Foaming+Peel&i=beauty&s=exact-aware-popularity-rank&ref=sr_st_exact-aware-popularity-rank
Beauty Bag,https://www.amazon.com/s?k=Beauty+Bag&i=beauty&s=exact-aware-popularity-rank&ref=sr_st_exact-aware-popularity-rank
Volume Booster,https://www.amazon.com/s?k=Volume+Booster&i=beauty&s=exact-aware-popularity-rank&ref=sr_st_exact-aware-popularity-rank
Infrared Hair Dryer,https://www.amazon.com/s?k=Infrared+Hair+Dryer&i=beauty&s=exact-aware-popularity-rank&ref=sr_st_exact-aware-popularity-rank
Root booster,https://www.amazon.com/s?k=Root+booster&i=beauty&s=exact-aware-popularity-rank&ref=sr_st_exact-aware-popularity-rank
Cotton Balls,https://www.amazon.com/s?k=Cotton+Balls&i=beauty&s=exact-aware-popularity-rank&ref=sr_st_exact-aware-popularity-rank
Exfoliating Cotton,https://www.amazon.com/s?k=Exfoliating+Cotton&i=beauty&s=exact-aware-popularity-rank&ref=sr_st_exact-aware-popularity-rank
Hair Curling,https://www.amazon.com/s?k=Hair+Curling&i=beauty&s=exact-aware-popularity-rank&ref=sr_st_exact-aware-popularity-rank
Heat Curling Iron,https://www.amazon.com/s?k=Heat+Curling+Iron&i=beauty&s=exact-aware-popularity-rank&ref=sr_st_exact-aware-popularity-rank
Automatic Curler,https://www.amazon.com/s?k=Automatic+Curler&i=beauty&s=exact-aware-popularity-rank&ref=sr_st_exact-aware-popularity-rank
Straightening Comb,https://www.amazon.com/s?k=Straightening+Comb&i=beauty&s=exact-aware-popularity-rank&ref=sr_st_exact-aware-popularity-rank
Shower Comb,https://www.amazon.com/s?k=Shower+Comb&i=beauty&s=exact-aware-popularity-rank&ref=sr_st_exact-aware-popularity-rank
Bath storage,https://www.amazon.com/s?k=Bath+storage&i=beauty&s=exact-aware-popularity-rank&ref=sr_st_exact-aware-popularity-rank
Shower Detangler,https://www.amazon.com/s?k=Shower+Detangler&i=beauty&s=exact-aware-popularity-rank&ref=sr_st_exact-aware-popularity-rank
Coconut Flat Iron,https://www.amazon.com/s?k=Coconut+Flat+Iron&i=beauty&s=exact-aware-popularity-rank&ref=sr_st_exact-aware-popularity-rank
Hot Air Styler,https://www.amazon.com/s?k=Hot+Air+Styler&i=beauty&s=exact-aware-popularity-rank&ref=sr_st_exact-aware-popularity-rank
Hot Brush,https://www.amazon.com/s?k=Hot+Brush&i=beauty&s=exact-aware-popularity-rank&ref=sr_st_exact-aware-popularity-rank
Ultra-Thin Straightener,https://www.amazon.com/s?k=Ultra-Thin+Straightener&i=beauty&s=exact-aware-popularity-rank&ref=sr_st_exact-aware-popularity-rank
Vent brush,https://www.amazon.com/s?k=Vent+brush&i=beauty&s=exact-aware-popularity-rank&ref=sr_st_exact-aware-popularity-rank
Iridescent Flat Iron,https://www.amazon.com/s?k=Iridescent+Flat+Iron&i=beauty&s=exact-aware-popularity-rank&ref=sr_st_exact-aware-popularity-rank
Twist Comb,https://www.amazon.com/s?k=Twist+Comb&i=beauty&s=exact-aware-popularity-rank&ref=sr_st_exact-aware-popularity-rank
