Keyword,Links
Color safe,https://www.amazon.com/s?k=Color+safe&i=beauty&s=exact-aware-popularity-rank&ref=sr_st_exact-aware-popularity-rank
Wax Strips,https://www.amazon.com/s?k=Wax+Strips&i=beauty&s=exact-aware-popularity-rank&ref=sr_st_exact-aware-popularity-rank
Hair moisturizer,https://www.amazon.com/s?k=Hair+moisturizer&i=beauty&s=exact-aware-popularity-rank&ref=sr_st_exact-aware-popularity-rank
Security Shampoo,https://www.amazon.com/s?k=Security+Shampoo&i=beauty&s=exact-aware-popularity-rank&ref=sr_st_exact-aware-popularity-rank
Lilo Stitch Headband,https://www.amazon.com/s?k=Lilo+Stitch+Headband&i=beauty&s=exact-aware-popularity-rank&ref=sr_st_exact-aware-popularity-rank
Biotin Shampoo,https://www.amazon.com/s?k=Biotin+Shampoo&i=beauty&s=exact-aware-popularity-rank&ref=sr_st_exact-aware-popularity-rank
Brown Butter,https://www.amazon.com/s?k=Brown+Butter&i=beauty&s=exact-aware-popularity-rank&ref=sr_st_exact-aware-popularity-rank
Color Protecting,https://www.amazon.com/s?k=Color+Protecting&i=beauty&s=exact-aware-popularity-rank&ref=sr_st_exact-aware-popularity-rank
Keratin Conditioner,https://www.amazon.com/s?k=Keratin+Conditioner&i=beauty&s=exact-aware-popularity-rank&ref=sr_st_exact-aware-popularity-rank
Self tan,https://www.amazon.com/s?k=Self+tan&i=beauty&s=exact-aware-popularity-rank&ref=sr_st_exact-aware-popularity-rank
Sulfate-Free Shampoo,https://www.amazon.com/s?k=Sulfate-Free+Shampoo&i=beauty&s=exact-aware-popularity-rank&ref=sr_st_exact-aware-popularity-rank
Dandruff Shampoo,https://www.amazon.com/s?k=Dandruff+Shampoo&i=beauty&s=exact-aware-popularity-rank&ref=sr_st_exact-aware-popularity-rank
Shiny Conditioner,https://www.amazon.com/s?k=Shiny+Conditioner&i=beauty&s=exact-aware-popularity-rank&ref=sr_st_exact-aware-popularity-rank
Sleek Shine,https://www.amazon.com/s?k=Sleek+Shine&i=beauty&s=exact-aware-popularity-rank&ref=sr_st_exact-aware-popularity-rank
Travel Duo,https://www.amazon.com/s?k=Travel+Duo&i=beauty&s=exact-aware-popularity-rank&ref=sr_st_exact-aware-popularity-rank
Ceramic Hair Dryer,https://www.amazon.com/s?k=Ceramic+Hair+Dryer&i=beauty&s=exact-aware-popularity-rank&ref=sr_st_exact-aware-popularity-rank
Hair regrowth,https://www.amazon.com/s?k=Hair+regrowth&i=beauty&s=exact-aware-popularity-rank&ref=sr_st_exact-aware-popularity-rank
Coconut Lotion,https://www.amazon.com/s?k=Coconut+Lotion&i=beauty&s=exact-aware-popularity-rank&ref=sr_st_exact-aware-popularity-rank
Ricino aceite,https://www.amazon.com/s?k=Ricino+aceite&i=beauty&s=exact-aware-popularity-rank&ref=sr_st_exact-aware-popularity-rank
Shampoo Wash,https://www.amazon.com/s?k=Shampoo+Wash&i=beauty&s=exact-aware-popularity-rank&ref=sr_st_exact-aware-popularity-rank
Age Defying Conditioner,https://www.amazon.com/s?k=Age+Defying+Conditioner&i=beauty&s=exact-aware-popularity-rank&ref=sr_st_exact-aware-popularity-rank
Calming Shampoo,https://www.amazon.com/s?k=Calming+Shampoo&i=beauty&s=exact-aware-popularity-rank&ref=sr_st_exact-aware-popularity-rank
Blonde Wig,https://www.amazon.com/s?k=Blonde+Wig&i=beauty&s=exact-aware-popularity-rank&ref=sr_st_exact-aware-popularity-rank
Color shampoo,https://www.amazon.com/s?k=Color+shampoo&i=beauty&s=exact-aware-popularity-rank&ref=sr_st_exact-aware-popularity-rank
Body mist,https://www.amazon.com/s?k=Body+mist&i=beauty&s=exact-aware-popularity-rank&ref=sr_st_exact-aware-popularity-rank
Hydrating Toner,https://www.amazon.com/s?k=Hydrating+Toner&i=beauty&s=exact-aware-popularity-rank&ref=sr_st_exact-aware-popularity-rank
Curl Enhancer,https://www.amazon.com/s?k=Curl+Enhancer&i=beauty&s=exact-aware-popularity-rank&ref=sr_st_exact-aware-popularity-rank
Silver conditioner,https://www.amazon.com/s?k=Silver+conditioner&i=beauty&s=exact-aware-popularity-rank&ref=sr_st_exact-aware-popularity-rank
Curly Curls,https://www.amazon.com/s?k=Curly+Curls&i=beauty&s=exact-aware-popularity-rank&ref=sr_st_exact-aware-popularity-rank
Shampoo Conditioner,https://www.amazon.com/s?k=Shampoo+Conditioner&i=beauty&s=exact-aware-popularity-rank&ref=sr_st_exact-aware-popularity-rank
Volumizing spray,https://www.amazon.com/s?k=Volumizing+spray&i=beauty&s=exact-aware-popularity-rank&ref=sr_st_exact-aware-popularity-rank
Glitter Hair Clips,https://www.amazon.com/s?k=Glitter+Hair+Clips&i=beauty&s=exact-aware-popularity-rank&ref=sr_st_exact-aware-popularity-rank
Smoothing Lotion,https://www.amazon.com/s?k=Smoothing+Lotion&i=beauty&s=exact-aware-popularity-rank&ref=sr_st_exact-aware-popularity-rank
Nourish Conditioner,https://www.amazon.com/s?k=Nourish+Conditioner&i=beauty&s=exact-aware-popularity-rank&ref=sr_st_exact-aware-popularity-rank
Dreadlock Wig,https://www.amazon.com/s?k=Dreadlock+Wig&i=beauty&s=exact-aware-popularity-rank&ref=sr_st_exact-aware-popularity-rank
Fresh Air Shampoo,https://www.amazon.com/s?k=Fresh+Air+Shampoo&i=beauty&s=exact-aware-popularity-rank&ref=sr_st_exact-aware-popularity-rank
Claw Clip,https://www.amazon.com/s?k=Claw+Clip&i=beauty&s=exact-aware-popularity-rank&ref=sr_st_exact-aware-popularity-rank
Pixie Wig,https://www.amazon.com/s?k=Pixie+Wig&i=beauty&s=exact-aware-popularity-rank&ref=sr_st_exact-aware-popularity-rank
Princess Bows,https://www.amazon.com/s?k=Princess+Bows&i=beauty&s=exact-aware-popularity-rank&ref=sr_st_exact-aware-popularity-rank
Hair dressing,https://www.amazon.com/s?k=Hair+dressing&i=beauty&s=exact-aware-popularity-rank&ref=sr_st_exact-aware-popularity-rank
Dry Shampoo,https://www.amazon.com/s?k=Dry+Shampoo&i=beauty&s=exact-aware-popularity-rank&ref=sr_st_exact-aware-popularity-rank
Scalp Scrub,https://www.amazon.com/s?k=Scalp+Scrub&i=beauty&s=exact-aware-popularity-rank&ref=sr_st_exact-aware-popularity-rank
Hair thickening,https://www.amazon.com/s?k=Hair+thickening&i=beauty&s=exact-aware-popularity-rank&ref=sr_st_exact-aware-popularity-rank
Hydrating Conditioner,https://www.amazon.com/s?k=Hydrating+Conditioner&i=beauty&s=exact-aware-popularity-rank&ref=sr_st_exact-aware-popularity-rank
Leave-In Treatment,https://www.amazon.com/s?k=Leave-In+Treatment&i=beauty&s=exact-aware-popularity-rank&ref=sr_st_exact-aware-popularity-rank
Frizz Tamer,https://www.amazon.com/s?k=Frizz+Tamer&i=beauty&s=exact-aware-popularity-rank&ref=sr_st_exact-aware-popularity-rank
Pine Tar Conditioner,https://www.amazon.com/s?k=Pine+Tar+Conditioner&i=beauty&s=exact-aware-popularity-rank&ref=sr_st_exact-aware-popularity-rank
Therapeutic Shampoo,https://www.amazon.com/s?k=Therapeutic+Shampoo&i=beauty&s=exact-aware-popularity-rank&ref=sr_st_exact-aware-popularity-rank
Color Extend,https://www.amazon.com/s?k=Color+Extend&i=beauty&s=exact-aware-popularity-rank&ref=sr_st_exact-aware-popularity-rank
Pink headband,https://www.amazon.com/s?k=Pink+headband&i=beauty&s=exact-aware-popularity-rank&ref=sr_st_exact-aware-popularity-rank
