Keyword,Links
Selenium Tablets,https://www.ebay.com/sch/i.html?_from=R40&_nkw=Selenium+Tablets&_sacat=26395&rt=nc&LH_ItemCondition=3&LH_BIN=1&rt=nc&LH_PrefLoc=1
Chelated Zinc,https://www.ebay.com/sch/i.html?_from=R40&_nkw=Chelated+Zinc&_sacat=26395&rt=nc&LH_ItemCondition=3&LH_BIN=1&rt=nc&LH_PrefLoc=1
Vegan Zinc,https://www.ebay.com/sch/i.html?_from=R40&_nkw=Vegan+Zinc&_sacat=26395&rt=nc&LH_ItemCondition=3&LH_BIN=1&rt=nc&LH_PrefLoc=1
Tonic Liquid,https://www.ebay.com/sch/i.html?_from=R40&_nkw=Tonic+Liquid&_sacat=26395&rt=nc&LH_ItemCondition=3&LH_BIN=1&rt=nc&LH_PrefLoc=1
Multi Mineral,https://www.ebay.com/sch/i.html?_from=R40&_nkw=Multi+Mineral&_sacat=26395&rt=nc&LH_ItemCondition=3&LH_BIN=1&rt=nc&LH_PrefLoc=1
Calcium Chewable,https://www.ebay.com/sch/i.html?_from=R40&_nkw=Calcium+Chewable&_sacat=26395&rt=nc&LH_ItemCondition=3&LH_BIN=1&rt=nc&LH_PrefLoc=1
Glucosamine Tablets,https://www.ebay.com/sch/i.html?_from=R40&_nkw=Glucosamine+Tablets&_sacat=26395&rt=nc&LH_ItemCondition=3&LH_BIN=1&rt=nc&LH_PrefLoc=1
Time-Release Magnesium,https://www.ebay.com/sch/i.html?_from=R40&_nkw=Time-Release+Magnesium&_sacat=26395&rt=nc&LH_ItemCondition=3&LH_BIN=1&rt=nc&LH_PrefLoc=1
Potassium Citrate,https://www.ebay.com/sch/i.html?_from=R40&_nkw=Potassium+Citrate&_sacat=26395&rt=nc&LH_ItemCondition=3&LH_BIN=1&rt=nc&LH_PrefLoc=1
Trace minerals,https://www.ebay.com/sch/i.html?_from=R40&_nkw=Trace+minerals&_sacat=26395&rt=nc&LH_ItemCondition=3&LH_BIN=1&rt=nc&LH_PrefLoc=1
Iodine Solution,https://www.ebay.com/sch/i.html?_from=R40&_nkw=Iodine+Solution&_sacat=26395&rt=nc&LH_ItemCondition=3&LH_BIN=1&rt=nc&LH_PrefLoc=1
Selenium Complex,https://www.ebay.com/sch/i.html?_from=R40&_nkw=Selenium+Complex&_sacat=26395&rt=nc&LH_ItemCondition=3&LH_BIN=1&rt=nc&LH_PrefLoc=1
Osteoporosis supplement,https://www.ebay.com/sch/i.html?_from=R40&_nkw=Osteoporosis+supplement&_sacat=26395&rt=nc&LH_ItemCondition=3&LH_BIN=1&rt=nc&LH_PrefLoc=1
Liposomal Magnesium,https://www.ebay.com/sch/i.html?_from=R40&_nkw=Liposomal+Magnesium&_sacat=26395&rt=nc&LH_ItemCondition=3&LH_BIN=1&rt=nc&LH_PrefLoc=1
Fulvic minerals,https://www.ebay.com/sch/i.html?_from=R40&_nkw=Fulvic+minerals&_sacat=26395&rt=nc&LH_ItemCondition=3&LH_BIN=1&rt=nc&LH_PrefLoc=1
Potassium Taurate,https://www.ebay.com/sch/i.html?_from=R40&_nkw=Potassium+Taurate&_sacat=26395&rt=nc&LH_ItemCondition=3&LH_BIN=1&rt=nc&LH_PrefLoc=1
Slow Release Iron,https://www.ebay.com/sch/i.html?_from=R40&_nkw=Slow+Release+Iron&_sacat=26395&rt=nc&LH_ItemCondition=3&LH_BIN=1&rt=nc&LH_PrefLoc=1
Phosphorus Drops,https://www.ebay.com/sch/i.html?_from=R40&_nkw=Phosphorus+Drops&_sacat=26395&rt=nc&LH_ItemCondition=3&LH_BIN=1&rt=nc&LH_PrefLoc=1
Immunity Bundle,https://www.ebay.com/sch/i.html?_from=R40&_nkw=Immunity+Bundle&_sacat=26395&rt=nc&LH_ItemCondition=3&LH_BIN=1&rt=nc&LH_PrefLoc=1
Mineral Drops,https://www.ebay.com/sch/i.html?_from=R40&_nkw=Mineral+Drops&_sacat=26395&rt=nc&LH_ItemCondition=3&LH_BIN=1&rt=nc&LH_PrefLoc=1
Kelp Supplement,https://www.ebay.com/sch/i.html?_from=R40&_nkw=Kelp+Supplement&_sacat=26395&rt=nc&LH_ItemCondition=3&LH_BIN=1&rt=nc&LH_PrefLoc=1
Calcium Softgels,https://www.ebay.com/sch/i.html?_from=R40&_nkw=Calcium+Softgels&_sacat=26395&rt=nc&LH_ItemCondition=3&LH_BIN=1&rt=nc&LH_PrefLoc=1
Sexual Vitality,https://www.ebay.com/sch/i.html?_from=R40&_nkw=Sexual+Vitality&_sacat=26395&rt=nc&LH_ItemCondition=3&LH_BIN=1&rt=nc&LH_PrefLoc=1
Prenatal Supplement,https://www.ebay.com/sch/i.html?_from=R40&_nkw=Prenatal+Supplement&_sacat=26395&rt=nc&LH_ItemCondition=3&LH_BIN=1&rt=nc&LH_PrefLoc=1
High Potency Iron,https://www.ebay.com/sch/i.html?_from=R40&_nkw=High+Potency+Iron&_sacat=26395&rt=nc&LH_ItemCondition=3&LH_BIN=1&rt=nc&LH_PrefLoc=1
Potassium Complex,https://www.ebay.com/sch/i.html?_from=R40&_nkw=Potassium+Complex&_sacat=26395&rt=nc&LH_ItemCondition=3&LH_BIN=1&rt=nc&LH_PrefLoc=1
Essential Zinc,https://www.ebay.com/sch/i.html?_from=R40&_nkw=Essential+Zinc&_sacat=26395&rt=nc&LH_ItemCondition=3&LH_BIN=1&rt=nc&LH_PrefLoc=1
Boron supplement,https://www.ebay.com/sch/i.html?_from=R40&_nkw=Boron+supplement&_sacat=26395&rt=nc&LH_ItemCondition=3&LH_BIN=1&rt=nc&LH_PrefLoc=1
Iron supplements,https://www.ebay.com/sch/i.html?_from=R40&_nkw=Iron+supplements&_sacat=26395&rt=nc&LH_ItemCondition=3&LH_BIN=1&rt=nc&LH_PrefLoc=1
Organic Iron,https://www.ebay.com/sch/i.html?_from=R40&_nkw=Organic+Iron&_sacat=26395&rt=nc&LH_ItemCondition=3&LH_BIN=1&rt=nc&LH_PrefLoc=1
Cognition Support,https://www.ebay.com/sch/i.html?_from=R40&_nkw=Cognition+Support&_sacat=26395&rt=nc&LH_ItemCondition=3&LH_BIN=1&rt=nc&LH_PrefLoc=1
Healthy Blood,https://www.ebay.com/sch/i.html?_from=R40&_nkw=Healthy+Blood&_sacat=26395&rt=nc&LH_ItemCondition=3&LH_BIN=1&rt=nc&LH_PrefLoc=1
Body Detox,https://www.ebay.com/sch/i.html?_from=R40&_nkw=Body+Detox&_sacat=26395&rt=nc&LH_ItemCondition=3&LH_BIN=1&rt=nc&LH_PrefLoc=1
Zinc Complex,https://www.ebay.com/sch/i.html?_from=R40&_nkw=Zinc+Complex&_sacat=26395&rt=nc&LH_ItemCondition=3&LH_BIN=1&rt=nc&LH_PrefLoc=1
Potassium Capsules,https://www.ebay.com/sch/i.html?_from=R40&_nkw=Potassium+Capsules&_sacat=26395&rt=nc&LH_ItemCondition=3&LH_BIN=1&rt=nc&LH_PrefLoc=1
Garcinia Cambogia,https://www.ebay.com/sch/i.html?_from=R40&_nkw=Garcinia+Cambogia&_sacat=26395&rt=nc&LH_ItemCondition=3&LH_BIN=1&rt=nc&LH_PrefLoc=1
Anti-Stress Drink,https://www.ebay.com/sch/i.html?_from=R40&_nkw=Anti-Stress+Drink&_sacat=26395&rt=nc&LH_ItemCondition=3&LH_BIN=1&rt=nc&LH_PrefLoc=1
EDTA capsules,https://www.ebay.com/sch/i.html?_from=R40&_nkw=EDTA+capsules&_sacat=26395&rt=nc&LH_ItemCondition=3&LH_BIN=1&rt=nc&LH_PrefLoc=1
Prenatal Iron,https://www.ebay.com/sch/i.html?_from=R40&_nkw=Prenatal+Iron&_sacat=26395&rt=nc&LH_ItemCondition=3&LH_BIN=1&rt=nc&LH_PrefLoc=1
Berry tablets,https://www.ebay.com/sch/i.html?_from=R40&_nkw=Berry+tablets&_sacat=26395&rt=nc&LH_ItemCondition=3&LH_BIN=1&rt=nc&LH_PrefLoc=1
Liquid Iron,https://www.ebay.com/sch/i.html?_from=R40&_nkw=Liquid+Iron&_sacat=26395&rt=nc&LH_ItemCondition=3&LH_BIN=1&rt=nc&LH_PrefLoc=1
Eye supplement,https://www.ebay.com/sch/i.html?_from=R40&_nkw=Eye+supplement&_sacat=26395&rt=nc&LH_ItemCondition=3&LH_BIN=1&rt=nc&LH_PrefLoc=1
Liquid Calcium,https://www.ebay.com/sch/i.html?_from=R40&_nkw=Liquid+Calcium&_sacat=26395&rt=nc&LH_ItemCondition=3&LH_BIN=1&rt=nc&LH_PrefLoc=1
Nutrient Powder,https://www.ebay.com/sch/i.html?_from=R40&_nkw=Nutrient+Powder&_sacat=26395&rt=nc&LH_ItemCondition=3&LH_BIN=1&rt=nc&LH_PrefLoc=1
Multi vitamins,https://www.ebay.com/sch/i.html?_from=R40&_nkw=Multi+vitamins&_sacat=26395&rt=nc&LH_ItemCondition=3&LH_BIN=1&rt=nc&LH_PrefLoc=1
Gut health,https://www.ebay.com/sch/i.html?_from=R40&_nkw=Gut+health&_sacat=26395&rt=nc&LH_ItemCondition=3&LH_BIN=1&rt=nc&LH_PrefLoc=1
Vitamin supplement,https://www.ebay.com/sch/i.html?_from=R40&_nkw=Vitamin+supplement&_sacat=26395&rt=nc&LH_ItemCondition=3&LH_BIN=1&rt=nc&LH_PrefLoc=1
Liquid Concentrate,https://www.ebay.com/sch/i.html?_from=R40&_nkw=Liquid+Concentrate&_sacat=26395&rt=nc&LH_ItemCondition=3&LH_BIN=1&rt=nc&LH_PrefLoc=1
Calcium Zinc,https://www.ebay.com/sch/i.html?_from=R40&_nkw=Calcium+Zinc&_sacat=26395&rt=nc&LH_ItemCondition=3&LH_BIN=1&rt=nc&LH_PrefLoc=1
Ionic Calcium,https://www.ebay.com/sch/i.html?_from=R40&_nkw=Ionic+Calcium&_sacat=26395&rt=nc&LH_ItemCondition=3&LH_BIN=1&rt=nc&LH_PrefLoc=1
