Keyword,Links
Icelandic Kelp,https://www.amazon.com/s?k=Icelandic+Kelp&i=hpc&s=exact-aware-popularity-rank&ref=sr_st_exact-aware-popularity-rank
fiber supplement,https://www.amazon.com/s?k=fiber+supplement&i=hpc&s=exact-aware-popularity-rank&ref=sr_st_exact-aware-popularity-rank
Doxylamine Tablets,https://www.amazon.com/s?k=Doxylamine+Tablets&i=hpc&s=exact-aware-popularity-rank&ref=sr_st_exact-aware-popularity-rank
Melatonin Sleep,https://www.amazon.com/s?k=Melatonin+Sleep&i=hpc&s=exact-aware-popularity-rank&ref=sr_st_exact-aware-popularity-rank
Sleep tablets,https://www.amazon.com/s?k=Sleep+tablets&i=hpc&s=exact-aware-popularity-rank&ref=sr_st_exact-aware-popularity-rank
Melatonin Spray,https://www.amazon.com/s?k=Melatonin+Spray&i=hpc&s=exact-aware-popularity-rank&ref=sr_st_exact-aware-popularity-rank
Liquid Melatonin,https://www.amazon.com/s?k=Liquid+Melatonin&i=hpc&s=exact-aware-popularity-rank&ref=sr_st_exact-aware-popularity-rank
Sleep lotion,https://www.amazon.com/s?k=Sleep+lotion&i=hpc&s=exact-aware-popularity-rank&ref=sr_st_exact-aware-popularity-rank
5-HTP Capsules,https://www.amazon.com/s?k=5-HTP+Capsules&i=hpc&s=exact-aware-popularity-rank&ref=sr_st_exact-aware-popularity-rank
Restful legs,https://www.amazon.com/s?k=Restful+legs&i=hpc&s=exact-aware-popularity-rank&ref=sr_st_exact-aware-popularity-rank
Sleep Bath,https://www.amazon.com/s?k=Sleep+Bath&i=hpc&s=exact-aware-popularity-rank&ref=sr_st_exact-aware-popularity-rank
Sleep blend,https://www.amazon.com/s?k=Sleep+blend&i=hpc&s=exact-aware-popularity-rank&ref=sr_st_exact-aware-popularity-rank
Testosterone Sleep,https://www.amazon.com/s?k=Testosterone+Sleep&i=hpc&s=exact-aware-popularity-rank&ref=sr_st_exact-aware-popularity-rank
5-HTP Supplement,https://www.amazon.com/s?k=5-HTP+Supplement&i=hpc&s=exact-aware-popularity-rank&ref=sr_st_exact-aware-popularity-rank
Homeopathic remedy,https://www.amazon.com/s?k=Homeopathic+remedy&i=hpc&s=exact-aware-popularity-rank&ref=sr_st_exact-aware-popularity-rank
Sleep tonic,https://www.amazon.com/s?k=Sleep+tonic&i=hpc&s=exact-aware-popularity-rank&ref=sr_st_exact-aware-popularity-rank
Healthy Mood,https://www.amazon.com/s?k=Healthy+Mood&i=hpc&s=exact-aware-popularity-rank&ref=sr_st_exact-aware-popularity-rank
Collagen Fat Burner,https://www.amazon.com/s?k=Collagen+Fat+Burner&i=hpc&s=exact-aware-popularity-rank&ref=sr_st_exact-aware-popularity-rank
Sleep caplets,https://www.amazon.com/s?k=Sleep+caplets&i=hpc&s=exact-aware-popularity-rank&ref=sr_st_exact-aware-popularity-rank
Prostate Supplement,https://www.amazon.com/s?k=Prostate+Supplement&i=hpc&s=exact-aware-popularity-rank&ref=sr_st_exact-aware-popularity-rank
Melatonin Liquid,https://www.amazon.com/s?k=Melatonin+Liquid&i=hpc&s=exact-aware-popularity-rank&ref=sr_st_exact-aware-popularity-rank
Heartburn Relief,https://www.amazon.com/s?k=Heartburn+Relief&i=hpc&s=exact-aware-popularity-rank&ref=sr_st_exact-aware-popularity-rank
Natural Sleep,https://www.amazon.com/s?k=Natural+Sleep&i=hpc&s=exact-aware-popularity-rank&ref=sr_st_exact-aware-popularity-rank
Age Renewal,https://www.amazon.com/s?k=Age+Renewal&i=hpc&s=exact-aware-popularity-rank&ref=sr_st_exact-aware-popularity-rank
Extra Strength Melatonin,https://www.amazon.com/s?k=Extra+Strength+Melatonin&i=hpc&s=exact-aware-popularity-rank&ref=sr_st_exact-aware-popularity-rank
Melatonin Nuggets,https://www.amazon.com/s?k=Melatonin+Nuggets&i=hpc&s=exact-aware-popularity-rank&ref=sr_st_exact-aware-popularity-rank
Children's melatonin,https://www.amazon.com/s?k=Children's+melatonin&i=hpc&s=exact-aware-popularity-rank&ref=sr_st_exact-aware-popularity-rank
Melatonin Chewables,https://www.amazon.com/s?k=Melatonin+Chewables&i=hpc&s=exact-aware-popularity-rank&ref=sr_st_exact-aware-popularity-rank
Ear supplement,https://www.amazon.com/s?k=Ear+supplement&i=hpc&s=exact-aware-popularity-rank&ref=sr_st_exact-aware-popularity-rank
Melatonin Lozenges,https://www.amazon.com/s?k=Melatonin+Lozenges&i=hpc&s=exact-aware-popularity-rank&ref=sr_st_exact-aware-popularity-rank
Melatonin Drops,https://www.amazon.com/s?k=Melatonin+Drops&i=hpc&s=exact-aware-popularity-rank&ref=sr_st_exact-aware-popularity-rank
Melatonin Quick Dissolve,https://www.amazon.com/s?k=Melatonin+Quick+Dissolve&i=hpc&s=exact-aware-popularity-rank&ref=sr_st_exact-aware-popularity-rank
Melatonin 10mg,https://www.amazon.com/s?k=Melatonin+10mg&i=hpc&s=exact-aware-popularity-rank&ref=sr_st_exact-aware-popularity-rank
Valerian Capsules,https://www.amazon.com/s?k=Valerian+Capsules&i=hpc&s=exact-aware-popularity-rank&ref=sr_st_exact-aware-popularity-rank
Melatonin Lozenge,https://www.amazon.com/s?k=Melatonin+Lozenge&i=hpc&s=exact-aware-popularity-rank&ref=sr_st_exact-aware-popularity-rank
5-HTP Tablets,https://www.amazon.com/s?k=5-HTP+Tablets&i=hpc&s=exact-aware-popularity-rank&ref=sr_st_exact-aware-popularity-rank
Thyroid Remedies,https://www.amazon.com/s?k=Thyroid+Remedies&i=hpc&s=exact-aware-popularity-rank&ref=sr_st_exact-aware-popularity-rank
Mint Dental Floss,https://www.amazon.com/s?k=Mint+Dental+Floss&i=hpc&s=exact-aware-popularity-rank&ref=sr_st_exact-aware-popularity-rank
Melatonin 5mg,https://www.amazon.com/s?k=Melatonin+5mg&i=hpc&s=exact-aware-popularity-rank&ref=sr_st_exact-aware-popularity-rank
Melatonin Chewable,https://www.amazon.com/s?k=Melatonin+Chewable&i=hpc&s=exact-aware-popularity-rank&ref=sr_st_exact-aware-popularity-rank
Melatonin Glycine,https://www.amazon.com/s?k=Melatonin+Glycine&i=hpc&s=exact-aware-popularity-rank&ref=sr_st_exact-aware-popularity-rank
Fat burner,https://www.amazon.com/s?k=Fat+burner&i=hpc&s=exact-aware-popularity-rank&ref=sr_st_exact-aware-popularity-rank
Valerian Drops,https://www.amazon.com/s?k=Valerian+Drops&i=hpc&s=exact-aware-popularity-rank&ref=sr_st_exact-aware-popularity-rank
Reishi Gummies,https://www.amazon.com/s?k=Reishi+Gummies&i=hpc&s=exact-aware-popularity-rank&ref=sr_st_exact-aware-popularity-rank
Aroma Diffuser,https://www.amazon.com/s?k=Aroma+Diffuser&i=hpc&s=exact-aware-popularity-rank&ref=sr_st_exact-aware-popularity-rank
5-HTP Powder,https://www.amazon.com/s?k=5-HTP+Powder&i=hpc&s=exact-aware-popularity-rank&ref=sr_st_exact-aware-popularity-rank
Chewable Melatonin,https://www.amazon.com/s?k=Chewable+Melatonin&i=hpc&s=exact-aware-popularity-rank&ref=sr_st_exact-aware-popularity-rank
Sleep supplements,https://www.amazon.com/s?k=Sleep+supplements&i=hpc&s=exact-aware-popularity-rank&ref=sr_st_exact-aware-popularity-rank
Sleep Melatonin,https://www.amazon.com/s?k=Sleep+Melatonin&i=hpc&s=exact-aware-popularity-rank&ref=sr_st_exact-aware-popularity-rank
Melatonin Cherry,https://www.amazon.com/s?k=Melatonin+Cherry&i=hpc&s=exact-aware-popularity-rank&ref=sr_st_exact-aware-popularity-rank
