Keyword,Links
Berry smoothie,https://www.ebay.com/sch/i.html?_from=R40&_nkw=Berry+smoothie&_sacat=26395&rt=nc&LH_ItemCondition=3&LH_BIN=1&rt=nc&LH_PrefLoc=1
Methyl Salicylate,https://www.ebay.com/sch/i.html?_from=R40&_nkw=Methyl+Salicylate&_sacat=26395&rt=nc&LH_ItemCondition=3&LH_BIN=1&rt=nc&LH_PrefLoc=1
Prune Senna,https://www.ebay.com/sch/i.html?_from=R40&_nkw=Prune+Senna&_sacat=26395&rt=nc&LH_ItemCondition=3&LH_BIN=1&rt=nc&LH_PrefLoc=1
Enema Bottle,https://www.ebay.com/sch/i.html?_from=R40&_nkw=Enema+Bottle&_sacat=26395&rt=nc&LH_ItemCondition=3&LH_BIN=1&rt=nc&LH_PrefLoc=1
Glycerin Ointment,https://www.ebay.com/sch/i.html?_from=R40&_nkw=Glycerin+Ointment&_sacat=26395&rt=nc&LH_ItemCondition=3&LH_BIN=1&rt=nc&LH_PrefLoc=1
Anise Oil,https://www.ebay.com/sch/i.html?_from=R40&_nkw=Anise+Oil&_sacat=26395&rt=nc&LH_ItemCondition=3&LH_BIN=1&rt=nc&LH_PrefLoc=1
Apple Fiber,https://www.ebay.com/sch/i.html?_from=R40&_nkw=Apple+Fiber&_sacat=26395&rt=nc&LH_ItemCondition=3&LH_BIN=1&rt=nc&LH_PrefLoc=1
Omeprazole Tablets,https://www.ebay.com/sch/i.html?_from=R40&_nkw=Omeprazole+Tablets&_sacat=26395&rt=nc&LH_ItemCondition=3&LH_BIN=1&rt=nc&LH_PrefLoc=1
Acid Reducer,https://www.ebay.com/sch/i.html?_from=R40&_nkw=Acid+Reducer&_sacat=26395&rt=nc&LH_ItemCondition=3&LH_BIN=1&rt=nc&LH_PrefLoc=1
Heartburn Medicine,https://www.ebay.com/sch/i.html?_from=R40&_nkw=Heartburn+Medicine&_sacat=26395&rt=nc&LH_ItemCondition=3&LH_BIN=1&rt=nc&LH_PrefLoc=1
Heartburn Chews,https://www.ebay.com/sch/i.html?_from=R40&_nkw=Heartburn+Chews&_sacat=26395&rt=nc&LH_ItemCondition=3&LH_BIN=1&rt=nc&LH_PrefLoc=1
Antacid Tablets,https://www.ebay.com/sch/i.html?_from=R40&_nkw=Antacid+Tablets&_sacat=26395&rt=nc&LH_ItemCondition=3&LH_BIN=1&rt=nc&LH_PrefLoc=1
Heartburn Antacid,https://www.ebay.com/sch/i.html?_from=R40&_nkw=Heartburn+Antacid&_sacat=26395&rt=nc&LH_ItemCondition=3&LH_BIN=1&rt=nc&LH_PrefLoc=1
Famotidine Tablets,https://www.ebay.com/sch/i.html?_from=R40&_nkw=Famotidine+Tablets&_sacat=26395&rt=nc&LH_ItemCondition=3&LH_BIN=1&rt=nc&LH_PrefLoc=1
Lansoprazole Capsules,https://www.ebay.com/sch/i.html?_from=R40&_nkw=Lansoprazole+Capsules&_sacat=26395&rt=nc&LH_ItemCondition=3&LH_BIN=1&rt=nc&LH_PrefLoc=1
Sugar-Free Antacid,https://www.ebay.com/sch/i.html?_from=R40&_nkw=Sugar-Free+Antacid&_sacat=26395&rt=nc&LH_ItemCondition=3&LH_BIN=1&rt=nc&LH_PrefLoc=1
Calcium Antacid,https://www.ebay.com/sch/i.html?_from=R40&_nkw=Calcium+Antacid&_sacat=26395&rt=nc&LH_ItemCondition=3&LH_BIN=1&rt=nc&LH_PrefLoc=1
Antacid Relief,https://www.ebay.com/sch/i.html?_from=R40&_nkw=Antacid+Relief&_sacat=26395&rt=nc&LH_ItemCondition=3&LH_BIN=1&rt=nc&LH_PrefLoc=1
Antacid Chews,https://www.ebay.com/sch/i.html?_from=R40&_nkw=Antacid+Chews&_sacat=26395&rt=nc&LH_ItemCondition=3&LH_BIN=1&rt=nc&LH_PrefLoc=1
Effervescent Antacid,https://www.ebay.com/sch/i.html?_from=R40&_nkw=Effervescent+Antacid&_sacat=26395&rt=nc&LH_ItemCondition=3&LH_BIN=1&rt=nc&LH_PrefLoc=1
Chewable Antacid,https://www.ebay.com/sch/i.html?_from=R40&_nkw=Chewable+Antacid&_sacat=26395&rt=nc&LH_ItemCondition=3&LH_BIN=1&rt=nc&LH_PrefLoc=1
Liquid antacid,https://www.ebay.com/sch/i.html?_from=R40&_nkw=Liquid+antacid&_sacat=26395&rt=nc&LH_ItemCondition=3&LH_BIN=1&rt=nc&LH_PrefLoc=1
Antacid Liquid,https://www.ebay.com/sch/i.html?_from=R40&_nkw=Antacid+Liquid&_sacat=26395&rt=nc&LH_ItemCondition=3&LH_BIN=1&rt=nc&LH_PrefLoc=1
Maximum Strength Antacid,https://www.ebay.com/sch/i.html?_from=R40&_nkw=Maximum+Strength+Antacid&_sacat=26395&rt=nc&LH_ItemCondition=3&LH_BIN=1&rt=nc&LH_PrefLoc=1
Cimetidine Tablets,https://www.ebay.com/sch/i.html?_from=R40&_nkw=Cimetidine+Tablets&_sacat=26395&rt=nc&LH_ItemCondition=3&LH_BIN=1&rt=nc&LH_PrefLoc=1
Ginger Supplement,https://www.ebay.com/sch/i.html?_from=R40&_nkw=Ginger+Supplement&_sacat=26395&rt=nc&LH_ItemCondition=3&LH_BIN=1&rt=nc&LH_PrefLoc=1
Strawberry Softchews,https://www.ebay.com/sch/i.html?_from=R40&_nkw=Strawberry+Softchews&_sacat=26395&rt=nc&LH_ItemCondition=3&LH_BIN=1&rt=nc&LH_PrefLoc=1
Ginger Gummy,https://www.ebay.com/sch/i.html?_from=R40&_nkw=Ginger+Gummy&_sacat=26395&rt=nc&LH_ItemCondition=3&LH_BIN=1&rt=nc&LH_PrefLoc=1
Acid Chewables,https://www.ebay.com/sch/i.html?_from=R40&_nkw=Acid+Chewables&_sacat=26395&rt=nc&LH_ItemCondition=3&LH_BIN=1&rt=nc&LH_PrefLoc=1
Wildberry Antacid,https://www.ebay.com/sch/i.html?_from=R40&_nkw=Wildberry+Antacid&_sacat=26395&rt=nc&LH_ItemCondition=3&LH_BIN=1&rt=nc&LH_PrefLoc=1
Regular Antacid,https://www.ebay.com/sch/i.html?_from=R40&_nkw=Regular+Antacid&_sacat=26395&rt=nc&LH_ItemCondition=3&LH_BIN=1&rt=nc&LH_PrefLoc=1
Chewy Antacid,https://www.ebay.com/sch/i.html?_from=R40&_nkw=Chewy+Antacid&_sacat=26395&rt=nc&LH_ItemCondition=3&LH_BIN=1&rt=nc&LH_PrefLoc=1
Heartburn Tablets,https://www.ebay.com/sch/i.html?_from=R40&_nkw=Heartburn+Tablets&_sacat=26395&rt=nc&LH_ItemCondition=3&LH_BIN=1&rt=nc&LH_PrefLoc=1
Antacid Softchews,https://www.ebay.com/sch/i.html?_from=R40&_nkw=Antacid+Softchews&_sacat=26395&rt=nc&LH_ItemCondition=3&LH_BIN=1&rt=nc&LH_PrefLoc=1
Acid indigestion,https://www.ebay.com/sch/i.html?_from=R40&_nkw=Acid+indigestion&_sacat=26395&rt=nc&LH_ItemCondition=3&LH_BIN=1&rt=nc&LH_PrefLoc=1
Symptom Relief,https://www.ebay.com/sch/i.html?_from=R40&_nkw=Symptom+Relief&_sacat=26395&rt=nc&LH_ItemCondition=3&LH_BIN=1&rt=nc&LH_PrefLoc=1
Assorted Berries,https://www.ebay.com/sch/i.html?_from=R40&_nkw=Assorted+Berries&_sacat=26395&rt=nc&LH_ItemCondition=3&LH_BIN=1&rt=nc&LH_PrefLoc=1
Indigestion Relief,https://www.ebay.com/sch/i.html?_from=R40&_nkw=Indigestion+Relief&_sacat=26395&rt=nc&LH_ItemCondition=3&LH_BIN=1&rt=nc&LH_PrefLoc=1
Peppermint Tablets,https://www.ebay.com/sch/i.html?_from=R40&_nkw=Peppermint+Tablets&_sacat=26395&rt=nc&LH_ItemCondition=3&LH_BIN=1&rt=nc&LH_PrefLoc=1
Antacid Chewables,https://www.ebay.com/sch/i.html?_from=R40&_nkw=Antacid+Chewables&_sacat=26395&rt=nc&LH_ItemCondition=3&LH_BIN=1&rt=nc&LH_PrefLoc=1
Anti-Diarrheal Relief,https://www.ebay.com/sch/i.html?_from=R40&_nkw=Anti-Diarrheal+Relief&_sacat=26395&rt=nc&LH_ItemCondition=3&LH_BIN=1&rt=nc&LH_PrefLoc=1
Reflux Remedy,https://www.ebay.com/sch/i.html?_from=R40&_nkw=Reflux+Remedy&_sacat=26395&rt=nc&LH_ItemCondition=3&LH_BIN=1&rt=nc&LH_PrefLoc=1
Acid relief,https://www.ebay.com/sch/i.html?_from=R40&_nkw=Acid+relief&_sacat=26395&rt=nc&LH_ItemCondition=3&LH_BIN=1&rt=nc&LH_PrefLoc=1
Antacid Gummies,https://www.ebay.com/sch/i.html?_from=R40&_nkw=Antacid+Gummies&_sacat=26395&rt=nc&LH_ItemCondition=3&LH_BIN=1&rt=nc&LH_PrefLoc=1
Hangover Relief,https://www.ebay.com/sch/i.html?_from=R40&_nkw=Hangover+Relief&_sacat=26395&rt=nc&LH_ItemCondition=3&LH_BIN=1&rt=nc&LH_PrefLoc=1
Sodium Bicarbonate,https://www.ebay.com/sch/i.html?_from=R40&_nkw=Sodium+Bicarbonate&_sacat=26395&rt=nc&LH_ItemCondition=3&LH_BIN=1&rt=nc&LH_PrefLoc=1
Berry Antacid,https://www.ebay.com/sch/i.html?_from=R40&_nkw=Berry+Antacid&_sacat=26395&rt=nc&LH_ItemCondition=3&LH_BIN=1&rt=nc&LH_PrefLoc=1
Antacid Chewy,https://www.ebay.com/sch/i.html?_from=R40&_nkw=Antacid+Chewy&_sacat=26395&rt=nc&LH_ItemCondition=3&LH_BIN=1&rt=nc&LH_PrefLoc=1
Energy effervescent,https://www.ebay.com/sch/i.html?_from=R40&_nkw=Energy+effervescent&_sacat=26395&rt=nc&LH_ItemCondition=3&LH_BIN=1&rt=nc&LH_PrefLoc=1
Heartburn Gummies,https://www.ebay.com/sch/i.html?_from=R40&_nkw=Heartburn+Gummies&_sacat=26395&rt=nc&LH_ItemCondition=3&LH_BIN=1&rt=nc&LH_PrefLoc=1
