Keyword,Links
Gold Copper,https://www.ebay.com/sch/i.html?_from=R40&_nkw=Gold+Copper&_sacat=26395&rt=nc&LH_ItemCondition=3&LH_BIN=1&rt=nc&LH_PrefLoc=1
Bubble hair dye,https://www.ebay.com/sch/i.html?_from=R40&_nkw=Bubble+hair+dye&_sacat=26395&rt=nc&LH_ItemCondition=3&LH_BIN=1&rt=nc&LH_PrefLoc=1
Repairing Shampoo,https://www.ebay.com/sch/i.html?_from=R40&_nkw=Repairing+Shampoo&_sacat=26395&rt=nc&LH_ItemCondition=3&LH_BIN=1&rt=nc&LH_PrefLoc=1
Kera Solutions,https://www.ebay.com/sch/i.html?_from=R40&_nkw=Kera+Solutions&_sacat=26395&rt=nc&LH_ItemCondition=3&LH_BIN=1&rt=nc&LH_PrefLoc=1
Volumizing Hairspray,https://www.ebay.com/sch/i.html?_from=R40&_nkw=Volumizing+Hairspray&_sacat=26395&rt=nc&LH_ItemCondition=3&LH_BIN=1&rt=nc&LH_PrefLoc=1
Thinning Hair,https://www.ebay.com/sch/i.html?_from=R40&_nkw=Thinning+Hair&_sacat=26395&rt=nc&LH_ItemCondition=3&LH_BIN=1&rt=nc&LH_PrefLoc=1
Permanent Hair Color,https://www.ebay.com/sch/i.html?_from=R40&_nkw=Permanent+Hair+Color&_sacat=26395&rt=nc&LH_ItemCondition=3&LH_BIN=1&rt=nc&LH_PrefLoc=1
Bubble Hair Color,https://www.ebay.com/sch/i.html?_from=R40&_nkw=Bubble+Hair+Color&_sacat=26395&rt=nc&LH_ItemCondition=3&LH_BIN=1&rt=nc&LH_PrefLoc=1
Root cover-up,https://www.ebay.com/sch/i.html?_from=R40&_nkw=Root+cover-up&_sacat=26395&rt=nc&LH_ItemCondition=3&LH_BIN=1&rt=nc&LH_PrefLoc=1
Gentle Shampoo,https://www.ebay.com/sch/i.html?_from=R40&_nkw=Gentle+Shampoo&_sacat=26395&rt=nc&LH_ItemCondition=3&LH_BIN=1&rt=nc&LH_PrefLoc=1
Cleansing Shampoo,https://www.ebay.com/sch/i.html?_from=R40&_nkw=Cleansing+Shampoo&_sacat=26395&rt=nc&LH_ItemCondition=3&LH_BIN=1&rt=nc&LH_PrefLoc=1
Rose Hair Mask,https://www.ebay.com/sch/i.html?_from=R40&_nkw=Rose+Hair+Mask&_sacat=26395&rt=nc&LH_ItemCondition=3&LH_BIN=1&rt=nc&LH_PrefLoc=1
Mighty Cnut,https://www.ebay.com/sch/i.html?_from=R40&_nkw=Mighty+Cnut&_sacat=26395&rt=nc&LH_ItemCondition=3&LH_BIN=1&rt=nc&LH_PrefLoc=1
Moisture Mousse,https://www.ebay.com/sch/i.html?_from=R40&_nkw=Moisture+Mousse&_sacat=26395&rt=nc&LH_ItemCondition=3&LH_BIN=1&rt=nc&LH_PrefLoc=1
Gentle Conditioner,https://www.ebay.com/sch/i.html?_from=R40&_nkw=Gentle+Conditioner&_sacat=26395&rt=nc&LH_ItemCondition=3&LH_BIN=1&rt=nc&LH_PrefLoc=1
Damage Shampoo,https://www.ebay.com/sch/i.html?_from=R40&_nkw=Damage+Shampoo&_sacat=26395&rt=nc&LH_ItemCondition=3&LH_BIN=1&rt=nc&LH_PrefLoc=1
Styling Cream,https://www.ebay.com/sch/i.html?_from=R40&_nkw=Styling+Cream&_sacat=26395&rt=nc&LH_ItemCondition=3&LH_BIN=1&rt=nc&LH_PrefLoc=1
Styling Gel,https://www.ebay.com/sch/i.html?_from=R40&_nkw=Styling+Gel&_sacat=26395&rt=nc&LH_ItemCondition=3&LH_BIN=1&rt=nc&LH_PrefLoc=1
Thickening Shampoo,https://www.ebay.com/sch/i.html?_from=R40&_nkw=Thickening+Shampoo&_sacat=26395&rt=nc&LH_ItemCondition=3&LH_BIN=1&rt=nc&LH_PrefLoc=1
Pine Tar Shampoo,https://www.ebay.com/sch/i.html?_from=R40&_nkw=Pine+Tar+Shampoo&_sacat=26395&rt=nc&LH_ItemCondition=3&LH_BIN=1&rt=nc&LH_PrefLoc=1
Hair Fertilizer,https://www.ebay.com/sch/i.html?_from=R40&_nkw=Hair+Fertilizer&_sacat=26395&rt=nc&LH_ItemCondition=3&LH_BIN=1&rt=nc&LH_PrefLoc=1
Hydrating Shampoo,https://www.ebay.com/sch/i.html?_from=R40&_nkw=Hydrating+Shampoo&_sacat=26395&rt=nc&LH_ItemCondition=3&LH_BIN=1&rt=nc&LH_PrefLoc=1
Charcoal Shampoo,https://www.ebay.com/sch/i.html?_from=R40&_nkw=Charcoal+Shampoo&_sacat=26395&rt=nc&LH_ItemCondition=3&LH_BIN=1&rt=nc&LH_PrefLoc=1
Grapefruit Conditioner,https://www.ebay.com/sch/i.html?_from=R40&_nkw=Grapefruit+Conditioner&_sacat=26395&rt=nc&LH_ItemCondition=3&LH_BIN=1&rt=nc&LH_PrefLoc=1
Beach spray,https://www.ebay.com/sch/i.html?_from=R40&_nkw=Beach+spray&_sacat=26395&rt=nc&LH_ItemCondition=3&LH_BIN=1&rt=nc&LH_PrefLoc=1
Anti-frizz treatment,https://www.ebay.com/sch/i.html?_from=R40&_nkw=Anti-frizz+treatment&_sacat=26395&rt=nc&LH_ItemCondition=3&LH_BIN=1&rt=nc&LH_PrefLoc=1
Extreme Hold,https://www.ebay.com/sch/i.html?_from=R40&_nkw=Extreme+Hold&_sacat=26395&rt=nc&LH_ItemCondition=3&LH_BIN=1&rt=nc&LH_PrefLoc=1
Repair Conditioner,https://www.ebay.com/sch/i.html?_from=R40&_nkw=Repair+Conditioner&_sacat=26395&rt=nc&LH_ItemCondition=3&LH_BIN=1&rt=nc&LH_PrefLoc=1
Supernatural Spray,https://www.ebay.com/sch/i.html?_from=R40&_nkw=Supernatural+Spray&_sacat=26395&rt=nc&LH_ItemCondition=3&LH_BIN=1&rt=nc&LH_PrefLoc=1
Baby conditioner,https://www.ebay.com/sch/i.html?_from=R40&_nkw=Baby+conditioner&_sacat=26395&rt=nc&LH_ItemCondition=3&LH_BIN=1&rt=nc&LH_PrefLoc=1
Moisturizing Shampoo,https://www.ebay.com/sch/i.html?_from=R40&_nkw=Moisturizing+Shampoo&_sacat=26395&rt=nc&LH_ItemCondition=3&LH_BIN=1&rt=nc&LH_PrefLoc=1
Velvet Shampoo,https://www.ebay.com/sch/i.html?_from=R40&_nkw=Velvet+Shampoo&_sacat=26395&rt=nc&LH_ItemCondition=3&LH_BIN=1&rt=nc&LH_PrefLoc=1
Hair Oil,https://www.ebay.com/sch/i.html?_from=R40&_nkw=Hair+Oil&_sacat=26395&rt=nc&LH_ItemCondition=3&LH_BIN=1&rt=nc&LH_PrefLoc=1
Straight Ponytail,https://www.ebay.com/sch/i.html?_from=R40&_nkw=Straight+Ponytail&_sacat=26395&rt=nc&LH_ItemCondition=3&LH_BIN=1&rt=nc&LH_PrefLoc=1
Moisturizing Cream,https://www.ebay.com/sch/i.html?_from=R40&_nkw=Moisturizing+Cream&_sacat=26395&rt=nc&LH_ItemCondition=3&LH_BIN=1&rt=nc&LH_PrefLoc=1
St. Patrick's Hat,https://www.ebay.com/sch/i.html?_from=R40&_nkw=St.+Patrick's+Hat&_sacat=26395&rt=nc&LH_ItemCondition=3&LH_BIN=1&rt=nc&LH_PrefLoc=1
Thickening Spray,https://www.ebay.com/sch/i.html?_from=R40&_nkw=Thickening+Spray&_sacat=26395&rt=nc&LH_ItemCondition=3&LH_BIN=1&rt=nc&LH_PrefLoc=1
Extra hold hairspray,https://www.ebay.com/sch/i.html?_from=R40&_nkw=Extra+hold+hairspray&_sacat=26395&rt=nc&LH_ItemCondition=3&LH_BIN=1&rt=nc&LH_PrefLoc=1
Coconut Deodorant,https://www.ebay.com/sch/i.html?_from=R40&_nkw=Coconut+Deodorant&_sacat=26395&rt=nc&LH_ItemCondition=3&LH_BIN=1&rt=nc&LH_PrefLoc=1
Deep Nourish,https://www.ebay.com/sch/i.html?_from=R40&_nkw=Deep+Nourish&_sacat=26395&rt=nc&LH_ItemCondition=3&LH_BIN=1&rt=nc&LH_PrefLoc=1
Hydrating Oil,https://www.ebay.com/sch/i.html?_from=R40&_nkw=Hydrating+Oil&_sacat=26395&rt=nc&LH_ItemCondition=3&LH_BIN=1&rt=nc&LH_PrefLoc=1
Blonde Pixie,https://www.ebay.com/sch/i.html?_from=R40&_nkw=Blonde+Pixie&_sacat=26395&rt=nc&LH_ItemCondition=3&LH_BIN=1&rt=nc&LH_PrefLoc=1
Styling Spritz,https://www.ebay.com/sch/i.html?_from=R40&_nkw=Styling+Spritz&_sacat=26395&rt=nc&LH_ItemCondition=3&LH_BIN=1&rt=nc&LH_PrefLoc=1
Conditioning Detangler,https://www.ebay.com/sch/i.html?_from=R40&_nkw=Conditioning+Detangler&_sacat=26395&rt=nc&LH_ItemCondition=3&LH_BIN=1&rt=nc&LH_PrefLoc=1
Blowdry Lotion,https://www.ebay.com/sch/i.html?_from=R40&_nkw=Blowdry+Lotion&_sacat=26395&rt=nc&LH_ItemCondition=3&LH_BIN=1&rt=nc&LH_PrefLoc=1
Shampoo Treatment,https://www.ebay.com/sch/i.html?_from=R40&_nkw=Shampoo+Treatment&_sacat=26395&rt=nc&LH_ItemCondition=3&LH_BIN=1&rt=nc&LH_PrefLoc=1
Nourishing Oil,https://www.ebay.com/sch/i.html?_from=R40&_nkw=Nourishing+Oil&_sacat=26395&rt=nc&LH_ItemCondition=3&LH_BIN=1&rt=nc&LH_PrefLoc=1
Baby Shampoo,https://www.ebay.com/sch/i.html?_from=R40&_nkw=Baby+Shampoo&_sacat=26395&rt=nc&LH_ItemCondition=3&LH_BIN=1&rt=nc&LH_PrefLoc=1
Leave-In Detangler,https://www.ebay.com/sch/i.html?_from=R40&_nkw=Leave-In+Detangler&_sacat=26395&rt=nc&LH_ItemCondition=3&LH_BIN=1&rt=nc&LH_PrefLoc=1
Shampoo,https://www.ebay.com/sch/i.html?_from=R40&_nkw=Shampoo&_sacat=26395&rt=nc&LH_ItemCondition=3&LH_BIN=1&rt=nc&LH_PrefLoc=1
