Keyword,Links
Overnight Therapy,https://www.amazon.com/s?k=Overnight+Therapy&i=beauty&s=exact-aware-popularity-rank&ref=sr_st_exact-aware-popularity-rank
Mineral Foundation,https://www.amazon.com/s?k=Mineral+Foundation&i=beauty&s=exact-aware-popularity-rank&ref=sr_st_exact-aware-popularity-rank
Finishing Powder,https://www.amazon.com/s?k=Finishing+Powder&i=beauty&s=exact-aware-popularity-rank&ref=sr_st_exact-aware-popularity-rank
Curly serum,https://www.amazon.com/s?k=Curly+serum&i=beauty&s=exact-aware-popularity-rank&ref=sr_st_exact-aware-popularity-rank
Oily hair,https://www.amazon.com/s?k=Oily+hair&i=beauty&s=exact-aware-popularity-rank&ref=sr_st_exact-aware-popularity-rank
Lip oil,https://www.amazon.com/s?k=Lip+oil&i=beauty&s=exact-aware-popularity-rank&ref=sr_st_exact-aware-popularity-rank
Plump Lip Balm,https://www.amazon.com/s?k=Plump+Lip+Balm&i=beauty&s=exact-aware-popularity-rank&ref=sr_st_exact-aware-popularity-rank
Miracle Shaving,https://www.amazon.com/s?k=Miracle+Shaving&i=beauty&s=exact-aware-popularity-rank&ref=sr_st_exact-aware-popularity-rank
Loose Eyecolor,https://www.amazon.com/s?k=Loose+Eyecolor&i=beauty&s=exact-aware-popularity-rank&ref=sr_st_exact-aware-popularity-rank
Zinc Sunscreen,https://www.amazon.com/s?k=Zinc+Sunscreen&i=beauty&s=exact-aware-popularity-rank&ref=sr_st_exact-aware-popularity-rank
Lip scrub,https://www.amazon.com/s?k=Lip+scrub&i=beauty&s=exact-aware-popularity-rank&ref=sr_st_exact-aware-popularity-rank
Double-Foil Shaver,https://www.amazon.com/s?k=Double-Foil+Shaver&i=beauty&s=exact-aware-popularity-rank&ref=sr_st_exact-aware-popularity-rank
Aqua Kiss Lotion,https://www.amazon.com/s?k=Aqua+Kiss+Lotion&i=beauty&s=exact-aware-popularity-rank&ref=sr_st_exact-aware-popularity-rank
Oil Cleanser,https://www.amazon.com/s?k=Oil+Cleanser&i=beauty&s=exact-aware-popularity-rank&ref=sr_st_exact-aware-popularity-rank
Hair clay,https://www.amazon.com/s?k=Hair+clay&i=beauty&s=exact-aware-popularity-rank&ref=sr_st_exact-aware-popularity-rank
Sandalwood Lotion,https://www.amazon.com/s?k=Sandalwood+Lotion&i=beauty&s=exact-aware-popularity-rank&ref=sr_st_exact-aware-popularity-rank
Thickening Glue,https://www.amazon.com/s?k=Thickening+Glue&i=beauty&s=exact-aware-popularity-rank&ref=sr_st_exact-aware-popularity-rank
Plumping Gloss,https://www.amazon.com/s?k=Plumping+Gloss&i=beauty&s=exact-aware-popularity-rank&ref=sr_st_exact-aware-popularity-rank
Fragrance Gift,https://www.amazon.com/s?k=Fragrance+Gift&i=beauty&s=exact-aware-popularity-rank&ref=sr_st_exact-aware-popularity-rank
Neck sunscreen,https://www.amazon.com/s?k=Neck+sunscreen&i=beauty&s=exact-aware-popularity-rank&ref=sr_st_exact-aware-popularity-rank
Gloss Balm,https://www.amazon.com/s?k=Gloss+Balm&i=beauty&s=exact-aware-popularity-rank&ref=sr_st_exact-aware-popularity-rank
Nano Titanium,https://www.amazon.com/s?k=Nano+Titanium&i=beauty&s=exact-aware-popularity-rank&ref=sr_st_exact-aware-popularity-rank
Very Sexy,https://www.amazon.com/s?k=Very+Sexy&i=beauty&s=exact-aware-popularity-rank&ref=sr_st_exact-aware-popularity-rank
Volume Mascara,https://www.amazon.com/s?k=Volume+Mascara&i=beauty&s=exact-aware-popularity-rank&ref=sr_st_exact-aware-popularity-rank
Foundation Brush,https://www.amazon.com/s?k=Foundation+Brush&i=beauty&s=exact-aware-popularity-rank&ref=sr_st_exact-aware-popularity-rank
Retinol Night Cream,https://www.amazon.com/s?k=Retinol+Night+Cream&i=beauty&s=exact-aware-popularity-rank&ref=sr_st_exact-aware-popularity-rank
Heavenly Lotion,https://www.amazon.com/s?k=Heavenly+Lotion&i=beauty&s=exact-aware-popularity-rank&ref=sr_st_exact-aware-popularity-rank
Satin Lipstick,https://www.amazon.com/s?k=Satin+Lipstick&i=beauty&s=exact-aware-popularity-rank&ref=sr_st_exact-aware-popularity-rank
Highlighting Blush,https://www.amazon.com/s?k=Highlighting+Blush&i=beauty&s=exact-aware-popularity-rank&ref=sr_st_exact-aware-popularity-rank
Ergonomic Clipper,https://www.amazon.com/s?k=Ergonomic+Clipper&i=beauty&s=exact-aware-popularity-rank&ref=sr_st_exact-aware-popularity-rank
Eyeliner Onyx,https://www.amazon.com/s?k=Eyeliner+Onyx&i=beauty&s=exact-aware-popularity-rank&ref=sr_st_exact-aware-popularity-rank
Serum Mascara,https://www.amazon.com/s?k=Serum+Mascara&i=beauty&s=exact-aware-popularity-rank&ref=sr_st_exact-aware-popularity-rank
Blowout Kit,https://www.amazon.com/s?k=Blowout+Kit&i=beauty&s=exact-aware-popularity-rank&ref=sr_st_exact-aware-popularity-rank
Loose Concealer,https://www.amazon.com/s?k=Loose+Concealer&i=beauty&s=exact-aware-popularity-rank&ref=sr_st_exact-aware-popularity-rank
Cleansing Cream,https://www.amazon.com/s?k=Cleansing+Cream&i=beauty&s=exact-aware-popularity-rank&ref=sr_st_exact-aware-popularity-rank
Daring Perfume,https://www.amazon.com/s?k=Daring+Perfume&i=beauty&s=exact-aware-popularity-rank&ref=sr_st_exact-aware-popularity-rank
Foundation Serum,https://www.amazon.com/s?k=Foundation+Serum&i=beauty&s=exact-aware-popularity-rank&ref=sr_st_exact-aware-popularity-rank
Hydrasoft Conditioner,https://www.amazon.com/s?k=Hydrasoft+Conditioner&i=beauty&s=exact-aware-popularity-rank&ref=sr_st_exact-aware-popularity-rank
Glossing conditioner,https://www.amazon.com/s?k=Glossing+conditioner&i=beauty&s=exact-aware-popularity-rank&ref=sr_st_exact-aware-popularity-rank
Sunscreen Gel,https://www.amazon.com/s?k=Sunscreen+Gel&i=beauty&s=exact-aware-popularity-rank&ref=sr_st_exact-aware-popularity-rank
Face Cleanser,https://www.amazon.com/s?k=Face+Cleanser&i=beauty&s=exact-aware-popularity-rank&ref=sr_st_exact-aware-popularity-rank
Everyday Shampoo,https://www.amazon.com/s?k=Everyday+Shampoo&i=beauty&s=exact-aware-popularity-rank&ref=sr_st_exact-aware-popularity-rank
Hydrate Conditioner,https://www.amazon.com/s?k=Hydrate+Conditioner&i=beauty&s=exact-aware-popularity-rank&ref=sr_st_exact-aware-popularity-rank
Disinfecting Shaver,https://www.amazon.com/s?k=Disinfecting+Shaver&i=beauty&s=exact-aware-popularity-rank&ref=sr_st_exact-aware-popularity-rank
Anti-Frizz Conditioner,https://www.amazon.com/s?k=Anti-Frizz+Conditioner&i=beauty&s=exact-aware-popularity-rank&ref=sr_st_exact-aware-popularity-rank
Ginger Cream,https://www.amazon.com/s?k=Ginger+Cream&i=beauty&s=exact-aware-popularity-rank&ref=sr_st_exact-aware-popularity-rank
Mineral remover,https://www.amazon.com/s?k=Mineral+remover&i=beauty&s=exact-aware-popularity-rank&ref=sr_st_exact-aware-popularity-rank
Eyeshadow Shade,https://www.amazon.com/s?k=Eyeshadow+Shade&i=beauty&s=exact-aware-popularity-rank&ref=sr_st_exact-aware-popularity-rank
Spray Wax,https://www.amazon.com/s?k=Spray+Wax&i=beauty&s=exact-aware-popularity-rank&ref=sr_st_exact-aware-popularity-rank
Hydrasoft Shampoo,https://www.amazon.com/s?k=Hydrasoft+Shampoo&i=beauty&s=exact-aware-popularity-rank&ref=sr_st_exact-aware-popularity-rank
