Keyword,Links
Detangling Set,https://www.ebay.com/sch/i.html?_from=R40&_nkw=Detangling+Set&_sacat=26395&rt=nc&LH_ItemCondition=3&LH_BIN=1&rt=nc&LH_PrefLoc=1
Holiday Hair Care,https://www.ebay.com/sch/i.html?_from=R40&_nkw=Holiday+Hair+Care&_sacat=26395&rt=nc&LH_ItemCondition=3&LH_BIN=1&rt=nc&LH_PrefLoc=1
Gloss simulator,https://www.ebay.com/sch/i.html?_from=R40&_nkw=Gloss+simulator&_sacat=26395&rt=nc&LH_ItemCondition=3&LH_BIN=1&rt=nc&LH_PrefLoc=1
Perfect Hair,https://www.ebay.com/sch/i.html?_from=R40&_nkw=Perfect+Hair&_sacat=26395&rt=nc&LH_ItemCondition=3&LH_BIN=1&rt=nc&LH_PrefLoc=1
Detoxifying Shampoo,https://www.ebay.com/sch/i.html?_from=R40&_nkw=Detoxifying+Shampoo&_sacat=26395&rt=nc&LH_ItemCondition=3&LH_BIN=1&rt=nc&LH_PrefLoc=1
Neutralizing Shampoo,https://www.ebay.com/sch/i.html?_from=R40&_nkw=Neutralizing+Shampoo&_sacat=26395&rt=nc&LH_ItemCondition=3&LH_BIN=1&rt=nc&LH_PrefLoc=1
Dreadlock Conditioner,https://www.ebay.com/sch/i.html?_from=R40&_nkw=Dreadlock+Conditioner&_sacat=26395&rt=nc&LH_ItemCondition=3&LH_BIN=1&rt=nc&LH_PrefLoc=1
Hypoallergenic Shampoo,https://www.ebay.com/sch/i.html?_from=R40&_nkw=Hypoallergenic+Shampoo&_sacat=26395&rt=nc&LH_ItemCondition=3&LH_BIN=1&rt=nc&LH_PrefLoc=1
Shea shampoo,https://www.ebay.com/sch/i.html?_from=R40&_nkw=Shea+shampoo&_sacat=26395&rt=nc&LH_ItemCondition=3&LH_BIN=1&rt=nc&LH_PrefLoc=1
Basil Mint,https://www.ebay.com/sch/i.html?_from=R40&_nkw=Basil+Mint&_sacat=26395&rt=nc&LH_ItemCondition=3&LH_BIN=1&rt=nc&LH_PrefLoc=1
Detangler Avocado,https://www.ebay.com/sch/i.html?_from=R40&_nkw=Detangler+Avocado&_sacat=26395&rt=nc&LH_ItemCondition=3&LH_BIN=1&rt=nc&LH_PrefLoc=1
Rugby Shampoo,https://www.ebay.com/sch/i.html?_from=R40&_nkw=Rugby+Shampoo&_sacat=26395&rt=nc&LH_ItemCondition=3&LH_BIN=1&rt=nc&LH_PrefLoc=1
Anti-Brassiness Shampoo,https://www.ebay.com/sch/i.html?_from=R40&_nkw=Anti-Brassiness+Shampoo&_sacat=26395&rt=nc&LH_ItemCondition=3&LH_BIN=1&rt=nc&LH_PrefLoc=1
Gentle Cleanse,https://www.ebay.com/sch/i.html?_from=R40&_nkw=Gentle+Cleanse&_sacat=26395&rt=nc&LH_ItemCondition=3&LH_BIN=1&rt=nc&LH_PrefLoc=1
Keratin Treatment,https://www.ebay.com/sch/i.html?_from=R40&_nkw=Keratin+Treatment&_sacat=26395&rt=nc&LH_ItemCondition=3&LH_BIN=1&rt=nc&LH_PrefLoc=1
Zinc Shampoo,https://www.ebay.com/sch/i.html?_from=R40&_nkw=Zinc+Shampoo&_sacat=26395&rt=nc&LH_ItemCondition=3&LH_BIN=1&rt=nc&LH_PrefLoc=1
Hair Reconstruction,https://www.ebay.com/sch/i.html?_from=R40&_nkw=Hair+Reconstruction&_sacat=26395&rt=nc&LH_ItemCondition=3&LH_BIN=1&rt=nc&LH_PrefLoc=1
Clean Shampoo,https://www.ebay.com/sch/i.html?_from=R40&_nkw=Clean+Shampoo&_sacat=26395&rt=nc&LH_ItemCondition=3&LH_BIN=1&rt=nc&LH_PrefLoc=1
Weightless Shampoo,https://www.ebay.com/sch/i.html?_from=R40&_nkw=Weightless+Shampoo&_sacat=26395&rt=nc&LH_ItemCondition=3&LH_BIN=1&rt=nc&LH_PrefLoc=1
Sulfate Free Shampoo,https://www.ebay.com/sch/i.html?_from=R40&_nkw=Sulfate+Free+Shampoo&_sacat=26395&rt=nc&LH_ItemCondition=3&LH_BIN=1&rt=nc&LH_PrefLoc=1
Herbal Shampoo,https://www.ebay.com/sch/i.html?_from=R40&_nkw=Herbal+Shampoo&_sacat=26395&rt=nc&LH_ItemCondition=3&LH_BIN=1&rt=nc&LH_PrefLoc=1
Brunette shampoo,https://www.ebay.com/sch/i.html?_from=R40&_nkw=Brunette+shampoo&_sacat=26395&rt=nc&LH_ItemCondition=3&LH_BIN=1&rt=nc&LH_PrefLoc=1
Shampoo body wash,https://www.ebay.com/sch/i.html?_from=R40&_nkw=Shampoo+body+wash&_sacat=26395&rt=nc&LH_ItemCondition=3&LH_BIN=1&rt=nc&LH_PrefLoc=1
Pure Shampoo,https://www.ebay.com/sch/i.html?_from=R40&_nkw=Pure+Shampoo&_sacat=26395&rt=nc&LH_ItemCondition=3&LH_BIN=1&rt=nc&LH_PrefLoc=1
Olive shampoo,https://www.ebay.com/sch/i.html?_from=R40&_nkw=Olive+shampoo&_sacat=26395&rt=nc&LH_ItemCondition=3&LH_BIN=1&rt=nc&LH_PrefLoc=1
Shampoo Pack,https://www.ebay.com/sch/i.html?_from=R40&_nkw=Shampoo+Pack&_sacat=26395&rt=nc&LH_ItemCondition=3&LH_BIN=1&rt=nc&LH_PrefLoc=1
Rice Soap,https://www.ebay.com/sch/i.html?_from=R40&_nkw=Rice+Soap&_sacat=26395&rt=nc&LH_ItemCondition=3&LH_BIN=1&rt=nc&LH_PrefLoc=1
DHS Shampoo,https://www.ebay.com/sch/i.html?_from=R40&_nkw=DHS+Shampoo&_sacat=26395&rt=nc&LH_ItemCondition=3&LH_BIN=1&rt=nc&LH_PrefLoc=1
Curl ritual,https://www.ebay.com/sch/i.html?_from=R40&_nkw=Curl+ritual&_sacat=26395&rt=nc&LH_ItemCondition=3&LH_BIN=1&rt=nc&LH_PrefLoc=1
Grey hair shampoo,https://www.ebay.com/sch/i.html?_from=R40&_nkw=Grey+hair+shampoo&_sacat=26395&rt=nc&LH_ItemCondition=3&LH_BIN=1&rt=nc&LH_PrefLoc=1
Resurrection Shampoo,https://www.ebay.com/sch/i.html?_from=R40&_nkw=Resurrection+Shampoo&_sacat=26395&rt=nc&LH_ItemCondition=3&LH_BIN=1&rt=nc&LH_PrefLoc=1
Thick Growth,https://www.ebay.com/sch/i.html?_from=R40&_nkw=Thick+Growth&_sacat=26395&rt=nc&LH_ItemCondition=3&LH_BIN=1&rt=nc&LH_PrefLoc=1
Dandruff Control,https://www.ebay.com/sch/i.html?_from=R40&_nkw=Dandruff+Control&_sacat=26395&rt=nc&LH_ItemCondition=3&LH_BIN=1&rt=nc&LH_PrefLoc=1
Watercolor Shampoo,https://www.ebay.com/sch/i.html?_from=R40&_nkw=Watercolor+Shampoo&_sacat=26395&rt=nc&LH_ItemCondition=3&LH_BIN=1&rt=nc&LH_PrefLoc=1
Kosher Shampoo,https://www.ebay.com/sch/i.html?_from=R40&_nkw=Kosher+Shampoo&_sacat=26395&rt=nc&LH_ItemCondition=3&LH_BIN=1&rt=nc&LH_PrefLoc=1
Argan Oil Shampoo,https://www.ebay.com/sch/i.html?_from=R40&_nkw=Argan+Oil+Shampoo&_sacat=26395&rt=nc&LH_ItemCondition=3&LH_BIN=1&rt=nc&LH_PrefLoc=1
Growth shampoo,https://www.ebay.com/sch/i.html?_from=R40&_nkw=Growth+shampoo&_sacat=26395&rt=nc&LH_ItemCondition=3&LH_BIN=1&rt=nc&LH_PrefLoc=1
Cleane Shampoo,https://www.ebay.com/sch/i.html?_from=R40&_nkw=Cleane+Shampoo&_sacat=26395&rt=nc&LH_ItemCondition=3&LH_BIN=1&rt=nc&LH_PrefLoc=1
Wavy Curly,https://www.ebay.com/sch/i.html?_from=R40&_nkw=Wavy+Curly&_sacat=26395&rt=nc&LH_ItemCondition=3&LH_BIN=1&rt=nc&LH_PrefLoc=1
Hydrating Duo,https://www.ebay.com/sch/i.html?_from=R40&_nkw=Hydrating+Duo&_sacat=26395&rt=nc&LH_ItemCondition=3&LH_BIN=1&rt=nc&LH_PrefLoc=1
Moroccan shampoo,https://www.ebay.com/sch/i.html?_from=R40&_nkw=Moroccan+shampoo&_sacat=26395&rt=nc&LH_ItemCondition=3&LH_BIN=1&rt=nc&LH_PrefLoc=1
Shikakai Shampoo,https://www.ebay.com/sch/i.html?_from=R40&_nkw=Shikakai+Shampoo&_sacat=26395&rt=nc&LH_ItemCondition=3&LH_BIN=1&rt=nc&LH_PrefLoc=1
Solid Shampoo,https://www.ebay.com/sch/i.html?_from=R40&_nkw=Solid+Shampoo&_sacat=26395&rt=nc&LH_ItemCondition=3&LH_BIN=1&rt=nc&LH_PrefLoc=1
Health Shampoo,https://www.ebay.com/sch/i.html?_from=R40&_nkw=Health+Shampoo&_sacat=26395&rt=nc&LH_ItemCondition=3&LH_BIN=1&rt=nc&LH_PrefLoc=1
Hair Bath,https://www.ebay.com/sch/i.html?_from=R40&_nkw=Hair+Bath&_sacat=26395&rt=nc&LH_ItemCondition=3&LH_BIN=1&rt=nc&LH_PrefLoc=1
Ultimate Care,https://www.ebay.com/sch/i.html?_from=R40&_nkw=Ultimate+Care&_sacat=26395&rt=nc&LH_ItemCondition=3&LH_BIN=1&rt=nc&LH_PrefLoc=1
Peach Shampoo,https://www.ebay.com/sch/i.html?_from=R40&_nkw=Peach+Shampoo&_sacat=26395&rt=nc&LH_ItemCondition=3&LH_BIN=1&rt=nc&LH_PrefLoc=1
Surf duo,https://www.ebay.com/sch/i.html?_from=R40&_nkw=Surf+duo&_sacat=26395&rt=nc&LH_ItemCondition=3&LH_BIN=1&rt=nc&LH_PrefLoc=1
Romero Quina,https://www.ebay.com/sch/i.html?_from=R40&_nkw=Romero+Quina&_sacat=26395&rt=nc&LH_ItemCondition=3&LH_BIN=1&rt=nc&LH_PrefLoc=1
Total Body Shampoo,https://www.ebay.com/sch/i.html?_from=R40&_nkw=Total+Body+Shampoo&_sacat=26395&rt=nc&LH_ItemCondition=3&LH_BIN=1&rt=nc&LH_PrefLoc=1
