Keyword,Links
Autobiography Essays,https://www.ebay.com/sch/i.html?_from=R40&_nkw=Autobiography+Essays&_sacat=26395&rt=nc&LH_ItemCondition=3&LH_BIN=1&rt=nc&LH_PrefLoc=1
Great Believers,https://www.ebay.com/sch/i.html?_from=R40&_nkw=Great+Believers&_sacat=26395&rt=nc&LH_ItemCondition=3&LH_BIN=1&rt=nc&LH_PrefLoc=1
Memoir Life,https://www.ebay.com/sch/i.html?_from=R40&_nkw=Memoir+Life&_sacat=26395&rt=nc&LH_ItemCondition=3&LH_BIN=1&rt=nc&LH_PrefLoc=1
Pre-Owned,https://www.ebay.com/sch/i.html?_from=R40&_nkw=Pre-Owned&_sacat=26395&rt=nc&LH_ItemCondition=3&LH_BIN=1&rt=nc&LH_PrefLoc=1
Antigone adaptation,https://www.ebay.com/sch/i.html?_from=R40&_nkw=Antigone+adaptation&_sacat=26395&rt=nc&LH_ItemCondition=3&LH_BIN=1&rt=nc&LH_PrefLoc=1
Reality Feminism,https://www.ebay.com/sch/i.html?_from=R40&_nkw=Reality+Feminism&_sacat=26395&rt=nc&LH_ItemCondition=3&LH_BIN=1&rt=nc&LH_PrefLoc=1
Perfect Crime,https://www.ebay.com/sch/i.html?_from=R40&_nkw=Perfect+Crime&_sacat=26395&rt=nc&LH_ItemCondition=3&LH_BIN=1&rt=nc&LH_PrefLoc=1
Wine memoir,https://www.ebay.com/sch/i.html?_from=R40&_nkw=Wine+memoir&_sacat=26395&rt=nc&LH_ItemCondition=3&LH_BIN=1&rt=nc&LH_PrefLoc=1
Crook Manifesto,https://www.ebay.com/sch/i.html?_from=R40&_nkw=Crook+Manifesto&_sacat=26395&rt=nc&LH_ItemCondition=3&LH_BIN=1&rt=nc&LH_PrefLoc=1
Circling Sun,https://www.ebay.com/sch/i.html?_from=R40&_nkw=Circling+Sun&_sacat=26395&rt=nc&LH_ItemCondition=3&LH_BIN=1&rt=nc&LH_PrefLoc=1
Kids laxative,https://www.ebay.com/sch/i.html?_from=R40&_nkw=Kids+laxative&_sacat=26395&rt=nc&LH_ItemCondition=3&LH_BIN=1&rt=nc&LH_PrefLoc=1
Enema Set,https://www.ebay.com/sch/i.html?_from=R40&_nkw=Enema+Set&_sacat=26395&rt=nc&LH_ItemCondition=3&LH_BIN=1&rt=nc&LH_PrefLoc=1
Ear wax,https://www.ebay.com/sch/i.html?_from=R40&_nkw=Ear+wax&_sacat=26395&rt=nc&LH_ItemCondition=3&LH_BIN=1&rt=nc&LH_PrefLoc=1
Tea Tree Oil,https://www.ebay.com/sch/i.html?_from=R40&_nkw=Tea+Tree+Oil&_sacat=26395&rt=nc&LH_ItemCondition=3&LH_BIN=1&rt=nc&LH_PrefLoc=1
Antiseptic solution,https://www.ebay.com/sch/i.html?_from=R40&_nkw=Antiseptic+solution&_sacat=26395&rt=nc&LH_ItemCondition=3&LH_BIN=1&rt=nc&LH_PrefLoc=1
Prunelax Ciruelax,https://www.ebay.com/sch/i.html?_from=R40&_nkw=Prunelax+Ciruelax&_sacat=26395&rt=nc&LH_ItemCondition=3&LH_BIN=1&rt=nc&LH_PrefLoc=1
Silicone Enema,https://www.ebay.com/sch/i.html?_from=R40&_nkw=Silicone+Enema&_sacat=26395&rt=nc&LH_ItemCondition=3&LH_BIN=1&rt=nc&LH_PrefLoc=1
Hot water bottle,https://www.ebay.com/sch/i.html?_from=R40&_nkw=Hot+water+bottle&_sacat=26395&rt=nc&LH_ItemCondition=3&LH_BIN=1&rt=nc&LH_PrefLoc=1
Chocolate laxatives,https://www.ebay.com/sch/i.html?_from=R40&_nkw=Chocolate+laxatives&_sacat=26395&rt=nc&LH_ItemCondition=3&LH_BIN=1&rt=nc&LH_PrefLoc=1
Organic Cleanse,https://www.ebay.com/sch/i.html?_from=R40&_nkw=Organic+Cleanse&_sacat=26395&rt=nc&LH_ItemCondition=3&LH_BIN=1&rt=nc&LH_PrefLoc=1
Arch support,https://www.ebay.com/sch/i.html?_from=R40&_nkw=Arch+support&_sacat=26395&rt=nc&LH_ItemCondition=3&LH_BIN=1&rt=nc&LH_PrefLoc=1
Maximum laxatives,https://www.ebay.com/sch/i.html?_from=R40&_nkw=Maximum+laxatives&_sacat=26395&rt=nc&LH_ItemCondition=3&LH_BIN=1&rt=nc&LH_PrefLoc=1
Sulfur Powder,https://www.ebay.com/sch/i.html?_from=R40&_nkw=Sulfur+Powder&_sacat=26395&rt=nc&LH_ItemCondition=3&LH_BIN=1&rt=nc&LH_PrefLoc=1
Women Opinion,https://www.ebay.com/sch/i.html?_from=R40&_nkw=Women+Opinion&_sacat=26395&rt=nc&LH_ItemCondition=3&LH_BIN=1&rt=nc&LH_PrefLoc=1
mini enema,https://www.ebay.com/sch/i.html?_from=R40&_nkw=mini+enema&_sacat=26395&rt=nc&LH_ItemCondition=3&LH_BIN=1&rt=nc&LH_PrefLoc=1
Cleansing Enema,https://www.ebay.com/sch/i.html?_from=R40&_nkw=Cleansing+Enema&_sacat=26395&rt=nc&LH_ItemCondition=3&LH_BIN=1&rt=nc&LH_PrefLoc=1
CPAP sanitizer,https://www.ebay.com/sch/i.html?_from=R40&_nkw=CPAP+sanitizer&_sacat=26395&rt=nc&LH_ItemCondition=3&LH_BIN=1&rt=nc&LH_PrefLoc=1
Calamine Lotion,https://www.ebay.com/sch/i.html?_from=R40&_nkw=Calamine+Lotion&_sacat=26395&rt=nc&LH_ItemCondition=3&LH_BIN=1&rt=nc&LH_PrefLoc=1
Toddler toothpaste,https://www.ebay.com/sch/i.html?_from=R40&_nkw=Toddler+toothpaste&_sacat=26395&rt=nc&LH_ItemCondition=3&LH_BIN=1&rt=nc&LH_PrefLoc=1
Laxative Bisacodyl,https://www.ebay.com/sch/i.html?_from=R40&_nkw=Laxative+Bisacodyl&_sacat=26395&rt=nc&LH_ItemCondition=3&LH_BIN=1&rt=nc&LH_PrefLoc=1
Laxative Pills,https://www.ebay.com/sch/i.html?_from=R40&_nkw=Laxative+Pills&_sacat=26395&rt=nc&LH_ItemCondition=3&LH_BIN=1&rt=nc&LH_PrefLoc=1
Sweet Olive,https://www.ebay.com/sch/i.html?_from=R40&_nkw=Sweet+Olive&_sacat=26395&rt=nc&LH_ItemCondition=3&LH_BIN=1&rt=nc&LH_PrefLoc=1
Mint Laxative,https://www.ebay.com/sch/i.html?_from=R40&_nkw=Mint+Laxative&_sacat=26395&rt=nc&LH_ItemCondition=3&LH_BIN=1&rt=nc&LH_PrefLoc=1
Children enema,https://www.ebay.com/sch/i.html?_from=R40&_nkw=Children+enema&_sacat=26395&rt=nc&LH_ItemCondition=3&LH_BIN=1&rt=nc&LH_PrefLoc=1
Chigg Away,https://www.ebay.com/sch/i.html?_from=R40&_nkw=Chigg+Away&_sacat=26395&rt=nc&LH_ItemCondition=3&LH_BIN=1&rt=nc&LH_PrefLoc=1
Laxative Caplets,https://www.ebay.com/sch/i.html?_from=R40&_nkw=Laxative+Caplets&_sacat=26395&rt=nc&LH_ItemCondition=3&LH_BIN=1&rt=nc&LH_PrefLoc=1
Infant laxative,https://www.ebay.com/sch/i.html?_from=R40&_nkw=Infant+laxative&_sacat=26395&rt=nc&LH_ItemCondition=3&LH_BIN=1&rt=nc&LH_PrefLoc=1
Mineral Oil Enema,https://www.ebay.com/sch/i.html?_from=R40&_nkw=Mineral+Oil+Enema&_sacat=26395&rt=nc&LH_ItemCondition=3&LH_BIN=1&rt=nc&LH_PrefLoc=1
Laxative Chocolate,https://www.ebay.com/sch/i.html?_from=R40&_nkw=Laxative+Chocolate&_sacat=26395&rt=nc&LH_ItemCondition=3&LH_BIN=1&rt=nc&LH_PrefLoc=1
Laxative Packets,https://www.ebay.com/sch/i.html?_from=R40&_nkw=Laxative+Packets&_sacat=26395&rt=nc&LH_ItemCondition=3&LH_BIN=1&rt=nc&LH_PrefLoc=1
Enema Bags,https://www.ebay.com/sch/i.html?_from=R40&_nkw=Enema+Bags&_sacat=26395&rt=nc&LH_ItemCondition=3&LH_BIN=1&rt=nc&LH_PrefLoc=1
Bisacodyl Enema,https://www.ebay.com/sch/i.html?_from=R40&_nkw=Bisacodyl+Enema&_sacat=26395&rt=nc&LH_ItemCondition=3&LH_BIN=1&rt=nc&LH_PrefLoc=1
Enema System,https://www.ebay.com/sch/i.html?_from=R40&_nkw=Enema+System&_sacat=26395&rt=nc&LH_ItemCondition=3&LH_BIN=1&rt=nc&LH_PrefLoc=1
Bisacodyl Suppositories,https://www.ebay.com/sch/i.html?_from=R40&_nkw=Bisacodyl+Suppositories&_sacat=26395&rt=nc&LH_ItemCondition=3&LH_BIN=1&rt=nc&LH_PrefLoc=1
Senna Powder,https://www.ebay.com/sch/i.html?_from=R40&_nkw=Senna+Powder&_sacat=26395&rt=nc&LH_ItemCondition=3&LH_BIN=1&rt=nc&LH_PrefLoc=1
Senna Complex,https://www.ebay.com/sch/i.html?_from=R40&_nkw=Senna+Complex&_sacat=26395&rt=nc&LH_ItemCondition=3&LH_BIN=1&rt=nc&LH_PrefLoc=1
Lung Exerciser,https://www.ebay.com/sch/i.html?_from=R40&_nkw=Lung+Exerciser&_sacat=26395&rt=nc&LH_ItemCondition=3&LH_BIN=1&rt=nc&LH_PrefLoc=1
Medical Douche,https://www.ebay.com/sch/i.html?_from=R40&_nkw=Medical+Douche&_sacat=26395&rt=nc&LH_ItemCondition=3&LH_BIN=1&rt=nc&LH_PrefLoc=1
Pedia-Lax Enema,https://www.ebay.com/sch/i.html?_from=R40&_nkw=Pedia-Lax+Enema&_sacat=26395&rt=nc&LH_ItemCondition=3&LH_BIN=1&rt=nc&LH_PrefLoc=1
Laxative Capsules,https://www.ebay.com/sch/i.html?_from=R40&_nkw=Laxative+Capsules&_sacat=26395&rt=nc&LH_ItemCondition=3&LH_BIN=1&rt=nc&LH_PrefLoc=1
