Keyword,Links
Beef Aminos,https://www.amazon.com/s?k=Beef+Aminos&i=hpc&s=exact-aware-popularity-rank&ref=sr_st_exact-aware-popularity-rank
L-Serine,https://www.amazon.com/s?k=L-Serine&i=hpc&s=exact-aware-popularity-rank&ref=sr_st_exact-aware-popularity-rank
L-Arginine Tablets,https://www.amazon.com/s?k=L-Arginine+Tablets&i=hpc&s=exact-aware-popularity-rank&ref=sr_st_exact-aware-popularity-rank
L-Proline Capsules,https://www.amazon.com/s?k=L-Proline+Capsules&i=hpc&s=exact-aware-popularity-rank&ref=sr_st_exact-aware-popularity-rank
5-HTP supplements,https://www.amazon.com/s?k=5-HTP+supplements&i=hpc&s=exact-aware-popularity-rank&ref=sr_st_exact-aware-popularity-rank
Berry enhancer,https://www.amazon.com/s?k=Berry+enhancer&i=hpc&s=exact-aware-popularity-rank&ref=sr_st_exact-aware-popularity-rank
Carnitine Supplement,https://www.amazon.com/s?k=Carnitine+Supplement&i=hpc&s=exact-aware-popularity-rank&ref=sr_st_exact-aware-popularity-rank
Active Multivitamin,https://www.amazon.com/s?k=Active+Multivitamin&i=hpc&s=exact-aware-popularity-rank&ref=sr_st_exact-aware-popularity-rank
Extreme Sports Multi,https://www.amazon.com/s?k=Extreme+Sports+Multi&i=hpc&s=exact-aware-popularity-rank&ref=sr_st_exact-aware-popularity-rank
Monochloracetic Acid,https://www.amazon.com/s?k=Monochloracetic+Acid&i=hpc&s=exact-aware-popularity-rank&ref=sr_st_exact-aware-popularity-rank
Vitamin assay,https://www.amazon.com/s?k=Vitamin+assay&i=hpc&s=exact-aware-popularity-rank&ref=sr_st_exact-aware-popularity-rank
Amino Supplements,https://www.amazon.com/s?k=Amino+Supplements&i=hpc&s=exact-aware-popularity-rank&ref=sr_st_exact-aware-popularity-rank
Creatine Unflavored,https://www.amazon.com/s?k=Creatine+Unflavored&i=hpc&s=exact-aware-popularity-rank&ref=sr_st_exact-aware-popularity-rank
BCAA Lemon-Lime,https://www.amazon.com/s?k=BCAA+Lemon-Lime&i=hpc&s=exact-aware-popularity-rank&ref=sr_st_exact-aware-popularity-rank
L-Arginine Capsules,https://www.amazon.com/s?k=L-Arginine+Capsules&i=hpc&s=exact-aware-popularity-rank&ref=sr_st_exact-aware-popularity-rank
L-Lysine Powder,https://www.amazon.com/s?k=L-Lysine+Powder&i=hpc&s=exact-aware-popularity-rank&ref=sr_st_exact-aware-popularity-rank
Nutrition test,https://www.amazon.com/s?k=Nutrition+test&i=hpc&s=exact-aware-popularity-rank&ref=sr_st_exact-aware-popularity-rank
Fermented BCAAs,https://www.amazon.com/s?k=Fermented+BCAAs&i=hpc&s=exact-aware-popularity-rank&ref=sr_st_exact-aware-popularity-rank
L Glutamine,https://www.amazon.com/s?k=L+Glutamine&i=hpc&s=exact-aware-popularity-rank&ref=sr_st_exact-aware-popularity-rank
Neuro Amino,https://www.amazon.com/s?k=Neuro+Amino&i=hpc&s=exact-aware-popularity-rank&ref=sr_st_exact-aware-popularity-rank
Arginine Amino,https://www.amazon.com/s?k=Arginine+Amino&i=hpc&s=exact-aware-popularity-rank&ref=sr_st_exact-aware-popularity-rank
Tyrosine Supplement,https://www.amazon.com/s?k=Tyrosine+Supplement&i=hpc&s=exact-aware-popularity-rank&ref=sr_st_exact-aware-popularity-rank
Anti-Aging Superfoods,https://www.amazon.com/s?k=Anti-Aging+Superfoods&i=hpc&s=exact-aware-popularity-rank&ref=sr_st_exact-aware-popularity-rank
Lysine Supplement,https://www.amazon.com/s?k=Lysine+Supplement&i=hpc&s=exact-aware-popularity-rank&ref=sr_st_exact-aware-popularity-rank
L-Glutamine Recovery,https://www.amazon.com/s?k=L-Glutamine+Recovery&i=hpc&s=exact-aware-popularity-rank&ref=sr_st_exact-aware-popularity-rank
L-Lysine Supplements,https://www.amazon.com/s?k=L-Lysine+Supplements&i=hpc&s=exact-aware-popularity-rank&ref=sr_st_exact-aware-popularity-rank
Lysine Supplements,https://www.amazon.com/s?k=Lysine+Supplements&i=hpc&s=exact-aware-popularity-rank&ref=sr_st_exact-aware-popularity-rank
SAMe Supplement,https://www.amazon.com/s?k=SAMe+Supplement&i=hpc&s=exact-aware-popularity-rank&ref=sr_st_exact-aware-popularity-rank
D-Aspartic Acid,https://www.amazon.com/s?k=D-Aspartic+Acid&i=hpc&s=exact-aware-popularity-rank&ref=sr_st_exact-aware-popularity-rank
Alkaline Supplement,https://www.amazon.com/s?k=Alkaline+Supplement&i=hpc&s=exact-aware-popularity-rank&ref=sr_st_exact-aware-popularity-rank
Amino Caps,https://www.amazon.com/s?k=Amino+Caps&i=hpc&s=exact-aware-popularity-rank&ref=sr_st_exact-aware-popularity-rank
L-Tryptophan,https://www.amazon.com/s?k=L-Tryptophan&i=hpc&s=exact-aware-popularity-rank&ref=sr_st_exact-aware-popularity-rank
Iron Chelate,https://www.amazon.com/s?k=Iron+Chelate&i=hpc&s=exact-aware-popularity-rank&ref=sr_st_exact-aware-popularity-rank
Intra-Training,https://www.amazon.com/s?k=Intra-Training&i=hpc&s=exact-aware-popularity-rank&ref=sr_st_exact-aware-popularity-rank
Arginine Complex,https://www.amazon.com/s?k=Arginine+Complex&i=hpc&s=exact-aware-popularity-rank&ref=sr_st_exact-aware-popularity-rank
Mitochondria health,https://www.amazon.com/s?k=Mitochondria+health&i=hpc&s=exact-aware-popularity-rank&ref=sr_st_exact-aware-popularity-rank
L-Citrulline Tablets,https://www.amazon.com/s?k=L-Citrulline+Tablets&i=hpc&s=exact-aware-popularity-rank&ref=sr_st_exact-aware-popularity-rank
BCAA Booster,https://www.amazon.com/s?k=BCAA+Booster&i=hpc&s=exact-aware-popularity-rank&ref=sr_st_exact-aware-popularity-rank
Molybdenum Chelate,https://www.amazon.com/s?k=Molybdenum+Chelate&i=hpc&s=exact-aware-popularity-rank&ref=sr_st_exact-aware-popularity-rank
Adrenal Calm,https://www.amazon.com/s?k=Adrenal+Calm&i=hpc&s=exact-aware-popularity-rank&ref=sr_st_exact-aware-popularity-rank
L-Citrulline Capsules,https://www.amazon.com/s?k=L-Citrulline+Capsules&i=hpc&s=exact-aware-popularity-rank&ref=sr_st_exact-aware-popularity-rank
Tri-Pep Watermelon,https://www.amazon.com/s?k=Tri-Pep+Watermelon&i=hpc&s=exact-aware-popularity-rank&ref=sr_st_exact-aware-popularity-rank
Staminol Pills,https://www.amazon.com/s?k=Staminol+Pills&i=hpc&s=exact-aware-popularity-rank&ref=sr_st_exact-aware-popularity-rank
L-Histidine Capsules,https://www.amazon.com/s?k=L-Histidine+Capsules&i=hpc&s=exact-aware-popularity-rank&ref=sr_st_exact-aware-popularity-rank
L-Cysteine Powder,https://www.amazon.com/s?k=L-Cysteine+Powder&i=hpc&s=exact-aware-popularity-rank&ref=sr_st_exact-aware-popularity-rank
Anabolic Amino,https://www.amazon.com/s?k=Anabolic+Amino&i=hpc&s=exact-aware-popularity-rank&ref=sr_st_exact-aware-popularity-rank
Hydration Collagen,https://www.amazon.com/s?k=Hydration+Collagen&i=hpc&s=exact-aware-popularity-rank&ref=sr_st_exact-aware-popularity-rank
L-Glutamine Supplement,https://www.amazon.com/s?k=L-Glutamine+Supplement&i=hpc&s=exact-aware-popularity-rank&ref=sr_st_exact-aware-popularity-rank
Daily Complete,https://www.amazon.com/s?k=Daily+Complete&i=hpc&s=exact-aware-popularity-rank&ref=sr_st_exact-aware-popularity-rank
Amino Sculpt,https://www.amazon.com/s?k=Amino+Sculpt&i=hpc&s=exact-aware-popularity-rank&ref=sr_st_exact-aware-popularity-rank
