Keyword,Links
Beef Aminos,https://www.ebay.com/sch/i.html?_from=R40&_nkw=Beef+Aminos&_sacat=26395&rt=nc&LH_ItemCondition=3&LH_BIN=1&rt=nc&LH_PrefLoc=1
L-Serine,https://www.ebay.com/sch/i.html?_from=R40&_nkw=L-Serine&_sacat=26395&rt=nc&LH_ItemCondition=3&LH_BIN=1&rt=nc&LH_PrefLoc=1
L-Arginine Tablets,https://www.ebay.com/sch/i.html?_from=R40&_nkw=L-Arginine+Tablets&_sacat=26395&rt=nc&LH_ItemCondition=3&LH_BIN=1&rt=nc&LH_PrefLoc=1
L-Proline Capsules,https://www.ebay.com/sch/i.html?_from=R40&_nkw=L-Proline+Capsules&_sacat=26395&rt=nc&LH_ItemCondition=3&LH_BIN=1&rt=nc&LH_PrefLoc=1
5-HTP supplements,https://www.ebay.com/sch/i.html?_from=R40&_nkw=5-HTP+supplements&_sacat=26395&rt=nc&LH_ItemCondition=3&LH_BIN=1&rt=nc&LH_PrefLoc=1
Berry enhancer,https://www.ebay.com/sch/i.html?_from=R40&_nkw=Berry+enhancer&_sacat=26395&rt=nc&LH_ItemCondition=3&LH_BIN=1&rt=nc&LH_PrefLoc=1
Carnitine Supplement,https://www.ebay.com/sch/i.html?_from=R40&_nkw=Carnitine+Supplement&_sacat=26395&rt=nc&LH_ItemCondition=3&LH_BIN=1&rt=nc&LH_PrefLoc=1
Active Multivitamin,https://www.ebay.com/sch/i.html?_from=R40&_nkw=Active+Multivitamin&_sacat=26395&rt=nc&LH_ItemCondition=3&LH_BIN=1&rt=nc&LH_PrefLoc=1
Extreme Sports Multi,https://www.ebay.com/sch/i.html?_from=R40&_nkw=Extreme+Sports+Multi&_sacat=26395&rt=nc&LH_ItemCondition=3&LH_BIN=1&rt=nc&LH_PrefLoc=1
Monochloracetic Acid,https://www.ebay.com/sch/i.html?_from=R40&_nkw=Monochloracetic+Acid&_sacat=26395&rt=nc&LH_ItemCondition=3&LH_BIN=1&rt=nc&LH_PrefLoc=1
Vitamin assay,https://www.ebay.com/sch/i.html?_from=R40&_nkw=Vitamin+assay&_sacat=26395&rt=nc&LH_ItemCondition=3&LH_BIN=1&rt=nc&LH_PrefLoc=1
Amino Supplements,https://www.ebay.com/sch/i.html?_from=R40&_nkw=Amino+Supplements&_sacat=26395&rt=nc&LH_ItemCondition=3&LH_BIN=1&rt=nc&LH_PrefLoc=1
Creatine Unflavored,https://www.ebay.com/sch/i.html?_from=R40&_nkw=Creatine+Unflavored&_sacat=26395&rt=nc&LH_ItemCondition=3&LH_BIN=1&rt=nc&LH_PrefLoc=1
BCAA Lemon-Lime,https://www.ebay.com/sch/i.html?_from=R40&_nkw=BCAA+Lemon-Lime&_sacat=26395&rt=nc&LH_ItemCondition=3&LH_BIN=1&rt=nc&LH_PrefLoc=1
L-Arginine Capsules,https://www.ebay.com/sch/i.html?_from=R40&_nkw=L-Arginine+Capsules&_sacat=26395&rt=nc&LH_ItemCondition=3&LH_BIN=1&rt=nc&LH_PrefLoc=1
L-Lysine Powder,https://www.ebay.com/sch/i.html?_from=R40&_nkw=L-Lysine+Powder&_sacat=26395&rt=nc&LH_ItemCondition=3&LH_BIN=1&rt=nc&LH_PrefLoc=1
Nutrition test,https://www.ebay.com/sch/i.html?_from=R40&_nkw=Nutrition+test&_sacat=26395&rt=nc&LH_ItemCondition=3&LH_BIN=1&rt=nc&LH_PrefLoc=1
Fermented BCAAs,https://www.ebay.com/sch/i.html?_from=R40&_nkw=Fermented+BCAAs&_sacat=26395&rt=nc&LH_ItemCondition=3&LH_BIN=1&rt=nc&LH_PrefLoc=1
L Glutamine,https://www.ebay.com/sch/i.html?_from=R40&_nkw=L+Glutamine&_sacat=26395&rt=nc&LH_ItemCondition=3&LH_BIN=1&rt=nc&LH_PrefLoc=1
Neuro Amino,https://www.ebay.com/sch/i.html?_from=R40&_nkw=Neuro+Amino&_sacat=26395&rt=nc&LH_ItemCondition=3&LH_BIN=1&rt=nc&LH_PrefLoc=1
Arginine Amino,https://www.ebay.com/sch/i.html?_from=R40&_nkw=Arginine+Amino&_sacat=26395&rt=nc&LH_ItemCondition=3&LH_BIN=1&rt=nc&LH_PrefLoc=1
Tyrosine Supplement,https://www.ebay.com/sch/i.html?_from=R40&_nkw=Tyrosine+Supplement&_sacat=26395&rt=nc&LH_ItemCondition=3&LH_BIN=1&rt=nc&LH_PrefLoc=1
Anti-Aging Superfoods,https://www.ebay.com/sch/i.html?_from=R40&_nkw=Anti-Aging+Superfoods&_sacat=26395&rt=nc&LH_ItemCondition=3&LH_BIN=1&rt=nc&LH_PrefLoc=1
Lysine Supplement,https://www.ebay.com/sch/i.html?_from=R40&_nkw=Lysine+Supplement&_sacat=26395&rt=nc&LH_ItemCondition=3&LH_BIN=1&rt=nc&LH_PrefLoc=1
L-Glutamine Recovery,https://www.ebay.com/sch/i.html?_from=R40&_nkw=L-Glutamine+Recovery&_sacat=26395&rt=nc&LH_ItemCondition=3&LH_BIN=1&rt=nc&LH_PrefLoc=1
L-Lysine Supplements,https://www.ebay.com/sch/i.html?_from=R40&_nkw=L-Lysine+Supplements&_sacat=26395&rt=nc&LH_ItemCondition=3&LH_BIN=1&rt=nc&LH_PrefLoc=1
Lysine Supplements,https://www.ebay.com/sch/i.html?_from=R40&_nkw=Lysine+Supplements&_sacat=26395&rt=nc&LH_ItemCondition=3&LH_BIN=1&rt=nc&LH_PrefLoc=1
SAMe Supplement,https://www.ebay.com/sch/i.html?_from=R40&_nkw=SAMe+Supplement&_sacat=26395&rt=nc&LH_ItemCondition=3&LH_BIN=1&rt=nc&LH_PrefLoc=1
D-Aspartic Acid,https://www.ebay.com/sch/i.html?_from=R40&_nkw=D-Aspartic+Acid&_sacat=26395&rt=nc&LH_ItemCondition=3&LH_BIN=1&rt=nc&LH_PrefLoc=1
Alkaline Supplement,https://www.ebay.com/sch/i.html?_from=R40&_nkw=Alkaline+Supplement&_sacat=26395&rt=nc&LH_ItemCondition=3&LH_BIN=1&rt=nc&LH_PrefLoc=1
Amino Caps,https://www.ebay.com/sch/i.html?_from=R40&_nkw=Amino+Caps&_sacat=26395&rt=nc&LH_ItemCondition=3&LH_BIN=1&rt=nc&LH_PrefLoc=1
L-Tryptophan,https://www.ebay.com/sch/i.html?_from=R40&_nkw=L-Tryptophan&_sacat=26395&rt=nc&LH_ItemCondition=3&LH_BIN=1&rt=nc&LH_PrefLoc=1
Iron Chelate,https://www.ebay.com/sch/i.html?_from=R40&_nkw=Iron+Chelate&_sacat=26395&rt=nc&LH_ItemCondition=3&LH_BIN=1&rt=nc&LH_PrefLoc=1
Intra-Training,https://www.ebay.com/sch/i.html?_from=R40&_nkw=Intra-Training&_sacat=26395&rt=nc&LH_ItemCondition=3&LH_BIN=1&rt=nc&LH_PrefLoc=1
Arginine Complex,https://www.ebay.com/sch/i.html?_from=R40&_nkw=Arginine+Complex&_sacat=26395&rt=nc&LH_ItemCondition=3&LH_BIN=1&rt=nc&LH_PrefLoc=1
Mitochondria health,https://www.ebay.com/sch/i.html?_from=R40&_nkw=Mitochondria+health&_sacat=26395&rt=nc&LH_ItemCondition=3&LH_BIN=1&rt=nc&LH_PrefLoc=1
L-Citrulline Tablets,https://www.ebay.com/sch/i.html?_from=R40&_nkw=L-Citrulline+Tablets&_sacat=26395&rt=nc&LH_ItemCondition=3&LH_BIN=1&rt=nc&LH_PrefLoc=1
BCAA Booster,https://www.ebay.com/sch/i.html?_from=R40&_nkw=BCAA+Booster&_sacat=26395&rt=nc&LH_ItemCondition=3&LH_BIN=1&rt=nc&LH_PrefLoc=1
Molybdenum Chelate,https://www.ebay.com/sch/i.html?_from=R40&_nkw=Molybdenum+Chelate&_sacat=26395&rt=nc&LH_ItemCondition=3&LH_BIN=1&rt=nc&LH_PrefLoc=1
Adrenal Calm,https://www.ebay.com/sch/i.html?_from=R40&_nkw=Adrenal+Calm&_sacat=26395&rt=nc&LH_ItemCondition=3&LH_BIN=1&rt=nc&LH_PrefLoc=1
L-Citrulline Capsules,https://www.ebay.com/sch/i.html?_from=R40&_nkw=L-Citrulline+Capsules&_sacat=26395&rt=nc&LH_ItemCondition=3&LH_BIN=1&rt=nc&LH_PrefLoc=1
Tri-Pep Watermelon,https://www.ebay.com/sch/i.html?_from=R40&_nkw=Tri-Pep+Watermelon&_sacat=26395&rt=nc&LH_ItemCondition=3&LH_BIN=1&rt=nc&LH_PrefLoc=1
Staminol Pills,https://www.ebay.com/sch/i.html?_from=R40&_nkw=Staminol+Pills&_sacat=26395&rt=nc&LH_ItemCondition=3&LH_BIN=1&rt=nc&LH_PrefLoc=1
L-Histidine Capsules,https://www.ebay.com/sch/i.html?_from=R40&_nkw=L-Histidine+Capsules&_sacat=26395&rt=nc&LH_ItemCondition=3&LH_BIN=1&rt=nc&LH_PrefLoc=1
L-Cysteine Powder,https://www.ebay.com/sch/i.html?_from=R40&_nkw=L-Cysteine+Powder&_sacat=26395&rt=nc&LH_ItemCondition=3&LH_BIN=1&rt=nc&LH_PrefLoc=1
Anabolic Amino,https://www.ebay.com/sch/i.html?_from=R40&_nkw=Anabolic+Amino&_sacat=26395&rt=nc&LH_ItemCondition=3&LH_BIN=1&rt=nc&LH_PrefLoc=1
Hydration Collagen,https://www.ebay.com/sch/i.html?_from=R40&_nkw=Hydration+Collagen&_sacat=26395&rt=nc&LH_ItemCondition=3&LH_BIN=1&rt=nc&LH_PrefLoc=1
L-Glutamine Supplement,https://www.ebay.com/sch/i.html?_from=R40&_nkw=L-Glutamine+Supplement&_sacat=26395&rt=nc&LH_ItemCondition=3&LH_BIN=1&rt=nc&LH_PrefLoc=1
Daily Complete,https://www.ebay.com/sch/i.html?_from=R40&_nkw=Daily+Complete&_sacat=26395&rt=nc&LH_ItemCondition=3&LH_BIN=1&rt=nc&LH_PrefLoc=1
Amino Sculpt,https://www.ebay.com/sch/i.html?_from=R40&_nkw=Amino+Sculpt&_sacat=26395&rt=nc&LH_ItemCondition=3&LH_BIN=1&rt=nc&LH_PrefLoc=1
