Keyword,Links
Curl iron,https://www.ebay.com/sch/i.html?_from=R40&_nkw=Curl+iron&_sacat=26395&rt=nc&LH_ItemCondition=3&LH_BIN=1&rt=nc&LH_PrefLoc=1
Smoothing Comb,https://www.ebay.com/sch/i.html?_from=R40&_nkw=Smoothing+Comb&_sacat=26395&rt=nc&LH_ItemCondition=3&LH_BIN=1&rt=nc&LH_PrefLoc=1
Waver Iron,https://www.ebay.com/sch/i.html?_from=R40&_nkw=Waver+Iron&_sacat=26395&rt=nc&LH_ItemCondition=3&LH_BIN=1&rt=nc&LH_PrefLoc=1
Smart Flat Iron,https://www.ebay.com/sch/i.html?_from=R40&_nkw=Smart+Flat+Iron&_sacat=26395&rt=nc&LH_ItemCondition=3&LH_BIN=1&rt=nc&LH_PrefLoc=1
Replacement Blade,https://www.ebay.com/sch/i.html?_from=R40&_nkw=Replacement+Blade&_sacat=26395&rt=nc&LH_ItemCondition=3&LH_BIN=1&rt=nc&LH_PrefLoc=1
Thermal Brush,https://www.ebay.com/sch/i.html?_from=R40&_nkw=Thermal+Brush&_sacat=26395&rt=nc&LH_ItemCondition=3&LH_BIN=1&rt=nc&LH_PrefLoc=1
Detangling Comb,https://www.ebay.com/sch/i.html?_from=R40&_nkw=Detangling+Comb&_sacat=26395&rt=nc&LH_ItemCondition=3&LH_BIN=1&rt=nc&LH_PrefLoc=1
Ion clipper,https://www.ebay.com/sch/i.html?_from=R40&_nkw=Ion+clipper&_sacat=26395&rt=nc&LH_ItemCondition=3&LH_BIN=1&rt=nc&LH_PrefLoc=1
Hair trimmer,https://www.ebay.com/sch/i.html?_from=R40&_nkw=Hair+trimmer&_sacat=26395&rt=nc&LH_ItemCondition=3&LH_BIN=1&rt=nc&LH_PrefLoc=1
Clipper Guards,https://www.ebay.com/sch/i.html?_from=R40&_nkw=Clipper+Guards&_sacat=26395&rt=nc&LH_ItemCondition=3&LH_BIN=1&rt=nc&LH_PrefLoc=1
Styling Wand,https://www.ebay.com/sch/i.html?_from=R40&_nkw=Styling+Wand&_sacat=26395&rt=nc&LH_ItemCondition=3&LH_BIN=1&rt=nc&LH_PrefLoc=1
T-Blade Replacement,https://www.ebay.com/sch/i.html?_from=R40&_nkw=T-Blade+Replacement&_sacat=26395&rt=nc&LH_ItemCondition=3&LH_BIN=1&rt=nc&LH_PrefLoc=1
Trimmer attachments,https://www.ebay.com/sch/i.html?_from=R40&_nkw=Trimmer+attachments&_sacat=26395&rt=nc&LH_ItemCondition=3&LH_BIN=1&rt=nc&LH_PrefLoc=1
Replacement power cable,https://www.ebay.com/sch/i.html?_from=R40&_nkw=Replacement+power+cable&_sacat=26395&rt=nc&LH_ItemCondition=3&LH_BIN=1&rt=nc&LH_PrefLoc=1
Professional hair dryer,https://www.ebay.com/sch/i.html?_from=R40&_nkw=Professional+hair+dryer&_sacat=26395&rt=nc&LH_ItemCondition=3&LH_BIN=1&rt=nc&LH_PrefLoc=1
Barber Cape,https://www.ebay.com/sch/i.html?_from=R40&_nkw=Barber+Cape&_sacat=26395&rt=nc&LH_ItemCondition=3&LH_BIN=1&rt=nc&LH_PrefLoc=1
Foil Shaver,https://www.ebay.com/sch/i.html?_from=R40&_nkw=Foil+Shaver&_sacat=26395&rt=nc&LH_ItemCondition=3&LH_BIN=1&rt=nc&LH_PrefLoc=1
Styling Cone,https://www.ebay.com/sch/i.html?_from=R40&_nkw=Styling+Cone&_sacat=26395&rt=nc&LH_ItemCondition=3&LH_BIN=1&rt=nc&LH_PrefLoc=1
Magic Clipper,https://www.ebay.com/sch/i.html?_from=R40&_nkw=Magic+Clipper&_sacat=26395&rt=nc&LH_ItemCondition=3&LH_BIN=1&rt=nc&LH_PrefLoc=1
Travel Trimmer,https://www.ebay.com/sch/i.html?_from=R40&_nkw=Travel+Trimmer&_sacat=26395&rt=nc&LH_ItemCondition=3&LH_BIN=1&rt=nc&LH_PrefLoc=1
Cordless Detailer,https://www.ebay.com/sch/i.html?_from=R40&_nkw=Cordless+Detailer&_sacat=26395&rt=nc&LH_ItemCondition=3&LH_BIN=1&rt=nc&LH_PrefLoc=1
Hi-Viz Trimmer,https://www.ebay.com/sch/i.html?_from=R40&_nkw=Hi-Viz+Trimmer&_sacat=26395&rt=nc&LH_ItemCondition=3&LH_BIN=1&rt=nc&LH_PrefLoc=1
Detangle Brush,https://www.ebay.com/sch/i.html?_from=R40&_nkw=Detangle+Brush&_sacat=26395&rt=nc&LH_ItemCondition=3&LH_BIN=1&rt=nc&LH_PrefLoc=1
Thermal Hair Brush,https://www.ebay.com/sch/i.html?_from=R40&_nkw=Thermal+Hair+Brush&_sacat=26395&rt=nc&LH_ItemCondition=3&LH_BIN=1&rt=nc&LH_PrefLoc=1
Ionic dryer,https://www.ebay.com/sch/i.html?_from=R40&_nkw=Ionic+dryer&_sacat=26395&rt=nc&LH_ItemCondition=3&LH_BIN=1&rt=nc&LH_PrefLoc=1
Barber Combo,https://www.ebay.com/sch/i.html?_from=R40&_nkw=Barber+Combo&_sacat=26395&rt=nc&LH_ItemCondition=3&LH_BIN=1&rt=nc&LH_PrefLoc=1
Ultra Thin Straightener,https://www.ebay.com/sch/i.html?_from=R40&_nkw=Ultra+Thin+Straightener&_sacat=26395&rt=nc&LH_ItemCondition=3&LH_BIN=1&rt=nc&LH_PrefLoc=1
Cordless Clipper,https://www.ebay.com/sch/i.html?_from=R40&_nkw=Cordless+Clipper&_sacat=26395&rt=nc&LH_ItemCondition=3&LH_BIN=1&rt=nc&LH_PrefLoc=1
Titanium Dryer,https://www.ebay.com/sch/i.html?_from=R40&_nkw=Titanium+Dryer&_sacat=26395&rt=nc&LH_ItemCondition=3&LH_BIN=1&rt=nc&LH_PrefLoc=1
Shaver Shaper,https://www.ebay.com/sch/i.html?_from=R40&_nkw=Shaver+Shaper&_sacat=26395&rt=nc&LH_ItemCondition=3&LH_BIN=1&rt=nc&LH_PrefLoc=1
Vanish Shaver,https://www.ebay.com/sch/i.html?_from=R40&_nkw=Vanish+Shaver&_sacat=26395&rt=nc&LH_ItemCondition=3&LH_BIN=1&rt=nc&LH_PrefLoc=1
Hair Clipper,https://www.ebay.com/sch/i.html?_from=R40&_nkw=Hair+Clipper&_sacat=26395&rt=nc&LH_ItemCondition=3&LH_BIN=1&rt=nc&LH_PrefLoc=1
Gold Trimmer,https://www.ebay.com/sch/i.html?_from=R40&_nkw=Gold+Trimmer&_sacat=26395&rt=nc&LH_ItemCondition=3&LH_BIN=1&rt=nc&LH_PrefLoc=1
Vapor Clipper,https://www.ebay.com/sch/i.html?_from=R40&_nkw=Vapor+Clipper&_sacat=26395&rt=nc&LH_ItemCondition=3&LH_BIN=1&rt=nc&LH_PrefLoc=1
Cordless Trimmer,https://www.ebay.com/sch/i.html?_from=R40&_nkw=Cordless+Trimmer&_sacat=26395&rt=nc&LH_ItemCondition=3&LH_BIN=1&rt=nc&LH_PrefLoc=1
Diffuser Attachment,https://www.ebay.com/sch/i.html?_from=R40&_nkw=Diffuser+Attachment&_sacat=26395&rt=nc&LH_ItemCondition=3&LH_BIN=1&rt=nc&LH_PrefLoc=1
Stagger Tooth Clipper,https://www.ebay.com/sch/i.html?_from=R40&_nkw=Stagger+Tooth+Clipper&_sacat=26395&rt=nc&LH_ItemCondition=3&LH_BIN=1&rt=nc&LH_PrefLoc=1
Trimmer Cordless,https://www.ebay.com/sch/i.html?_from=R40&_nkw=Trimmer+Cordless&_sacat=26395&rt=nc&LH_ItemCondition=3&LH_BIN=1&rt=nc&LH_PrefLoc=1
Ergonomic Trimmer,https://www.ebay.com/sch/i.html?_from=R40&_nkw=Ergonomic+Trimmer&_sacat=26395&rt=nc&LH_ItemCondition=3&LH_BIN=1&rt=nc&LH_PrefLoc=1
Straightening Iron,https://www.ebay.com/sch/i.html?_from=R40&_nkw=Straightening+Iron&_sacat=26395&rt=nc&LH_ItemCondition=3&LH_BIN=1&rt=nc&LH_PrefLoc=1
Premium Clipper,https://www.ebay.com/sch/i.html?_from=R40&_nkw=Premium+Clipper&_sacat=26395&rt=nc&LH_ItemCondition=3&LH_BIN=1&rt=nc&LH_PrefLoc=1
Senior Clipper,https://www.ebay.com/sch/i.html?_from=R40&_nkw=Senior+Clipper&_sacat=26395&rt=nc&LH_ItemCondition=3&LH_BIN=1&rt=nc&LH_PrefLoc=1
Clipper Blade,https://www.ebay.com/sch/i.html?_from=R40&_nkw=Clipper+Blade&_sacat=26395&rt=nc&LH_ItemCondition=3&LH_BIN=1&rt=nc&LH_PrefLoc=1
Thermal Hairbrush,https://www.ebay.com/sch/i.html?_from=R40&_nkw=Thermal+Hairbrush&_sacat=26395&rt=nc&LH_ItemCondition=3&LH_BIN=1&rt=nc&LH_PrefLoc=1
Detailer Trimmer,https://www.ebay.com/sch/i.html?_from=R40&_nkw=Detailer+Trimmer&_sacat=26395&rt=nc&LH_ItemCondition=3&LH_BIN=1&rt=nc&LH_PrefLoc=1
Lather Machine,https://www.ebay.com/sch/i.html?_from=R40&_nkw=Lather+Machine&_sacat=26395&rt=nc&LH_ItemCondition=3&LH_BIN=1&rt=nc&LH_PrefLoc=1
Travel Hair Dryer,https://www.ebay.com/sch/i.html?_from=R40&_nkw=Travel+Hair+Dryer&_sacat=26395&rt=nc&LH_ItemCondition=3&LH_BIN=1&rt=nc&LH_PrefLoc=1
Drying Tool,https://www.ebay.com/sch/i.html?_from=R40&_nkw=Drying+Tool&_sacat=26395&rt=nc&LH_ItemCondition=3&LH_BIN=1&rt=nc&LH_PrefLoc=1
Trimmer Blade,https://www.ebay.com/sch/i.html?_from=R40&_nkw=Trimmer+Blade&_sacat=26395&rt=nc&LH_ItemCondition=3&LH_BIN=1&rt=nc&LH_PrefLoc=1
Razor Edger,https://www.ebay.com/sch/i.html?_from=R40&_nkw=Razor+Edger&_sacat=26395&rt=nc&LH_ItemCondition=3&LH_BIN=1&rt=nc&LH_PrefLoc=1
