Keyword,Links
Low Carb Snacks,https://www.amazon.com/s?k=Low+Carb+Snacks&i=hpc&s=exact-aware-popularity-rank&ref=sr_st_exact-aware-popularity-rank
Chocolate Caramel,https://www.amazon.com/s?k=Chocolate+Caramel&i=hpc&s=exact-aware-popularity-rank&ref=sr_st_exact-aware-popularity-rank
Lean Agent,https://www.amazon.com/s?k=Lean+Agent&i=hpc&s=exact-aware-popularity-rank&ref=sr_st_exact-aware-popularity-rank
Protein drinks,https://www.amazon.com/s?k=Protein+drinks&i=hpc&s=exact-aware-popularity-rank&ref=sr_st_exact-aware-popularity-rank
Apple Pie Bites,https://www.amazon.com/s?k=Apple+Pie+Bites&i=hpc&s=exact-aware-popularity-rank&ref=sr_st_exact-aware-popularity-rank
Oral Supplement,https://www.amazon.com/s?k=Oral+Supplement&i=hpc&s=exact-aware-popularity-rank&ref=sr_st_exact-aware-popularity-rank
Almond Clusters,https://www.amazon.com/s?k=Almond+Clusters&i=hpc&s=exact-aware-popularity-rank&ref=sr_st_exact-aware-popularity-rank
Keto Chocolate,https://www.amazon.com/s?k=Keto+Chocolate&i=hpc&s=exact-aware-popularity-rank&ref=sr_st_exact-aware-popularity-rank
Predigested Protein,https://www.amazon.com/s?k=Predigested+Protein&i=hpc&s=exact-aware-popularity-rank&ref=sr_st_exact-aware-popularity-rank
Salted Caramel Bars,https://www.amazon.com/s?k=Salted+Caramel+Bars&i=hpc&s=exact-aware-popularity-rank&ref=sr_st_exact-aware-popularity-rank
Strawberry Pastry,https://www.amazon.com/s?k=Strawberry+Pastry&i=hpc&s=exact-aware-popularity-rank&ref=sr_st_exact-aware-popularity-rank
Grilled Chicken,https://www.amazon.com/s?k=Grilled+Chicken&i=hpc&s=exact-aware-popularity-rank&ref=sr_st_exact-aware-popularity-rank
Breakfast essentials,https://www.amazon.com/s?k=Breakfast+essentials&i=hpc&s=exact-aware-popularity-rank&ref=sr_st_exact-aware-popularity-rank
Diabetes Shake,https://www.amazon.com/s?k=Diabetes+Shake&i=hpc&s=exact-aware-popularity-rank&ref=sr_st_exact-aware-popularity-rank
Oatmeal Cookie,https://www.amazon.com/s?k=Oatmeal+Cookie&i=hpc&s=exact-aware-popularity-rank&ref=sr_st_exact-aware-popularity-rank
Breakfast Muffin,https://www.amazon.com/s?k=Breakfast+Muffin&i=hpc&s=exact-aware-popularity-rank&ref=sr_st_exact-aware-popularity-rank
Glucose Drink,https://www.amazon.com/s?k=Glucose+Drink&i=hpc&s=exact-aware-popularity-rank&ref=sr_st_exact-aware-popularity-rank
Keto Snack,https://www.amazon.com/s?k=Keto+Snack&i=hpc&s=exact-aware-popularity-rank&ref=sr_st_exact-aware-popularity-rank
Wound Healing,https://www.amazon.com/s?k=Wound+Healing&i=hpc&s=exact-aware-popularity-rank&ref=sr_st_exact-aware-popularity-rank
Energy gel,https://www.amazon.com/s?k=Energy+gel&i=hpc&s=exact-aware-popularity-rank&ref=sr_st_exact-aware-popularity-rank
Weight Loss Bars,https://www.amazon.com/s?k=Weight+Loss+Bars&i=hpc&s=exact-aware-popularity-rank&ref=sr_st_exact-aware-popularity-rank
Lemon Lozenges,https://www.amazon.com/s?k=Lemon+Lozenges&i=hpc&s=exact-aware-popularity-rank&ref=sr_st_exact-aware-popularity-rank
Fiber formula,https://www.amazon.com/s?k=Fiber+formula&i=hpc&s=exact-aware-popularity-rank&ref=sr_st_exact-aware-popularity-rank
Superfood Shake,https://www.amazon.com/s?k=Superfood+Shake&i=hpc&s=exact-aware-popularity-rank&ref=sr_st_exact-aware-popularity-rank
Strawberry Shake,https://www.amazon.com/s?k=Strawberry+Shake&i=hpc&s=exact-aware-popularity-rank&ref=sr_st_exact-aware-popularity-rank
Ready to Drink,https://www.amazon.com/s?k=Ready+to+Drink&i=hpc&s=exact-aware-popularity-rank&ref=sr_st_exact-aware-popularity-rank
Nutritional Supplement,https://www.amazon.com/s?k=Nutritional+Supplement&i=hpc&s=exact-aware-popularity-rank&ref=sr_st_exact-aware-popularity-rank
Keto Supplements,https://www.amazon.com/s?k=Keto+Supplements&i=hpc&s=exact-aware-popularity-rank&ref=sr_st_exact-aware-popularity-rank
Peanut Snack,https://www.amazon.com/s?k=Peanut+Snack&i=hpc&s=exact-aware-popularity-rank&ref=sr_st_exact-aware-popularity-rank
Mint Chocolate,https://www.amazon.com/s?k=Mint+Chocolate&i=hpc&s=exact-aware-popularity-rank&ref=sr_st_exact-aware-popularity-rank
Amino Balance,https://www.amazon.com/s?k=Amino+Balance&i=hpc&s=exact-aware-popularity-rank&ref=sr_st_exact-aware-popularity-rank
Therapeutic Nutrition,https://www.amazon.com/s?k=Therapeutic+Nutrition&i=hpc&s=exact-aware-popularity-rank&ref=sr_st_exact-aware-popularity-rank
Nut Bars,https://www.amazon.com/s?k=Nut+Bars&i=hpc&s=exact-aware-popularity-rank&ref=sr_st_exact-aware-popularity-rank
Health drink,https://www.amazon.com/s?k=Health+drink&i=hpc&s=exact-aware-popularity-rank&ref=sr_st_exact-aware-popularity-rank
Raspberry Energy,https://www.amazon.com/s?k=Raspberry+Energy&i=hpc&s=exact-aware-popularity-rank&ref=sr_st_exact-aware-popularity-rank
Blueberry Pomegranate,https://www.amazon.com/s?k=Blueberry+Pomegranate&i=hpc&s=exact-aware-popularity-rank&ref=sr_st_exact-aware-popularity-rank
Belly Burner,https://www.amazon.com/s?k=Belly+Burner&i=hpc&s=exact-aware-popularity-rank&ref=sr_st_exact-aware-popularity-rank
Chocolate shake,https://www.amazon.com/s?k=Chocolate+shake&i=hpc&s=exact-aware-popularity-rank&ref=sr_st_exact-aware-popularity-rank
Amino Powder,https://www.amazon.com/s?k=Amino+Powder&i=hpc&s=exact-aware-popularity-rank&ref=sr_st_exact-aware-popularity-rank
Nacho Chips,https://www.amazon.com/s?k=Nacho+Chips&i=hpc&s=exact-aware-popularity-rank&ref=sr_st_exact-aware-popularity-rank
Probiotic Weight,https://www.amazon.com/s?k=Probiotic+Weight&i=hpc&s=exact-aware-popularity-rank&ref=sr_st_exact-aware-popularity-rank
Keto Capsules,https://www.amazon.com/s?k=Keto+Capsules&i=hpc&s=exact-aware-popularity-rank&ref=sr_st_exact-aware-popularity-rank
Balanced Nutrition,https://www.amazon.com/s?k=Balanced+Nutrition&i=hpc&s=exact-aware-popularity-rank&ref=sr_st_exact-aware-popularity-rank
Protein smoothies,https://www.amazon.com/s?k=Protein+smoothies&i=hpc&s=exact-aware-popularity-rank&ref=sr_st_exact-aware-popularity-rank
Caffeinated Chews,https://www.amazon.com/s?k=Caffeinated+Chews&i=hpc&s=exact-aware-popularity-rank&ref=sr_st_exact-aware-popularity-rank
Vanilla Almond,https://www.amazon.com/s?k=Vanilla+Almond&i=hpc&s=exact-aware-popularity-rank&ref=sr_st_exact-aware-popularity-rank
Nutritional Drink,https://www.amazon.com/s?k=Nutritional+Drink&i=hpc&s=exact-aware-popularity-rank&ref=sr_st_exact-aware-popularity-rank
Tube feeding,https://www.amazon.com/s?k=Tube+feeding&i=hpc&s=exact-aware-popularity-rank&ref=sr_st_exact-aware-popularity-rank
Nutritional shakes,https://www.amazon.com/s?k=Nutritional+shakes&i=hpc&s=exact-aware-popularity-rank&ref=sr_st_exact-aware-popularity-rank
S'mores Bars,https://www.amazon.com/s?k=S'mores+Bars&i=hpc&s=exact-aware-popularity-rank&ref=sr_st_exact-aware-popularity-rank
