Keyword,Links
Deep Conditioner,https://www.amazon.com/s?k=Deep+Conditioner&i=beauty&s=exact-aware-popularity-rank&ref=sr_st_exact-aware-popularity-rank
Illuminating Shampoo,https://www.amazon.com/s?k=Illuminating+Shampoo&i=beauty&s=exact-aware-popularity-rank&ref=sr_st_exact-aware-popularity-rank
Anti-Frizz Hairspray,https://www.amazon.com/s?k=Anti-Frizz+Hairspray&i=beauty&s=exact-aware-popularity-rank&ref=sr_st_exact-aware-popularity-rank
Rose Oil,https://www.amazon.com/s?k=Rose+Oil&i=beauty&s=exact-aware-popularity-rank&ref=sr_st_exact-aware-popularity-rank
Spiral Notebooks,https://www.amazon.com/s?k=Spiral+Notebooks&i=beauty&s=exact-aware-popularity-rank&ref=sr_st_exact-aware-popularity-rank
Satin Sleep Scarf,https://www.amazon.com/s?k=Satin+Sleep+Scarf&i=beauty&s=exact-aware-popularity-rank&ref=sr_st_exact-aware-popularity-rank
Leprechaun Headbands,https://www.amazon.com/s?k=Leprechaun+Headbands&i=beauty&s=exact-aware-popularity-rank&ref=sr_st_exact-aware-popularity-rank
Magnetic Rollers,https://www.amazon.com/s?k=Magnetic+Rollers&i=beauty&s=exact-aware-popularity-rank&ref=sr_st_exact-aware-popularity-rank
Oat Milk,https://www.amazon.com/s?k=Oat+Milk&i=beauty&s=exact-aware-popularity-rank&ref=sr_st_exact-aware-popularity-rank
Toning Shampoo,https://www.amazon.com/s?k=Toning+Shampoo&i=beauty&s=exact-aware-popularity-rank&ref=sr_st_exact-aware-popularity-rank
Leave-in mist,https://www.amazon.com/s?k=Leave-in+mist&i=beauty&s=exact-aware-popularity-rank&ref=sr_st_exact-aware-popularity-rank
Straightening Mist,https://www.amazon.com/s?k=Straightening+Mist&i=beauty&s=exact-aware-popularity-rank&ref=sr_st_exact-aware-popularity-rank
Silk Conditioner,https://www.amazon.com/s?k=Silk+Conditioner&i=beauty&s=exact-aware-popularity-rank&ref=sr_st_exact-aware-popularity-rank
Scalp Oil,https://www.amazon.com/s?k=Scalp+Oil&i=beauty&s=exact-aware-popularity-rank&ref=sr_st_exact-aware-popularity-rank
Cachos crema,https://www.amazon.com/s?k=Cachos+crema&i=beauty&s=exact-aware-popularity-rank&ref=sr_st_exact-aware-popularity-rank
Hair Claw Clips,https://www.amazon.com/s?k=Hair+Claw+Clips&i=beauty&s=exact-aware-popularity-rank&ref=sr_st_exact-aware-popularity-rank
Blow Out,https://www.amazon.com/s?k=Blow+Out&i=beauty&s=exact-aware-popularity-rank&ref=sr_st_exact-aware-popularity-rank
Glossing Shampoo,https://www.amazon.com/s?k=Glossing+Shampoo&i=beauty&s=exact-aware-popularity-rank&ref=sr_st_exact-aware-popularity-rank
Sea Salt,https://www.amazon.com/s?k=Sea+Salt&i=beauty&s=exact-aware-popularity-rank&ref=sr_st_exact-aware-popularity-rank
Holiday hair clips,https://www.amazon.com/s?k=Holiday+hair+clips&i=beauty&s=exact-aware-popularity-rank&ref=sr_st_exact-aware-popularity-rank
Hard Water Shampoo,https://www.amazon.com/s?k=Hard+Water+Shampoo&i=beauty&s=exact-aware-popularity-rank&ref=sr_st_exact-aware-popularity-rank
Hair mud,https://www.amazon.com/s?k=Hair+mud&i=beauty&s=exact-aware-popularity-rank&ref=sr_st_exact-aware-popularity-rank
Hot Rollers,https://www.amazon.com/s?k=Hot+Rollers&i=beauty&s=exact-aware-popularity-rank&ref=sr_st_exact-aware-popularity-rank
Purple shampoo,https://www.amazon.com/s?k=Purple+shampoo&i=beauty&s=exact-aware-popularity-rank&ref=sr_st_exact-aware-popularity-rank
Shine Shampoo,https://www.amazon.com/s?k=Shine+Shampoo&i=beauty&s=exact-aware-popularity-rank&ref=sr_st_exact-aware-popularity-rank
Bond Strengthening,https://www.amazon.com/s?k=Bond+Strengthening&i=beauty&s=exact-aware-popularity-rank&ref=sr_st_exact-aware-popularity-rank
Hydrating Body Wash,https://www.amazon.com/s?k=Hydrating+Body+Wash&i=beauty&s=exact-aware-popularity-rank&ref=sr_st_exact-aware-popularity-rank
Ceramic Curling Iron,https://www.amazon.com/s?k=Ceramic+Curling+Iron&i=beauty&s=exact-aware-popularity-rank&ref=sr_st_exact-aware-popularity-rank
Gold Holiday,https://www.amazon.com/s?k=Gold+Holiday&i=beauty&s=exact-aware-popularity-rank&ref=sr_st_exact-aware-popularity-rank
Blondage Conditioner,https://www.amazon.com/s?k=Blondage+Conditioner&i=beauty&s=exact-aware-popularity-rank&ref=sr_st_exact-aware-popularity-rank
Flower Clips,https://www.amazon.com/s?k=Flower+Clips&i=beauty&s=exact-aware-popularity-rank&ref=sr_st_exact-aware-popularity-rank
Easter Headband,https://www.amazon.com/s?k=Easter+Headband&i=beauty&s=exact-aware-popularity-rank&ref=sr_st_exact-aware-popularity-rank
Ouchless bands,https://www.amazon.com/s?k=Ouchless+bands&i=beauty&s=exact-aware-popularity-rank&ref=sr_st_exact-aware-popularity-rank
Plaid Headband,https://www.amazon.com/s?k=Plaid+Headband&i=beauty&s=exact-aware-popularity-rank&ref=sr_st_exact-aware-popularity-rank
Scrunchie Plush,https://www.amazon.com/s?k=Scrunchie+Plush&i=beauty&s=exact-aware-popularity-rank&ref=sr_st_exact-aware-popularity-rank
Smoothing Solution,https://www.amazon.com/s?k=Smoothing+Solution&i=beauty&s=exact-aware-popularity-rank&ref=sr_st_exact-aware-popularity-rank
Blow Dryer Brush,https://www.amazon.com/s?k=Blow+Dryer+Brush&i=beauty&s=exact-aware-popularity-rank&ref=sr_st_exact-aware-popularity-rank
Hair Straightener,https://www.amazon.com/s?k=Hair+Straightener&i=beauty&s=exact-aware-popularity-rank&ref=sr_st_exact-aware-popularity-rank
Smoothing Brush,https://www.amazon.com/s?k=Smoothing+Brush&i=beauty&s=exact-aware-popularity-rank&ref=sr_st_exact-aware-popularity-rank
Brush dryer,https://www.amazon.com/s?k=Brush+dryer&i=beauty&s=exact-aware-popularity-rank&ref=sr_st_exact-aware-popularity-rank
Rotating Curler,https://www.amazon.com/s?k=Rotating+Curler&i=beauty&s=exact-aware-popularity-rank&ref=sr_st_exact-aware-popularity-rank
Airflow Styler,https://www.amazon.com/s?k=Airflow+Styler&i=beauty&s=exact-aware-popularity-rank&ref=sr_st_exact-aware-popularity-rank
Curling Wand,https://www.amazon.com/s?k=Curling+Wand&i=beauty&s=exact-aware-popularity-rank&ref=sr_st_exact-aware-popularity-rank
Triple Barrel Waver,https://www.amazon.com/s?k=Triple+Barrel+Waver&i=beauty&s=exact-aware-popularity-rank&ref=sr_st_exact-aware-popularity-rank
Digital straightener,https://www.amazon.com/s?k=Digital+straightener&i=beauty&s=exact-aware-popularity-rank&ref=sr_st_exact-aware-popularity-rank
Round brush,https://www.amazon.com/s?k=Round+brush&i=beauty&s=exact-aware-popularity-rank&ref=sr_st_exact-aware-popularity-rank
Sculpting Brush,https://www.amazon.com/s?k=Sculpting+Brush&i=beauty&s=exact-aware-popularity-rank&ref=sr_st_exact-aware-popularity-rank
Titanium Straightener,https://www.amazon.com/s?k=Titanium+Straightener&i=beauty&s=exact-aware-popularity-rank&ref=sr_st_exact-aware-popularity-rank
Mini Iron,https://www.amazon.com/s?k=Mini+Iron&i=beauty&s=exact-aware-popularity-rank&ref=sr_st_exact-aware-popularity-rank
Detangling Brush,https://www.amazon.com/s?k=Detangling+Brush&i=beauty&s=exact-aware-popularity-rank&ref=sr_st_exact-aware-popularity-rank
