Keyword,Links
Argan Mask,https://www.amazon.com/s?k=Argan+Mask&i=beauty&s=exact-aware-popularity-rank&ref=sr_st_exact-aware-popularity-rank
Foam Lotion,https://www.amazon.com/s?k=Foam+Lotion&i=beauty&s=exact-aware-popularity-rank&ref=sr_st_exact-aware-popularity-rank
Pimento Oil,https://www.amazon.com/s?k=Pimento+Oil&i=beauty&s=exact-aware-popularity-rank&ref=sr_st_exact-aware-popularity-rank
Revitalizing Masque,https://www.amazon.com/s?k=Revitalizing+Masque&i=beauty&s=exact-aware-popularity-rank&ref=sr_st_exact-aware-popularity-rank
Peppermint Oil,https://www.amazon.com/s?k=Peppermint+Oil&i=beauty&s=exact-aware-popularity-rank&ref=sr_st_exact-aware-popularity-rank
Coconut Hibiscus,https://www.amazon.com/s?k=Coconut+Hibiscus&i=beauty&s=exact-aware-popularity-rank&ref=sr_st_exact-aware-popularity-rank
Detangling Primer,https://www.amazon.com/s?k=Detangling+Primer&i=beauty&s=exact-aware-popularity-rank&ref=sr_st_exact-aware-popularity-rank
Safflower Oil,https://www.amazon.com/s?k=Safflower+Oil&i=beauty&s=exact-aware-popularity-rank&ref=sr_st_exact-aware-popularity-rank
Rose Hip Oil,https://www.amazon.com/s?k=Rose+Hip+Oil&i=beauty&s=exact-aware-popularity-rank&ref=sr_st_exact-aware-popularity-rank
Heat protector,https://www.amazon.com/s?k=Heat+protector&i=beauty&s=exact-aware-popularity-rank&ref=sr_st_exact-aware-popularity-rank
Curls Treatment,https://www.amazon.com/s?k=Curls+Treatment&i=beauty&s=exact-aware-popularity-rank&ref=sr_st_exact-aware-popularity-rank
Curl Boosting,https://www.amazon.com/s?k=Curl+Boosting&i=beauty&s=exact-aware-popularity-rank&ref=sr_st_exact-aware-popularity-rank
Ginger Hair Oil,https://www.amazon.com/s?k=Ginger+Hair+Oil&i=beauty&s=exact-aware-popularity-rank&ref=sr_st_exact-aware-popularity-rank
Hair Thickener,https://www.amazon.com/s?k=Hair+Thickener&i=beauty&s=exact-aware-popularity-rank&ref=sr_st_exact-aware-popularity-rank
Almond Oil,https://www.amazon.com/s?k=Almond+Oil&i=beauty&s=exact-aware-popularity-rank&ref=sr_st_exact-aware-popularity-rank
Abyssinian Oil,https://www.amazon.com/s?k=Abyssinian+Oil&i=beauty&s=exact-aware-popularity-rank&ref=sr_st_exact-aware-popularity-rank
Argan Lavender,https://www.amazon.com/s?k=Argan+Lavender&i=beauty&s=exact-aware-popularity-rank&ref=sr_st_exact-aware-popularity-rank
Hair Capsules,https://www.amazon.com/s?k=Hair+Capsules&i=beauty&s=exact-aware-popularity-rank&ref=sr_st_exact-aware-popularity-rank
Jojoba Oil,https://www.amazon.com/s?k=Jojoba+Oil&i=beauty&s=exact-aware-popularity-rank&ref=sr_st_exact-aware-popularity-rank
Rosemary Oil,https://www.amazon.com/s?k=Rosemary+Oil&i=beauty&s=exact-aware-popularity-rank&ref=sr_st_exact-aware-popularity-rank
Curl co-wash,https://www.amazon.com/s?k=Curl+co-wash&i=beauty&s=exact-aware-popularity-rank&ref=sr_st_exact-aware-popularity-rank
Argan Hair Oil,https://www.amazon.com/s?k=Argan+Hair+Oil&i=beauty&s=exact-aware-popularity-rank&ref=sr_st_exact-aware-popularity-rank
Fermented Rice Oil,https://www.amazon.com/s?k=Fermented+Rice+Oil&i=beauty&s=exact-aware-popularity-rank&ref=sr_st_exact-aware-popularity-rank
Shea Oil,https://www.amazon.com/s?k=Shea+Oil&i=beauty&s=exact-aware-popularity-rank&ref=sr_st_exact-aware-popularity-rank
Natural hair,https://www.amazon.com/s?k=Natural+hair&i=beauty&s=exact-aware-popularity-rank&ref=sr_st_exact-aware-popularity-rank
Hair Oil Applicator,https://www.amazon.com/s?k=Hair+Oil+Applicator&i=beauty&s=exact-aware-popularity-rank&ref=sr_st_exact-aware-popularity-rank
Hair regimen,https://www.amazon.com/s?k=Hair+regimen&i=beauty&s=exact-aware-popularity-rank&ref=sr_st_exact-aware-popularity-rank
Curly Oil,https://www.amazon.com/s?k=Curly+Oil&i=beauty&s=exact-aware-popularity-rank&ref=sr_st_exact-aware-popularity-rank
Hair Powder,https://www.amazon.com/s?k=Hair+Powder&i=beauty&s=exact-aware-popularity-rank&ref=sr_st_exact-aware-popularity-rank
Curling Oil,https://www.amazon.com/s?k=Curling+Oil&i=beauty&s=exact-aware-popularity-rank&ref=sr_st_exact-aware-popularity-rank
Retro Comb,https://www.amazon.com/s?k=Retro+Comb&i=beauty&s=exact-aware-popularity-rank&ref=sr_st_exact-aware-popularity-rank
Hair Applicator,https://www.amazon.com/s?k=Hair+Applicator&i=beauty&s=exact-aware-popularity-rank&ref=sr_st_exact-aware-popularity-rank
Hair Comb,https://www.amazon.com/s?k=Hair+Comb&i=beauty&s=exact-aware-popularity-rank&ref=sr_st_exact-aware-popularity-rank
Hair Sprayer,https://www.amazon.com/s?k=Hair+Sprayer&i=beauty&s=exact-aware-popularity-rank&ref=sr_st_exact-aware-popularity-rank
Hair Oil Combs,https://www.amazon.com/s?k=Hair+Oil+Combs&i=beauty&s=exact-aware-popularity-rank&ref=sr_st_exact-aware-popularity-rank
Hair Dye Applicator,https://www.amazon.com/s?k=Hair+Dye+Applicator&i=beauty&s=exact-aware-popularity-rank&ref=sr_st_exact-aware-popularity-rank
Wide Tooth Comb,https://www.amazon.com/s?k=Wide+Tooth+Comb&i=beauty&s=exact-aware-popularity-rank&ref=sr_st_exact-aware-popularity-rank
Hair Dye Bowl,https://www.amazon.com/s?k=Hair+Dye+Bowl&i=beauty&s=exact-aware-popularity-rank&ref=sr_st_exact-aware-popularity-rank
Hair Dyeing Tools,https://www.amazon.com/s?k=Hair+Dyeing+Tools&i=beauty&s=exact-aware-popularity-rank&ref=sr_st_exact-aware-popularity-rank
Jade Comb,https://www.amazon.com/s?k=Jade+Comb&i=beauty&s=exact-aware-popularity-rank&ref=sr_st_exact-aware-popularity-rank
Highlight Comb,https://www.amazon.com/s?k=Highlight+Comb&i=beauty&s=exact-aware-popularity-rank&ref=sr_st_exact-aware-popularity-rank
Hair Perfume,https://www.amazon.com/s?k=Hair+Perfume&i=beauty&s=exact-aware-popularity-rank&ref=sr_st_exact-aware-popularity-rank
Color Wigs,https://www.amazon.com/s?k=Color+Wigs&i=beauty&s=exact-aware-popularity-rank&ref=sr_st_exact-aware-popularity-rank
Hair dye,https://www.amazon.com/s?k=Hair+dye&i=beauty&s=exact-aware-popularity-rank&ref=sr_st_exact-aware-popularity-rank
Curly Hair Comb,https://www.amazon.com/s?k=Curly+Hair+Comb&i=beauty&s=exact-aware-popularity-rank&ref=sr_st_exact-aware-popularity-rank
Hair dye comb,https://www.amazon.com/s?k=Hair+dye+comb&i=beauty&s=exact-aware-popularity-rank&ref=sr_st_exact-aware-popularity-rank
Baking Oil,https://www.amazon.com/s?k=Baking+Oil&i=beauty&s=exact-aware-popularity-rank&ref=sr_st_exact-aware-popularity-rank
Frizz Repair,https://www.amazon.com/s?k=Frizz+Repair&i=beauty&s=exact-aware-popularity-rank&ref=sr_st_exact-aware-popularity-rank
Hair Dye Cap,https://www.amazon.com/s?k=Hair+Dye+Cap&i=beauty&s=exact-aware-popularity-rank&ref=sr_st_exact-aware-popularity-rank
Nourishing Hair,https://www.amazon.com/s?k=Nourishing+Hair&i=beauty&s=exact-aware-popularity-rank&ref=sr_st_exact-aware-popularity-rank
