Keyword,Links
Keto DHEA,https://www.amazon.com/s?k=Keto+DHEA&i=hpc&s=exact-aware-popularity-rank&ref=sr_st_exact-aware-popularity-rank
Anamu Capsules,https://www.amazon.com/s?k=Anamu+Capsules&i=hpc&s=exact-aware-popularity-rank&ref=sr_st_exact-aware-popularity-rank
Marine Magnesium,https://www.amazon.com/s?k=Marine+Magnesium&i=hpc&s=exact-aware-popularity-rank&ref=sr_st_exact-aware-popularity-rank
Ashwagandha Caplet,https://www.amazon.com/s?k=Ashwagandha+Caplet&i=hpc&s=exact-aware-popularity-rank&ref=sr_st_exact-aware-popularity-rank
Molecular Hydrogen,https://www.amazon.com/s?k=Molecular+Hydrogen&i=hpc&s=exact-aware-popularity-rank&ref=sr_st_exact-aware-popularity-rank
GABA lozenges,https://www.amazon.com/s?k=GABA+lozenges&i=hpc&s=exact-aware-popularity-rank&ref=sr_st_exact-aware-popularity-rank
Insecticide Concentrate,https://www.amazon.com/s?k=Insecticide+Concentrate&i=hpc&s=exact-aware-popularity-rank&ref=sr_st_exact-aware-popularity-rank
Dietary Supplements,https://www.amazon.com/s?k=Dietary+Supplements&i=hpc&s=exact-aware-popularity-rank&ref=sr_st_exact-aware-popularity-rank
Magnesium B-6,https://www.amazon.com/s?k=Magnesium+B-6&i=hpc&s=exact-aware-popularity-rank&ref=sr_st_exact-aware-popularity-rank
Prostate Health,https://www.amazon.com/s?k=Prostate+Health&i=hpc&s=exact-aware-popularity-rank&ref=sr_st_exact-aware-popularity-rank
Collagen Coffee,https://www.amazon.com/s?k=Collagen+Coffee&i=hpc&s=exact-aware-popularity-rank&ref=sr_st_exact-aware-popularity-rank
Brain Magnesium,https://www.amazon.com/s?k=Brain+Magnesium&i=hpc&s=exact-aware-popularity-rank&ref=sr_st_exact-aware-popularity-rank
Telomere Supplements,https://www.amazon.com/s?k=Telomere+Supplements&i=hpc&s=exact-aware-popularity-rank&ref=sr_st_exact-aware-popularity-rank
Maca Ashwagandha,https://www.amazon.com/s?k=Maca+Ashwagandha&i=hpc&s=exact-aware-popularity-rank&ref=sr_st_exact-aware-popularity-rank
Magnesium Gels,https://www.amazon.com/s?k=Magnesium+Gels&i=hpc&s=exact-aware-popularity-rank&ref=sr_st_exact-aware-popularity-rank
Magnesium Calcium,https://www.amazon.com/s?k=Magnesium+Calcium&i=hpc&s=exact-aware-popularity-rank&ref=sr_st_exact-aware-popularity-rank
Moringa Gummies,https://www.amazon.com/s?k=Moringa+Gummies&i=hpc&s=exact-aware-popularity-rank&ref=sr_st_exact-aware-popularity-rank
Mineral Gummies,https://www.amazon.com/s?k=Mineral+Gummies&i=hpc&s=exact-aware-popularity-rank&ref=sr_st_exact-aware-popularity-rank
Blood Sugar,https://www.amazon.com/s?k=Blood+Sugar&i=hpc&s=exact-aware-popularity-rank&ref=sr_st_exact-aware-popularity-rank
Magnesium L-Theanine,https://www.amazon.com/s?k=Magnesium+L-Theanine&i=hpc&s=exact-aware-popularity-rank&ref=sr_st_exact-aware-popularity-rank
Magnesium Threonate,https://www.amazon.com/s?k=Magnesium+Threonate&i=hpc&s=exact-aware-popularity-rank&ref=sr_st_exact-aware-popularity-rank
Adaptogen supplements,https://www.amazon.com/s?k=Adaptogen+supplements&i=hpc&s=exact-aware-popularity-rank&ref=sr_st_exact-aware-popularity-rank
Caffeinated Chocolate,https://www.amazon.com/s?k=Caffeinated+Chocolate&i=hpc&s=exact-aware-popularity-rank&ref=sr_st_exact-aware-popularity-rank
Calcium Citrate,https://www.amazon.com/s?k=Calcium+Citrate&i=hpc&s=exact-aware-popularity-rank&ref=sr_st_exact-aware-popularity-rank
Calm Drink,https://www.amazon.com/s?k=Calm+Drink&i=hpc&s=exact-aware-popularity-rank&ref=sr_st_exact-aware-popularity-rank
Kids Supplement,https://www.amazon.com/s?k=Kids+Supplement&i=hpc&s=exact-aware-popularity-rank&ref=sr_st_exact-aware-popularity-rank
Focus supplement,https://www.amazon.com/s?k=Focus+supplement&i=hpc&s=exact-aware-popularity-rank&ref=sr_st_exact-aware-popularity-rank
Micronized DHEA,https://www.amazon.com/s?k=Micronized+DHEA&i=hpc&s=exact-aware-popularity-rank&ref=sr_st_exact-aware-popularity-rank
Herbal Sleep,https://www.amazon.com/s?k=Herbal+Sleep&i=hpc&s=exact-aware-popularity-rank&ref=sr_st_exact-aware-popularity-rank
Ashwagandha Stress,https://www.amazon.com/s?k=Ashwagandha+Stress&i=hpc&s=exact-aware-popularity-rank&ref=sr_st_exact-aware-popularity-rank
Golden Ashwagandha,https://www.amazon.com/s?k=Golden+Ashwagandha&i=hpc&s=exact-aware-popularity-rank&ref=sr_st_exact-aware-popularity-rank
Muscle Energy,https://www.amazon.com/s?k=Muscle+Energy&i=hpc&s=exact-aware-popularity-rank&ref=sr_st_exact-aware-popularity-rank
Lithium Drops,https://www.amazon.com/s?k=Lithium+Drops&i=hpc&s=exact-aware-popularity-rank&ref=sr_st_exact-aware-popularity-rank
Liposomal DHEA,https://www.amazon.com/s?k=Liposomal+DHEA&i=hpc&s=exact-aware-popularity-rank&ref=sr_st_exact-aware-popularity-rank
Malic Acid,https://www.amazon.com/s?k=Malic+Acid&i=hpc&s=exact-aware-popularity-rank&ref=sr_st_exact-aware-popularity-rank
Magnesium Oil,https://www.amazon.com/s?k=Magnesium+Oil&i=hpc&s=exact-aware-popularity-rank&ref=sr_st_exact-aware-popularity-rank
Sea minerals,https://www.amazon.com/s?k=Sea+minerals&i=hpc&s=exact-aware-popularity-rank&ref=sr_st_exact-aware-popularity-rank
Energy support,https://www.amazon.com/s?k=Energy+support&i=hpc&s=exact-aware-popularity-rank&ref=sr_st_exact-aware-popularity-rank
Collagen Magnesium,https://www.amazon.com/s?k=Collagen+Magnesium&i=hpc&s=exact-aware-popularity-rank&ref=sr_st_exact-aware-popularity-rank
Ionic Magnesium,https://www.amazon.com/s?k=Ionic+Magnesium&i=hpc&s=exact-aware-popularity-rank&ref=sr_st_exact-aware-popularity-rank
Masculinity Supplement,https://www.amazon.com/s?k=Masculinity+Supplement&i=hpc&s=exact-aware-popularity-rank&ref=sr_st_exact-aware-popularity-rank
Valerian Extract,https://www.amazon.com/s?k=Valerian+Extract&i=hpc&s=exact-aware-popularity-rank&ref=sr_st_exact-aware-popularity-rank
Green Superfood,https://www.amazon.com/s?k=Green+Superfood&i=hpc&s=exact-aware-popularity-rank&ref=sr_st_exact-aware-popularity-rank
Magnesium Chelate,https://www.amazon.com/s?k=Magnesium+Chelate&i=hpc&s=exact-aware-popularity-rank&ref=sr_st_exact-aware-popularity-rank
Calm GABA,https://www.amazon.com/s?k=Calm+GABA&i=hpc&s=exact-aware-popularity-rank&ref=sr_st_exact-aware-popularity-rank
Hormone Spray,https://www.amazon.com/s?k=Hormone+Spray&i=hpc&s=exact-aware-popularity-rank&ref=sr_st_exact-aware-popularity-rank
Thyroid Gummies,https://www.amazon.com/s?k=Thyroid+Gummies&i=hpc&s=exact-aware-popularity-rank&ref=sr_st_exact-aware-popularity-rank
Saffron Supplement,https://www.amazon.com/s?k=Saffron+Supplement&i=hpc&s=exact-aware-popularity-rank&ref=sr_st_exact-aware-popularity-rank
N-Acetyl Cysteine,https://www.amazon.com/s?k=N-Acetyl+Cysteine&i=hpc&s=exact-aware-popularity-rank&ref=sr_st_exact-aware-popularity-rank
Mushroom Supplement,https://www.amazon.com/s?k=Mushroom+Supplement&i=hpc&s=exact-aware-popularity-rank&ref=sr_st_exact-aware-popularity-rank
