Keyword,Links
Keto DHEA,https://www.ebay.com/sch/i.html?_from=R40&_nkw=Keto+DHEA&_sacat=26395&rt=nc&LH_ItemCondition=3&LH_BIN=1&rt=nc&LH_PrefLoc=1
Anamu Capsules,https://www.ebay.com/sch/i.html?_from=R40&_nkw=Anamu+Capsules&_sacat=26395&rt=nc&LH_ItemCondition=3&LH_BIN=1&rt=nc&LH_PrefLoc=1
Marine Magnesium,https://www.ebay.com/sch/i.html?_from=R40&_nkw=Marine+Magnesium&_sacat=26395&rt=nc&LH_ItemCondition=3&LH_BIN=1&rt=nc&LH_PrefLoc=1
Ashwagandha Caplet,https://www.ebay.com/sch/i.html?_from=R40&_nkw=Ashwagandha+Caplet&_sacat=26395&rt=nc&LH_ItemCondition=3&LH_BIN=1&rt=nc&LH_PrefLoc=1
Molecular Hydrogen,https://www.ebay.com/sch/i.html?_from=R40&_nkw=Molecular+Hydrogen&_sacat=26395&rt=nc&LH_ItemCondition=3&LH_BIN=1&rt=nc&LH_PrefLoc=1
GABA lozenges,https://www.ebay.com/sch/i.html?_from=R40&_nkw=GABA+lozenges&_sacat=26395&rt=nc&LH_ItemCondition=3&LH_BIN=1&rt=nc&LH_PrefLoc=1
Insecticide Concentrate,https://www.ebay.com/sch/i.html?_from=R40&_nkw=Insecticide+Concentrate&_sacat=26395&rt=nc&LH_ItemCondition=3&LH_BIN=1&rt=nc&LH_PrefLoc=1
Dietary Supplements,https://www.ebay.com/sch/i.html?_from=R40&_nkw=Dietary+Supplements&_sacat=26395&rt=nc&LH_ItemCondition=3&LH_BIN=1&rt=nc&LH_PrefLoc=1
Magnesium B-6,https://www.ebay.com/sch/i.html?_from=R40&_nkw=Magnesium+B-6&_sacat=26395&rt=nc&LH_ItemCondition=3&LH_BIN=1&rt=nc&LH_PrefLoc=1
Prostate Health,https://www.ebay.com/sch/i.html?_from=R40&_nkw=Prostate+Health&_sacat=26395&rt=nc&LH_ItemCondition=3&LH_BIN=1&rt=nc&LH_PrefLoc=1
Collagen Coffee,https://www.ebay.com/sch/i.html?_from=R40&_nkw=Collagen+Coffee&_sacat=26395&rt=nc&LH_ItemCondition=3&LH_BIN=1&rt=nc&LH_PrefLoc=1
Brain Magnesium,https://www.ebay.com/sch/i.html?_from=R40&_nkw=Brain+Magnesium&_sacat=26395&rt=nc&LH_ItemCondition=3&LH_BIN=1&rt=nc&LH_PrefLoc=1
Telomere Supplements,https://www.ebay.com/sch/i.html?_from=R40&_nkw=Telomere+Supplements&_sacat=26395&rt=nc&LH_ItemCondition=3&LH_BIN=1&rt=nc&LH_PrefLoc=1
Maca Ashwagandha,https://www.ebay.com/sch/i.html?_from=R40&_nkw=Maca+Ashwagandha&_sacat=26395&rt=nc&LH_ItemCondition=3&LH_BIN=1&rt=nc&LH_PrefLoc=1
Magnesium Gels,https://www.ebay.com/sch/i.html?_from=R40&_nkw=Magnesium+Gels&_sacat=26395&rt=nc&LH_ItemCondition=3&LH_BIN=1&rt=nc&LH_PrefLoc=1
Magnesium Calcium,https://www.ebay.com/sch/i.html?_from=R40&_nkw=Magnesium+Calcium&_sacat=26395&rt=nc&LH_ItemCondition=3&LH_BIN=1&rt=nc&LH_PrefLoc=1
Moringa Gummies,https://www.ebay.com/sch/i.html?_from=R40&_nkw=Moringa+Gummies&_sacat=26395&rt=nc&LH_ItemCondition=3&LH_BIN=1&rt=nc&LH_PrefLoc=1
Mineral Gummies,https://www.ebay.com/sch/i.html?_from=R40&_nkw=Mineral+Gummies&_sacat=26395&rt=nc&LH_ItemCondition=3&LH_BIN=1&rt=nc&LH_PrefLoc=1
Blood Sugar,https://www.ebay.com/sch/i.html?_from=R40&_nkw=Blood+Sugar&_sacat=26395&rt=nc&LH_ItemCondition=3&LH_BIN=1&rt=nc&LH_PrefLoc=1
Magnesium L-Theanine,https://www.ebay.com/sch/i.html?_from=R40&_nkw=Magnesium+L-Theanine&_sacat=26395&rt=nc&LH_ItemCondition=3&LH_BIN=1&rt=nc&LH_PrefLoc=1
Magnesium Threonate,https://www.ebay.com/sch/i.html?_from=R40&_nkw=Magnesium+Threonate&_sacat=26395&rt=nc&LH_ItemCondition=3&LH_BIN=1&rt=nc&LH_PrefLoc=1
Adaptogen supplements,https://www.ebay.com/sch/i.html?_from=R40&_nkw=Adaptogen+supplements&_sacat=26395&rt=nc&LH_ItemCondition=3&LH_BIN=1&rt=nc&LH_PrefLoc=1
Caffeinated Chocolate,https://www.ebay.com/sch/i.html?_from=R40&_nkw=Caffeinated+Chocolate&_sacat=26395&rt=nc&LH_ItemCondition=3&LH_BIN=1&rt=nc&LH_PrefLoc=1
Calcium Citrate,https://www.ebay.com/sch/i.html?_from=R40&_nkw=Calcium+Citrate&_sacat=26395&rt=nc&LH_ItemCondition=3&LH_BIN=1&rt=nc&LH_PrefLoc=1
Calm Drink,https://www.ebay.com/sch/i.html?_from=R40&_nkw=Calm+Drink&_sacat=26395&rt=nc&LH_ItemCondition=3&LH_BIN=1&rt=nc&LH_PrefLoc=1
Kids Supplement,https://www.ebay.com/sch/i.html?_from=R40&_nkw=Kids+Supplement&_sacat=26395&rt=nc&LH_ItemCondition=3&LH_BIN=1&rt=nc&LH_PrefLoc=1
Focus supplement,https://www.ebay.com/sch/i.html?_from=R40&_nkw=Focus+supplement&_sacat=26395&rt=nc&LH_ItemCondition=3&LH_BIN=1&rt=nc&LH_PrefLoc=1
Micronized DHEA,https://www.ebay.com/sch/i.html?_from=R40&_nkw=Micronized+DHEA&_sacat=26395&rt=nc&LH_ItemCondition=3&LH_BIN=1&rt=nc&LH_PrefLoc=1
Herbal Sleep,https://www.ebay.com/sch/i.html?_from=R40&_nkw=Herbal+Sleep&_sacat=26395&rt=nc&LH_ItemCondition=3&LH_BIN=1&rt=nc&LH_PrefLoc=1
Ashwagandha Stress,https://www.ebay.com/sch/i.html?_from=R40&_nkw=Ashwagandha+Stress&_sacat=26395&rt=nc&LH_ItemCondition=3&LH_BIN=1&rt=nc&LH_PrefLoc=1
Golden Ashwagandha,https://www.ebay.com/sch/i.html?_from=R40&_nkw=Golden+Ashwagandha&_sacat=26395&rt=nc&LH_ItemCondition=3&LH_BIN=1&rt=nc&LH_PrefLoc=1
Muscle Energy,https://www.ebay.com/sch/i.html?_from=R40&_nkw=Muscle+Energy&_sacat=26395&rt=nc&LH_ItemCondition=3&LH_BIN=1&rt=nc&LH_PrefLoc=1
Lithium Drops,https://www.ebay.com/sch/i.html?_from=R40&_nkw=Lithium+Drops&_sacat=26395&rt=nc&LH_ItemCondition=3&LH_BIN=1&rt=nc&LH_PrefLoc=1
Liposomal DHEA,https://www.ebay.com/sch/i.html?_from=R40&_nkw=Liposomal+DHEA&_sacat=26395&rt=nc&LH_ItemCondition=3&LH_BIN=1&rt=nc&LH_PrefLoc=1
Malic Acid,https://www.ebay.com/sch/i.html?_from=R40&_nkw=Malic+Acid&_sacat=26395&rt=nc&LH_ItemCondition=3&LH_BIN=1&rt=nc&LH_PrefLoc=1
Magnesium Oil,https://www.ebay.com/sch/i.html?_from=R40&_nkw=Magnesium+Oil&_sacat=26395&rt=nc&LH_ItemCondition=3&LH_BIN=1&rt=nc&LH_PrefLoc=1
Sea minerals,https://www.ebay.com/sch/i.html?_from=R40&_nkw=Sea+minerals&_sacat=26395&rt=nc&LH_ItemCondition=3&LH_BIN=1&rt=nc&LH_PrefLoc=1
Energy support,https://www.ebay.com/sch/i.html?_from=R40&_nkw=Energy+support&_sacat=26395&rt=nc&LH_ItemCondition=3&LH_BIN=1&rt=nc&LH_PrefLoc=1
Collagen Magnesium,https://www.ebay.com/sch/i.html?_from=R40&_nkw=Collagen+Magnesium&_sacat=26395&rt=nc&LH_ItemCondition=3&LH_BIN=1&rt=nc&LH_PrefLoc=1
Ionic Magnesium,https://www.ebay.com/sch/i.html?_from=R40&_nkw=Ionic+Magnesium&_sacat=26395&rt=nc&LH_ItemCondition=3&LH_BIN=1&rt=nc&LH_PrefLoc=1
Masculinity Supplement,https://www.ebay.com/sch/i.html?_from=R40&_nkw=Masculinity+Supplement&_sacat=26395&rt=nc&LH_ItemCondition=3&LH_BIN=1&rt=nc&LH_PrefLoc=1
Valerian Extract,https://www.ebay.com/sch/i.html?_from=R40&_nkw=Valerian+Extract&_sacat=26395&rt=nc&LH_ItemCondition=3&LH_BIN=1&rt=nc&LH_PrefLoc=1
Green Superfood,https://www.ebay.com/sch/i.html?_from=R40&_nkw=Green+Superfood&_sacat=26395&rt=nc&LH_ItemCondition=3&LH_BIN=1&rt=nc&LH_PrefLoc=1
Magnesium Chelate,https://www.ebay.com/sch/i.html?_from=R40&_nkw=Magnesium+Chelate&_sacat=26395&rt=nc&LH_ItemCondition=3&LH_BIN=1&rt=nc&LH_PrefLoc=1
Calm GABA,https://www.ebay.com/sch/i.html?_from=R40&_nkw=Calm+GABA&_sacat=26395&rt=nc&LH_ItemCondition=3&LH_BIN=1&rt=nc&LH_PrefLoc=1
Hormone Spray,https://www.ebay.com/sch/i.html?_from=R40&_nkw=Hormone+Spray&_sacat=26395&rt=nc&LH_ItemCondition=3&LH_BIN=1&rt=nc&LH_PrefLoc=1
Thyroid Gummies,https://www.ebay.com/sch/i.html?_from=R40&_nkw=Thyroid+Gummies&_sacat=26395&rt=nc&LH_ItemCondition=3&LH_BIN=1&rt=nc&LH_PrefLoc=1
Saffron Supplement,https://www.ebay.com/sch/i.html?_from=R40&_nkw=Saffron+Supplement&_sacat=26395&rt=nc&LH_ItemCondition=3&LH_BIN=1&rt=nc&LH_PrefLoc=1
N-Acetyl Cysteine,https://www.ebay.com/sch/i.html?_from=R40&_nkw=N-Acetyl+Cysteine&_sacat=26395&rt=nc&LH_ItemCondition=3&LH_BIN=1&rt=nc&LH_PrefLoc=1
Mushroom Supplement,https://www.ebay.com/sch/i.html?_from=R40&_nkw=Mushroom+Supplement&_sacat=26395&rt=nc&LH_ItemCondition=3&LH_BIN=1&rt=nc&LH_PrefLoc=1
