Keyword,Links
Tyrosine Powder,https://www.amazon.com/s?k=Tyrosine+Powder&i=hpc&s=exact-aware-popularity-rank&ref=sr_st_exact-aware-popularity-rank
Tropical Mango,https://www.amazon.com/s?k=Tropical+Mango&i=hpc&s=exact-aware-popularity-rank&ref=sr_st_exact-aware-popularity-rank
Dyflaminol Capsules,https://www.amazon.com/s?k=Dyflaminol+Capsules&i=hpc&s=exact-aware-popularity-rank&ref=sr_st_exact-aware-popularity-rank
Amino Drink,https://www.amazon.com/s?k=Amino+Drink&i=hpc&s=exact-aware-popularity-rank&ref=sr_st_exact-aware-popularity-rank
BCAA EAA,https://www.amazon.com/s?k=BCAA+EAA&i=hpc&s=exact-aware-popularity-rank&ref=sr_st_exact-aware-popularity-rank
Amino Sleep,https://www.amazon.com/s?k=Amino+Sleep&i=hpc&s=exact-aware-popularity-rank&ref=sr_st_exact-aware-popularity-rank
Relaxation Blend,https://www.amazon.com/s?k=Relaxation+Blend&i=hpc&s=exact-aware-popularity-rank&ref=sr_st_exact-aware-popularity-rank
Amino Support,https://www.amazon.com/s?k=Amino+Support&i=hpc&s=exact-aware-popularity-rank&ref=sr_st_exact-aware-popularity-rank
Electrolyte solution,https://www.amazon.com/s?k=Electrolyte+solution&i=hpc&s=exact-aware-popularity-rank&ref=sr_st_exact-aware-popularity-rank
Hydration Mix,https://www.amazon.com/s?k=Hydration+Mix&i=hpc&s=exact-aware-popularity-rank&ref=sr_st_exact-aware-popularity-rank
Hydrate Powder,https://www.amazon.com/s?k=Hydrate+Powder&i=hpc&s=exact-aware-popularity-rank&ref=sr_st_exact-aware-popularity-rank
Electrolyte Chews,https://www.amazon.com/s?k=Electrolyte+Chews&i=hpc&s=exact-aware-popularity-rank&ref=sr_st_exact-aware-popularity-rank
Cherry Strawberry,https://www.amazon.com/s?k=Cherry+Strawberry&i=hpc&s=exact-aware-popularity-rank&ref=sr_st_exact-aware-popularity-rank
Hydration Supplement,https://www.amazon.com/s?k=Hydration+Supplement&i=hpc&s=exact-aware-popularity-rank&ref=sr_st_exact-aware-popularity-rank
Cherry Pomegranate,https://www.amazon.com/s?k=Cherry+Pomegranate&i=hpc&s=exact-aware-popularity-rank&ref=sr_st_exact-aware-popularity-rank
Hydration packets,https://www.amazon.com/s?k=Hydration+packets&i=hpc&s=exact-aware-popularity-rank&ref=sr_st_exact-aware-popularity-rank
Hydration Pack,https://www.amazon.com/s?k=Hydration+Pack&i=hpc&s=exact-aware-popularity-rank&ref=sr_st_exact-aware-popularity-rank
Hydration Sticks,https://www.amazon.com/s?k=Hydration+Sticks&i=hpc&s=exact-aware-popularity-rank&ref=sr_st_exact-aware-popularity-rank
Hydration Packs,https://www.amazon.com/s?k=Hydration+Packs&i=hpc&s=exact-aware-popularity-rank&ref=sr_st_exact-aware-popularity-rank
Electrolyte Pops,https://www.amazon.com/s?k=Electrolyte+Pops&i=hpc&s=exact-aware-popularity-rank&ref=sr_st_exact-aware-popularity-rank
Electrolyte Supplement,https://www.amazon.com/s?k=Electrolyte+Supplement&i=hpc&s=exact-aware-popularity-rank&ref=sr_st_exact-aware-popularity-rank
Strawberry Lemonade,https://www.amazon.com/s?k=Strawberry+Lemonade&i=hpc&s=exact-aware-popularity-rank&ref=sr_st_exact-aware-popularity-rank
Hydration Energy,https://www.amazon.com/s?k=Hydration+Energy&i=hpc&s=exact-aware-popularity-rank&ref=sr_st_exact-aware-popularity-rank
Hydrate Greens,https://www.amazon.com/s?k=Hydrate+Greens&i=hpc&s=exact-aware-popularity-rank&ref=sr_st_exact-aware-popularity-rank
EAA Electrolytes,https://www.amazon.com/s?k=EAA+Electrolytes&i=hpc&s=exact-aware-popularity-rank&ref=sr_st_exact-aware-popularity-rank
Immunity Electrolytes,https://www.amazon.com/s?k=Immunity+Electrolytes&i=hpc&s=exact-aware-popularity-rank&ref=sr_st_exact-aware-popularity-rank
Electrolyte Water,https://www.amazon.com/s?k=Electrolyte+Water&i=hpc&s=exact-aware-popularity-rank&ref=sr_st_exact-aware-popularity-rank
Freezer Pops,https://www.amazon.com/s?k=Freezer+Pops&i=hpc&s=exact-aware-popularity-rank&ref=sr_st_exact-aware-popularity-rank
Variety Pack,https://www.amazon.com/s?k=Variety+Pack&i=hpc&s=exact-aware-popularity-rank&ref=sr_st_exact-aware-popularity-rank
Strawberry Hydration,https://www.amazon.com/s?k=Strawberry+Hydration&i=hpc&s=exact-aware-popularity-rank&ref=sr_st_exact-aware-popularity-rank
Hydration Multiplier,https://www.amazon.com/s?k=Hydration+Multiplier&i=hpc&s=exact-aware-popularity-rank&ref=sr_st_exact-aware-popularity-rank
Oral Electrolyte,https://www.amazon.com/s?k=Oral+Electrolyte&i=hpc&s=exact-aware-popularity-rank&ref=sr_st_exact-aware-popularity-rank
Hydration variety,https://www.amazon.com/s?k=Hydration+variety&i=hpc&s=exact-aware-popularity-rank&ref=sr_st_exact-aware-popularity-rank
Hydration Combo,https://www.amazon.com/s?k=Hydration+Combo&i=hpc&s=exact-aware-popularity-rank&ref=sr_st_exact-aware-popularity-rank
EAA Hydration,https://www.amazon.com/s?k=EAA+Hydration&i=hpc&s=exact-aware-popularity-rank&ref=sr_st_exact-aware-popularity-rank
Lemon Lime Hydration,https://www.amazon.com/s?k=Lemon+Lime+Hydration&i=hpc&s=exact-aware-popularity-rank&ref=sr_st_exact-aware-popularity-rank
Hydration Pouch,https://www.amazon.com/s?k=Hydration+Pouch&i=hpc&s=exact-aware-popularity-rank&ref=sr_st_exact-aware-popularity-rank
Hydrating Mix,https://www.amazon.com/s?k=Hydrating+Mix&i=hpc&s=exact-aware-popularity-rank&ref=sr_st_exact-aware-popularity-rank
BCAAs Electrolytes,https://www.amazon.com/s?k=BCAAs+Electrolytes&i=hpc&s=exact-aware-popularity-rank&ref=sr_st_exact-aware-popularity-rank
Passion Fruit Mix,https://www.amazon.com/s?k=Passion+Fruit+Mix&i=hpc&s=exact-aware-popularity-rank&ref=sr_st_exact-aware-popularity-rank
Caffeine tablets,https://www.amazon.com/s?k=Caffeine+tablets&i=hpc&s=exact-aware-popularity-rank&ref=sr_st_exact-aware-popularity-rank
Caffeine Hydration,https://www.amazon.com/s?k=Caffeine+Hydration&i=hpc&s=exact-aware-popularity-rank&ref=sr_st_exact-aware-popularity-rank
Natural drink mix,https://www.amazon.com/s?k=Natural+drink+mix&i=hpc&s=exact-aware-popularity-rank&ref=sr_st_exact-aware-popularity-rank
Hydration Support,https://www.amazon.com/s?k=Hydration+Support&i=hpc&s=exact-aware-popularity-rank&ref=sr_st_exact-aware-popularity-rank
Hydration Recovery,https://www.amazon.com/s?k=Hydration+Recovery&i=hpc&s=exact-aware-popularity-rank&ref=sr_st_exact-aware-popularity-rank
Creatine Hydration,https://www.amazon.com/s?k=Creatine+Hydration&i=hpc&s=exact-aware-popularity-rank&ref=sr_st_exact-aware-popularity-rank
Electrolyte Straws,https://www.amazon.com/s?k=Electrolyte+Straws&i=hpc&s=exact-aware-popularity-rank&ref=sr_st_exact-aware-popularity-rank
Hydration Tablets,https://www.amazon.com/s?k=Hydration+Tablets&i=hpc&s=exact-aware-popularity-rank&ref=sr_st_exact-aware-popularity-rank
Sport drink,https://www.amazon.com/s?k=Sport+drink&i=hpc&s=exact-aware-popularity-rank&ref=sr_st_exact-aware-popularity-rank
Cherry Limeade,https://www.amazon.com/s?k=Cherry+Limeade&i=hpc&s=exact-aware-popularity-rank&ref=sr_st_exact-aware-popularity-rank
