Keyword,Links
Tyrosine Powder,https://www.ebay.com/sch/i.html?_from=R40&_nkw=Tyrosine+Powder&_sacat=26395&rt=nc&LH_ItemCondition=3&LH_BIN=1&rt=nc&LH_PrefLoc=1
Tropical Mango,https://www.ebay.com/sch/i.html?_from=R40&_nkw=Tropical+Mango&_sacat=26395&rt=nc&LH_ItemCondition=3&LH_BIN=1&rt=nc&LH_PrefLoc=1
Dyflaminol Capsules,https://www.ebay.com/sch/i.html?_from=R40&_nkw=Dyflaminol+Capsules&_sacat=26395&rt=nc&LH_ItemCondition=3&LH_BIN=1&rt=nc&LH_PrefLoc=1
Amino Drink,https://www.ebay.com/sch/i.html?_from=R40&_nkw=Amino+Drink&_sacat=26395&rt=nc&LH_ItemCondition=3&LH_BIN=1&rt=nc&LH_PrefLoc=1
BCAA EAA,https://www.ebay.com/sch/i.html?_from=R40&_nkw=BCAA+EAA&_sacat=26395&rt=nc&LH_ItemCondition=3&LH_BIN=1&rt=nc&LH_PrefLoc=1
Amino Sleep,https://www.ebay.com/sch/i.html?_from=R40&_nkw=Amino+Sleep&_sacat=26395&rt=nc&LH_ItemCondition=3&LH_BIN=1&rt=nc&LH_PrefLoc=1
Relaxation Blend,https://www.ebay.com/sch/i.html?_from=R40&_nkw=Relaxation+Blend&_sacat=26395&rt=nc&LH_ItemCondition=3&LH_BIN=1&rt=nc&LH_PrefLoc=1
Amino Support,https://www.ebay.com/sch/i.html?_from=R40&_nkw=Amino+Support&_sacat=26395&rt=nc&LH_ItemCondition=3&LH_BIN=1&rt=nc&LH_PrefLoc=1
Electrolyte solution,https://www.ebay.com/sch/i.html?_from=R40&_nkw=Electrolyte+solution&_sacat=26395&rt=nc&LH_ItemCondition=3&LH_BIN=1&rt=nc&LH_PrefLoc=1
Hydration Mix,https://www.ebay.com/sch/i.html?_from=R40&_nkw=Hydration+Mix&_sacat=26395&rt=nc&LH_ItemCondition=3&LH_BIN=1&rt=nc&LH_PrefLoc=1
Hydrate Powder,https://www.ebay.com/sch/i.html?_from=R40&_nkw=Hydrate+Powder&_sacat=26395&rt=nc&LH_ItemCondition=3&LH_BIN=1&rt=nc&LH_PrefLoc=1
Electrolyte Chews,https://www.ebay.com/sch/i.html?_from=R40&_nkw=Electrolyte+Chews&_sacat=26395&rt=nc&LH_ItemCondition=3&LH_BIN=1&rt=nc&LH_PrefLoc=1
Cherry Strawberry,https://www.ebay.com/sch/i.html?_from=R40&_nkw=Cherry+Strawberry&_sacat=26395&rt=nc&LH_ItemCondition=3&LH_BIN=1&rt=nc&LH_PrefLoc=1
Hydration Supplement,https://www.ebay.com/sch/i.html?_from=R40&_nkw=Hydration+Supplement&_sacat=26395&rt=nc&LH_ItemCondition=3&LH_BIN=1&rt=nc&LH_PrefLoc=1
Cherry Pomegranate,https://www.ebay.com/sch/i.html?_from=R40&_nkw=Cherry+Pomegranate&_sacat=26395&rt=nc&LH_ItemCondition=3&LH_BIN=1&rt=nc&LH_PrefLoc=1
Hydration packets,https://www.ebay.com/sch/i.html?_from=R40&_nkw=Hydration+packets&_sacat=26395&rt=nc&LH_ItemCondition=3&LH_BIN=1&rt=nc&LH_PrefLoc=1
Hydration Pack,https://www.ebay.com/sch/i.html?_from=R40&_nkw=Hydration+Pack&_sacat=26395&rt=nc&LH_ItemCondition=3&LH_BIN=1&rt=nc&LH_PrefLoc=1
Hydration Sticks,https://www.ebay.com/sch/i.html?_from=R40&_nkw=Hydration+Sticks&_sacat=26395&rt=nc&LH_ItemCondition=3&LH_BIN=1&rt=nc&LH_PrefLoc=1
Hydration Packs,https://www.ebay.com/sch/i.html?_from=R40&_nkw=Hydration+Packs&_sacat=26395&rt=nc&LH_ItemCondition=3&LH_BIN=1&rt=nc&LH_PrefLoc=1
Electrolyte Pops,https://www.ebay.com/sch/i.html?_from=R40&_nkw=Electrolyte+Pops&_sacat=26395&rt=nc&LH_ItemCondition=3&LH_BIN=1&rt=nc&LH_PrefLoc=1
Electrolyte Supplement,https://www.ebay.com/sch/i.html?_from=R40&_nkw=Electrolyte+Supplement&_sacat=26395&rt=nc&LH_ItemCondition=3&LH_BIN=1&rt=nc&LH_PrefLoc=1
Strawberry Lemonade,https://www.ebay.com/sch/i.html?_from=R40&_nkw=Strawberry+Lemonade&_sacat=26395&rt=nc&LH_ItemCondition=3&LH_BIN=1&rt=nc&LH_PrefLoc=1
Hydration Energy,https://www.ebay.com/sch/i.html?_from=R40&_nkw=Hydration+Energy&_sacat=26395&rt=nc&LH_ItemCondition=3&LH_BIN=1&rt=nc&LH_PrefLoc=1
Hydrate Greens,https://www.ebay.com/sch/i.html?_from=R40&_nkw=Hydrate+Greens&_sacat=26395&rt=nc&LH_ItemCondition=3&LH_BIN=1&rt=nc&LH_PrefLoc=1
EAA Electrolytes,https://www.ebay.com/sch/i.html?_from=R40&_nkw=EAA+Electrolytes&_sacat=26395&rt=nc&LH_ItemCondition=3&LH_BIN=1&rt=nc&LH_PrefLoc=1
Immunity Electrolytes,https://www.ebay.com/sch/i.html?_from=R40&_nkw=Immunity+Electrolytes&_sacat=26395&rt=nc&LH_ItemCondition=3&LH_BIN=1&rt=nc&LH_PrefLoc=1
Electrolyte Water,https://www.ebay.com/sch/i.html?_from=R40&_nkw=Electrolyte+Water&_sacat=26395&rt=nc&LH_ItemCondition=3&LH_BIN=1&rt=nc&LH_PrefLoc=1
Freezer Pops,https://www.ebay.com/sch/i.html?_from=R40&_nkw=Freezer+Pops&_sacat=26395&rt=nc&LH_ItemCondition=3&LH_BIN=1&rt=nc&LH_PrefLoc=1
Variety Pack,https://www.ebay.com/sch/i.html?_from=R40&_nkw=Variety+Pack&_sacat=26395&rt=nc&LH_ItemCondition=3&LH_BIN=1&rt=nc&LH_PrefLoc=1
Strawberry Hydration,https://www.ebay.com/sch/i.html?_from=R40&_nkw=Strawberry+Hydration&_sacat=26395&rt=nc&LH_ItemCondition=3&LH_BIN=1&rt=nc&LH_PrefLoc=1
Hydration Multiplier,https://www.ebay.com/sch/i.html?_from=R40&_nkw=Hydration+Multiplier&_sacat=26395&rt=nc&LH_ItemCondition=3&LH_BIN=1&rt=nc&LH_PrefLoc=1
Oral Electrolyte,https://www.ebay.com/sch/i.html?_from=R40&_nkw=Oral+Electrolyte&_sacat=26395&rt=nc&LH_ItemCondition=3&LH_BIN=1&rt=nc&LH_PrefLoc=1
Hydration variety,https://www.ebay.com/sch/i.html?_from=R40&_nkw=Hydration+variety&_sacat=26395&rt=nc&LH_ItemCondition=3&LH_BIN=1&rt=nc&LH_PrefLoc=1
Hydration Combo,https://www.ebay.com/sch/i.html?_from=R40&_nkw=Hydration+Combo&_sacat=26395&rt=nc&LH_ItemCondition=3&LH_BIN=1&rt=nc&LH_PrefLoc=1
EAA Hydration,https://www.ebay.com/sch/i.html?_from=R40&_nkw=EAA+Hydration&_sacat=26395&rt=nc&LH_ItemCondition=3&LH_BIN=1&rt=nc&LH_PrefLoc=1
Lemon Lime Hydration,https://www.ebay.com/sch/i.html?_from=R40&_nkw=Lemon+Lime+Hydration&_sacat=26395&rt=nc&LH_ItemCondition=3&LH_BIN=1&rt=nc&LH_PrefLoc=1
Hydration Pouch,https://www.ebay.com/sch/i.html?_from=R40&_nkw=Hydration+Pouch&_sacat=26395&rt=nc&LH_ItemCondition=3&LH_BIN=1&rt=nc&LH_PrefLoc=1
Hydrating Mix,https://www.ebay.com/sch/i.html?_from=R40&_nkw=Hydrating+Mix&_sacat=26395&rt=nc&LH_ItemCondition=3&LH_BIN=1&rt=nc&LH_PrefLoc=1
BCAAs Electrolytes,https://www.ebay.com/sch/i.html?_from=R40&_nkw=BCAAs+Electrolytes&_sacat=26395&rt=nc&LH_ItemCondition=3&LH_BIN=1&rt=nc&LH_PrefLoc=1
Passion Fruit Mix,https://www.ebay.com/sch/i.html?_from=R40&_nkw=Passion+Fruit+Mix&_sacat=26395&rt=nc&LH_ItemCondition=3&LH_BIN=1&rt=nc&LH_PrefLoc=1
Caffeine tablets,https://www.ebay.com/sch/i.html?_from=R40&_nkw=Caffeine+tablets&_sacat=26395&rt=nc&LH_ItemCondition=3&LH_BIN=1&rt=nc&LH_PrefLoc=1
Caffeine Hydration,https://www.ebay.com/sch/i.html?_from=R40&_nkw=Caffeine+Hydration&_sacat=26395&rt=nc&LH_ItemCondition=3&LH_BIN=1&rt=nc&LH_PrefLoc=1
Natural drink mix,https://www.ebay.com/sch/i.html?_from=R40&_nkw=Natural+drink+mix&_sacat=26395&rt=nc&LH_ItemCondition=3&LH_BIN=1&rt=nc&LH_PrefLoc=1
Hydration Support,https://www.ebay.com/sch/i.html?_from=R40&_nkw=Hydration+Support&_sacat=26395&rt=nc&LH_ItemCondition=3&LH_BIN=1&rt=nc&LH_PrefLoc=1
Hydration Recovery,https://www.ebay.com/sch/i.html?_from=R40&_nkw=Hydration+Recovery&_sacat=26395&rt=nc&LH_ItemCondition=3&LH_BIN=1&rt=nc&LH_PrefLoc=1
Creatine Hydration,https://www.ebay.com/sch/i.html?_from=R40&_nkw=Creatine+Hydration&_sacat=26395&rt=nc&LH_ItemCondition=3&LH_BIN=1&rt=nc&LH_PrefLoc=1
Electrolyte Straws,https://www.ebay.com/sch/i.html?_from=R40&_nkw=Electrolyte+Straws&_sacat=26395&rt=nc&LH_ItemCondition=3&LH_BIN=1&rt=nc&LH_PrefLoc=1
Hydration Tablets,https://www.ebay.com/sch/i.html?_from=R40&_nkw=Hydration+Tablets&_sacat=26395&rt=nc&LH_ItemCondition=3&LH_BIN=1&rt=nc&LH_PrefLoc=1
Sport drink,https://www.ebay.com/sch/i.html?_from=R40&_nkw=Sport+drink&_sacat=26395&rt=nc&LH_ItemCondition=3&LH_BIN=1&rt=nc&LH_PrefLoc=1
Cherry Limeade,https://www.ebay.com/sch/i.html?_from=R40&_nkw=Cherry+Limeade&_sacat=26395&rt=nc&LH_ItemCondition=3&LH_BIN=1&rt=nc&LH_PrefLoc=1
