Keyword,Links
High Protection Spray,https://www.ebay.com/sch/i.html?_from=R40&_nkw=High+Protection+Spray&_sacat=26395&rt=nc&LH_ItemCondition=3&LH_BIN=1&rt=nc&LH_PrefLoc=1
Tattoo Sunscreen,https://www.ebay.com/sch/i.html?_from=R40&_nkw=Tattoo+Sunscreen&_sacat=26395&rt=nc&LH_ItemCondition=3&LH_BIN=1&rt=nc&LH_PrefLoc=1
Anti-Redness Sunscreen,https://www.ebay.com/sch/i.html?_from=R40&_nkw=Anti-Redness+Sunscreen&_sacat=26395&rt=nc&LH_ItemCondition=3&LH_BIN=1&rt=nc&LH_PrefLoc=1
Sunscreen Mousse,https://www.ebay.com/sch/i.html?_from=R40&_nkw=Sunscreen+Mousse&_sacat=26395&rt=nc&LH_ItemCondition=3&LH_BIN=1&rt=nc&LH_PrefLoc=1
Reef Sunscreen,https://www.ebay.com/sch/i.html?_from=R40&_nkw=Reef+Sunscreen&_sacat=26395&rt=nc&LH_ItemCondition=3&LH_BIN=1&rt=nc&LH_PrefLoc=1
Sunscreen Antioxidant,https://www.ebay.com/sch/i.html?_from=R40&_nkw=Sunscreen+Antioxidant&_sacat=26395&rt=nc&LH_ItemCondition=3&LH_BIN=1&rt=nc&LH_PrefLoc=1
Sun relief,https://www.ebay.com/sch/i.html?_from=R40&_nkw=Sun+relief&_sacat=26395&rt=nc&LH_ItemCondition=3&LH_BIN=1&rt=nc&LH_PrefLoc=1
Anti-Aging Sunscreen,https://www.ebay.com/sch/i.html?_from=R40&_nkw=Anti-Aging+Sunscreen&_sacat=26395&rt=nc&LH_ItemCondition=3&LH_BIN=1&rt=nc&LH_PrefLoc=1
Clear sunscreen,https://www.ebay.com/sch/i.html?_from=R40&_nkw=Clear+sunscreen&_sacat=26395&rt=nc&LH_ItemCondition=3&LH_BIN=1&rt=nc&LH_PrefLoc=1
Sun essence,https://www.ebay.com/sch/i.html?_from=R40&_nkw=Sun+essence&_sacat=26395&rt=nc&LH_ItemCondition=3&LH_BIN=1&rt=nc&LH_PrefLoc=1
Daily SPF,https://www.ebay.com/sch/i.html?_from=R40&_nkw=Daily+SPF&_sacat=26395&rt=nc&LH_ItemCondition=3&LH_BIN=1&rt=nc&LH_PrefLoc=1
Body Sunscreen,https://www.ebay.com/sch/i.html?_from=R40&_nkw=Body+Sunscreen&_sacat=26395&rt=nc&LH_ItemCondition=3&LH_BIN=1&rt=nc&LH_PrefLoc=1
Exotic Sunscreen,https://www.ebay.com/sch/i.html?_from=R40&_nkw=Exotic+Sunscreen&_sacat=26395&rt=nc&LH_ItemCondition=3&LH_BIN=1&rt=nc&LH_PrefLoc=1
Vegan Sunscreen,https://www.ebay.com/sch/i.html?_from=R40&_nkw=Vegan+Sunscreen&_sacat=26395&rt=nc&LH_ItemCondition=3&LH_BIN=1&rt=nc&LH_PrefLoc=1
Plant sunscreen,https://www.ebay.com/sch/i.html?_from=R40&_nkw=Plant+sunscreen&_sacat=26395&rt=nc&LH_ItemCondition=3&LH_BIN=1&rt=nc&LH_PrefLoc=1
Sun fluid,https://www.ebay.com/sch/i.html?_from=R40&_nkw=Sun+fluid&_sacat=26395&rt=nc&LH_ItemCondition=3&LH_BIN=1&rt=nc&LH_PrefLoc=1
Mosquito Spray,https://www.ebay.com/sch/i.html?_from=R40&_nkw=Mosquito+Spray&_sacat=26395&rt=nc&LH_ItemCondition=3&LH_BIN=1&rt=nc&LH_PrefLoc=1
Sunscreen SPF 50,https://www.ebay.com/sch/i.html?_from=R40&_nkw=Sunscreen+SPF+50&_sacat=26395&rt=nc&LH_ItemCondition=3&LH_BIN=1&rt=nc&LH_PrefLoc=1
Anti-brown spot,https://www.ebay.com/sch/i.html?_from=R40&_nkw=Anti-brown+spot&_sacat=26395&rt=nc&LH_ItemCondition=3&LH_BIN=1&rt=nc&LH_PrefLoc=1
Sunscreen Liquid,https://www.ebay.com/sch/i.html?_from=R40&_nkw=Sunscreen+Liquid&_sacat=26395&rt=nc&LH_ItemCondition=3&LH_BIN=1&rt=nc&LH_PrefLoc=1
Tan lotion,https://www.ebay.com/sch/i.html?_from=R40&_nkw=Tan+lotion&_sacat=26395&rt=nc&LH_ItemCondition=3&LH_BIN=1&rt=nc&LH_PrefLoc=1
Shimmering Sunscreen,https://www.ebay.com/sch/i.html?_from=R40&_nkw=Shimmering+Sunscreen&_sacat=26395&rt=nc&LH_ItemCondition=3&LH_BIN=1&rt=nc&LH_PrefLoc=1
Hydrating Sun,https://www.ebay.com/sch/i.html?_from=R40&_nkw=Hydrating+Sun&_sacat=26395&rt=nc&LH_ItemCondition=3&LH_BIN=1&rt=nc&LH_PrefLoc=1
Emollient Sunscreen,https://www.ebay.com/sch/i.html?_from=R40&_nkw=Emollient+Sunscreen&_sacat=26395&rt=nc&LH_ItemCondition=3&LH_BIN=1&rt=nc&LH_PrefLoc=1
Face shield,https://www.ebay.com/sch/i.html?_from=R40&_nkw=Face+shield&_sacat=26395&rt=nc&LH_ItemCondition=3&LH_BIN=1&rt=nc&LH_PrefLoc=1
Sunscreen Pack,https://www.ebay.com/sch/i.html?_from=R40&_nkw=Sunscreen+Pack&_sacat=26395&rt=nc&LH_ItemCondition=3&LH_BIN=1&rt=nc&LH_PrefLoc=1
Sun Spray,https://www.ebay.com/sch/i.html?_from=R40&_nkw=Sun+Spray&_sacat=26395&rt=nc&LH_ItemCondition=3&LH_BIN=1&rt=nc&LH_PrefLoc=1
Anti-Age Sunscreen,https://www.ebay.com/sch/i.html?_from=R40&_nkw=Anti-Age+Sunscreen&_sacat=26395&rt=nc&LH_ItemCondition=3&LH_BIN=1&rt=nc&LH_PrefLoc=1
UV protection,https://www.ebay.com/sch/i.html?_from=R40&_nkw=UV+protection&_sacat=26395&rt=nc&LH_ItemCondition=3&LH_BIN=1&rt=nc&LH_PrefLoc=1
Sunscreen Protection,https://www.ebay.com/sch/i.html?_from=R40&_nkw=Sunscreen+Protection&_sacat=26395&rt=nc&LH_ItemCondition=3&LH_BIN=1&rt=nc&LH_PrefLoc=1
Anti-Spot Sunscreen,https://www.ebay.com/sch/i.html?_from=R40&_nkw=Anti-Spot+Sunscreen&_sacat=26395&rt=nc&LH_ItemCondition=3&LH_BIN=1&rt=nc&LH_PrefLoc=1
Sport Stick,https://www.ebay.com/sch/i.html?_from=R40&_nkw=Sport+Stick&_sacat=26395&rt=nc&LH_ItemCondition=3&LH_BIN=1&rt=nc&LH_PrefLoc=1
Sun protective,https://www.ebay.com/sch/i.html?_from=R40&_nkw=Sun+protective&_sacat=26395&rt=nc&LH_ItemCondition=3&LH_BIN=1&rt=nc&LH_PrefLoc=1
Fast Tan,https://www.ebay.com/sch/i.html?_from=R40&_nkw=Fast+Tan&_sacat=26395&rt=nc&LH_ItemCondition=3&LH_BIN=1&rt=nc&LH_PrefLoc=1
Sunscreen Milk,https://www.ebay.com/sch/i.html?_from=R40&_nkw=Sunscreen+Milk&_sacat=26395&rt=nc&LH_ItemCondition=3&LH_BIN=1&rt=nc&LH_PrefLoc=1
Sunscreen Brush,https://www.ebay.com/sch/i.html?_from=R40&_nkw=Sunscreen+Brush&_sacat=26395&rt=nc&LH_ItemCondition=3&LH_BIN=1&rt=nc&LH_PrefLoc=1
Sun mist,https://www.ebay.com/sch/i.html?_from=R40&_nkw=Sun+mist&_sacat=26395&rt=nc&LH_ItemCondition=3&LH_BIN=1&rt=nc&LH_PrefLoc=1
Mattifying BB,https://www.ebay.com/sch/i.html?_from=R40&_nkw=Mattifying+BB&_sacat=26395&rt=nc&LH_ItemCondition=3&LH_BIN=1&rt=nc&LH_PrefLoc=1
Golden Sunscreen,https://www.ebay.com/sch/i.html?_from=R40&_nkw=Golden+Sunscreen&_sacat=26395&rt=nc&LH_ItemCondition=3&LH_BIN=1&rt=nc&LH_PrefLoc=1
Aloe Vera Gel,https://www.ebay.com/sch/i.html?_from=R40&_nkw=Aloe+Vera+Gel&_sacat=26395&rt=nc&LH_ItemCondition=3&LH_BIN=1&rt=nc&LH_PrefLoc=1
Organic Sunscreen,https://www.ebay.com/sch/i.html?_from=R40&_nkw=Organic+Sunscreen&_sacat=26395&rt=nc&LH_ItemCondition=3&LH_BIN=1&rt=nc&LH_PrefLoc=1
Sunscreen Moisturizer,https://www.ebay.com/sch/i.html?_from=R40&_nkw=Sunscreen+Moisturizer&_sacat=26395&rt=nc&LH_ItemCondition=3&LH_BIN=1&rt=nc&LH_PrefLoc=1
Sunscreen SPF50,https://www.ebay.com/sch/i.html?_from=R40&_nkw=Sunscreen+SPF50&_sacat=26395&rt=nc&LH_ItemCondition=3&LH_BIN=1&rt=nc&LH_PrefLoc=1
Sunscreen SPF30,https://www.ebay.com/sch/i.html?_from=R40&_nkw=Sunscreen+SPF30&_sacat=26395&rt=nc&LH_ItemCondition=3&LH_BIN=1&rt=nc&LH_PrefLoc=1
City Skin Defense,https://www.ebay.com/sch/i.html?_from=R40&_nkw=City+Skin+Defense&_sacat=26395&rt=nc&LH_ItemCondition=3&LH_BIN=1&rt=nc&LH_PrefLoc=1
Reef Friendly Sunscreen,https://www.ebay.com/sch/i.html?_from=R40&_nkw=Reef+Friendly+Sunscreen&_sacat=26395&rt=nc&LH_ItemCondition=3&LH_BIN=1&rt=nc&LH_PrefLoc=1
Physical Defense,https://www.ebay.com/sch/i.html?_from=R40&_nkw=Physical+Defense&_sacat=26395&rt=nc&LH_ItemCondition=3&LH_BIN=1&rt=nc&LH_PrefLoc=1
Sublime Sun,https://www.ebay.com/sch/i.html?_from=R40&_nkw=Sublime+Sun&_sacat=26395&rt=nc&LH_ItemCondition=3&LH_BIN=1&rt=nc&LH_PrefLoc=1
Moisture Sun Cream,https://www.ebay.com/sch/i.html?_from=R40&_nkw=Moisture+Sun+Cream&_sacat=26395&rt=nc&LH_ItemCondition=3&LH_BIN=1&rt=nc&LH_PrefLoc=1
Spanish rice,https://www.ebay.com/sch/i.html?_from=R40&_nkw=Spanish+rice&_sacat=26395&rt=nc&LH_ItemCondition=3&LH_BIN=1&rt=nc&LH_PrefLoc=1
