Keyword,Links
Unicorn Tattoos,https://www.amazon.com/s?k=Unicorn+Tattoos&i=beauty&s=exact-aware-popularity-rank&ref=sr_st_exact-aware-popularity-rank
Space tattoos,https://www.amazon.com/s?k=Space+tattoos&i=beauty&s=exact-aware-popularity-rank&ref=sr_st_exact-aware-popularity-rank
Themistius works,https://www.amazon.com/s?k=Themistius+works&i=beauty&s=exact-aware-popularity-rank&ref=sr_st_exact-aware-popularity-rank
Natural Eyeshadow,https://www.amazon.com/s?k=Natural+Eyeshadow&i=beauty&s=exact-aware-popularity-rank&ref=sr_st_exact-aware-popularity-rank
Tattoo Sharks,https://www.amazon.com/s?k=Tattoo+Sharks&i=beauty&s=exact-aware-popularity-rank&ref=sr_st_exact-aware-popularity-rank
Henna Powder,https://www.amazon.com/s?k=Henna+Powder&i=beauty&s=exact-aware-popularity-rank&ref=sr_st_exact-aware-popularity-rank
Painting Guide,https://www.amazon.com/s?k=Painting+Guide&i=beauty&s=exact-aware-popularity-rank&ref=sr_st_exact-aware-popularity-rank
Face paint,https://www.amazon.com/s?k=Face+paint&i=beauty&s=exact-aware-popularity-rank&ref=sr_st_exact-aware-popularity-rank
Feminist Tattoos,https://www.amazon.com/s?k=Feminist+Tattoos&i=beauty&s=exact-aware-popularity-rank&ref=sr_st_exact-aware-popularity-rank
Tattoo Design,https://www.amazon.com/s?k=Tattoo+Design&i=beauty&s=exact-aware-popularity-rank&ref=sr_st_exact-aware-popularity-rank
Rose tattoo,https://www.amazon.com/s?k=Rose+tattoo&i=beauty&s=exact-aware-popularity-rank&ref=sr_st_exact-aware-popularity-rank
Shadows Us,https://www.amazon.com/s?k=Shadows+Us&i=beauty&s=exact-aware-popularity-rank&ref=sr_st_exact-aware-popularity-rank
Leather book,https://www.amazon.com/s?k=Leather+book&i=beauty&s=exact-aware-popularity-rank&ref=sr_st_exact-aware-popularity-rank
fashionable tattoo,https://www.amazon.com/s?k=fashionable+tattoo&i=beauty&s=exact-aware-popularity-rank&ref=sr_st_exact-aware-popularity-rank
Shadow Makers,https://www.amazon.com/s?k=Shadow+Makers&i=beauty&s=exact-aware-popularity-rank&ref=sr_st_exact-aware-popularity-rank
Tattoo Dogs,https://www.amazon.com/s?k=Tattoo+Dogs&i=beauty&s=exact-aware-popularity-rank&ref=sr_st_exact-aware-popularity-rank
Nuclear capabilities,https://www.amazon.com/s?k=Nuclear+capabilities&i=beauty&s=exact-aware-popularity-rank&ref=sr_st_exact-aware-popularity-rank
Tattoo Butterflies,https://www.amazon.com/s?k=Tattoo+Butterflies&i=beauty&s=exact-aware-popularity-rank&ref=sr_st_exact-aware-popularity-rank
Makeup Guide,https://www.amazon.com/s?k=Makeup+Guide&i=beauty&s=exact-aware-popularity-rank&ref=sr_st_exact-aware-popularity-rank
Kawaii Tattoos,https://www.amazon.com/s?k=Kawaii+Tattoos&i=beauty&s=exact-aware-popularity-rank&ref=sr_st_exact-aware-popularity-rank
Snake Tattoo,https://www.amazon.com/s?k=Snake+Tattoo&i=beauty&s=exact-aware-popularity-rank&ref=sr_st_exact-aware-popularity-rank
Dancer Tattoos,https://www.amazon.com/s?k=Dancer+Tattoos&i=beauty&s=exact-aware-popularity-rank&ref=sr_st_exact-aware-popularity-rank
Temporary tattoos,https://www.amazon.com/s?k=Temporary+tattoos&i=beauty&s=exact-aware-popularity-rank&ref=sr_st_exact-aware-popularity-rank
Minimal Tattoos,https://www.amazon.com/s?k=Minimal+Tattoos&i=beauty&s=exact-aware-popularity-rank&ref=sr_st_exact-aware-popularity-rank
Tattoo Art,https://www.amazon.com/s?k=Tattoo+Art&i=beauty&s=exact-aware-popularity-rank&ref=sr_st_exact-aware-popularity-rank
Skull Tattoos,https://www.amazon.com/s?k=Skull+Tattoos&i=beauty&s=exact-aware-popularity-rank&ref=sr_st_exact-aware-popularity-rank
Doodle Tattoos,https://www.amazon.com/s?k=Doodle+Tattoos&i=beauty&s=exact-aware-popularity-rank&ref=sr_st_exact-aware-popularity-rank
Beach tattoos,https://www.amazon.com/s?k=Beach+tattoos&i=beauty&s=exact-aware-popularity-rank&ref=sr_st_exact-aware-popularity-rank
Queer Tattoo,https://www.amazon.com/s?k=Queer+Tattoo&i=beauty&s=exact-aware-popularity-rank&ref=sr_st_exact-aware-popularity-rank
Shadow Marker,https://www.amazon.com/s?k=Shadow+Marker&i=beauty&s=exact-aware-popularity-rank&ref=sr_st_exact-aware-popularity-rank
Wisdom Tattoos,https://www.amazon.com/s?k=Wisdom+Tattoos&i=beauty&s=exact-aware-popularity-rank&ref=sr_st_exact-aware-popularity-rank
Jerusalem Tattoos,https://www.amazon.com/s?k=Jerusalem+Tattoos&i=beauty&s=exact-aware-popularity-rank&ref=sr_st_exact-aware-popularity-rank
Velvet Lip Tint,https://www.amazon.com/s?k=Velvet+Lip+Tint&i=beauty&s=exact-aware-popularity-rank&ref=sr_st_exact-aware-popularity-rank
Mascara Expedition,https://www.amazon.com/s?k=Mascara+Expedition&i=beauty&s=exact-aware-popularity-rank&ref=sr_st_exact-aware-popularity-rank
DIY Cosmetics,https://www.amazon.com/s?k=DIY+Cosmetics&i=beauty&s=exact-aware-popularity-rank&ref=sr_st_exact-aware-popularity-rank
Rock tattoos,https://www.amazon.com/s?k=Rock+tattoos&i=beauty&s=exact-aware-popularity-rank&ref=sr_st_exact-aware-popularity-rank
Chicano Tattoos,https://www.amazon.com/s?k=Chicano+Tattoos&i=beauty&s=exact-aware-popularity-rank&ref=sr_st_exact-aware-popularity-rank
Fairy Makeup,https://www.amazon.com/s?k=Fairy+Makeup&i=beauty&s=exact-aware-popularity-rank&ref=sr_st_exact-aware-popularity-rank
Traités de paix,https://www.amazon.com/s?k=Traités+de+paix&i=beauty&s=exact-aware-popularity-rank&ref=sr_st_exact-aware-popularity-rank
Gobierno inglés,https://www.amazon.com/s?k=Gobierno+inglés&i=beauty&s=exact-aware-popularity-rank&ref=sr_st_exact-aware-popularity-rank
Historia verdad,https://www.amazon.com/s?k=Historia+verdad&i=beauty&s=exact-aware-popularity-rank&ref=sr_st_exact-aware-popularity-rank
Matrimonial Tattoo,https://www.amazon.com/s?k=Matrimonial+Tattoo&i=beauty&s=exact-aware-popularity-rank&ref=sr_st_exact-aware-popularity-rank
Blackie publishers,https://www.amazon.com/s?k=Blackie+publishers&i=beauty&s=exact-aware-popularity-rank&ref=sr_st_exact-aware-popularity-rank
Sermon amor,https://www.amazon.com/s?k=Sermon+amor&i=beauty&s=exact-aware-popularity-rank&ref=sr_st_exact-aware-popularity-rank
San Pedro Shadow,https://www.amazon.com/s?k=San+Pedro+Shadow&i=beauty&s=exact-aware-popularity-rank&ref=sr_st_exact-aware-popularity-rank
Tattoo Flash,https://www.amazon.com/s?k=Tattoo+Flash&i=beauty&s=exact-aware-popularity-rank&ref=sr_st_exact-aware-popularity-rank
Nageldesign Notizbuch,https://www.amazon.com/s?k=Nageldesign+Notizbuch&i=beauty&s=exact-aware-popularity-rank&ref=sr_st_exact-aware-popularity-rank
Foundation Concealer,https://www.amazon.com/s?k=Foundation+Concealer&i=beauty&s=exact-aware-popularity-rank&ref=sr_st_exact-aware-popularity-rank
Second Chance,https://www.amazon.com/s?k=Second+Chance&i=beauty&s=exact-aware-popularity-rank&ref=sr_st_exact-aware-popularity-rank
Fighting Chance,https://www.amazon.com/s?k=Fighting+Chance&i=beauty&s=exact-aware-popularity-rank&ref=sr_st_exact-aware-popularity-rank
