Keyword,Links
French Pink,https://www.ebay.com/sch/i.html?_from=R40&_nkw=French+Pink&_sacat=26395&rt=nc&LH_ItemCondition=3&LH_BIN=1&rt=nc&LH_PrefLoc=1
Oil Control,https://www.ebay.com/sch/i.html?_from=R40&_nkw=Oil+Control&_sacat=26395&rt=nc&LH_ItemCondition=3&LH_BIN=1&rt=nc&LH_PrefLoc=1
Curling Kit,https://www.ebay.com/sch/i.html?_from=R40&_nkw=Curling+Kit&_sacat=26395&rt=nc&LH_ItemCondition=3&LH_BIN=1&rt=nc&LH_PrefLoc=1
Fit Me Blush,https://www.ebay.com/sch/i.html?_from=R40&_nkw=Fit+Me+Blush&_sacat=26395&rt=nc&LH_ItemCondition=3&LH_BIN=1&rt=nc&LH_PrefLoc=1
Light-Up Spa,https://www.ebay.com/sch/i.html?_from=R40&_nkw=Light-Up+Spa&_sacat=26395&rt=nc&LH_ItemCondition=3&LH_BIN=1&rt=nc&LH_PrefLoc=1
Magnetic Lashes,https://www.ebay.com/sch/i.html?_from=R40&_nkw=Magnetic+Lashes&_sacat=26395&rt=nc&LH_ItemCondition=3&LH_BIN=1&rt=nc&LH_PrefLoc=1
Disney tattoos,https://www.ebay.com/sch/i.html?_from=R40&_nkw=Disney+tattoos&_sacat=26395&rt=nc&LH_ItemCondition=3&LH_BIN=1&rt=nc&LH_PrefLoc=1
Blemish Foundation,https://www.ebay.com/sch/i.html?_from=R40&_nkw=Blemish+Foundation&_sacat=26395&rt=nc&LH_ItemCondition=3&LH_BIN=1&rt=nc&LH_PrefLoc=1
Raspberry Lipstick,https://www.ebay.com/sch/i.html?_from=R40&_nkw=Raspberry+Lipstick&_sacat=26395&rt=nc&LH_ItemCondition=3&LH_BIN=1&rt=nc&LH_PrefLoc=1
Mattifying Spray,https://www.ebay.com/sch/i.html?_from=R40&_nkw=Mattifying+Spray&_sacat=26395&rt=nc&LH_ItemCondition=3&LH_BIN=1&rt=nc&LH_PrefLoc=1
Eyelid Wipes,https://www.ebay.com/sch/i.html?_from=R40&_nkw=Eyelid+Wipes&_sacat=26395&rt=nc&LH_ItemCondition=3&LH_BIN=1&rt=nc&LH_PrefLoc=1
Lipstick Shimmer,https://www.ebay.com/sch/i.html?_from=R40&_nkw=Lipstick+Shimmer&_sacat=26395&rt=nc&LH_ItemCondition=3&LH_BIN=1&rt=nc&LH_PrefLoc=1
Bath Brush,https://www.ebay.com/sch/i.html?_from=R40&_nkw=Bath+Brush&_sacat=26395&rt=nc&LH_ItemCondition=3&LH_BIN=1&rt=nc&LH_PrefLoc=1
Blush Trio,https://www.ebay.com/sch/i.html?_from=R40&_nkw=Blush+Trio&_sacat=26395&rt=nc&LH_ItemCondition=3&LH_BIN=1&rt=nc&LH_PrefLoc=1
Eyelid Primer,https://www.ebay.com/sch/i.html?_from=R40&_nkw=Eyelid+Primer&_sacat=26395&rt=nc&LH_ItemCondition=3&LH_BIN=1&rt=nc&LH_PrefLoc=1
Tattoo care,https://www.ebay.com/sch/i.html?_from=R40&_nkw=Tattoo+care&_sacat=26395&rt=nc&LH_ItemCondition=3&LH_BIN=1&rt=nc&LH_PrefLoc=1
Makeup Neutral,https://www.ebay.com/sch/i.html?_from=R40&_nkw=Makeup+Neutral&_sacat=26395&rt=nc&LH_ItemCondition=3&LH_BIN=1&rt=nc&LH_PrefLoc=1
Natural Brows,https://www.ebay.com/sch/i.html?_from=R40&_nkw=Natural+Brows&_sacat=26395&rt=nc&LH_ItemCondition=3&LH_BIN=1&rt=nc&LH_PrefLoc=1
Turmeric Soap,https://www.ebay.com/sch/i.html?_from=R40&_nkw=Turmeric+Soap&_sacat=26395&rt=nc&LH_ItemCondition=3&LH_BIN=1&rt=nc&LH_PrefLoc=1
Vanilla Scrub,https://www.ebay.com/sch/i.html?_from=R40&_nkw=Vanilla+Scrub&_sacat=26395&rt=nc&LH_ItemCondition=3&LH_BIN=1&rt=nc&LH_PrefLoc=1
Mint Lip Balm,https://www.ebay.com/sch/i.html?_from=R40&_nkw=Mint+Lip+Balm&_sacat=26395&rt=nc&LH_ItemCondition=3&LH_BIN=1&rt=nc&LH_PrefLoc=1
Brightening Eye,https://www.ebay.com/sch/i.html?_from=R40&_nkw=Brightening+Eye&_sacat=26395&rt=nc&LH_ItemCondition=3&LH_BIN=1&rt=nc&LH_PrefLoc=1
Exfoliating Wash,https://www.ebay.com/sch/i.html?_from=R40&_nkw=Exfoliating+Wash&_sacat=26395&rt=nc&LH_ItemCondition=3&LH_BIN=1&rt=nc&LH_PrefLoc=1
Even tone,https://www.ebay.com/sch/i.html?_from=R40&_nkw=Even+tone&_sacat=26395&rt=nc&LH_ItemCondition=3&LH_BIN=1&rt=nc&LH_PrefLoc=1
Peel Off Mask,https://www.ebay.com/sch/i.html?_from=R40&_nkw=Peel+Off+Mask&_sacat=26395&rt=nc&LH_ItemCondition=3&LH_BIN=1&rt=nc&LH_PrefLoc=1
Forehead patches,https://www.ebay.com/sch/i.html?_from=R40&_nkw=Forehead+patches&_sacat=26395&rt=nc&LH_ItemCondition=3&LH_BIN=1&rt=nc&LH_PrefLoc=1
Detox Cream,https://www.ebay.com/sch/i.html?_from=R40&_nkw=Detox+Cream&_sacat=26395&rt=nc&LH_ItemCondition=3&LH_BIN=1&rt=nc&LH_PrefLoc=1
Anti Aging Serum,https://www.ebay.com/sch/i.html?_from=R40&_nkw=Anti+Aging+Serum&_sacat=26395&rt=nc&LH_ItemCondition=3&LH_BIN=1&rt=nc&LH_PrefLoc=1
Brightening Gel,https://www.ebay.com/sch/i.html?_from=R40&_nkw=Brightening+Gel&_sacat=26395&rt=nc&LH_ItemCondition=3&LH_BIN=1&rt=nc&LH_PrefLoc=1
Anti-Pollution Serum,https://www.ebay.com/sch/i.html?_from=R40&_nkw=Anti-Pollution+Serum&_sacat=26395&rt=nc&LH_ItemCondition=3&LH_BIN=1&rt=nc&LH_PrefLoc=1
Snail Cream,https://www.ebay.com/sch/i.html?_from=R40&_nkw=Snail+Cream&_sacat=26395&rt=nc&LH_ItemCondition=3&LH_BIN=1&rt=nc&LH_PrefLoc=1
Mattifying Serum,https://www.ebay.com/sch/i.html?_from=R40&_nkw=Mattifying+Serum&_sacat=26395&rt=nc&LH_ItemCondition=3&LH_BIN=1&rt=nc&LH_PrefLoc=1
Night Repair,https://www.ebay.com/sch/i.html?_from=R40&_nkw=Night+Repair&_sacat=26395&rt=nc&LH_ItemCondition=3&LH_BIN=1&rt=nc&LH_PrefLoc=1
Evening Serum,https://www.ebay.com/sch/i.html?_from=R40&_nkw=Evening+Serum&_sacat=26395&rt=nc&LH_ItemCondition=3&LH_BIN=1&rt=nc&LH_PrefLoc=1
Charcoal Mask,https://www.ebay.com/sch/i.html?_from=R40&_nkw=Charcoal+Mask&_sacat=26395&rt=nc&LH_ItemCondition=3&LH_BIN=1&rt=nc&LH_PrefLoc=1
Firming Neck,https://www.ebay.com/sch/i.html?_from=R40&_nkw=Firming+Neck&_sacat=26395&rt=nc&LH_ItemCondition=3&LH_BIN=1&rt=nc&LH_PrefLoc=1
Scar treatment,https://www.ebay.com/sch/i.html?_from=R40&_nkw=Scar+treatment&_sacat=26395&rt=nc&LH_ItemCondition=3&LH_BIN=1&rt=nc&LH_PrefLoc=1
Firming Cream,https://www.ebay.com/sch/i.html?_from=R40&_nkw=Firming+Cream&_sacat=26395&rt=nc&LH_ItemCondition=3&LH_BIN=1&rt=nc&LH_PrefLoc=1
Skin Drops,https://www.ebay.com/sch/i.html?_from=R40&_nkw=Skin+Drops&_sacat=26395&rt=nc&LH_ItemCondition=3&LH_BIN=1&rt=nc&LH_PrefLoc=1
Clarifying Toner,https://www.ebay.com/sch/i.html?_from=R40&_nkw=Clarifying+Toner&_sacat=26395&rt=nc&LH_ItemCondition=3&LH_BIN=1&rt=nc&LH_PrefLoc=1
Eggplant Mask,https://www.ebay.com/sch/i.html?_from=R40&_nkw=Eggplant+Mask&_sacat=26395&rt=nc&LH_ItemCondition=3&LH_BIN=1&rt=nc&LH_PrefLoc=1
Youth Activating,https://www.ebay.com/sch/i.html?_from=R40&_nkw=Youth+Activating&_sacat=26395&rt=nc&LH_ItemCondition=3&LH_BIN=1&rt=nc&LH_PrefLoc=1
Cleansing Wipes,https://www.ebay.com/sch/i.html?_from=R40&_nkw=Cleansing+Wipes&_sacat=26395&rt=nc&LH_ItemCondition=3&LH_BIN=1&rt=nc&LH_PrefLoc=1
Acne Patch,https://www.ebay.com/sch/i.html?_from=R40&_nkw=Acne+Patch&_sacat=26395&rt=nc&LH_ItemCondition=3&LH_BIN=1&rt=nc&LH_PrefLoc=1
Facial Astringent,https://www.ebay.com/sch/i.html?_from=R40&_nkw=Facial+Astringent&_sacat=26395&rt=nc&LH_ItemCondition=3&LH_BIN=1&rt=nc&LH_PrefLoc=1
Self-tanner mitt,https://www.ebay.com/sch/i.html?_from=R40&_nkw=Self-tanner+mitt&_sacat=26395&rt=nc&LH_ItemCondition=3&LH_BIN=1&rt=nc&LH_PrefLoc=1
Sunscreen Lip Balm,https://www.ebay.com/sch/i.html?_from=R40&_nkw=Sunscreen+Lip+Balm&_sacat=26395&rt=nc&LH_ItemCondition=3&LH_BIN=1&rt=nc&LH_PrefLoc=1
Anti-Itch Cream,https://www.ebay.com/sch/i.html?_from=R40&_nkw=Anti-Itch+Cream&_sacat=26395&rt=nc&LH_ItemCondition=3&LH_BIN=1&rt=nc&LH_PrefLoc=1
Retinal Serum,https://www.ebay.com/sch/i.html?_from=R40&_nkw=Retinal+Serum&_sacat=26395&rt=nc&LH_ItemCondition=3&LH_BIN=1&rt=nc&LH_PrefLoc=1
Bourbon Soap,https://www.ebay.com/sch/i.html?_from=R40&_nkw=Bourbon+Soap&_sacat=26395&rt=nc&LH_ItemCondition=3&LH_BIN=1&rt=nc&LH_PrefLoc=1
