Keyword,Links
Revitalize Shampoo,https://www.ebay.com/sch/i.html?_from=R40&_nkw=Revitalize+Shampoo&_sacat=26395&rt=nc&LH_ItemCondition=3&LH_BIN=1&rt=nc&LH_PrefLoc=1
Multi-Benefit Primer,https://www.ebay.com/sch/i.html?_from=R40&_nkw=Multi-Benefit+Primer&_sacat=26395&rt=nc&LH_ItemCondition=3&LH_BIN=1&rt=nc&LH_PrefLoc=1
Blonde Wigs,https://www.ebay.com/sch/i.html?_from=R40&_nkw=Blonde+Wigs&_sacat=26395&rt=nc&LH_ItemCondition=3&LH_BIN=1&rt=nc&LH_PrefLoc=1
Velvet Headband,https://www.ebay.com/sch/i.html?_from=R40&_nkw=Velvet+Headband&_sacat=26395&rt=nc&LH_ItemCondition=3&LH_BIN=1&rt=nc&LH_PrefLoc=1
Conditioning Gel,https://www.ebay.com/sch/i.html?_from=R40&_nkw=Conditioning+Gel&_sacat=26395&rt=nc&LH_ItemCondition=3&LH_BIN=1&rt=nc&LH_PrefLoc=1
Scalp Shampoo,https://www.ebay.com/sch/i.html?_from=R40&_nkw=Scalp+Shampoo&_sacat=26395&rt=nc&LH_ItemCondition=3&LH_BIN=1&rt=nc&LH_PrefLoc=1
Color protect,https://www.ebay.com/sch/i.html?_from=R40&_nkw=Color+protect&_sacat=26395&rt=nc&LH_ItemCondition=3&LH_BIN=1&rt=nc&LH_PrefLoc=1
Moisture Gel,https://www.ebay.com/sch/i.html?_from=R40&_nkw=Moisture+Gel&_sacat=26395&rt=nc&LH_ItemCondition=3&LH_BIN=1&rt=nc&LH_PrefLoc=1
Densifying Conditioner,https://www.ebay.com/sch/i.html?_from=R40&_nkw=Densifying+Conditioner&_sacat=26395&rt=nc&LH_ItemCondition=3&LH_BIN=1&rt=nc&LH_PrefLoc=1
Sakura Shampoo,https://www.ebay.com/sch/i.html?_from=R40&_nkw=Sakura+Shampoo&_sacat=26395&rt=nc&LH_ItemCondition=3&LH_BIN=1&rt=nc&LH_PrefLoc=1
Revitalizing Conditioner,https://www.ebay.com/sch/i.html?_from=R40&_nkw=Revitalizing+Conditioner&_sacat=26395&rt=nc&LH_ItemCondition=3&LH_BIN=1&rt=nc&LH_PrefLoc=1
Bobby Pin,https://www.ebay.com/sch/i.html?_from=R40&_nkw=Bobby+Pin&_sacat=26395&rt=nc&LH_ItemCondition=3&LH_BIN=1&rt=nc&LH_PrefLoc=1
Curl defining,https://www.ebay.com/sch/i.html?_from=R40&_nkw=Curl+defining&_sacat=26395&rt=nc&LH_ItemCondition=3&LH_BIN=1&rt=nc&LH_PrefLoc=1
Cherry Blossom,https://www.ebay.com/sch/i.html?_from=R40&_nkw=Cherry+Blossom&_sacat=26395&rt=nc&LH_ItemCondition=3&LH_BIN=1&rt=nc&LH_PrefLoc=1
Baby detangler,https://www.ebay.com/sch/i.html?_from=R40&_nkw=Baby+detangler&_sacat=26395&rt=nc&LH_ItemCondition=3&LH_BIN=1&rt=nc&LH_PrefLoc=1
Heat styling,https://www.ebay.com/sch/i.html?_from=R40&_nkw=Heat+styling&_sacat=26395&rt=nc&LH_ItemCondition=3&LH_BIN=1&rt=nc&LH_PrefLoc=1
Deep Moisture,https://www.ebay.com/sch/i.html?_from=R40&_nkw=Deep+Moisture&_sacat=26395&rt=nc&LH_ItemCondition=3&LH_BIN=1&rt=nc&LH_PrefLoc=1
Shark hairbox,https://www.ebay.com/sch/i.html?_from=R40&_nkw=Shark+hairbox&_sacat=26395&rt=nc&LH_ItemCondition=3&LH_BIN=1&rt=nc&LH_PrefLoc=1
Milk Honey Conditioner,https://www.ebay.com/sch/i.html?_from=R40&_nkw=Milk+Honey+Conditioner&_sacat=26395&rt=nc&LH_ItemCondition=3&LH_BIN=1&rt=nc&LH_PrefLoc=1
Knit Scrunchies,https://www.ebay.com/sch/i.html?_from=R40&_nkw=Knit+Scrunchies&_sacat=26395&rt=nc&LH_ItemCondition=3&LH_BIN=1&rt=nc&LH_PrefLoc=1
Claw Clips,https://www.ebay.com/sch/i.html?_from=R40&_nkw=Claw+Clips&_sacat=26395&rt=nc&LH_ItemCondition=3&LH_BIN=1&rt=nc&LH_PrefLoc=1
Jojoba Shampoo,https://www.ebay.com/sch/i.html?_from=R40&_nkw=Jojoba+Shampoo&_sacat=26395&rt=nc&LH_ItemCondition=3&LH_BIN=1&rt=nc&LH_PrefLoc=1
Bobby Pins,https://www.ebay.com/sch/i.html?_from=R40&_nkw=Bobby+Pins&_sacat=26395&rt=nc&LH_ItemCondition=3&LH_BIN=1&rt=nc&LH_PrefLoc=1
Nurturing Shampoo,https://www.ebay.com/sch/i.html?_from=R40&_nkw=Nurturing+Shampoo&_sacat=26395&rt=nc&LH_ItemCondition=3&LH_BIN=1&rt=nc&LH_PrefLoc=1
Hair Repair,https://www.ebay.com/sch/i.html?_from=R40&_nkw=Hair+Repair&_sacat=26395&rt=nc&LH_ItemCondition=3&LH_BIN=1&rt=nc&LH_PrefLoc=1
Coil cream,https://www.ebay.com/sch/i.html?_from=R40&_nkw=Coil+cream&_sacat=26395&rt=nc&LH_ItemCondition=3&LH_BIN=1&rt=nc&LH_PrefLoc=1
Strengthening Set,https://www.ebay.com/sch/i.html?_from=R40&_nkw=Strengthening+Set&_sacat=26395&rt=nc&LH_ItemCondition=3&LH_BIN=1&rt=nc&LH_PrefLoc=1
Split End Repair,https://www.ebay.com/sch/i.html?_from=R40&_nkw=Split+End+Repair&_sacat=26395&rt=nc&LH_ItemCondition=3&LH_BIN=1&rt=nc&LH_PrefLoc=1
Curling Rod,https://www.ebay.com/sch/i.html?_from=R40&_nkw=Curling+Rod&_sacat=26395&rt=nc&LH_ItemCondition=3&LH_BIN=1&rt=nc&LH_PrefLoc=1
Dream Lengths Set,https://www.ebay.com/sch/i.html?_from=R40&_nkw=Dream+Lengths+Set&_sacat=26395&rt=nc&LH_ItemCondition=3&LH_BIN=1&rt=nc&LH_PrefLoc=1
Easter Hair Clips,https://www.ebay.com/sch/i.html?_from=R40&_nkw=Easter+Hair+Clips&_sacat=26395&rt=nc&LH_ItemCondition=3&LH_BIN=1&rt=nc&LH_PrefLoc=1
Intense Mask,https://www.ebay.com/sch/i.html?_from=R40&_nkw=Intense+Mask&_sacat=26395&rt=nc&LH_ItemCondition=3&LH_BIN=1&rt=nc&LH_PrefLoc=1
Smooth Shampoo,https://www.ebay.com/sch/i.html?_from=R40&_nkw=Smooth+Shampoo&_sacat=26395&rt=nc&LH_ItemCondition=3&LH_BIN=1&rt=nc&LH_PrefLoc=1
Blond Shampoo,https://www.ebay.com/sch/i.html?_from=R40&_nkw=Blond+Shampoo&_sacat=26395&rt=nc&LH_ItemCondition=3&LH_BIN=1&rt=nc&LH_PrefLoc=1
Rejuvenating Oil,https://www.ebay.com/sch/i.html?_from=R40&_nkw=Rejuvenating+Oil&_sacat=26395&rt=nc&LH_ItemCondition=3&LH_BIN=1&rt=nc&LH_PrefLoc=1
Cherry Blossom Body Creme,https://www.ebay.com/sch/i.html?_from=R40&_nkw=Cherry+Blossom+Body+Creme&_sacat=26395&rt=nc&LH_ItemCondition=3&LH_BIN=1&rt=nc&LH_PrefLoc=1
Hydrate Shampoo,https://www.ebay.com/sch/i.html?_from=R40&_nkw=Hydrate+Shampoo&_sacat=26395&rt=nc&LH_ItemCondition=3&LH_BIN=1&rt=nc&LH_PrefLoc=1
Repair set,https://www.ebay.com/sch/i.html?_from=R40&_nkw=Repair+set&_sacat=26395&rt=nc&LH_ItemCondition=3&LH_BIN=1&rt=nc&LH_PrefLoc=1
Miracle Shampoo,https://www.ebay.com/sch/i.html?_from=R40&_nkw=Miracle+Shampoo&_sacat=26395&rt=nc&LH_ItemCondition=3&LH_BIN=1&rt=nc&LH_PrefLoc=1
Densifying Shampoo,https://www.ebay.com/sch/i.html?_from=R40&_nkw=Densifying+Shampoo&_sacat=26395&rt=nc&LH_ItemCondition=3&LH_BIN=1&rt=nc&LH_PrefLoc=1
Hair care,https://www.ebay.com/sch/i.html?_from=R40&_nkw=Hair+care&_sacat=26395&rt=nc&LH_ItemCondition=3&LH_BIN=1&rt=nc&LH_PrefLoc=1
Bond conditioner,https://www.ebay.com/sch/i.html?_from=R40&_nkw=Bond+conditioner&_sacat=26395&rt=nc&LH_ItemCondition=3&LH_BIN=1&rt=nc&LH_PrefLoc=1
Curl shampoo,https://www.ebay.com/sch/i.html?_from=R40&_nkw=Curl+shampoo&_sacat=26395&rt=nc&LH_ItemCondition=3&LH_BIN=1&rt=nc&LH_PrefLoc=1
Shampoo Control,https://www.ebay.com/sch/i.html?_from=R40&_nkw=Shampoo+Control&_sacat=26395&rt=nc&LH_ItemCondition=3&LH_BIN=1&rt=nc&LH_PrefLoc=1
Blond Care,https://www.ebay.com/sch/i.html?_from=R40&_nkw=Blond+Care&_sacat=26395&rt=nc&LH_ItemCondition=3&LH_BIN=1&rt=nc&LH_PrefLoc=1
Curl care,https://www.ebay.com/sch/i.html?_from=R40&_nkw=Curl+care&_sacat=26395&rt=nc&LH_ItemCondition=3&LH_BIN=1&rt=nc&LH_PrefLoc=1
Sulfate Free,https://www.ebay.com/sch/i.html?_from=R40&_nkw=Sulfate+Free&_sacat=26395&rt=nc&LH_ItemCondition=3&LH_BIN=1&rt=nc&LH_PrefLoc=1
Hydration Shampoo,https://www.ebay.com/sch/i.html?_from=R40&_nkw=Hydration+Shampoo&_sacat=26395&rt=nc&LH_ItemCondition=3&LH_BIN=1&rt=nc&LH_PrefLoc=1
Grapefruit Shampoo,https://www.ebay.com/sch/i.html?_from=R40&_nkw=Grapefruit+Shampoo&_sacat=26395&rt=nc&LH_ItemCondition=3&LH_BIN=1&rt=nc&LH_PrefLoc=1
Curl control,https://www.ebay.com/sch/i.html?_from=R40&_nkw=Curl+control&_sacat=26395&rt=nc&LH_ItemCondition=3&LH_BIN=1&rt=nc&LH_PrefLoc=1
