Keyword,Links
Children's enema,https://www.amazon.com/s?k=Children's+enema&i=hpc&s=exact-aware-popularity-rank&ref=sr_st_exact-aware-popularity-rank
Chocolate laxative,https://www.amazon.com/s?k=Chocolate+laxative&i=hpc&s=exact-aware-popularity-rank&ref=sr_st_exact-aware-popularity-rank
Turpentine Oil,https://www.amazon.com/s?k=Turpentine+Oil&i=hpc&s=exact-aware-popularity-rank&ref=sr_st_exact-aware-popularity-rank
Sodium Silicate,https://www.amazon.com/s?k=Sodium+Silicate&i=hpc&s=exact-aware-popularity-rank&ref=sr_st_exact-aware-popularity-rank
Acacia Fiber,https://www.amazon.com/s?k=Acacia+Fiber&i=hpc&s=exact-aware-popularity-rank&ref=sr_st_exact-aware-popularity-rank
Enema Syringe,https://www.amazon.com/s?k=Enema+Syringe&i=hpc&s=exact-aware-popularity-rank&ref=sr_st_exact-aware-popularity-rank
Senna Extract,https://www.amazon.com/s?k=Senna+Extract&i=hpc&s=exact-aware-popularity-rank&ref=sr_st_exact-aware-popularity-rank
Senna Extra Strength,https://www.amazon.com/s?k=Senna+Extra+Strength&i=hpc&s=exact-aware-popularity-rank&ref=sr_st_exact-aware-popularity-rank
Laxative Suppository,https://www.amazon.com/s?k=Laxative+Suppository&i=hpc&s=exact-aware-popularity-rank&ref=sr_st_exact-aware-popularity-rank
Pediatric enemas,https://www.amazon.com/s?k=Pediatric+enemas&i=hpc&s=exact-aware-popularity-rank&ref=sr_st_exact-aware-popularity-rank
Senna Leaf,https://www.amazon.com/s?k=Senna+Leaf&i=hpc&s=exact-aware-popularity-rank&ref=sr_st_exact-aware-popularity-rank
Camphor Alcohol,https://www.amazon.com/s?k=Camphor+Alcohol&i=hpc&s=exact-aware-popularity-rank&ref=sr_st_exact-aware-popularity-rank
Ceiling Shutter,https://www.amazon.com/s?k=Ceiling+Shutter&i=hpc&s=exact-aware-popularity-rank&ref=sr_st_exact-aware-popularity-rank
Coarse Powder,https://www.amazon.com/s?k=Coarse+Powder&i=hpc&s=exact-aware-popularity-rank&ref=sr_st_exact-aware-popularity-rank
Liquid Glycerin,https://www.amazon.com/s?k=Liquid+Glycerin&i=hpc&s=exact-aware-popularity-rank&ref=sr_st_exact-aware-popularity-rank
Douching Cleaner,https://www.amazon.com/s?k=Douching+Cleaner&i=hpc&s=exact-aware-popularity-rank&ref=sr_st_exact-aware-popularity-rank
Laxative Syrup,https://www.amazon.com/s?k=Laxative+Syrup&i=hpc&s=exact-aware-popularity-rank&ref=sr_st_exact-aware-popularity-rank
Flake Box,https://www.amazon.com/s?k=Flake+Box&i=hpc&s=exact-aware-popularity-rank&ref=sr_st_exact-aware-popularity-rank
Anal Douche,https://www.amazon.com/s?k=Anal+Douche&i=hpc&s=exact-aware-popularity-rank&ref=sr_st_exact-aware-popularity-rank
Herbal Laxatives,https://www.amazon.com/s?k=Herbal+Laxatives&i=hpc&s=exact-aware-popularity-rank&ref=sr_st_exact-aware-popularity-rank
Enema Nozzles,https://www.amazon.com/s?k=Enema+Nozzles&i=hpc&s=exact-aware-popularity-rank&ref=sr_st_exact-aware-popularity-rank
Milk Magnesia,https://www.amazon.com/s?k=Milk+Magnesia&i=hpc&s=exact-aware-popularity-rank&ref=sr_st_exact-aware-popularity-rank
Infant suppositories,https://www.amazon.com/s?k=Infant+suppositories&i=hpc&s=exact-aware-popularity-rank&ref=sr_st_exact-aware-popularity-rank
Enteric Laxative,https://www.amazon.com/s?k=Enteric+Laxative&i=hpc&s=exact-aware-popularity-rank&ref=sr_st_exact-aware-popularity-rank
Enema Bulb,https://www.amazon.com/s?k=Enema+Bulb&i=hpc&s=exact-aware-popularity-rank&ref=sr_st_exact-aware-popularity-rank
Docusate Tablets,https://www.amazon.com/s?k=Docusate+Tablets&i=hpc&s=exact-aware-popularity-rank&ref=sr_st_exact-aware-popularity-rank
Sorbitol Laxative,https://www.amazon.com/s?k=Sorbitol+Laxative&i=hpc&s=exact-aware-popularity-rank&ref=sr_st_exact-aware-popularity-rank
Medicated Shampoo,https://www.amazon.com/s?k=Medicated+Shampoo&i=hpc&s=exact-aware-popularity-rank&ref=sr_st_exact-aware-popularity-rank
Enema Hose,https://www.amazon.com/s?k=Enema+Hose&i=hpc&s=exact-aware-popularity-rank&ref=sr_st_exact-aware-popularity-rank
Overnight Laxative,https://www.amazon.com/s?k=Overnight+Laxative&i=hpc&s=exact-aware-popularity-rank&ref=sr_st_exact-aware-popularity-rank
Camphor Spirit,https://www.amazon.com/s?k=Camphor+Spirit&i=hpc&s=exact-aware-popularity-rank&ref=sr_st_exact-aware-popularity-rank
Laxative Tabs,https://www.amazon.com/s?k=Laxative+Tabs&i=hpc&s=exact-aware-popularity-rank&ref=sr_st_exact-aware-popularity-rank
sulfur ointment,https://www.amazon.com/s?k=sulfur+ointment&i=hpc&s=exact-aware-popularity-rank&ref=sr_st_exact-aware-popularity-rank
Bowel Laxative,https://www.amazon.com/s?k=Bowel+Laxative&i=hpc&s=exact-aware-popularity-rank&ref=sr_st_exact-aware-popularity-rank
Senna Leaves,https://www.amazon.com/s?k=Senna+Leaves&i=hpc&s=exact-aware-popularity-rank&ref=sr_st_exact-aware-popularity-rank
Laxative Chewable,https://www.amazon.com/s?k=Laxative+Chewable&i=hpc&s=exact-aware-popularity-rank&ref=sr_st_exact-aware-popularity-rank
Horse mouth flusher,https://www.amazon.com/s?k=Horse+mouth+flusher&i=hpc&s=exact-aware-popularity-rank&ref=sr_st_exact-aware-popularity-rank
Shower Enema,https://www.amazon.com/s?k=Shower+Enema&i=hpc&s=exact-aware-popularity-rank&ref=sr_st_exact-aware-popularity-rank
Gentian Violet,https://www.amazon.com/s?k=Gentian+Violet&i=hpc&s=exact-aware-popularity-rank&ref=sr_st_exact-aware-popularity-rank
Benzocaine Enema,https://www.amazon.com/s?k=Benzocaine+Enema&i=hpc&s=exact-aware-popularity-rank&ref=sr_st_exact-aware-popularity-rank
Laxative Softgels,https://www.amazon.com/s?k=Laxative+Softgels&i=hpc&s=exact-aware-popularity-rank&ref=sr_st_exact-aware-popularity-rank
Cinnamon Oil,https://www.amazon.com/s?k=Cinnamon+Oil&i=hpc&s=exact-aware-popularity-rank&ref=sr_st_exact-aware-popularity-rank
Enema Catheter,https://www.amazon.com/s?k=Enema+Catheter&i=hpc&s=exact-aware-popularity-rank&ref=sr_st_exact-aware-popularity-rank
Iodine Tincture,https://www.amazon.com/s?k=Iodine+Tincture&i=hpc&s=exact-aware-popularity-rank&ref=sr_st_exact-aware-popularity-rank
Maximum strength laxative,https://www.amazon.com/s?k=Maximum+strength+laxative&i=hpc&s=exact-aware-popularity-rank&ref=sr_st_exact-aware-popularity-rank
Glucomannan Extract,https://www.amazon.com/s?k=Glucomannan+Extract&i=hpc&s=exact-aware-popularity-rank&ref=sr_st_exact-aware-popularity-rank
Bulb Syringe,https://www.amazon.com/s?k=Bulb+Syringe&i=hpc&s=exact-aware-popularity-rank&ref=sr_st_exact-aware-popularity-rank
Peppermint Spirits,https://www.amazon.com/s?k=Peppermint+Spirits&i=hpc&s=exact-aware-popularity-rank&ref=sr_st_exact-aware-popularity-rank
Benzoin Tincture,https://www.amazon.com/s?k=Benzoin+Tincture&i=hpc&s=exact-aware-popularity-rank&ref=sr_st_exact-aware-popularity-rank
Calaclear Lotion,https://www.amazon.com/s?k=Calaclear+Lotion&i=hpc&s=exact-aware-popularity-rank&ref=sr_st_exact-aware-popularity-rank
