Keyword,Links
Children's enema,https://www.ebay.com/sch/i.html?_from=R40&_nkw=Children's+enema&_sacat=26395&rt=nc&LH_ItemCondition=3&LH_BIN=1&rt=nc&LH_PrefLoc=1
Chocolate laxative,https://www.ebay.com/sch/i.html?_from=R40&_nkw=Chocolate+laxative&_sacat=26395&rt=nc&LH_ItemCondition=3&LH_BIN=1&rt=nc&LH_PrefLoc=1
Turpentine Oil,https://www.ebay.com/sch/i.html?_from=R40&_nkw=Turpentine+Oil&_sacat=26395&rt=nc&LH_ItemCondition=3&LH_BIN=1&rt=nc&LH_PrefLoc=1
Sodium Silicate,https://www.ebay.com/sch/i.html?_from=R40&_nkw=Sodium+Silicate&_sacat=26395&rt=nc&LH_ItemCondition=3&LH_BIN=1&rt=nc&LH_PrefLoc=1
Acacia Fiber,https://www.ebay.com/sch/i.html?_from=R40&_nkw=Acacia+Fiber&_sacat=26395&rt=nc&LH_ItemCondition=3&LH_BIN=1&rt=nc&LH_PrefLoc=1
Enema Syringe,https://www.ebay.com/sch/i.html?_from=R40&_nkw=Enema+Syringe&_sacat=26395&rt=nc&LH_ItemCondition=3&LH_BIN=1&rt=nc&LH_PrefLoc=1
Senna Extract,https://www.ebay.com/sch/i.html?_from=R40&_nkw=Senna+Extract&_sacat=26395&rt=nc&LH_ItemCondition=3&LH_BIN=1&rt=nc&LH_PrefLoc=1
Senna Extra Strength,https://www.ebay.com/sch/i.html?_from=R40&_nkw=Senna+Extra+Strength&_sacat=26395&rt=nc&LH_ItemCondition=3&LH_BIN=1&rt=nc&LH_PrefLoc=1
Laxative Suppository,https://www.ebay.com/sch/i.html?_from=R40&_nkw=Laxative+Suppository&_sacat=26395&rt=nc&LH_ItemCondition=3&LH_BIN=1&rt=nc&LH_PrefLoc=1
Pediatric enemas,https://www.ebay.com/sch/i.html?_from=R40&_nkw=Pediatric+enemas&_sacat=26395&rt=nc&LH_ItemCondition=3&LH_BIN=1&rt=nc&LH_PrefLoc=1
Senna Leaf,https://www.ebay.com/sch/i.html?_from=R40&_nkw=Senna+Leaf&_sacat=26395&rt=nc&LH_ItemCondition=3&LH_BIN=1&rt=nc&LH_PrefLoc=1
Camphor Alcohol,https://www.ebay.com/sch/i.html?_from=R40&_nkw=Camphor+Alcohol&_sacat=26395&rt=nc&LH_ItemCondition=3&LH_BIN=1&rt=nc&LH_PrefLoc=1
Ceiling Shutter,https://www.ebay.com/sch/i.html?_from=R40&_nkw=Ceiling+Shutter&_sacat=26395&rt=nc&LH_ItemCondition=3&LH_BIN=1&rt=nc&LH_PrefLoc=1
Coarse Powder,https://www.ebay.com/sch/i.html?_from=R40&_nkw=Coarse+Powder&_sacat=26395&rt=nc&LH_ItemCondition=3&LH_BIN=1&rt=nc&LH_PrefLoc=1
Liquid Glycerin,https://www.ebay.com/sch/i.html?_from=R40&_nkw=Liquid+Glycerin&_sacat=26395&rt=nc&LH_ItemCondition=3&LH_BIN=1&rt=nc&LH_PrefLoc=1
Douching Cleaner,https://www.ebay.com/sch/i.html?_from=R40&_nkw=Douching+Cleaner&_sacat=26395&rt=nc&LH_ItemCondition=3&LH_BIN=1&rt=nc&LH_PrefLoc=1
Laxative Syrup,https://www.ebay.com/sch/i.html?_from=R40&_nkw=Laxative+Syrup&_sacat=26395&rt=nc&LH_ItemCondition=3&LH_BIN=1&rt=nc&LH_PrefLoc=1
Flake Box,https://www.ebay.com/sch/i.html?_from=R40&_nkw=Flake+Box&_sacat=26395&rt=nc&LH_ItemCondition=3&LH_BIN=1&rt=nc&LH_PrefLoc=1
Anal Douche,https://www.ebay.com/sch/i.html?_from=R40&_nkw=Anal+Douche&_sacat=26395&rt=nc&LH_ItemCondition=3&LH_BIN=1&rt=nc&LH_PrefLoc=1
Herbal Laxatives,https://www.ebay.com/sch/i.html?_from=R40&_nkw=Herbal+Laxatives&_sacat=26395&rt=nc&LH_ItemCondition=3&LH_BIN=1&rt=nc&LH_PrefLoc=1
Enema Nozzles,https://www.ebay.com/sch/i.html?_from=R40&_nkw=Enema+Nozzles&_sacat=26395&rt=nc&LH_ItemCondition=3&LH_BIN=1&rt=nc&LH_PrefLoc=1
Milk Magnesia,https://www.ebay.com/sch/i.html?_from=R40&_nkw=Milk+Magnesia&_sacat=26395&rt=nc&LH_ItemCondition=3&LH_BIN=1&rt=nc&LH_PrefLoc=1
Infant suppositories,https://www.ebay.com/sch/i.html?_from=R40&_nkw=Infant+suppositories&_sacat=26395&rt=nc&LH_ItemCondition=3&LH_BIN=1&rt=nc&LH_PrefLoc=1
Enteric Laxative,https://www.ebay.com/sch/i.html?_from=R40&_nkw=Enteric+Laxative&_sacat=26395&rt=nc&LH_ItemCondition=3&LH_BIN=1&rt=nc&LH_PrefLoc=1
Enema Bulb,https://www.ebay.com/sch/i.html?_from=R40&_nkw=Enema+Bulb&_sacat=26395&rt=nc&LH_ItemCondition=3&LH_BIN=1&rt=nc&LH_PrefLoc=1
Docusate Tablets,https://www.ebay.com/sch/i.html?_from=R40&_nkw=Docusate+Tablets&_sacat=26395&rt=nc&LH_ItemCondition=3&LH_BIN=1&rt=nc&LH_PrefLoc=1
Sorbitol Laxative,https://www.ebay.com/sch/i.html?_from=R40&_nkw=Sorbitol+Laxative&_sacat=26395&rt=nc&LH_ItemCondition=3&LH_BIN=1&rt=nc&LH_PrefLoc=1
Medicated Shampoo,https://www.ebay.com/sch/i.html?_from=R40&_nkw=Medicated+Shampoo&_sacat=26395&rt=nc&LH_ItemCondition=3&LH_BIN=1&rt=nc&LH_PrefLoc=1
Enema Hose,https://www.ebay.com/sch/i.html?_from=R40&_nkw=Enema+Hose&_sacat=26395&rt=nc&LH_ItemCondition=3&LH_BIN=1&rt=nc&LH_PrefLoc=1
Overnight Laxative,https://www.ebay.com/sch/i.html?_from=R40&_nkw=Overnight+Laxative&_sacat=26395&rt=nc&LH_ItemCondition=3&LH_BIN=1&rt=nc&LH_PrefLoc=1
Camphor Spirit,https://www.ebay.com/sch/i.html?_from=R40&_nkw=Camphor+Spirit&_sacat=26395&rt=nc&LH_ItemCondition=3&LH_BIN=1&rt=nc&LH_PrefLoc=1
Laxative Tabs,https://www.ebay.com/sch/i.html?_from=R40&_nkw=Laxative+Tabs&_sacat=26395&rt=nc&LH_ItemCondition=3&LH_BIN=1&rt=nc&LH_PrefLoc=1
sulfur ointment,https://www.ebay.com/sch/i.html?_from=R40&_nkw=sulfur+ointment&_sacat=26395&rt=nc&LH_ItemCondition=3&LH_BIN=1&rt=nc&LH_PrefLoc=1
Bowel Laxative,https://www.ebay.com/sch/i.html?_from=R40&_nkw=Bowel+Laxative&_sacat=26395&rt=nc&LH_ItemCondition=3&LH_BIN=1&rt=nc&LH_PrefLoc=1
Senna Leaves,https://www.ebay.com/sch/i.html?_from=R40&_nkw=Senna+Leaves&_sacat=26395&rt=nc&LH_ItemCondition=3&LH_BIN=1&rt=nc&LH_PrefLoc=1
Laxative Chewable,https://www.ebay.com/sch/i.html?_from=R40&_nkw=Laxative+Chewable&_sacat=26395&rt=nc&LH_ItemCondition=3&LH_BIN=1&rt=nc&LH_PrefLoc=1
Horse mouth flusher,https://www.ebay.com/sch/i.html?_from=R40&_nkw=Horse+mouth+flusher&_sacat=26395&rt=nc&LH_ItemCondition=3&LH_BIN=1&rt=nc&LH_PrefLoc=1
Shower Enema,https://www.ebay.com/sch/i.html?_from=R40&_nkw=Shower+Enema&_sacat=26395&rt=nc&LH_ItemCondition=3&LH_BIN=1&rt=nc&LH_PrefLoc=1
Gentian Violet,https://www.ebay.com/sch/i.html?_from=R40&_nkw=Gentian+Violet&_sacat=26395&rt=nc&LH_ItemCondition=3&LH_BIN=1&rt=nc&LH_PrefLoc=1
Benzocaine Enema,https://www.ebay.com/sch/i.html?_from=R40&_nkw=Benzocaine+Enema&_sacat=26395&rt=nc&LH_ItemCondition=3&LH_BIN=1&rt=nc&LH_PrefLoc=1
Laxative Softgels,https://www.ebay.com/sch/i.html?_from=R40&_nkw=Laxative+Softgels&_sacat=26395&rt=nc&LH_ItemCondition=3&LH_BIN=1&rt=nc&LH_PrefLoc=1
Cinnamon Oil,https://www.ebay.com/sch/i.html?_from=R40&_nkw=Cinnamon+Oil&_sacat=26395&rt=nc&LH_ItemCondition=3&LH_BIN=1&rt=nc&LH_PrefLoc=1
Enema Catheter,https://www.ebay.com/sch/i.html?_from=R40&_nkw=Enema+Catheter&_sacat=26395&rt=nc&LH_ItemCondition=3&LH_BIN=1&rt=nc&LH_PrefLoc=1
Iodine Tincture,https://www.ebay.com/sch/i.html?_from=R40&_nkw=Iodine+Tincture&_sacat=26395&rt=nc&LH_ItemCondition=3&LH_BIN=1&rt=nc&LH_PrefLoc=1
Maximum strength laxative,https://www.ebay.com/sch/i.html?_from=R40&_nkw=Maximum+strength+laxative&_sacat=26395&rt=nc&LH_ItemCondition=3&LH_BIN=1&rt=nc&LH_PrefLoc=1
Glucomannan Extract,https://www.ebay.com/sch/i.html?_from=R40&_nkw=Glucomannan+Extract&_sacat=26395&rt=nc&LH_ItemCondition=3&LH_BIN=1&rt=nc&LH_PrefLoc=1
Bulb Syringe,https://www.ebay.com/sch/i.html?_from=R40&_nkw=Bulb+Syringe&_sacat=26395&rt=nc&LH_ItemCondition=3&LH_BIN=1&rt=nc&LH_PrefLoc=1
Peppermint Spirits,https://www.ebay.com/sch/i.html?_from=R40&_nkw=Peppermint+Spirits&_sacat=26395&rt=nc&LH_ItemCondition=3&LH_BIN=1&rt=nc&LH_PrefLoc=1
Benzoin Tincture,https://www.ebay.com/sch/i.html?_from=R40&_nkw=Benzoin+Tincture&_sacat=26395&rt=nc&LH_ItemCondition=3&LH_BIN=1&rt=nc&LH_PrefLoc=1
Calaclear Lotion,https://www.ebay.com/sch/i.html?_from=R40&_nkw=Calaclear+Lotion&_sacat=26395&rt=nc&LH_ItemCondition=3&LH_BIN=1&rt=nc&LH_PrefLoc=1
