Keyword,Links
Spearmint Antacid,https://www.amazon.com/s?k=Spearmint+Antacid&i=hpc&s=exact-aware-popularity-rank&ref=sr_st_exact-aware-popularity-rank
Antacid Heartburn,https://www.amazon.com/s?k=Antacid+Heartburn&i=hpc&s=exact-aware-popularity-rank&ref=sr_st_exact-aware-popularity-rank
Motion Sickness,https://www.amazon.com/s?k=Motion+Sickness&i=hpc&s=exact-aware-popularity-rank&ref=sr_st_exact-aware-popularity-rank
Stomach reliever,https://www.amazon.com/s?k=Stomach+reliever&i=hpc&s=exact-aware-popularity-rank&ref=sr_st_exact-aware-popularity-rank
Kids Chewables,https://www.amazon.com/s?k=Kids+Chewables&i=hpc&s=exact-aware-popularity-rank&ref=sr_st_exact-aware-popularity-rank
Fizzy Melts,https://www.amazon.com/s?k=Fizzy+Melts&i=hpc&s=exact-aware-popularity-rank&ref=sr_st_exact-aware-popularity-rank
Dry Mouth,https://www.amazon.com/s?k=Dry+Mouth&i=hpc&s=exact-aware-popularity-rank&ref=sr_st_exact-aware-popularity-rank
Acidity Relief,https://www.amazon.com/s?k=Acidity+Relief&i=hpc&s=exact-aware-popularity-rank&ref=sr_st_exact-aware-popularity-rank
sal sobres,https://www.amazon.com/s?k=sal+sobres&i=hpc&s=exact-aware-popularity-rank&ref=sr_st_exact-aware-popularity-rank
Kids Antacid,https://www.amazon.com/s?k=Kids+Antacid&i=hpc&s=exact-aware-popularity-rank&ref=sr_st_exact-aware-popularity-rank
Chewy Bites,https://www.amazon.com/s?k=Chewy+Bites&i=hpc&s=exact-aware-popularity-rank&ref=sr_st_exact-aware-popularity-rank
Antacid Chewable,https://www.amazon.com/s?k=Antacid+Chewable&i=hpc&s=exact-aware-popularity-rank&ref=sr_st_exact-aware-popularity-rank
Extra Strength Relief,https://www.amazon.com/s?k=Extra+Strength+Relief&i=hpc&s=exact-aware-popularity-rank&ref=sr_st_exact-aware-popularity-rank
Berry Mint,https://www.amazon.com/s?k=Berry+Mint&i=hpc&s=exact-aware-popularity-rank&ref=sr_st_exact-aware-popularity-rank
Tropical Fruit,https://www.amazon.com/s?k=Tropical+Fruit&i=hpc&s=exact-aware-popularity-rank&ref=sr_st_exact-aware-popularity-rank
Antacid Regular,https://www.amazon.com/s?k=Antacid+Regular&i=hpc&s=exact-aware-popularity-rank&ref=sr_st_exact-aware-popularity-rank
Wet dog food,https://www.amazon.com/s?k=Wet+dog+food&i=hpc&s=exact-aware-popularity-rank&ref=sr_st_exact-aware-popularity-rank
Effervescent Relief,https://www.amazon.com/s?k=Effervescent+Relief&i=hpc&s=exact-aware-popularity-rank&ref=sr_st_exact-aware-popularity-rank
Heartburn Treatment,https://www.amazon.com/s?k=Heartburn+Treatment&i=hpc&s=exact-aware-popularity-rank&ref=sr_st_exact-aware-popularity-rank
Aspirin relief,https://www.amazon.com/s?k=Aspirin+relief&i=hpc&s=exact-aware-popularity-rank&ref=sr_st_exact-aware-popularity-rank
Orange Antacid,https://www.amazon.com/s?k=Orange+Antacid&i=hpc&s=exact-aware-popularity-rank&ref=sr_st_exact-aware-popularity-rank
Antacid Antigas,https://www.amazon.com/s?k=Antacid+Antigas&i=hpc&s=exact-aware-popularity-rank&ref=sr_st_exact-aware-popularity-rank
Veggie Enzymes,https://www.amazon.com/s?k=Veggie+Enzymes&i=hpc&s=exact-aware-popularity-rank&ref=sr_st_exact-aware-popularity-rank
Foaming Antacid,https://www.amazon.com/s?k=Foaming+Antacid&i=hpc&s=exact-aware-popularity-rank&ref=sr_st_exact-aware-popularity-rank
Liquid Cherry,https://www.amazon.com/s?k=Liquid+Cherry&i=hpc&s=exact-aware-popularity-rank&ref=sr_st_exact-aware-popularity-rank
Mint antacid,https://www.amazon.com/s?k=Mint+antacid&i=hpc&s=exact-aware-popularity-rank&ref=sr_st_exact-aware-popularity-rank
Extra Strength TUMS,https://www.amazon.com/s?k=Extra+Strength+TUMS&i=hpc&s=exact-aware-popularity-rank&ref=sr_st_exact-aware-popularity-rank
Easy swallow,https://www.amazon.com/s?k=Easy+swallow&i=hpc&s=exact-aware-popularity-rank&ref=sr_st_exact-aware-popularity-rank
Antacid Suspension,https://www.amazon.com/s?k=Antacid+Suspension&i=hpc&s=exact-aware-popularity-rank&ref=sr_st_exact-aware-popularity-rank
Dasamoola Lehyam,https://www.amazon.com/s?k=Dasamoola+Lehyam&i=hpc&s=exact-aware-popularity-rank&ref=sr_st_exact-aware-popularity-rank
Gas remedy,https://www.amazon.com/s?k=Gas+remedy&i=hpc&s=exact-aware-popularity-rank&ref=sr_st_exact-aware-popularity-rank
Nasal Spray,https://www.amazon.com/s?k=Nasal+Spray&i=hpc&s=exact-aware-popularity-rank&ref=sr_st_exact-aware-popularity-rank
Fruit Tablets,https://www.amazon.com/s?k=Fruit+Tablets&i=hpc&s=exact-aware-popularity-rank&ref=sr_st_exact-aware-popularity-rank
Anti-Diarrheal Medicine,https://www.amazon.com/s?k=Anti-Diarrheal+Medicine&i=hpc&s=exact-aware-popularity-rank&ref=sr_st_exact-aware-popularity-rank
Max Strength Liquid,https://www.amazon.com/s?k=Max+Strength+Liquid&i=hpc&s=exact-aware-popularity-rank&ref=sr_st_exact-aware-popularity-rank
Meclizine Antiemetic,https://www.amazon.com/s?k=Meclizine+Antiemetic&i=hpc&s=exact-aware-popularity-rank&ref=sr_st_exact-aware-popularity-rank
Nausea Bands,https://www.amazon.com/s?k=Nausea+Bands&i=hpc&s=exact-aware-popularity-rank&ref=sr_st_exact-aware-popularity-rank
Anti-nausea gum,https://www.amazon.com/s?k=Anti-nausea+gum&i=hpc&s=exact-aware-popularity-rank&ref=sr_st_exact-aware-popularity-rank
Ginger lozenges,https://www.amazon.com/s?k=Ginger+lozenges&i=hpc&s=exact-aware-popularity-rank&ref=sr_st_exact-aware-popularity-rank
Pregnancy Bands,https://www.amazon.com/s?k=Pregnancy+Bands&i=hpc&s=exact-aware-popularity-rank&ref=sr_st_exact-aware-popularity-rank
Dairy Relief,https://www.amazon.com/s?k=Dairy+Relief&i=hpc&s=exact-aware-popularity-rank&ref=sr_st_exact-aware-popularity-rank
Nausea Lozenges,https://www.amazon.com/s?k=Nausea+Lozenges&i=hpc&s=exact-aware-popularity-rank&ref=sr_st_exact-aware-popularity-rank
Anti-Nausea Wristband,https://www.amazon.com/s?k=Anti-Nausea+Wristband&i=hpc&s=exact-aware-popularity-rank&ref=sr_st_exact-aware-popularity-rank
Queasy Drops,https://www.amazon.com/s?k=Queasy+Drops&i=hpc&s=exact-aware-popularity-rank&ref=sr_st_exact-aware-popularity-rank
Fever Reliever,https://www.amazon.com/s?k=Fever+Reliever&i=hpc&s=exact-aware-popularity-rank&ref=sr_st_exact-aware-popularity-rank
Meclizine Caplets,https://www.amazon.com/s?k=Meclizine+Caplets&i=hpc&s=exact-aware-popularity-rank&ref=sr_st_exact-aware-popularity-rank
Meclizine Tablets,https://www.amazon.com/s?k=Meclizine+Tablets&i=hpc&s=exact-aware-popularity-rank&ref=sr_st_exact-aware-popularity-rank
Indigestion remedy,https://www.amazon.com/s?k=Indigestion+remedy&i=hpc&s=exact-aware-popularity-rank&ref=sr_st_exact-aware-popularity-rank
Nausea Patches,https://www.amazon.com/s?k=Nausea+Patches&i=hpc&s=exact-aware-popularity-rank&ref=sr_st_exact-aware-popularity-rank
Ginger Capsules,https://www.amazon.com/s?k=Ginger+Capsules&i=hpc&s=exact-aware-popularity-rank&ref=sr_st_exact-aware-popularity-rank
