Keyword,Links
Vegan D3,https://www.amazon.com/s?k=Vegan+D3&i=hpc&s=exact-aware-popularity-rank&ref=sr_st_exact-aware-popularity-rank
Hydrolyzed Collagen,https://www.amazon.com/s?k=Hydrolyzed+Collagen&i=hpc&s=exact-aware-popularity-rank&ref=sr_st_exact-aware-popularity-rank
B-12 Lozenges,https://www.amazon.com/s?k=B-12+Lozenges&i=hpc&s=exact-aware-popularity-rank&ref=sr_st_exact-aware-popularity-rank
Hydration Powder,https://www.amazon.com/s?k=Hydration+Powder&i=hpc&s=exact-aware-popularity-rank&ref=sr_st_exact-aware-popularity-rank
Vein Health,https://www.amazon.com/s?k=Vein+Health&i=hpc&s=exact-aware-popularity-rank&ref=sr_st_exact-aware-popularity-rank
Biotin Softgels,https://www.amazon.com/s?k=Biotin+Softgels&i=hpc&s=exact-aware-popularity-rank&ref=sr_st_exact-aware-popularity-rank
Collagen Gummies,https://www.amazon.com/s?k=Collagen+Gummies&i=hpc&s=exact-aware-popularity-rank&ref=sr_st_exact-aware-popularity-rank
Vegan B12,https://www.amazon.com/s?k=Vegan+B12&i=hpc&s=exact-aware-popularity-rank&ref=sr_st_exact-aware-popularity-rank
Energy Powder,https://www.amazon.com/s?k=Energy+Powder&i=hpc&s=exact-aware-popularity-rank&ref=sr_st_exact-aware-popularity-rank
Energy shot,https://www.amazon.com/s?k=Energy+shot&i=hpc&s=exact-aware-popularity-rank&ref=sr_st_exact-aware-popularity-rank
Postpartum Gummies,https://www.amazon.com/s?k=Postpartum+Gummies&i=hpc&s=exact-aware-popularity-rank&ref=sr_st_exact-aware-popularity-rank
HMB Vitamin D3,https://www.amazon.com/s?k=HMB+Vitamin+D3&i=hpc&s=exact-aware-popularity-rank&ref=sr_st_exact-aware-popularity-rank
Teen Gummies,https://www.amazon.com/s?k=Teen+Gummies&i=hpc&s=exact-aware-popularity-rank&ref=sr_st_exact-aware-popularity-rank
Leg veins,https://www.amazon.com/s?k=Leg+veins&i=hpc&s=exact-aware-popularity-rank&ref=sr_st_exact-aware-popularity-rank
Elderberry Zinc,https://www.amazon.com/s?k=Elderberry+Zinc&i=hpc&s=exact-aware-popularity-rank&ref=sr_st_exact-aware-popularity-rank
Gummy supplement,https://www.amazon.com/s?k=Gummy+supplement&i=hpc&s=exact-aware-popularity-rank&ref=sr_st_exact-aware-popularity-rank
Skin Radiance,https://www.amazon.com/s?k=Skin+Radiance&i=hpc&s=exact-aware-popularity-rank&ref=sr_st_exact-aware-popularity-rank
Muscle Builder,https://www.amazon.com/s?k=Muscle+Builder&i=hpc&s=exact-aware-popularity-rank&ref=sr_st_exact-aware-popularity-rank
Super B Complex,https://www.amazon.com/s?k=Super+B+Complex&i=hpc&s=exact-aware-popularity-rank&ref=sr_st_exact-aware-popularity-rank
Blood Flow,https://www.amazon.com/s?k=Blood+Flow&i=hpc&s=exact-aware-popularity-rank&ref=sr_st_exact-aware-popularity-rank
Collagen Multivitamins,https://www.amazon.com/s?k=Collagen+Multivitamins&i=hpc&s=exact-aware-popularity-rank&ref=sr_st_exact-aware-popularity-rank
Eye Floaters,https://www.amazon.com/s?k=Eye+Floaters&i=hpc&s=exact-aware-popularity-rank&ref=sr_st_exact-aware-popularity-rank
Fertility Pills,https://www.amazon.com/s?k=Fertility+Pills&i=hpc&s=exact-aware-popularity-rank&ref=sr_st_exact-aware-popularity-rank
Male enhancement,https://www.amazon.com/s?k=Male+enhancement&i=hpc&s=exact-aware-popularity-rank&ref=sr_st_exact-aware-popularity-rank
Hair Growth,https://www.amazon.com/s?k=Hair+Growth&i=hpc&s=exact-aware-popularity-rank&ref=sr_st_exact-aware-popularity-rank
Astaxanthin Softgels,https://www.amazon.com/s?k=Astaxanthin+Softgels&i=hpc&s=exact-aware-popularity-rank&ref=sr_st_exact-aware-popularity-rank
Nicotinamide Supplement,https://www.amazon.com/s?k=Nicotinamide+Supplement&i=hpc&s=exact-aware-popularity-rank&ref=sr_st_exact-aware-popularity-rank
Halal Collagen,https://www.amazon.com/s?k=Halal+Collagen&i=hpc&s=exact-aware-popularity-rank&ref=sr_st_exact-aware-popularity-rank
Non-Stimulant Pre-Workout,https://www.amazon.com/s?k=Non-Stimulant+Pre-Workout&i=hpc&s=exact-aware-popularity-rank&ref=sr_st_exact-aware-popularity-rank
Pumpkin Seed Oil,https://www.amazon.com/s?k=Pumpkin+Seed+Oil&i=hpc&s=exact-aware-popularity-rank&ref=sr_st_exact-aware-popularity-rank
Teeth health,https://www.amazon.com/s?k=Teeth+health&i=hpc&s=exact-aware-popularity-rank&ref=sr_st_exact-aware-popularity-rank
Calcium Drops,https://www.amazon.com/s?k=Calcium+Drops&i=hpc&s=exact-aware-popularity-rank&ref=sr_st_exact-aware-popularity-rank
ADK Vitamins,https://www.amazon.com/s?k=ADK+Vitamins&i=hpc&s=exact-aware-popularity-rank&ref=sr_st_exact-aware-popularity-rank
Vitamin C Collagen,https://www.amazon.com/s?k=Vitamin+C+Collagen&i=hpc&s=exact-aware-popularity-rank&ref=sr_st_exact-aware-popularity-rank
Rutin Supplement,https://www.amazon.com/s?k=Rutin+Supplement&i=hpc&s=exact-aware-popularity-rank&ref=sr_st_exact-aware-popularity-rank
Biotin Collagen,https://www.amazon.com/s?k=Biotin+Collagen&i=hpc&s=exact-aware-popularity-rank&ref=sr_st_exact-aware-popularity-rank
Methylcobalamin B12,https://www.amazon.com/s?k=Methylcobalamin+B12&i=hpc&s=exact-aware-popularity-rank&ref=sr_st_exact-aware-popularity-rank
Immune Spray,https://www.amazon.com/s?k=Immune+Spray&i=hpc&s=exact-aware-popularity-rank&ref=sr_st_exact-aware-popularity-rank
Raw B-12,https://www.amazon.com/s?k=Raw+B-12&i=hpc&s=exact-aware-popularity-rank&ref=sr_st_exact-aware-popularity-rank
Inner Ear,https://www.amazon.com/s?k=Inner+Ear&i=hpc&s=exact-aware-popularity-rank&ref=sr_st_exact-aware-popularity-rank
Collagen Vitamins,https://www.amazon.com/s?k=Collagen+Vitamins&i=hpc&s=exact-aware-popularity-rank&ref=sr_st_exact-aware-popularity-rank
Vitamin B12 Patch,https://www.amazon.com/s?k=Vitamin+B12+Patch&i=hpc&s=exact-aware-popularity-rank&ref=sr_st_exact-aware-popularity-rank
Baby Vitamin D,https://www.amazon.com/s?k=Baby+Vitamin+D&i=hpc&s=exact-aware-popularity-rank&ref=sr_st_exact-aware-popularity-rank
Collagen Supplements,https://www.amazon.com/s?k=Collagen+Supplements&i=hpc&s=exact-aware-popularity-rank&ref=sr_st_exact-aware-popularity-rank
Marine Collagen,https://www.amazon.com/s?k=Marine+Collagen&i=hpc&s=exact-aware-popularity-rank&ref=sr_st_exact-aware-popularity-rank
Vitamin B-12,https://www.amazon.com/s?k=Vitamin+B-12&i=hpc&s=exact-aware-popularity-rank&ref=sr_st_exact-aware-popularity-rank
Nail Complex,https://www.amazon.com/s?k=Nail+Complex&i=hpc&s=exact-aware-popularity-rank&ref=sr_st_exact-aware-popularity-rank
Postnatal Gummies,https://www.amazon.com/s?k=Postnatal+Gummies&i=hpc&s=exact-aware-popularity-rank&ref=sr_st_exact-aware-popularity-rank
Sublingual B12,https://www.amazon.com/s?k=Sublingual+B12&i=hpc&s=exact-aware-popularity-rank&ref=sr_st_exact-aware-popularity-rank
Telomere support,https://www.amazon.com/s?k=Telomere+support&i=hpc&s=exact-aware-popularity-rank&ref=sr_st_exact-aware-popularity-rank
