Keyword,Links
Estrogen Blocker,https://www.ebay.com/sch/i.html?_from=R40&_nkw=Estrogen+Blocker&_sacat=26395&rt=nc&LH_ItemCondition=3&LH_BIN=1&rt=nc&LH_PrefLoc=1
Mineral supplement,https://www.ebay.com/sch/i.html?_from=R40&_nkw=Mineral+supplement&_sacat=26395&rt=nc&LH_ItemCondition=3&LH_BIN=1&rt=nc&LH_PrefLoc=1
Gaba Relaxation,https://www.ebay.com/sch/i.html?_from=R40&_nkw=Gaba+Relaxation&_sacat=26395&rt=nc&LH_ItemCondition=3&LH_BIN=1&rt=nc&LH_PrefLoc=1
Multi Ashwagandha,https://www.ebay.com/sch/i.html?_from=R40&_nkw=Multi+Ashwagandha&_sacat=26395&rt=nc&LH_ItemCondition=3&LH_BIN=1&rt=nc&LH_PrefLoc=1
Calcium tablets,https://www.ebay.com/sch/i.html?_from=R40&_nkw=Calcium+tablets&_sacat=26395&rt=nc&LH_ItemCondition=3&LH_BIN=1&rt=nc&LH_PrefLoc=1
Immune Support,https://www.ebay.com/sch/i.html?_from=R40&_nkw=Immune+Support&_sacat=26395&rt=nc&LH_ItemCondition=3&LH_BIN=1&rt=nc&LH_PrefLoc=1
Kidney Breaker,https://www.ebay.com/sch/i.html?_from=R40&_nkw=Kidney+Breaker&_sacat=26395&rt=nc&LH_ItemCondition=3&LH_BIN=1&rt=nc&LH_PrefLoc=1
Lung Support,https://www.ebay.com/sch/i.html?_from=R40&_nkw=Lung+Support&_sacat=26395&rt=nc&LH_ItemCondition=3&LH_BIN=1&rt=nc&LH_PrefLoc=1
Colostrum Supplement,https://www.ebay.com/sch/i.html?_from=R40&_nkw=Colostrum+Supplement&_sacat=26395&rt=nc&LH_ItemCondition=3&LH_BIN=1&rt=nc&LH_PrefLoc=1
Magnesium Sleep,https://www.ebay.com/sch/i.html?_from=R40&_nkw=Magnesium+Sleep&_sacat=26395&rt=nc&LH_ItemCondition=3&LH_BIN=1&rt=nc&LH_PrefLoc=1
Brain Booster,https://www.ebay.com/sch/i.html?_from=R40&_nkw=Brain+Booster&_sacat=26395&rt=nc&LH_ItemCondition=3&LH_BIN=1&rt=nc&LH_PrefLoc=1
Daily Calm,https://www.ebay.com/sch/i.html?_from=R40&_nkw=Daily+Calm&_sacat=26395&rt=nc&LH_ItemCondition=3&LH_BIN=1&rt=nc&LH_PrefLoc=1
Keto Softgels,https://www.ebay.com/sch/i.html?_from=R40&_nkw=Keto+Softgels&_sacat=26395&rt=nc&LH_ItemCondition=3&LH_BIN=1&rt=nc&LH_PrefLoc=1
Sleep Capsules,https://www.ebay.com/sch/i.html?_from=R40&_nkw=Sleep+Capsules&_sacat=26395&rt=nc&LH_ItemCondition=3&LH_BIN=1&rt=nc&LH_PrefLoc=1
Immune Energy,https://www.ebay.com/sch/i.html?_from=R40&_nkw=Immune+Energy&_sacat=26395&rt=nc&LH_ItemCondition=3&LH_BIN=1&rt=nc&LH_PrefLoc=1
Magnesium Softgel,https://www.ebay.com/sch/i.html?_from=R40&_nkw=Magnesium+Softgel&_sacat=26395&rt=nc&LH_ItemCondition=3&LH_BIN=1&rt=nc&LH_PrefLoc=1
Coral Calcium,https://www.ebay.com/sch/i.html?_from=R40&_nkw=Coral+Calcium&_sacat=26395&rt=nc&LH_ItemCondition=3&LH_BIN=1&rt=nc&LH_PrefLoc=1
Iodine Supplement,https://www.ebay.com/sch/i.html?_from=R40&_nkw=Iodine+Supplement&_sacat=26395&rt=nc&LH_ItemCondition=3&LH_BIN=1&rt=nc&LH_PrefLoc=1
Magnesium Gluconate,https://www.ebay.com/sch/i.html?_from=R40&_nkw=Magnesium+Gluconate&_sacat=26395&rt=nc&LH_ItemCondition=3&LH_BIN=1&rt=nc&LH_PrefLoc=1
L-Theanine Capsules,https://www.ebay.com/sch/i.html?_from=R40&_nkw=L-Theanine+Capsules&_sacat=26395&rt=nc&LH_ItemCondition=3&LH_BIN=1&rt=nc&LH_PrefLoc=1
Cortisol Blocker,https://www.ebay.com/sch/i.html?_from=R40&_nkw=Cortisol+Blocker&_sacat=26395&rt=nc&LH_ItemCondition=3&LH_BIN=1&rt=nc&LH_PrefLoc=1
Herbal Supplements,https://www.ebay.com/sch/i.html?_from=R40&_nkw=Herbal+Supplements&_sacat=26395&rt=nc&LH_ItemCondition=3&LH_BIN=1&rt=nc&LH_PrefLoc=1
Gaba Calm,https://www.ebay.com/sch/i.html?_from=R40&_nkw=Gaba+Calm&_sacat=26395&rt=nc&LH_ItemCondition=3&LH_BIN=1&rt=nc&LH_PrefLoc=1
HPA support,https://www.ebay.com/sch/i.html?_from=R40&_nkw=HPA+support&_sacat=26395&rt=nc&LH_ItemCondition=3&LH_BIN=1&rt=nc&LH_PrefLoc=1
Magnesium Chewable,https://www.ebay.com/sch/i.html?_from=R40&_nkw=Magnesium+Chewable&_sacat=26395&rt=nc&LH_ItemCondition=3&LH_BIN=1&rt=nc&LH_PrefLoc=1
Alpha Lipoic Acid,https://www.ebay.com/sch/i.html?_from=R40&_nkw=Alpha+Lipoic+Acid&_sacat=26395&rt=nc&LH_ItemCondition=3&LH_BIN=1&rt=nc&LH_PrefLoc=1
Bone Support,https://www.ebay.com/sch/i.html?_from=R40&_nkw=Bone+Support&_sacat=26395&rt=nc&LH_ItemCondition=3&LH_BIN=1&rt=nc&LH_PrefLoc=1
Test Booster,https://www.ebay.com/sch/i.html?_from=R40&_nkw=Test+Booster&_sacat=26395&rt=nc&LH_ItemCondition=3&LH_BIN=1&rt=nc&LH_PrefLoc=1
DHEA Tablets,https://www.ebay.com/sch/i.html?_from=R40&_nkw=DHEA+Tablets&_sacat=26395&rt=nc&LH_ItemCondition=3&LH_BIN=1&rt=nc&LH_PrefLoc=1
Quit Smoking,https://www.ebay.com/sch/i.html?_from=R40&_nkw=Quit+Smoking&_sacat=26395&rt=nc&LH_ItemCondition=3&LH_BIN=1&rt=nc&LH_PrefLoc=1
Cortisol Reducer,https://www.ebay.com/sch/i.html?_from=R40&_nkw=Cortisol+Reducer&_sacat=26395&rt=nc&LH_ItemCondition=3&LH_BIN=1&rt=nc&LH_PrefLoc=1
Benfotiamine Capsules,https://www.ebay.com/sch/i.html?_from=R40&_nkw=Benfotiamine+Capsules&_sacat=26395&rt=nc&LH_ItemCondition=3&LH_BIN=1&rt=nc&LH_PrefLoc=1
Fertility Supplement,https://www.ebay.com/sch/i.html?_from=R40&_nkw=Fertility+Supplement&_sacat=26395&rt=nc&LH_ItemCondition=3&LH_BIN=1&rt=nc&LH_PrefLoc=1
Sea Moss Supplement,https://www.ebay.com/sch/i.html?_from=R40&_nkw=Sea+Moss+Supplement&_sacat=26395&rt=nc&LH_ItemCondition=3&LH_BIN=1&rt=nc&LH_PrefLoc=1
St John's Wort,https://www.ebay.com/sch/i.html?_from=R40&_nkw=St+John's+Wort&_sacat=26395&rt=nc&LH_ItemCondition=3&LH_BIN=1&rt=nc&LH_PrefLoc=1
Ashwagandha Root,https://www.ebay.com/sch/i.html?_from=R40&_nkw=Ashwagandha+Root&_sacat=26395&rt=nc&LH_ItemCondition=3&LH_BIN=1&rt=nc&LH_PrefLoc=1
Brain Supplement,https://www.ebay.com/sch/i.html?_from=R40&_nkw=Brain+Supplement&_sacat=26395&rt=nc&LH_ItemCondition=3&LH_BIN=1&rt=nc&LH_PrefLoc=1
Magnesium Ashwagandha,https://www.ebay.com/sch/i.html?_from=R40&_nkw=Magnesium+Ashwagandha&_sacat=26395&rt=nc&LH_ItemCondition=3&LH_BIN=1&rt=nc&LH_PrefLoc=1
Turmeric Complex,https://www.ebay.com/sch/i.html?_from=R40&_nkw=Turmeric+Complex&_sacat=26395&rt=nc&LH_ItemCondition=3&LH_BIN=1&rt=nc&LH_PrefLoc=1
GABA powder,https://www.ebay.com/sch/i.html?_from=R40&_nkw=GABA+powder&_sacat=26395&rt=nc&LH_ItemCondition=3&LH_BIN=1&rt=nc&LH_PrefLoc=1
Sea Moss Gummies,https://www.ebay.com/sch/i.html?_from=R40&_nkw=Sea+Moss+Gummies&_sacat=26395&rt=nc&LH_ItemCondition=3&LH_BIN=1&rt=nc&LH_PrefLoc=1
Magnesium Potassium,https://www.ebay.com/sch/i.html?_from=R40&_nkw=Magnesium+Potassium&_sacat=26395&rt=nc&LH_ItemCondition=3&LH_BIN=1&rt=nc&LH_PrefLoc=1
Menopause Support,https://www.ebay.com/sch/i.html?_from=R40&_nkw=Menopause+Support&_sacat=26395&rt=nc&LH_ItemCondition=3&LH_BIN=1&rt=nc&LH_PrefLoc=1
Magnesium Absorption,https://www.ebay.com/sch/i.html?_from=R40&_nkw=Magnesium+Absorption&_sacat=26395&rt=nc&LH_ItemCondition=3&LH_BIN=1&rt=nc&LH_PrefLoc=1
Performance supplement,https://www.ebay.com/sch/i.html?_from=R40&_nkw=Performance+supplement&_sacat=26395&rt=nc&LH_ItemCondition=3&LH_BIN=1&rt=nc&LH_PrefLoc=1
Health supplement,https://www.ebay.com/sch/i.html?_from=R40&_nkw=Health+supplement&_sacat=26395&rt=nc&LH_ItemCondition=3&LH_BIN=1&rt=nc&LH_PrefLoc=1
Magnesium Tablet,https://www.ebay.com/sch/i.html?_from=R40&_nkw=Magnesium+Tablet&_sacat=26395&rt=nc&LH_ItemCondition=3&LH_BIN=1&rt=nc&LH_PrefLoc=1
Magnesium Orotate,https://www.ebay.com/sch/i.html?_from=R40&_nkw=Magnesium+Orotate&_sacat=26395&rt=nc&LH_ItemCondition=3&LH_BIN=1&rt=nc&LH_PrefLoc=1
Magnesium Malate,https://www.ebay.com/sch/i.html?_from=R40&_nkw=Magnesium+Malate&_sacat=26395&rt=nc&LH_ItemCondition=3&LH_BIN=1&rt=nc&LH_PrefLoc=1
Wellness Trio,https://www.ebay.com/sch/i.html?_from=R40&_nkw=Wellness+Trio&_sacat=26395&rt=nc&LH_ItemCondition=3&LH_BIN=1&rt=nc&LH_PrefLoc=1
