Keyword,Links
Self-tanner combo,https://www.ebay.com/sch/i.html?_from=R40&_nkw=Self-tanner+combo&_sacat=26395&rt=nc&LH_ItemCondition=3&LH_BIN=1&rt=nc&LH_PrefLoc=1
Cooling Moisturizer,https://www.ebay.com/sch/i.html?_from=R40&_nkw=Cooling+Moisturizer&_sacat=26395&rt=nc&LH_ItemCondition=3&LH_BIN=1&rt=nc&LH_PrefLoc=1
Peeling Gel,https://www.ebay.com/sch/i.html?_from=R40&_nkw=Peeling+Gel&_sacat=26395&rt=nc&LH_ItemCondition=3&LH_BIN=1&rt=nc&LH_PrefLoc=1
UV Moisturizer,https://www.ebay.com/sch/i.html?_from=R40&_nkw=UV+Moisturizer&_sacat=26395&rt=nc&LH_ItemCondition=3&LH_BIN=1&rt=nc&LH_PrefLoc=1
Moisture Kit,https://www.ebay.com/sch/i.html?_from=R40&_nkw=Moisture+Kit&_sacat=26395&rt=nc&LH_ItemCondition=3&LH_BIN=1&rt=nc&LH_PrefLoc=1
Lip protect,https://www.ebay.com/sch/i.html?_from=R40&_nkw=Lip+protect&_sacat=26395&rt=nc&LH_ItemCondition=3&LH_BIN=1&rt=nc&LH_PrefLoc=1
Hyaluronic Moisturiser,https://www.ebay.com/sch/i.html?_from=R40&_nkw=Hyaluronic+Moisturiser&_sacat=26395&rt=nc&LH_ItemCondition=3&LH_BIN=1&rt=nc&LH_PrefLoc=1
Bright Reveal,https://www.ebay.com/sch/i.html?_from=R40&_nkw=Bright+Reveal&_sacat=26395&rt=nc&LH_ItemCondition=3&LH_BIN=1&rt=nc&LH_PrefLoc=1
Bentonite Mask,https://www.ebay.com/sch/i.html?_from=R40&_nkw=Bentonite+Mask&_sacat=26395&rt=nc&LH_ItemCondition=3&LH_BIN=1&rt=nc&LH_PrefLoc=1
Collagen Emulsion,https://www.ebay.com/sch/i.html?_from=R40&_nkw=Collagen+Emulsion&_sacat=26395&rt=nc&LH_ItemCondition=3&LH_BIN=1&rt=nc&LH_PrefLoc=1
Moisturizer Stick,https://www.ebay.com/sch/i.html?_from=R40&_nkw=Moisturizer+Stick&_sacat=26395&rt=nc&LH_ItemCondition=3&LH_BIN=1&rt=nc&LH_PrefLoc=1
Exfoliating Toner,https://www.ebay.com/sch/i.html?_from=R40&_nkw=Exfoliating+Toner&_sacat=26395&rt=nc&LH_ItemCondition=3&LH_BIN=1&rt=nc&LH_PrefLoc=1
Anti Blemish,https://www.ebay.com/sch/i.html?_from=R40&_nkw=Anti+Blemish&_sacat=26395&rt=nc&LH_ItemCondition=3&LH_BIN=1&rt=nc&LH_PrefLoc=1
Snail toner,https://www.ebay.com/sch/i.html?_from=R40&_nkw=Snail+toner&_sacat=26395&rt=nc&LH_ItemCondition=3&LH_BIN=1&rt=nc&LH_PrefLoc=1
Calming Pack,https://www.ebay.com/sch/i.html?_from=R40&_nkw=Calming+Pack&_sacat=26395&rt=nc&LH_ItemCondition=3&LH_BIN=1&rt=nc&LH_PrefLoc=1
Stem Cell Serum,https://www.ebay.com/sch/i.html?_from=R40&_nkw=Stem+Cell+Serum&_sacat=26395&rt=nc&LH_ItemCondition=3&LH_BIN=1&rt=nc&LH_PrefLoc=1
Tanning Milk,https://www.ebay.com/sch/i.html?_from=R40&_nkw=Tanning+Milk&_sacat=26395&rt=nc&LH_ItemCondition=3&LH_BIN=1&rt=nc&LH_PrefLoc=1
Marshmallow Mask,https://www.ebay.com/sch/i.html?_from=R40&_nkw=Marshmallow+Mask&_sacat=26395&rt=nc&LH_ItemCondition=3&LH_BIN=1&rt=nc&LH_PrefLoc=1
Peptide Moisturizer,https://www.ebay.com/sch/i.html?_from=R40&_nkw=Peptide+Moisturizer&_sacat=26395&rt=nc&LH_ItemCondition=3&LH_BIN=1&rt=nc&LH_PrefLoc=1
Antiperspirant Stick,https://www.ebay.com/sch/i.html?_from=R40&_nkw=Antiperspirant+Stick&_sacat=26395&rt=nc&LH_ItemCondition=3&LH_BIN=1&rt=nc&LH_PrefLoc=1
Moisturising Balm,https://www.ebay.com/sch/i.html?_from=R40&_nkw=Moisturising+Balm&_sacat=26395&rt=nc&LH_ItemCondition=3&LH_BIN=1&rt=nc&LH_PrefLoc=1
Adult Acne,https://www.ebay.com/sch/i.html?_from=R40&_nkw=Adult+Acne&_sacat=26395&rt=nc&LH_ItemCondition=3&LH_BIN=1&rt=nc&LH_PrefLoc=1
Calming Balm,https://www.ebay.com/sch/i.html?_from=R40&_nkw=Calming+Balm&_sacat=26395&rt=nc&LH_ItemCondition=3&LH_BIN=1&rt=nc&LH_PrefLoc=1
Body Makeup,https://www.ebay.com/sch/i.html?_from=R40&_nkw=Body+Makeup&_sacat=26395&rt=nc&LH_ItemCondition=3&LH_BIN=1&rt=nc&LH_PrefLoc=1
Clear Lotion,https://www.ebay.com/sch/i.html?_from=R40&_nkw=Clear+Lotion&_sacat=26395&rt=nc&LH_ItemCondition=3&LH_BIN=1&rt=nc&LH_PrefLoc=1
Children sunscreen,https://www.ebay.com/sch/i.html?_from=R40&_nkw=Children+sunscreen&_sacat=26395&rt=nc&LH_ItemCondition=3&LH_BIN=1&rt=nc&LH_PrefLoc=1
Ashwagandha Gummies,https://www.ebay.com/sch/i.html?_from=R40&_nkw=Ashwagandha+Gummies&_sacat=26395&rt=nc&LH_ItemCondition=3&LH_BIN=1&rt=nc&LH_PrefLoc=1
Ashwagandha Supplement,https://www.ebay.com/sch/i.html?_from=R40&_nkw=Ashwagandha+Supplement&_sacat=26395&rt=nc&LH_ItemCondition=3&LH_BIN=1&rt=nc&LH_PrefLoc=1
Stress support,https://www.ebay.com/sch/i.html?_from=R40&_nkw=Stress+support&_sacat=26395&rt=nc&LH_ItemCondition=3&LH_BIN=1&rt=nc&LH_PrefLoc=1
Calcium Magnesium,https://www.ebay.com/sch/i.html?_from=R40&_nkw=Calcium+Magnesium&_sacat=26395&rt=nc&LH_ItemCondition=3&LH_BIN=1&rt=nc&LH_PrefLoc=1
Magnesium Supplement,https://www.ebay.com/sch/i.html?_from=R40&_nkw=Magnesium+Supplement&_sacat=26395&rt=nc&LH_ItemCondition=3&LH_BIN=1&rt=nc&LH_PrefLoc=1
Ashwagandha Capsules,https://www.ebay.com/sch/i.html?_from=R40&_nkw=Ashwagandha+Capsules&_sacat=26395&rt=nc&LH_ItemCondition=3&LH_BIN=1&rt=nc&LH_PrefLoc=1
Anxiety Relief,https://www.ebay.com/sch/i.html?_from=R40&_nkw=Anxiety+Relief&_sacat=26395&rt=nc&LH_ItemCondition=3&LH_BIN=1&rt=nc&LH_PrefLoc=1
Magnesium Gummies,https://www.ebay.com/sch/i.html?_from=R40&_nkw=Magnesium+Gummies&_sacat=26395&rt=nc&LH_ItemCondition=3&LH_BIN=1&rt=nc&LH_PrefLoc=1
Cortisol Balance,https://www.ebay.com/sch/i.html?_from=R40&_nkw=Cortisol+Balance&_sacat=26395&rt=nc&LH_ItemCondition=3&LH_BIN=1&rt=nc&LH_PrefLoc=1
Vitamin D3,https://www.ebay.com/sch/i.html?_from=R40&_nkw=Vitamin+D3&_sacat=26395&rt=nc&LH_ItemCondition=3&LH_BIN=1&rt=nc&LH_PrefLoc=1
Stress Relief,https://www.ebay.com/sch/i.html?_from=R40&_nkw=Stress+Relief&_sacat=26395&rt=nc&LH_ItemCondition=3&LH_BIN=1&rt=nc&LH_PrefLoc=1
Moringa Capsules,https://www.ebay.com/sch/i.html?_from=R40&_nkw=Moringa+Capsules&_sacat=26395&rt=nc&LH_ItemCondition=3&LH_BIN=1&rt=nc&LH_PrefLoc=1
Magnesium Glycinate,https://www.ebay.com/sch/i.html?_from=R40&_nkw=Magnesium+Glycinate&_sacat=26395&rt=nc&LH_ItemCondition=3&LH_BIN=1&rt=nc&LH_PrefLoc=1
Libido Supplement,https://www.ebay.com/sch/i.html?_from=R40&_nkw=Libido+Supplement&_sacat=26395&rt=nc&LH_ItemCondition=3&LH_BIN=1&rt=nc&LH_PrefLoc=1
Herbal Supplement,https://www.ebay.com/sch/i.html?_from=R40&_nkw=Herbal+Supplement&_sacat=26395&rt=nc&LH_ItemCondition=3&LH_BIN=1&rt=nc&LH_PrefLoc=1
Mood support,https://www.ebay.com/sch/i.html?_from=R40&_nkw=Mood+support&_sacat=26395&rt=nc&LH_ItemCondition=3&LH_BIN=1&rt=nc&LH_PrefLoc=1
Magnesium Supplements,https://www.ebay.com/sch/i.html?_from=R40&_nkw=Magnesium+Supplements&_sacat=26395&rt=nc&LH_ItemCondition=3&LH_BIN=1&rt=nc&LH_PrefLoc=1
Relax Support,https://www.ebay.com/sch/i.html?_from=R40&_nkw=Relax+Support&_sacat=26395&rt=nc&LH_ItemCondition=3&LH_BIN=1&rt=nc&LH_PrefLoc=1
Calcium Supplement,https://www.ebay.com/sch/i.html?_from=R40&_nkw=Calcium+Supplement&_sacat=26395&rt=nc&LH_ItemCondition=3&LH_BIN=1&rt=nc&LH_PrefLoc=1
Fertility Gummies,https://www.ebay.com/sch/i.html?_from=R40&_nkw=Fertility+Gummies&_sacat=26395&rt=nc&LH_ItemCondition=3&LH_BIN=1&rt=nc&LH_PrefLoc=1
Sleep aid,https://www.ebay.com/sch/i.html?_from=R40&_nkw=Sleep+aid&_sacat=26395&rt=nc&LH_ItemCondition=3&LH_BIN=1&rt=nc&LH_PrefLoc=1
P-5-P,https://www.ebay.com/sch/i.html?_from=R40&_nkw=P-5-P&_sacat=26395&rt=nc&LH_ItemCondition=3&LH_BIN=1&rt=nc&LH_PrefLoc=1
Testosterone Booster,https://www.ebay.com/sch/i.html?_from=R40&_nkw=Testosterone+Booster&_sacat=26395&rt=nc&LH_ItemCondition=3&LH_BIN=1&rt=nc&LH_PrefLoc=1
Inositol Capsules,https://www.ebay.com/sch/i.html?_from=R40&_nkw=Inositol+Capsules&_sacat=26395&rt=nc&LH_ItemCondition=3&LH_BIN=1&rt=nc&LH_PrefLoc=1
