Keyword,Links
Murumuru Oil,https://www.ebay.com/sch/i.html?_from=R40&_nkw=Murumuru+Oil&_sacat=26395&rt=nc&LH_ItemCondition=3&LH_BIN=1&rt=nc&LH_PrefLoc=1
Curly Spray,https://www.ebay.com/sch/i.html?_from=R40&_nkw=Curly+Spray&_sacat=26395&rt=nc&LH_ItemCondition=3&LH_BIN=1&rt=nc&LH_PrefLoc=1
Recovery Mask,https://www.ebay.com/sch/i.html?_from=R40&_nkw=Recovery+Mask&_sacat=26395&rt=nc&LH_ItemCondition=3&LH_BIN=1&rt=nc&LH_PrefLoc=1
Coconut Masque,https://www.ebay.com/sch/i.html?_from=R40&_nkw=Coconut+Masque&_sacat=26395&rt=nc&LH_ItemCondition=3&LH_BIN=1&rt=nc&LH_PrefLoc=1
Curl defining oil,https://www.ebay.com/sch/i.html?_from=R40&_nkw=Curl+defining+oil&_sacat=26395&rt=nc&LH_ItemCondition=3&LH_BIN=1&rt=nc&LH_PrefLoc=1
Afro Smoothie,https://www.ebay.com/sch/i.html?_from=R40&_nkw=Afro+Smoothie&_sacat=26395&rt=nc&LH_ItemCondition=3&LH_BIN=1&rt=nc&LH_PrefLoc=1
Moisturizing Masque,https://www.ebay.com/sch/i.html?_from=R40&_nkw=Moisturizing+Masque&_sacat=26395&rt=nc&LH_ItemCondition=3&LH_BIN=1&rt=nc&LH_PrefLoc=1
Hair Elixir,https://www.ebay.com/sch/i.html?_from=R40&_nkw=Hair+Elixir&_sacat=26395&rt=nc&LH_ItemCondition=3&LH_BIN=1&rt=nc&LH_PrefLoc=1
Amla Oil,https://www.ebay.com/sch/i.html?_from=R40&_nkw=Amla+Oil&_sacat=26395&rt=nc&LH_ItemCondition=3&LH_BIN=1&rt=nc&LH_PrefLoc=1
Repairing Mask,https://www.ebay.com/sch/i.html?_from=R40&_nkw=Repairing+Mask&_sacat=26395&rt=nc&LH_ItemCondition=3&LH_BIN=1&rt=nc&LH_PrefLoc=1
Strengthening Oil,https://www.ebay.com/sch/i.html?_from=R40&_nkw=Strengthening+Oil&_sacat=26395&rt=nc&LH_ItemCondition=3&LH_BIN=1&rt=nc&LH_PrefLoc=1
Anti-Humidity Mist,https://www.ebay.com/sch/i.html?_from=R40&_nkw=Anti-Humidity+Mist&_sacat=26395&rt=nc&LH_ItemCondition=3&LH_BIN=1&rt=nc&LH_PrefLoc=1
Wavy Hair Mask,https://www.ebay.com/sch/i.html?_from=R40&_nkw=Wavy+Hair+Mask&_sacat=26395&rt=nc&LH_ItemCondition=3&LH_BIN=1&rt=nc&LH_PrefLoc=1
Anti-Breakage Shampoo,https://www.ebay.com/sch/i.html?_from=R40&_nkw=Anti-Breakage+Shampoo&_sacat=26395&rt=nc&LH_ItemCondition=3&LH_BIN=1&rt=nc&LH_PrefLoc=1
Twist Oil,https://www.ebay.com/sch/i.html?_from=R40&_nkw=Twist+Oil&_sacat=26395&rt=nc&LH_ItemCondition=3&LH_BIN=1&rt=nc&LH_PrefLoc=1
Dreadlock Oil,https://www.ebay.com/sch/i.html?_from=R40&_nkw=Dreadlock+Oil&_sacat=26395&rt=nc&LH_ItemCondition=3&LH_BIN=1&rt=nc&LH_PrefLoc=1
Clarifying Cleanser,https://www.ebay.com/sch/i.html?_from=R40&_nkw=Clarifying+Cleanser&_sacat=26395&rt=nc&LH_ItemCondition=3&LH_BIN=1&rt=nc&LH_PrefLoc=1
Moisturizing Oil,https://www.ebay.com/sch/i.html?_from=R40&_nkw=Moisturizing+Oil&_sacat=26395&rt=nc&LH_ItemCondition=3&LH_BIN=1&rt=nc&LH_PrefLoc=1
Scalp Mask,https://www.ebay.com/sch/i.html?_from=R40&_nkw=Scalp+Mask&_sacat=26395&rt=nc&LH_ItemCondition=3&LH_BIN=1&rt=nc&LH_PrefLoc=1
Balm Mask,https://www.ebay.com/sch/i.html?_from=R40&_nkw=Balm+Mask&_sacat=26395&rt=nc&LH_ItemCondition=3&LH_BIN=1&rt=nc&LH_PrefLoc=1
Baby Hair Oil,https://www.ebay.com/sch/i.html?_from=R40&_nkw=Baby+Hair+Oil&_sacat=26395&rt=nc&LH_ItemCondition=3&LH_BIN=1&rt=nc&LH_PrefLoc=1
Chebe Butter,https://www.ebay.com/sch/i.html?_from=R40&_nkw=Chebe+Butter&_sacat=26395&rt=nc&LH_ItemCondition=3&LH_BIN=1&rt=nc&LH_PrefLoc=1
Locs oil,https://www.ebay.com/sch/i.html?_from=R40&_nkw=Locs+oil&_sacat=26395&rt=nc&LH_ItemCondition=3&LH_BIN=1&rt=nc&LH_PrefLoc=1
Onion Hair Oil,https://www.ebay.com/sch/i.html?_from=R40&_nkw=Onion+Hair+Oil&_sacat=26395&rt=nc&LH_ItemCondition=3&LH_BIN=1&rt=nc&LH_PrefLoc=1
Healing Hair Oil,https://www.ebay.com/sch/i.html?_from=R40&_nkw=Healing+Hair+Oil&_sacat=26395&rt=nc&LH_ItemCondition=3&LH_BIN=1&rt=nc&LH_PrefLoc=1
Hydrating Hair Oil,https://www.ebay.com/sch/i.html?_from=R40&_nkw=Hydrating+Hair+Oil&_sacat=26395&rt=nc&LH_ItemCondition=3&LH_BIN=1&rt=nc&LH_PrefLoc=1
Hydrating Hair Mask,https://www.ebay.com/sch/i.html?_from=R40&_nkw=Hydrating+Hair+Mask&_sacat=26395&rt=nc&LH_ItemCondition=3&LH_BIN=1&rt=nc&LH_PrefLoc=1
Pumpkin Seed Oil,https://www.ebay.com/sch/i.html?_from=R40&_nkw=Pumpkin+Seed+Oil&_sacat=26395&rt=nc&LH_ItemCondition=3&LH_BIN=1&rt=nc&LH_PrefLoc=1
Cocoa Curl,https://www.ebay.com/sch/i.html?_from=R40&_nkw=Cocoa+Curl&_sacat=26395&rt=nc&LH_ItemCondition=3&LH_BIN=1&rt=nc&LH_PrefLoc=1
Pressing oil,https://www.ebay.com/sch/i.html?_from=R40&_nkw=Pressing+oil&_sacat=26395&rt=nc&LH_ItemCondition=3&LH_BIN=1&rt=nc&LH_PrefLoc=1
Biotin Hair Oil,https://www.ebay.com/sch/i.html?_from=R40&_nkw=Biotin+Hair+Oil&_sacat=26395&rt=nc&LH_ItemCondition=3&LH_BIN=1&rt=nc&LH_PrefLoc=1
Pumpkin Oil,https://www.ebay.com/sch/i.html?_from=R40&_nkw=Pumpkin+Oil&_sacat=26395&rt=nc&LH_ItemCondition=3&LH_BIN=1&rt=nc&LH_PrefLoc=1
Leave-In Mask,https://www.ebay.com/sch/i.html?_from=R40&_nkw=Leave-In+Mask&_sacat=26395&rt=nc&LH_ItemCondition=3&LH_BIN=1&rt=nc&LH_PrefLoc=1
Multi Purpose Oil,https://www.ebay.com/sch/i.html?_from=R40&_nkw=Multi+Purpose+Oil&_sacat=26395&rt=nc&LH_ItemCondition=3&LH_BIN=1&rt=nc&LH_PrefLoc=1
Blueberry Hair Mask,https://www.ebay.com/sch/i.html?_from=R40&_nkw=Blueberry+Hair+Mask&_sacat=26395&rt=nc&LH_ItemCondition=3&LH_BIN=1&rt=nc&LH_PrefLoc=1
Avocado Hair Oil,https://www.ebay.com/sch/i.html?_from=R40&_nkw=Avocado+Hair+Oil&_sacat=26395&rt=nc&LH_ItemCondition=3&LH_BIN=1&rt=nc&LH_PrefLoc=1
Moringa Oil,https://www.ebay.com/sch/i.html?_from=R40&_nkw=Moringa+Oil&_sacat=26395&rt=nc&LH_ItemCondition=3&LH_BIN=1&rt=nc&LH_PrefLoc=1
Curl Texturizer,https://www.ebay.com/sch/i.html?_from=R40&_nkw=Curl+Texturizer&_sacat=26395&rt=nc&LH_ItemCondition=3&LH_BIN=1&rt=nc&LH_PrefLoc=1
Smoothing Oil,https://www.ebay.com/sch/i.html?_from=R40&_nkw=Smoothing+Oil&_sacat=26395&rt=nc&LH_ItemCondition=3&LH_BIN=1&rt=nc&LH_PrefLoc=1
Texture softener,https://www.ebay.com/sch/i.html?_from=R40&_nkw=Texture+softener&_sacat=26395&rt=nc&LH_ItemCondition=3&LH_BIN=1&rt=nc&LH_PrefLoc=1
Curl revive,https://www.ebay.com/sch/i.html?_from=R40&_nkw=Curl+revive&_sacat=26395&rt=nc&LH_ItemCondition=3&LH_BIN=1&rt=nc&LH_PrefLoc=1
Deep Moisturizing,https://www.ebay.com/sch/i.html?_from=R40&_nkw=Deep+Moisturizing&_sacat=26395&rt=nc&LH_ItemCondition=3&LH_BIN=1&rt=nc&LH_PrefLoc=1
Hydrating Butter,https://www.ebay.com/sch/i.html?_from=R40&_nkw=Hydrating+Butter&_sacat=26395&rt=nc&LH_ItemCondition=3&LH_BIN=1&rt=nc&LH_PrefLoc=1
Neem oil,https://www.ebay.com/sch/i.html?_from=R40&_nkw=Neem+oil&_sacat=26395&rt=nc&LH_ItemCondition=3&LH_BIN=1&rt=nc&LH_PrefLoc=1
Culture Mask,https://www.ebay.com/sch/i.html?_from=R40&_nkw=Culture+Mask&_sacat=26395&rt=nc&LH_ItemCondition=3&LH_BIN=1&rt=nc&LH_PrefLoc=1
Phenomenal Oil,https://www.ebay.com/sch/i.html?_from=R40&_nkw=Phenomenal+Oil&_sacat=26395&rt=nc&LH_ItemCondition=3&LH_BIN=1&rt=nc&LH_PrefLoc=1
Ginger Oil,https://www.ebay.com/sch/i.html?_from=R40&_nkw=Ginger+Oil&_sacat=26395&rt=nc&LH_ItemCondition=3&LH_BIN=1&rt=nc&LH_PrefLoc=1
Moisture Booster,https://www.ebay.com/sch/i.html?_from=R40&_nkw=Moisture+Booster&_sacat=26395&rt=nc&LH_ItemCondition=3&LH_BIN=1&rt=nc&LH_PrefLoc=1
Growth oil,https://www.ebay.com/sch/i.html?_from=R40&_nkw=Growth+oil&_sacat=26395&rt=nc&LH_ItemCondition=3&LH_BIN=1&rt=nc&LH_PrefLoc=1
Curly Hair Oil,https://www.ebay.com/sch/i.html?_from=R40&_nkw=Curly+Hair+Oil&_sacat=26395&rt=nc&LH_ItemCondition=3&LH_BIN=1&rt=nc&LH_PrefLoc=1
