Keyword,Links
Low Carb Snacks,https://www.ebay.com/sch/i.html?_from=R40&_nkw=Low+Carb+Snacks&_sacat=26395&rt=nc&LH_ItemCondition=3&LH_BIN=1&rt=nc&LH_PrefLoc=1
Chocolate Caramel,https://www.ebay.com/sch/i.html?_from=R40&_nkw=Chocolate+Caramel&_sacat=26395&rt=nc&LH_ItemCondition=3&LH_BIN=1&rt=nc&LH_PrefLoc=1
Lean Agent,https://www.ebay.com/sch/i.html?_from=R40&_nkw=Lean+Agent&_sacat=26395&rt=nc&LH_ItemCondition=3&LH_BIN=1&rt=nc&LH_PrefLoc=1
Protein drinks,https://www.ebay.com/sch/i.html?_from=R40&_nkw=Protein+drinks&_sacat=26395&rt=nc&LH_ItemCondition=3&LH_BIN=1&rt=nc&LH_PrefLoc=1
Apple Pie Bites,https://www.ebay.com/sch/i.html?_from=R40&_nkw=Apple+Pie+Bites&_sacat=26395&rt=nc&LH_ItemCondition=3&LH_BIN=1&rt=nc&LH_PrefLoc=1
Oral Supplement,https://www.ebay.com/sch/i.html?_from=R40&_nkw=Oral+Supplement&_sacat=26395&rt=nc&LH_ItemCondition=3&LH_BIN=1&rt=nc&LH_PrefLoc=1
Almond Clusters,https://www.ebay.com/sch/i.html?_from=R40&_nkw=Almond+Clusters&_sacat=26395&rt=nc&LH_ItemCondition=3&LH_BIN=1&rt=nc&LH_PrefLoc=1
Keto Chocolate,https://www.ebay.com/sch/i.html?_from=R40&_nkw=Keto+Chocolate&_sacat=26395&rt=nc&LH_ItemCondition=3&LH_BIN=1&rt=nc&LH_PrefLoc=1
Predigested Protein,https://www.ebay.com/sch/i.html?_from=R40&_nkw=Predigested+Protein&_sacat=26395&rt=nc&LH_ItemCondition=3&LH_BIN=1&rt=nc&LH_PrefLoc=1
Salted Caramel Bars,https://www.ebay.com/sch/i.html?_from=R40&_nkw=Salted+Caramel+Bars&_sacat=26395&rt=nc&LH_ItemCondition=3&LH_BIN=1&rt=nc&LH_PrefLoc=1
Strawberry Pastry,https://www.ebay.com/sch/i.html?_from=R40&_nkw=Strawberry+Pastry&_sacat=26395&rt=nc&LH_ItemCondition=3&LH_BIN=1&rt=nc&LH_PrefLoc=1
Grilled Chicken,https://www.ebay.com/sch/i.html?_from=R40&_nkw=Grilled+Chicken&_sacat=26395&rt=nc&LH_ItemCondition=3&LH_BIN=1&rt=nc&LH_PrefLoc=1
Breakfast essentials,https://www.ebay.com/sch/i.html?_from=R40&_nkw=Breakfast+essentials&_sacat=26395&rt=nc&LH_ItemCondition=3&LH_BIN=1&rt=nc&LH_PrefLoc=1
Diabetes Shake,https://www.ebay.com/sch/i.html?_from=R40&_nkw=Diabetes+Shake&_sacat=26395&rt=nc&LH_ItemCondition=3&LH_BIN=1&rt=nc&LH_PrefLoc=1
Oatmeal Cookie,https://www.ebay.com/sch/i.html?_from=R40&_nkw=Oatmeal+Cookie&_sacat=26395&rt=nc&LH_ItemCondition=3&LH_BIN=1&rt=nc&LH_PrefLoc=1
Breakfast Muffin,https://www.ebay.com/sch/i.html?_from=R40&_nkw=Breakfast+Muffin&_sacat=26395&rt=nc&LH_ItemCondition=3&LH_BIN=1&rt=nc&LH_PrefLoc=1
Glucose Drink,https://www.ebay.com/sch/i.html?_from=R40&_nkw=Glucose+Drink&_sacat=26395&rt=nc&LH_ItemCondition=3&LH_BIN=1&rt=nc&LH_PrefLoc=1
Keto Snack,https://www.ebay.com/sch/i.html?_from=R40&_nkw=Keto+Snack&_sacat=26395&rt=nc&LH_ItemCondition=3&LH_BIN=1&rt=nc&LH_PrefLoc=1
Wound Healing,https://www.ebay.com/sch/i.html?_from=R40&_nkw=Wound+Healing&_sacat=26395&rt=nc&LH_ItemCondition=3&LH_BIN=1&rt=nc&LH_PrefLoc=1
Energy gel,https://www.ebay.com/sch/i.html?_from=R40&_nkw=Energy+gel&_sacat=26395&rt=nc&LH_ItemCondition=3&LH_BIN=1&rt=nc&LH_PrefLoc=1
Weight Loss Bars,https://www.ebay.com/sch/i.html?_from=R40&_nkw=Weight+Loss+Bars&_sacat=26395&rt=nc&LH_ItemCondition=3&LH_BIN=1&rt=nc&LH_PrefLoc=1
Lemon Lozenges,https://www.ebay.com/sch/i.html?_from=R40&_nkw=Lemon+Lozenges&_sacat=26395&rt=nc&LH_ItemCondition=3&LH_BIN=1&rt=nc&LH_PrefLoc=1
Fiber formula,https://www.ebay.com/sch/i.html?_from=R40&_nkw=Fiber+formula&_sacat=26395&rt=nc&LH_ItemCondition=3&LH_BIN=1&rt=nc&LH_PrefLoc=1
Superfood Shake,https://www.ebay.com/sch/i.html?_from=R40&_nkw=Superfood+Shake&_sacat=26395&rt=nc&LH_ItemCondition=3&LH_BIN=1&rt=nc&LH_PrefLoc=1
Strawberry Shake,https://www.ebay.com/sch/i.html?_from=R40&_nkw=Strawberry+Shake&_sacat=26395&rt=nc&LH_ItemCondition=3&LH_BIN=1&rt=nc&LH_PrefLoc=1
Ready to Drink,https://www.ebay.com/sch/i.html?_from=R40&_nkw=Ready+to+Drink&_sacat=26395&rt=nc&LH_ItemCondition=3&LH_BIN=1&rt=nc&LH_PrefLoc=1
Nutritional Supplement,https://www.ebay.com/sch/i.html?_from=R40&_nkw=Nutritional+Supplement&_sacat=26395&rt=nc&LH_ItemCondition=3&LH_BIN=1&rt=nc&LH_PrefLoc=1
Keto Supplements,https://www.ebay.com/sch/i.html?_from=R40&_nkw=Keto+Supplements&_sacat=26395&rt=nc&LH_ItemCondition=3&LH_BIN=1&rt=nc&LH_PrefLoc=1
Peanut Snack,https://www.ebay.com/sch/i.html?_from=R40&_nkw=Peanut+Snack&_sacat=26395&rt=nc&LH_ItemCondition=3&LH_BIN=1&rt=nc&LH_PrefLoc=1
Mint Chocolate,https://www.ebay.com/sch/i.html?_from=R40&_nkw=Mint+Chocolate&_sacat=26395&rt=nc&LH_ItemCondition=3&LH_BIN=1&rt=nc&LH_PrefLoc=1
Amino Balance,https://www.ebay.com/sch/i.html?_from=R40&_nkw=Amino+Balance&_sacat=26395&rt=nc&LH_ItemCondition=3&LH_BIN=1&rt=nc&LH_PrefLoc=1
Therapeutic Nutrition,https://www.ebay.com/sch/i.html?_from=R40&_nkw=Therapeutic+Nutrition&_sacat=26395&rt=nc&LH_ItemCondition=3&LH_BIN=1&rt=nc&LH_PrefLoc=1
Nut Bars,https://www.ebay.com/sch/i.html?_from=R40&_nkw=Nut+Bars&_sacat=26395&rt=nc&LH_ItemCondition=3&LH_BIN=1&rt=nc&LH_PrefLoc=1
Health drink,https://www.ebay.com/sch/i.html?_from=R40&_nkw=Health+drink&_sacat=26395&rt=nc&LH_ItemCondition=3&LH_BIN=1&rt=nc&LH_PrefLoc=1
Raspberry Energy,https://www.ebay.com/sch/i.html?_from=R40&_nkw=Raspberry+Energy&_sacat=26395&rt=nc&LH_ItemCondition=3&LH_BIN=1&rt=nc&LH_PrefLoc=1
Blueberry Pomegranate,https://www.ebay.com/sch/i.html?_from=R40&_nkw=Blueberry+Pomegranate&_sacat=26395&rt=nc&LH_ItemCondition=3&LH_BIN=1&rt=nc&LH_PrefLoc=1
Belly Burner,https://www.ebay.com/sch/i.html?_from=R40&_nkw=Belly+Burner&_sacat=26395&rt=nc&LH_ItemCondition=3&LH_BIN=1&rt=nc&LH_PrefLoc=1
Chocolate shake,https://www.ebay.com/sch/i.html?_from=R40&_nkw=Chocolate+shake&_sacat=26395&rt=nc&LH_ItemCondition=3&LH_BIN=1&rt=nc&LH_PrefLoc=1
Amino Powder,https://www.ebay.com/sch/i.html?_from=R40&_nkw=Amino+Powder&_sacat=26395&rt=nc&LH_ItemCondition=3&LH_BIN=1&rt=nc&LH_PrefLoc=1
Nacho Chips,https://www.ebay.com/sch/i.html?_from=R40&_nkw=Nacho+Chips&_sacat=26395&rt=nc&LH_ItemCondition=3&LH_BIN=1&rt=nc&LH_PrefLoc=1
Probiotic Weight,https://www.ebay.com/sch/i.html?_from=R40&_nkw=Probiotic+Weight&_sacat=26395&rt=nc&LH_ItemCondition=3&LH_BIN=1&rt=nc&LH_PrefLoc=1
Keto Capsules,https://www.ebay.com/sch/i.html?_from=R40&_nkw=Keto+Capsules&_sacat=26395&rt=nc&LH_ItemCondition=3&LH_BIN=1&rt=nc&LH_PrefLoc=1
Balanced Nutrition,https://www.ebay.com/sch/i.html?_from=R40&_nkw=Balanced+Nutrition&_sacat=26395&rt=nc&LH_ItemCondition=3&LH_BIN=1&rt=nc&LH_PrefLoc=1
Protein smoothies,https://www.ebay.com/sch/i.html?_from=R40&_nkw=Protein+smoothies&_sacat=26395&rt=nc&LH_ItemCondition=3&LH_BIN=1&rt=nc&LH_PrefLoc=1
Caffeinated Chews,https://www.ebay.com/sch/i.html?_from=R40&_nkw=Caffeinated+Chews&_sacat=26395&rt=nc&LH_ItemCondition=3&LH_BIN=1&rt=nc&LH_PrefLoc=1
Vanilla Almond,https://www.ebay.com/sch/i.html?_from=R40&_nkw=Vanilla+Almond&_sacat=26395&rt=nc&LH_ItemCondition=3&LH_BIN=1&rt=nc&LH_PrefLoc=1
Nutritional Drink,https://www.ebay.com/sch/i.html?_from=R40&_nkw=Nutritional+Drink&_sacat=26395&rt=nc&LH_ItemCondition=3&LH_BIN=1&rt=nc&LH_PrefLoc=1
Tube feeding,https://www.ebay.com/sch/i.html?_from=R40&_nkw=Tube+feeding&_sacat=26395&rt=nc&LH_ItemCondition=3&LH_BIN=1&rt=nc&LH_PrefLoc=1
Nutritional shakes,https://www.ebay.com/sch/i.html?_from=R40&_nkw=Nutritional+shakes&_sacat=26395&rt=nc&LH_ItemCondition=3&LH_BIN=1&rt=nc&LH_PrefLoc=1
S'mores Bars,https://www.ebay.com/sch/i.html?_from=R40&_nkw=S'mores+Bars&_sacat=26395&rt=nc&LH_ItemCondition=3&LH_BIN=1&rt=nc&LH_PrefLoc=1
