Keyword,Links
Acrylic Nail Tips,https://www.ebay.com/sch/i.html?_from=R40&_nkw=Acrylic+Nail+Tips&_sacat=26395&rt=nc&LH_ItemCondition=3&LH_BIN=1&rt=nc&LH_PrefLoc=1
Acrylic Practice,https://www.ebay.com/sch/i.html?_from=R40&_nkw=Acrylic+Practice&_sacat=26395&rt=nc&LH_ItemCondition=3&LH_BIN=1&rt=nc&LH_PrefLoc=1
Manicure Hand,https://www.ebay.com/sch/i.html?_from=R40&_nkw=Manicure+Hand&_sacat=26395&rt=nc&LH_ItemCondition=3&LH_BIN=1&rt=nc&LH_PrefLoc=1
Good Glinda,https://www.ebay.com/sch/i.html?_from=R40&_nkw=Good+Glinda&_sacat=26395&rt=nc&LH_ItemCondition=3&LH_BIN=1&rt=nc&LH_PrefLoc=1
Green press-ons,https://www.ebay.com/sch/i.html?_from=R40&_nkw=Green+press-ons&_sacat=26395&rt=nc&LH_ItemCondition=3&LH_BIN=1&rt=nc&LH_PrefLoc=1
Blackberry Gel,https://www.ebay.com/sch/i.html?_from=R40&_nkw=Blackberry+Gel&_sacat=26395&rt=nc&LH_ItemCondition=3&LH_BIN=1&rt=nc&LH_PrefLoc=1
Shimmery Nail Polish,https://www.ebay.com/sch/i.html?_from=R40&_nkw=Shimmery+Nail+Polish&_sacat=26395&rt=nc&LH_ItemCondition=3&LH_BIN=1&rt=nc&LH_PrefLoc=1
Ergonomic Nail Clipper,https://www.ebay.com/sch/i.html?_from=R40&_nkw=Ergonomic+Nail+Clipper&_sacat=26395&rt=nc&LH_ItemCondition=3&LH_BIN=1&rt=nc&LH_PrefLoc=1
Acrylic Nail,https://www.ebay.com/sch/i.html?_from=R40&_nkw=Acrylic+Nail&_sacat=26395&rt=nc&LH_ItemCondition=3&LH_BIN=1&rt=nc&LH_PrefLoc=1
Nail Top Coat,https://www.ebay.com/sch/i.html?_from=R40&_nkw=Nail+Top+Coat&_sacat=26395&rt=nc&LH_ItemCondition=3&LH_BIN=1&rt=nc&LH_PrefLoc=1
Brave Hearts,https://www.ebay.com/sch/i.html?_from=R40&_nkw=Brave+Hearts&_sacat=26395&rt=nc&LH_ItemCondition=3&LH_BIN=1&rt=nc&LH_PrefLoc=1
Food tongs,https://www.ebay.com/sch/i.html?_from=R40&_nkw=Food+tongs&_sacat=26395&rt=nc&LH_ItemCondition=3&LH_BIN=1&rt=nc&LH_PrefLoc=1
French Coffin,https://www.ebay.com/sch/i.html?_from=R40&_nkw=French+Coffin&_sacat=26395&rt=nc&LH_ItemCondition=3&LH_BIN=1&rt=nc&LH_PrefLoc=1
Kids Nail Polish,https://www.ebay.com/sch/i.html?_from=R40&_nkw=Kids+Nail+Polish&_sacat=26395&rt=nc&LH_ItemCondition=3&LH_BIN=1&rt=nc&LH_PrefLoc=1
Nail Bond,https://www.ebay.com/sch/i.html?_from=R40&_nkw=Nail+Bond&_sacat=26395&rt=nc&LH_ItemCondition=3&LH_BIN=1&rt=nc&LH_PrefLoc=1
Polka Dot Nails,https://www.ebay.com/sch/i.html?_from=R40&_nkw=Polka+Dot+Nails&_sacat=26395&rt=nc&LH_ItemCondition=3&LH_BIN=1&rt=nc&LH_PrefLoc=1
Manicure Kit,https://www.ebay.com/sch/i.html?_from=R40&_nkw=Manicure+Kit&_sacat=26395&rt=nc&LH_ItemCondition=3&LH_BIN=1&rt=nc&LH_PrefLoc=1
Frosty Nails,https://www.ebay.com/sch/i.html?_from=R40&_nkw=Frosty+Nails&_sacat=26395&rt=nc&LH_ItemCondition=3&LH_BIN=1&rt=nc&LH_PrefLoc=1
Halloween nail stickers,https://www.ebay.com/sch/i.html?_from=R40&_nkw=Halloween+nail+stickers&_sacat=26395&rt=nc&LH_ItemCondition=3&LH_BIN=1&rt=nc&LH_PrefLoc=1
Dazzle Nails,https://www.ebay.com/sch/i.html?_from=R40&_nkw=Dazzle+Nails&_sacat=26395&rt=nc&LH_ItemCondition=3&LH_BIN=1&rt=nc&LH_PrefLoc=1
Tokyo Nail,https://www.ebay.com/sch/i.html?_from=R40&_nkw=Tokyo+Nail&_sacat=26395&rt=nc&LH_ItemCondition=3&LH_BIN=1&rt=nc&LH_PrefLoc=1
Soak-Off Polish,https://www.ebay.com/sch/i.html?_from=R40&_nkw=Soak-Off+Polish&_sacat=26395&rt=nc&LH_ItemCondition=3&LH_BIN=1&rt=nc&LH_PrefLoc=1
Green nails,https://www.ebay.com/sch/i.html?_from=R40&_nkw=Green+nails&_sacat=26395&rt=nc&LH_ItemCondition=3&LH_BIN=1&rt=nc&LH_PrefLoc=1
Nail Brushes,https://www.ebay.com/sch/i.html?_from=R40&_nkw=Nail+Brushes&_sacat=26395&rt=nc&LH_ItemCondition=3&LH_BIN=1&rt=nc&LH_PrefLoc=1
Nail Grinder,https://www.ebay.com/sch/i.html?_from=R40&_nkw=Nail+Grinder&_sacat=26395&rt=nc&LH_ItemCondition=3&LH_BIN=1&rt=nc&LH_PrefLoc=1
Champagne Polish,https://www.ebay.com/sch/i.html?_from=R40&_nkw=Champagne+Polish&_sacat=26395&rt=nc&LH_ItemCondition=3&LH_BIN=1&rt=nc&LH_PrefLoc=1
Long Lasting,https://www.ebay.com/sch/i.html?_from=R40&_nkw=Long+Lasting&_sacat=26395&rt=nc&LH_ItemCondition=3&LH_BIN=1&rt=nc&LH_PrefLoc=1
Plaid Nails,https://www.ebay.com/sch/i.html?_from=R40&_nkw=Plaid+Nails&_sacat=26395&rt=nc&LH_ItemCondition=3&LH_BIN=1&rt=nc&LH_PrefLoc=1
Pink Fake Nails,https://www.ebay.com/sch/i.html?_from=R40&_nkw=Pink+Fake+Nails&_sacat=26395&rt=nc&LH_ItemCondition=3&LH_BIN=1&rt=nc&LH_PrefLoc=1
Midnight Moscow,https://www.ebay.com/sch/i.html?_from=R40&_nkw=Midnight+Moscow&_sacat=26395&rt=nc&LH_ItemCondition=3&LH_BIN=1&rt=nc&LH_PrefLoc=1
Chihuahua Nail,https://www.ebay.com/sch/i.html?_from=R40&_nkw=Chihuahua+Nail&_sacat=26395&rt=nc&LH_ItemCondition=3&LH_BIN=1&rt=nc&LH_PrefLoc=1
Toe Nail Clippers,https://www.ebay.com/sch/i.html?_from=R40&_nkw=Toe+Nail+Clippers&_sacat=26395&rt=nc&LH_ItemCondition=3&LH_BIN=1&rt=nc&LH_PrefLoc=1
Stiletto Nail Tips,https://www.ebay.com/sch/i.html?_from=R40&_nkw=Stiletto+Nail+Tips&_sacat=26395&rt=nc&LH_ItemCondition=3&LH_BIN=1&rt=nc&LH_PrefLoc=1
Gel Top Coat,https://www.ebay.com/sch/i.html?_from=R40&_nkw=Gel+Top+Coat&_sacat=26395&rt=nc&LH_ItemCondition=3&LH_BIN=1&rt=nc&LH_PrefLoc=1
Wonderfullest Nail,https://www.ebay.com/sch/i.html?_from=R40&_nkw=Wonderfullest+Nail&_sacat=26395&rt=nc&LH_ItemCondition=3&LH_BIN=1&rt=nc&LH_PrefLoc=1
Pearl Nails,https://www.ebay.com/sch/i.html?_from=R40&_nkw=Pearl+Nails&_sacat=26395&rt=nc&LH_ItemCondition=3&LH_BIN=1&rt=nc&LH_PrefLoc=1
Purple Daisy Nails,https://www.ebay.com/sch/i.html?_from=R40&_nkw=Purple+Daisy+Nails&_sacat=26395&rt=nc&LH_ItemCondition=3&LH_BIN=1&rt=nc&LH_PrefLoc=1
Christmas Nails,https://www.ebay.com/sch/i.html?_from=R40&_nkw=Christmas+Nails&_sacat=26395&rt=nc&LH_ItemCondition=3&LH_BIN=1&rt=nc&LH_PrefLoc=1
Unicorn Nails,https://www.ebay.com/sch/i.html?_from=R40&_nkw=Unicorn+Nails&_sacat=26395&rt=nc&LH_ItemCondition=3&LH_BIN=1&rt=nc&LH_PrefLoc=1
Black Nail Polish,https://www.ebay.com/sch/i.html?_from=R40&_nkw=Black+Nail+Polish&_sacat=26395&rt=nc&LH_ItemCondition=3&LH_BIN=1&rt=nc&LH_PrefLoc=1
Nail System,https://www.ebay.com/sch/i.html?_from=R40&_nkw=Nail+System&_sacat=26395&rt=nc&LH_ItemCondition=3&LH_BIN=1&rt=nc&LH_PrefLoc=1
Toenail remover,https://www.ebay.com/sch/i.html?_from=R40&_nkw=Toenail+remover&_sacat=26395&rt=nc&LH_ItemCondition=3&LH_BIN=1&rt=nc&LH_PrefLoc=1
French Stiletto,https://www.ebay.com/sch/i.html?_from=R40&_nkw=French+Stiletto&_sacat=26395&rt=nc&LH_ItemCondition=3&LH_BIN=1&rt=nc&LH_PrefLoc=1
Heavy Duty Nail Clippers,https://www.ebay.com/sch/i.html?_from=R40&_nkw=Heavy+Duty+Nail+Clippers&_sacat=26395&rt=nc&LH_ItemCondition=3&LH_BIN=1&rt=nc&LH_PrefLoc=1
Nail Sander,https://www.ebay.com/sch/i.html?_from=R40&_nkw=Nail+Sander&_sacat=26395&rt=nc&LH_ItemCondition=3&LH_BIN=1&rt=nc&LH_PrefLoc=1
Quick Dry Topcoat,https://www.ebay.com/sch/i.html?_from=R40&_nkw=Quick+Dry+Topcoat&_sacat=26395&rt=nc&LH_ItemCondition=3&LH_BIN=1&rt=nc&LH_PrefLoc=1
Press-On Toenails,https://www.ebay.com/sch/i.html?_from=R40&_nkw=Press-On+Toenails&_sacat=26395&rt=nc&LH_ItemCondition=3&LH_BIN=1&rt=nc&LH_PrefLoc=1
Hydrating Filler,https://www.ebay.com/sch/i.html?_from=R40&_nkw=Hydrating+Filler&_sacat=26395&rt=nc&LH_ItemCondition=3&LH_BIN=1&rt=nc&LH_PrefLoc=1
Witch Nail,https://www.ebay.com/sch/i.html?_from=R40&_nkw=Witch+Nail&_sacat=26395&rt=nc&LH_ItemCondition=3&LH_BIN=1&rt=nc&LH_PrefLoc=1
Pegboard Organizer,https://www.ebay.com/sch/i.html?_from=R40&_nkw=Pegboard+Organizer&_sacat=26395&rt=nc&LH_ItemCondition=3&LH_BIN=1&rt=nc&LH_PrefLoc=1
