Keyword,Links
Shiitake Tablets,https://www.amazon.com/s?k=Shiitake+Tablets&i=hpc&s=exact-aware-popularity-rank&ref=sr_st_exact-aware-popularity-rank
Cordyceps powder,https://www.amazon.com/s?k=Cordyceps+powder&i=hpc&s=exact-aware-popularity-rank&ref=sr_st_exact-aware-popularity-rank
Berry superfood,https://www.amazon.com/s?k=Berry+superfood&i=hpc&s=exact-aware-popularity-rank&ref=sr_st_exact-aware-popularity-rank
Greens Superfood,https://www.amazon.com/s?k=Greens+Superfood&i=hpc&s=exact-aware-popularity-rank&ref=sr_st_exact-aware-popularity-rank
Liquid Multivitamin,https://www.amazon.com/s?k=Liquid+Multivitamin&i=hpc&s=exact-aware-popularity-rank&ref=sr_st_exact-aware-popularity-rank
Manuka Honey,https://www.amazon.com/s?k=Manuka+Honey&i=hpc&s=exact-aware-popularity-rank&ref=sr_st_exact-aware-popularity-rank
Organic Energizer,https://www.amazon.com/s?k=Organic+Energizer&i=hpc&s=exact-aware-popularity-rank&ref=sr_st_exact-aware-popularity-rank
Chocolate supplement,https://www.amazon.com/s?k=Chocolate+supplement&i=hpc&s=exact-aware-popularity-rank&ref=sr_st_exact-aware-popularity-rank
Stamina Supplement,https://www.amazon.com/s?k=Stamina+Supplement&i=hpc&s=exact-aware-popularity-rank&ref=sr_st_exact-aware-popularity-rank
Cocoa Mushrooms,https://www.amazon.com/s?k=Cocoa+Mushrooms&i=hpc&s=exact-aware-popularity-rank&ref=sr_st_exact-aware-popularity-rank
Berry drink,https://www.amazon.com/s?k=Berry+drink&i=hpc&s=exact-aware-popularity-rank&ref=sr_st_exact-aware-popularity-rank
Lion's Mane Kit,https://www.amazon.com/s?k=Lion's+Mane+Kit&i=hpc&s=exact-aware-popularity-rank&ref=sr_st_exact-aware-popularity-rank
Goji Berries,https://www.amazon.com/s?k=Goji+Berries&i=hpc&s=exact-aware-popularity-rank&ref=sr_st_exact-aware-popularity-rank
Mesima Capsules,https://www.amazon.com/s?k=Mesima+Capsules&i=hpc&s=exact-aware-popularity-rank&ref=sr_st_exact-aware-popularity-rank
Debloat Powder,https://www.amazon.com/s?k=Debloat+Powder&i=hpc&s=exact-aware-popularity-rank&ref=sr_st_exact-aware-popularity-rank
Digestion Powder,https://www.amazon.com/s?k=Digestion+Powder&i=hpc&s=exact-aware-popularity-rank&ref=sr_st_exact-aware-popularity-rank
Celery Powder,https://www.amazon.com/s?k=Celery+Powder&i=hpc&s=exact-aware-popularity-rank&ref=sr_st_exact-aware-popularity-rank
Strawberry Sea Moss,https://www.amazon.com/s?k=Strawberry+Sea+Moss&i=hpc&s=exact-aware-popularity-rank&ref=sr_st_exact-aware-popularity-rank
Biotin Chewables,https://www.amazon.com/s?k=Biotin+Chewables&i=hpc&s=exact-aware-popularity-rank&ref=sr_st_exact-aware-popularity-rank
Antioxidant Powder,https://www.amazon.com/s?k=Antioxidant+Powder&i=hpc&s=exact-aware-popularity-rank&ref=sr_st_exact-aware-popularity-rank
Vitality Bundle,https://www.amazon.com/s?k=Vitality+Bundle&i=hpc&s=exact-aware-popularity-rank&ref=sr_st_exact-aware-popularity-rank
Mullein Tincture,https://www.amazon.com/s?k=Mullein+Tincture&i=hpc&s=exact-aware-popularity-rank&ref=sr_st_exact-aware-popularity-rank
Lung Cleanse,https://www.amazon.com/s?k=Lung+Cleanse&i=hpc&s=exact-aware-popularity-rank&ref=sr_st_exact-aware-popularity-rank
Kidney Probiotic,https://www.amazon.com/s?k=Kidney+Probiotic&i=hpc&s=exact-aware-popularity-rank&ref=sr_st_exact-aware-popularity-rank
Purple Yarn,https://www.amazon.com/s?k=Purple+Yarn&i=hpc&s=exact-aware-popularity-rank&ref=sr_st_exact-aware-popularity-rank
Daily greens,https://www.amazon.com/s?k=Daily+greens&i=hpc&s=exact-aware-popularity-rank&ref=sr_st_exact-aware-popularity-rank
Green juice,https://www.amazon.com/s?k=Green+juice&i=hpc&s=exact-aware-popularity-rank&ref=sr_st_exact-aware-popularity-rank
Wheatgrass Powder,https://www.amazon.com/s?k=Wheatgrass+Powder&i=hpc&s=exact-aware-popularity-rank&ref=sr_st_exact-aware-popularity-rank
Organic Chlorella,https://www.amazon.com/s?k=Organic+Chlorella&i=hpc&s=exact-aware-popularity-rank&ref=sr_st_exact-aware-popularity-rank
Cordyceps supplement,https://www.amazon.com/s?k=Cordyceps+supplement&i=hpc&s=exact-aware-popularity-rank&ref=sr_st_exact-aware-popularity-rank
Chlorella Spirulina,https://www.amazon.com/s?k=Chlorella+Spirulina&i=hpc&s=exact-aware-popularity-rank&ref=sr_st_exact-aware-popularity-rank
Moringa Powder,https://www.amazon.com/s?k=Moringa+Powder&i=hpc&s=exact-aware-popularity-rank&ref=sr_st_exact-aware-popularity-rank
Maca support,https://www.amazon.com/s?k=Maca+support&i=hpc&s=exact-aware-popularity-rank&ref=sr_st_exact-aware-popularity-rank
Organic Wheat,https://www.amazon.com/s?k=Organic+Wheat&i=hpc&s=exact-aware-popularity-rank&ref=sr_st_exact-aware-popularity-rank
Goji Supplement,https://www.amazon.com/s?k=Goji+Supplement&i=hpc&s=exact-aware-popularity-rank&ref=sr_st_exact-aware-popularity-rank
Maca Root,https://www.amazon.com/s?k=Maca+Root&i=hpc&s=exact-aware-popularity-rank&ref=sr_st_exact-aware-popularity-rank
Astaxanthin supplement,https://www.amazon.com/s?k=Astaxanthin+supplement&i=hpc&s=exact-aware-popularity-rank&ref=sr_st_exact-aware-popularity-rank
Acai Powder,https://www.amazon.com/s?k=Acai+Powder&i=hpc&s=exact-aware-popularity-rank&ref=sr_st_exact-aware-popularity-rank
Cilantro Detox,https://www.amazon.com/s?k=Cilantro+Detox&i=hpc&s=exact-aware-popularity-rank&ref=sr_st_exact-aware-popularity-rank
Chaga Capsules,https://www.amazon.com/s?k=Chaga+Capsules&i=hpc&s=exact-aware-popularity-rank&ref=sr_st_exact-aware-popularity-rank
Charcoal Powder,https://www.amazon.com/s?k=Charcoal+Powder&i=hpc&s=exact-aware-popularity-rank&ref=sr_st_exact-aware-popularity-rank
Detox Capsules,https://www.amazon.com/s?k=Detox+Capsules&i=hpc&s=exact-aware-popularity-rank&ref=sr_st_exact-aware-popularity-rank
Digestive Greens,https://www.amazon.com/s?k=Digestive+Greens&i=hpc&s=exact-aware-popularity-rank&ref=sr_st_exact-aware-popularity-rank
Heavy Metal Detox,https://www.amazon.com/s?k=Heavy+Metal+Detox&i=hpc&s=exact-aware-popularity-rank&ref=sr_st_exact-aware-popularity-rank
Greens Detox,https://www.amazon.com/s?k=Greens+Detox&i=hpc&s=exact-aware-popularity-rank&ref=sr_st_exact-aware-popularity-rank
Soursop Drops,https://www.amazon.com/s?k=Soursop+Drops&i=hpc&s=exact-aware-popularity-rank&ref=sr_st_exact-aware-popularity-rank
Greens Energy,https://www.amazon.com/s?k=Greens+Energy&i=hpc&s=exact-aware-popularity-rank&ref=sr_st_exact-aware-popularity-rank
Alfalfa Superfood,https://www.amazon.com/s?k=Alfalfa+Superfood&i=hpc&s=exact-aware-popularity-rank&ref=sr_st_exact-aware-popularity-rank
Garcinia Patch,https://www.amazon.com/s?k=Garcinia+Patch&i=hpc&s=exact-aware-popularity-rank&ref=sr_st_exact-aware-popularity-rank
Spirulina Capsules,https://www.amazon.com/s?k=Spirulina+Capsules&i=hpc&s=exact-aware-popularity-rank&ref=sr_st_exact-aware-popularity-rank
