Keyword,Links
Shiitake Tablets,https://www.ebay.com/sch/i.html?_from=R40&_nkw=Shiitake+Tablets&_sacat=26395&rt=nc&LH_ItemCondition=3&LH_BIN=1&rt=nc&LH_PrefLoc=1
Cordyceps powder,https://www.ebay.com/sch/i.html?_from=R40&_nkw=Cordyceps+powder&_sacat=26395&rt=nc&LH_ItemCondition=3&LH_BIN=1&rt=nc&LH_PrefLoc=1
Berry superfood,https://www.ebay.com/sch/i.html?_from=R40&_nkw=Berry+superfood&_sacat=26395&rt=nc&LH_ItemCondition=3&LH_BIN=1&rt=nc&LH_PrefLoc=1
Greens Superfood,https://www.ebay.com/sch/i.html?_from=R40&_nkw=Greens+Superfood&_sacat=26395&rt=nc&LH_ItemCondition=3&LH_BIN=1&rt=nc&LH_PrefLoc=1
Liquid Multivitamin,https://www.ebay.com/sch/i.html?_from=R40&_nkw=Liquid+Multivitamin&_sacat=26395&rt=nc&LH_ItemCondition=3&LH_BIN=1&rt=nc&LH_PrefLoc=1
Manuka Honey,https://www.ebay.com/sch/i.html?_from=R40&_nkw=Manuka+Honey&_sacat=26395&rt=nc&LH_ItemCondition=3&LH_BIN=1&rt=nc&LH_PrefLoc=1
Organic Energizer,https://www.ebay.com/sch/i.html?_from=R40&_nkw=Organic+Energizer&_sacat=26395&rt=nc&LH_ItemCondition=3&LH_BIN=1&rt=nc&LH_PrefLoc=1
Chocolate supplement,https://www.ebay.com/sch/i.html?_from=R40&_nkw=Chocolate+supplement&_sacat=26395&rt=nc&LH_ItemCondition=3&LH_BIN=1&rt=nc&LH_PrefLoc=1
Stamina Supplement,https://www.ebay.com/sch/i.html?_from=R40&_nkw=Stamina+Supplement&_sacat=26395&rt=nc&LH_ItemCondition=3&LH_BIN=1&rt=nc&LH_PrefLoc=1
Cocoa Mushrooms,https://www.ebay.com/sch/i.html?_from=R40&_nkw=Cocoa+Mushrooms&_sacat=26395&rt=nc&LH_ItemCondition=3&LH_BIN=1&rt=nc&LH_PrefLoc=1
Berry drink,https://www.ebay.com/sch/i.html?_from=R40&_nkw=Berry+drink&_sacat=26395&rt=nc&LH_ItemCondition=3&LH_BIN=1&rt=nc&LH_PrefLoc=1
Lion's Mane Kit,https://www.ebay.com/sch/i.html?_from=R40&_nkw=Lion's+Mane+Kit&_sacat=26395&rt=nc&LH_ItemCondition=3&LH_BIN=1&rt=nc&LH_PrefLoc=1
Goji Berries,https://www.ebay.com/sch/i.html?_from=R40&_nkw=Goji+Berries&_sacat=26395&rt=nc&LH_ItemCondition=3&LH_BIN=1&rt=nc&LH_PrefLoc=1
Mesima Capsules,https://www.ebay.com/sch/i.html?_from=R40&_nkw=Mesima+Capsules&_sacat=26395&rt=nc&LH_ItemCondition=3&LH_BIN=1&rt=nc&LH_PrefLoc=1
Debloat Powder,https://www.ebay.com/sch/i.html?_from=R40&_nkw=Debloat+Powder&_sacat=26395&rt=nc&LH_ItemCondition=3&LH_BIN=1&rt=nc&LH_PrefLoc=1
Digestion Powder,https://www.ebay.com/sch/i.html?_from=R40&_nkw=Digestion+Powder&_sacat=26395&rt=nc&LH_ItemCondition=3&LH_BIN=1&rt=nc&LH_PrefLoc=1
Celery Powder,https://www.ebay.com/sch/i.html?_from=R40&_nkw=Celery+Powder&_sacat=26395&rt=nc&LH_ItemCondition=3&LH_BIN=1&rt=nc&LH_PrefLoc=1
Strawberry Sea Moss,https://www.ebay.com/sch/i.html?_from=R40&_nkw=Strawberry+Sea+Moss&_sacat=26395&rt=nc&LH_ItemCondition=3&LH_BIN=1&rt=nc&LH_PrefLoc=1
Biotin Chewables,https://www.ebay.com/sch/i.html?_from=R40&_nkw=Biotin+Chewables&_sacat=26395&rt=nc&LH_ItemCondition=3&LH_BIN=1&rt=nc&LH_PrefLoc=1
Antioxidant Powder,https://www.ebay.com/sch/i.html?_from=R40&_nkw=Antioxidant+Powder&_sacat=26395&rt=nc&LH_ItemCondition=3&LH_BIN=1&rt=nc&LH_PrefLoc=1
Vitality Bundle,https://www.ebay.com/sch/i.html?_from=R40&_nkw=Vitality+Bundle&_sacat=26395&rt=nc&LH_ItemCondition=3&LH_BIN=1&rt=nc&LH_PrefLoc=1
Mullein Tincture,https://www.ebay.com/sch/i.html?_from=R40&_nkw=Mullein+Tincture&_sacat=26395&rt=nc&LH_ItemCondition=3&LH_BIN=1&rt=nc&LH_PrefLoc=1
Lung Cleanse,https://www.ebay.com/sch/i.html?_from=R40&_nkw=Lung+Cleanse&_sacat=26395&rt=nc&LH_ItemCondition=3&LH_BIN=1&rt=nc&LH_PrefLoc=1
Kidney Probiotic,https://www.ebay.com/sch/i.html?_from=R40&_nkw=Kidney+Probiotic&_sacat=26395&rt=nc&LH_ItemCondition=3&LH_BIN=1&rt=nc&LH_PrefLoc=1
Purple Yarn,https://www.ebay.com/sch/i.html?_from=R40&_nkw=Purple+Yarn&_sacat=26395&rt=nc&LH_ItemCondition=3&LH_BIN=1&rt=nc&LH_PrefLoc=1
Daily greens,https://www.ebay.com/sch/i.html?_from=R40&_nkw=Daily+greens&_sacat=26395&rt=nc&LH_ItemCondition=3&LH_BIN=1&rt=nc&LH_PrefLoc=1
Green juice,https://www.ebay.com/sch/i.html?_from=R40&_nkw=Green+juice&_sacat=26395&rt=nc&LH_ItemCondition=3&LH_BIN=1&rt=nc&LH_PrefLoc=1
Wheatgrass Powder,https://www.ebay.com/sch/i.html?_from=R40&_nkw=Wheatgrass+Powder&_sacat=26395&rt=nc&LH_ItemCondition=3&LH_BIN=1&rt=nc&LH_PrefLoc=1
Organic Chlorella,https://www.ebay.com/sch/i.html?_from=R40&_nkw=Organic+Chlorella&_sacat=26395&rt=nc&LH_ItemCondition=3&LH_BIN=1&rt=nc&LH_PrefLoc=1
Cordyceps supplement,https://www.ebay.com/sch/i.html?_from=R40&_nkw=Cordyceps+supplement&_sacat=26395&rt=nc&LH_ItemCondition=3&LH_BIN=1&rt=nc&LH_PrefLoc=1
Chlorella Spirulina,https://www.ebay.com/sch/i.html?_from=R40&_nkw=Chlorella+Spirulina&_sacat=26395&rt=nc&LH_ItemCondition=3&LH_BIN=1&rt=nc&LH_PrefLoc=1
Moringa Powder,https://www.ebay.com/sch/i.html?_from=R40&_nkw=Moringa+Powder&_sacat=26395&rt=nc&LH_ItemCondition=3&LH_BIN=1&rt=nc&LH_PrefLoc=1
Maca support,https://www.ebay.com/sch/i.html?_from=R40&_nkw=Maca+support&_sacat=26395&rt=nc&LH_ItemCondition=3&LH_BIN=1&rt=nc&LH_PrefLoc=1
Organic Wheat,https://www.ebay.com/sch/i.html?_from=R40&_nkw=Organic+Wheat&_sacat=26395&rt=nc&LH_ItemCondition=3&LH_BIN=1&rt=nc&LH_PrefLoc=1
Goji Supplement,https://www.ebay.com/sch/i.html?_from=R40&_nkw=Goji+Supplement&_sacat=26395&rt=nc&LH_ItemCondition=3&LH_BIN=1&rt=nc&LH_PrefLoc=1
Maca Root,https://www.ebay.com/sch/i.html?_from=R40&_nkw=Maca+Root&_sacat=26395&rt=nc&LH_ItemCondition=3&LH_BIN=1&rt=nc&LH_PrefLoc=1
Astaxanthin supplement,https://www.ebay.com/sch/i.html?_from=R40&_nkw=Astaxanthin+supplement&_sacat=26395&rt=nc&LH_ItemCondition=3&LH_BIN=1&rt=nc&LH_PrefLoc=1
Acai Powder,https://www.ebay.com/sch/i.html?_from=R40&_nkw=Acai+Powder&_sacat=26395&rt=nc&LH_ItemCondition=3&LH_BIN=1&rt=nc&LH_PrefLoc=1
Cilantro Detox,https://www.ebay.com/sch/i.html?_from=R40&_nkw=Cilantro+Detox&_sacat=26395&rt=nc&LH_ItemCondition=3&LH_BIN=1&rt=nc&LH_PrefLoc=1
Chaga Capsules,https://www.ebay.com/sch/i.html?_from=R40&_nkw=Chaga+Capsules&_sacat=26395&rt=nc&LH_ItemCondition=3&LH_BIN=1&rt=nc&LH_PrefLoc=1
Charcoal Powder,https://www.ebay.com/sch/i.html?_from=R40&_nkw=Charcoal+Powder&_sacat=26395&rt=nc&LH_ItemCondition=3&LH_BIN=1&rt=nc&LH_PrefLoc=1
Detox Capsules,https://www.ebay.com/sch/i.html?_from=R40&_nkw=Detox+Capsules&_sacat=26395&rt=nc&LH_ItemCondition=3&LH_BIN=1&rt=nc&LH_PrefLoc=1
Digestive Greens,https://www.ebay.com/sch/i.html?_from=R40&_nkw=Digestive+Greens&_sacat=26395&rt=nc&LH_ItemCondition=3&LH_BIN=1&rt=nc&LH_PrefLoc=1
Heavy Metal Detox,https://www.ebay.com/sch/i.html?_from=R40&_nkw=Heavy+Metal+Detox&_sacat=26395&rt=nc&LH_ItemCondition=3&LH_BIN=1&rt=nc&LH_PrefLoc=1
Greens Detox,https://www.ebay.com/sch/i.html?_from=R40&_nkw=Greens+Detox&_sacat=26395&rt=nc&LH_ItemCondition=3&LH_BIN=1&rt=nc&LH_PrefLoc=1
Soursop Drops,https://www.ebay.com/sch/i.html?_from=R40&_nkw=Soursop+Drops&_sacat=26395&rt=nc&LH_ItemCondition=3&LH_BIN=1&rt=nc&LH_PrefLoc=1
Greens Energy,https://www.ebay.com/sch/i.html?_from=R40&_nkw=Greens+Energy&_sacat=26395&rt=nc&LH_ItemCondition=3&LH_BIN=1&rt=nc&LH_PrefLoc=1
Alfalfa Superfood,https://www.ebay.com/sch/i.html?_from=R40&_nkw=Alfalfa+Superfood&_sacat=26395&rt=nc&LH_ItemCondition=3&LH_BIN=1&rt=nc&LH_PrefLoc=1
Garcinia Patch,https://www.ebay.com/sch/i.html?_from=R40&_nkw=Garcinia+Patch&_sacat=26395&rt=nc&LH_ItemCondition=3&LH_BIN=1&rt=nc&LH_PrefLoc=1
Spirulina Capsules,https://www.ebay.com/sch/i.html?_from=R40&_nkw=Spirulina+Capsules&_sacat=26395&rt=nc&LH_ItemCondition=3&LH_BIN=1&rt=nc&LH_PrefLoc=1
