Keyword,Links
Spearmint Antacid,https://www.ebay.com/sch/i.html?_from=R40&_nkw=Spearmint+Antacid&_sacat=26395&rt=nc&LH_ItemCondition=3&LH_BIN=1&rt=nc&LH_PrefLoc=1
Antacid Heartburn,https://www.ebay.com/sch/i.html?_from=R40&_nkw=Antacid+Heartburn&_sacat=26395&rt=nc&LH_ItemCondition=3&LH_BIN=1&rt=nc&LH_PrefLoc=1
Motion Sickness,https://www.ebay.com/sch/i.html?_from=R40&_nkw=Motion+Sickness&_sacat=26395&rt=nc&LH_ItemCondition=3&LH_BIN=1&rt=nc&LH_PrefLoc=1
Stomach reliever,https://www.ebay.com/sch/i.html?_from=R40&_nkw=Stomach+reliever&_sacat=26395&rt=nc&LH_ItemCondition=3&LH_BIN=1&rt=nc&LH_PrefLoc=1
Kids Chewables,https://www.ebay.com/sch/i.html?_from=R40&_nkw=Kids+Chewables&_sacat=26395&rt=nc&LH_ItemCondition=3&LH_BIN=1&rt=nc&LH_PrefLoc=1
Fizzy Melts,https://www.ebay.com/sch/i.html?_from=R40&_nkw=Fizzy+Melts&_sacat=26395&rt=nc&LH_ItemCondition=3&LH_BIN=1&rt=nc&LH_PrefLoc=1
Dry Mouth,https://www.ebay.com/sch/i.html?_from=R40&_nkw=Dry+Mouth&_sacat=26395&rt=nc&LH_ItemCondition=3&LH_BIN=1&rt=nc&LH_PrefLoc=1
Acidity Relief,https://www.ebay.com/sch/i.html?_from=R40&_nkw=Acidity+Relief&_sacat=26395&rt=nc&LH_ItemCondition=3&LH_BIN=1&rt=nc&LH_PrefLoc=1
sal sobres,https://www.ebay.com/sch/i.html?_from=R40&_nkw=sal+sobres&_sacat=26395&rt=nc&LH_ItemCondition=3&LH_BIN=1&rt=nc&LH_PrefLoc=1
Kids Antacid,https://www.ebay.com/sch/i.html?_from=R40&_nkw=Kids+Antacid&_sacat=26395&rt=nc&LH_ItemCondition=3&LH_BIN=1&rt=nc&LH_PrefLoc=1
Chewy Bites,https://www.ebay.com/sch/i.html?_from=R40&_nkw=Chewy+Bites&_sacat=26395&rt=nc&LH_ItemCondition=3&LH_BIN=1&rt=nc&LH_PrefLoc=1
Antacid Chewable,https://www.ebay.com/sch/i.html?_from=R40&_nkw=Antacid+Chewable&_sacat=26395&rt=nc&LH_ItemCondition=3&LH_BIN=1&rt=nc&LH_PrefLoc=1
Extra Strength Relief,https://www.ebay.com/sch/i.html?_from=R40&_nkw=Extra+Strength+Relief&_sacat=26395&rt=nc&LH_ItemCondition=3&LH_BIN=1&rt=nc&LH_PrefLoc=1
Berry Mint,https://www.ebay.com/sch/i.html?_from=R40&_nkw=Berry+Mint&_sacat=26395&rt=nc&LH_ItemCondition=3&LH_BIN=1&rt=nc&LH_PrefLoc=1
Tropical Fruit,https://www.ebay.com/sch/i.html?_from=R40&_nkw=Tropical+Fruit&_sacat=26395&rt=nc&LH_ItemCondition=3&LH_BIN=1&rt=nc&LH_PrefLoc=1
Antacid Regular,https://www.ebay.com/sch/i.html?_from=R40&_nkw=Antacid+Regular&_sacat=26395&rt=nc&LH_ItemCondition=3&LH_BIN=1&rt=nc&LH_PrefLoc=1
Wet dog food,https://www.ebay.com/sch/i.html?_from=R40&_nkw=Wet+dog+food&_sacat=26395&rt=nc&LH_ItemCondition=3&LH_BIN=1&rt=nc&LH_PrefLoc=1
Effervescent Relief,https://www.ebay.com/sch/i.html?_from=R40&_nkw=Effervescent+Relief&_sacat=26395&rt=nc&LH_ItemCondition=3&LH_BIN=1&rt=nc&LH_PrefLoc=1
Heartburn Treatment,https://www.ebay.com/sch/i.html?_from=R40&_nkw=Heartburn+Treatment&_sacat=26395&rt=nc&LH_ItemCondition=3&LH_BIN=1&rt=nc&LH_PrefLoc=1
Aspirin relief,https://www.ebay.com/sch/i.html?_from=R40&_nkw=Aspirin+relief&_sacat=26395&rt=nc&LH_ItemCondition=3&LH_BIN=1&rt=nc&LH_PrefLoc=1
Orange Antacid,https://www.ebay.com/sch/i.html?_from=R40&_nkw=Orange+Antacid&_sacat=26395&rt=nc&LH_ItemCondition=3&LH_BIN=1&rt=nc&LH_PrefLoc=1
Antacid Antigas,https://www.ebay.com/sch/i.html?_from=R40&_nkw=Antacid+Antigas&_sacat=26395&rt=nc&LH_ItemCondition=3&LH_BIN=1&rt=nc&LH_PrefLoc=1
Veggie Enzymes,https://www.ebay.com/sch/i.html?_from=R40&_nkw=Veggie+Enzymes&_sacat=26395&rt=nc&LH_ItemCondition=3&LH_BIN=1&rt=nc&LH_PrefLoc=1
Foaming Antacid,https://www.ebay.com/sch/i.html?_from=R40&_nkw=Foaming+Antacid&_sacat=26395&rt=nc&LH_ItemCondition=3&LH_BIN=1&rt=nc&LH_PrefLoc=1
Liquid Cherry,https://www.ebay.com/sch/i.html?_from=R40&_nkw=Liquid+Cherry&_sacat=26395&rt=nc&LH_ItemCondition=3&LH_BIN=1&rt=nc&LH_PrefLoc=1
Mint antacid,https://www.ebay.com/sch/i.html?_from=R40&_nkw=Mint+antacid&_sacat=26395&rt=nc&LH_ItemCondition=3&LH_BIN=1&rt=nc&LH_PrefLoc=1
Extra Strength TUMS,https://www.ebay.com/sch/i.html?_from=R40&_nkw=Extra+Strength+TUMS&_sacat=26395&rt=nc&LH_ItemCondition=3&LH_BIN=1&rt=nc&LH_PrefLoc=1
Easy swallow,https://www.ebay.com/sch/i.html?_from=R40&_nkw=Easy+swallow&_sacat=26395&rt=nc&LH_ItemCondition=3&LH_BIN=1&rt=nc&LH_PrefLoc=1
Antacid Suspension,https://www.ebay.com/sch/i.html?_from=R40&_nkw=Antacid+Suspension&_sacat=26395&rt=nc&LH_ItemCondition=3&LH_BIN=1&rt=nc&LH_PrefLoc=1
Dasamoola Lehyam,https://www.ebay.com/sch/i.html?_from=R40&_nkw=Dasamoola+Lehyam&_sacat=26395&rt=nc&LH_ItemCondition=3&LH_BIN=1&rt=nc&LH_PrefLoc=1
Gas remedy,https://www.ebay.com/sch/i.html?_from=R40&_nkw=Gas+remedy&_sacat=26395&rt=nc&LH_ItemCondition=3&LH_BIN=1&rt=nc&LH_PrefLoc=1
Nasal Spray,https://www.ebay.com/sch/i.html?_from=R40&_nkw=Nasal+Spray&_sacat=26395&rt=nc&LH_ItemCondition=3&LH_BIN=1&rt=nc&LH_PrefLoc=1
Fruit Tablets,https://www.ebay.com/sch/i.html?_from=R40&_nkw=Fruit+Tablets&_sacat=26395&rt=nc&LH_ItemCondition=3&LH_BIN=1&rt=nc&LH_PrefLoc=1
Anti-Diarrheal Medicine,https://www.ebay.com/sch/i.html?_from=R40&_nkw=Anti-Diarrheal+Medicine&_sacat=26395&rt=nc&LH_ItemCondition=3&LH_BIN=1&rt=nc&LH_PrefLoc=1
Max Strength Liquid,https://www.ebay.com/sch/i.html?_from=R40&_nkw=Max+Strength+Liquid&_sacat=26395&rt=nc&LH_ItemCondition=3&LH_BIN=1&rt=nc&LH_PrefLoc=1
Meclizine Antiemetic,https://www.ebay.com/sch/i.html?_from=R40&_nkw=Meclizine+Antiemetic&_sacat=26395&rt=nc&LH_ItemCondition=3&LH_BIN=1&rt=nc&LH_PrefLoc=1
Nausea Bands,https://www.ebay.com/sch/i.html?_from=R40&_nkw=Nausea+Bands&_sacat=26395&rt=nc&LH_ItemCondition=3&LH_BIN=1&rt=nc&LH_PrefLoc=1
Anti-nausea gum,https://www.ebay.com/sch/i.html?_from=R40&_nkw=Anti-nausea+gum&_sacat=26395&rt=nc&LH_ItemCondition=3&LH_BIN=1&rt=nc&LH_PrefLoc=1
Ginger lozenges,https://www.ebay.com/sch/i.html?_from=R40&_nkw=Ginger+lozenges&_sacat=26395&rt=nc&LH_ItemCondition=3&LH_BIN=1&rt=nc&LH_PrefLoc=1
Pregnancy Bands,https://www.ebay.com/sch/i.html?_from=R40&_nkw=Pregnancy+Bands&_sacat=26395&rt=nc&LH_ItemCondition=3&LH_BIN=1&rt=nc&LH_PrefLoc=1
Dairy Relief,https://www.ebay.com/sch/i.html?_from=R40&_nkw=Dairy+Relief&_sacat=26395&rt=nc&LH_ItemCondition=3&LH_BIN=1&rt=nc&LH_PrefLoc=1
Nausea Lozenges,https://www.ebay.com/sch/i.html?_from=R40&_nkw=Nausea+Lozenges&_sacat=26395&rt=nc&LH_ItemCondition=3&LH_BIN=1&rt=nc&LH_PrefLoc=1
Anti-Nausea Wristband,https://www.ebay.com/sch/i.html?_from=R40&_nkw=Anti-Nausea+Wristband&_sacat=26395&rt=nc&LH_ItemCondition=3&LH_BIN=1&rt=nc&LH_PrefLoc=1
Queasy Drops,https://www.ebay.com/sch/i.html?_from=R40&_nkw=Queasy+Drops&_sacat=26395&rt=nc&LH_ItemCondition=3&LH_BIN=1&rt=nc&LH_PrefLoc=1
Fever Reliever,https://www.ebay.com/sch/i.html?_from=R40&_nkw=Fever+Reliever&_sacat=26395&rt=nc&LH_ItemCondition=3&LH_BIN=1&rt=nc&LH_PrefLoc=1
Meclizine Caplets,https://www.ebay.com/sch/i.html?_from=R40&_nkw=Meclizine+Caplets&_sacat=26395&rt=nc&LH_ItemCondition=3&LH_BIN=1&rt=nc&LH_PrefLoc=1
Meclizine Tablets,https://www.ebay.com/sch/i.html?_from=R40&_nkw=Meclizine+Tablets&_sacat=26395&rt=nc&LH_ItemCondition=3&LH_BIN=1&rt=nc&LH_PrefLoc=1
Indigestion remedy,https://www.ebay.com/sch/i.html?_from=R40&_nkw=Indigestion+remedy&_sacat=26395&rt=nc&LH_ItemCondition=3&LH_BIN=1&rt=nc&LH_PrefLoc=1
Nausea Patches,https://www.ebay.com/sch/i.html?_from=R40&_nkw=Nausea+Patches&_sacat=26395&rt=nc&LH_ItemCondition=3&LH_BIN=1&rt=nc&LH_PrefLoc=1
Ginger Capsules,https://www.ebay.com/sch/i.html?_from=R40&_nkw=Ginger+Capsules&_sacat=26395&rt=nc&LH_ItemCondition=3&LH_BIN=1&rt=nc&LH_PrefLoc=1
