Keyword,Links
Chlorella Capsules,https://www.amazon.com/s?k=Chlorella+Capsules&i=hpc&s=exact-aware-popularity-rank&ref=sr_st_exact-aware-popularity-rank
Cordyceps Superfood,https://www.amazon.com/s?k=Cordyceps+Superfood&i=hpc&s=exact-aware-popularity-rank&ref=sr_st_exact-aware-popularity-rank
Whey Protein,https://www.amazon.com/s?k=Whey+Protein&i=hpc&s=exact-aware-popularity-rank&ref=sr_st_exact-aware-popularity-rank
Plant-Based Protein,https://www.amazon.com/s?k=Plant-Based+Protein&i=hpc&s=exact-aware-popularity-rank&ref=sr_st_exact-aware-popularity-rank
Vanilla Protein,https://www.amazon.com/s?k=Vanilla+Protein&i=hpc&s=exact-aware-popularity-rank&ref=sr_st_exact-aware-popularity-rank
Protein powder,https://www.amazon.com/s?k=Protein+powder&i=hpc&s=exact-aware-popularity-rank&ref=sr_st_exact-aware-popularity-rank
Soft Serve,https://www.amazon.com/s?k=Soft+Serve&i=hpc&s=exact-aware-popularity-rank&ref=sr_st_exact-aware-popularity-rank
Mass gainer,https://www.amazon.com/s?k=Mass+gainer&i=hpc&s=exact-aware-popularity-rank&ref=sr_st_exact-aware-popularity-rank
Protein supplement,https://www.amazon.com/s?k=Protein+supplement&i=hpc&s=exact-aware-popularity-rank&ref=sr_st_exact-aware-popularity-rank
Organic Protein,https://www.amazon.com/s?k=Organic+Protein&i=hpc&s=exact-aware-popularity-rank&ref=sr_st_exact-aware-popularity-rank
Isolate Protein,https://www.amazon.com/s?k=Isolate+Protein&i=hpc&s=exact-aware-popularity-rank&ref=sr_st_exact-aware-popularity-rank
Weight Gainer,https://www.amazon.com/s?k=Weight+Gainer&i=hpc&s=exact-aware-popularity-rank&ref=sr_st_exact-aware-popularity-rank
Protein Cookies,https://www.amazon.com/s?k=Protein+Cookies&i=hpc&s=exact-aware-popularity-rank&ref=sr_st_exact-aware-popularity-rank
Banana Cinnamon,https://www.amazon.com/s?k=Banana+Cinnamon&i=hpc&s=exact-aware-popularity-rank&ref=sr_st_exact-aware-popularity-rank
Low Carb Protein,https://www.amazon.com/s?k=Low+Carb+Protein&i=hpc&s=exact-aware-popularity-rank&ref=sr_st_exact-aware-popularity-rank
Protein blend,https://www.amazon.com/s?k=Protein+blend&i=hpc&s=exact-aware-popularity-rank&ref=sr_st_exact-aware-popularity-rank
Whey Isolate,https://www.amazon.com/s?k=Whey+Isolate&i=hpc&s=exact-aware-popularity-rank&ref=sr_st_exact-aware-popularity-rank
Whole Food,https://www.amazon.com/s?k=Whole+Food&i=hpc&s=exact-aware-popularity-rank&ref=sr_st_exact-aware-popularity-rank
Whey Chips,https://www.amazon.com/s?k=Whey+Chips&i=hpc&s=exact-aware-popularity-rank&ref=sr_st_exact-aware-popularity-rank
Cosmic Brownie,https://www.amazon.com/s?k=Cosmic+Brownie&i=hpc&s=exact-aware-popularity-rank&ref=sr_st_exact-aware-popularity-rank
Select Protein,https://www.amazon.com/s?k=Select+Protein&i=hpc&s=exact-aware-popularity-rank&ref=sr_st_exact-aware-popularity-rank
Apple Pie Protein,https://www.amazon.com/s?k=Apple+Pie+Protein&i=hpc&s=exact-aware-popularity-rank&ref=sr_st_exact-aware-popularity-rank
Hydro Protein,https://www.amazon.com/s?k=Hydro+Protein&i=hpc&s=exact-aware-popularity-rank&ref=sr_st_exact-aware-popularity-rank
Almond Protein,https://www.amazon.com/s?k=Almond+Protein&i=hpc&s=exact-aware-popularity-rank&ref=sr_st_exact-aware-popularity-rank
Beta Alanine,https://www.amazon.com/s?k=Beta+Alanine&i=hpc&s=exact-aware-popularity-rank&ref=sr_st_exact-aware-popularity-rank
Pea Protein,https://www.amazon.com/s?k=Pea+Protein&i=hpc&s=exact-aware-popularity-rank&ref=sr_st_exact-aware-popularity-rank
Casein Protein,https://www.amazon.com/s?k=Casein+Protein&i=hpc&s=exact-aware-popularity-rank&ref=sr_st_exact-aware-popularity-rank
Whey S'mores,https://www.amazon.com/s?k=Whey+S'mores&i=hpc&s=exact-aware-popularity-rank&ref=sr_st_exact-aware-popularity-rank
Rice Protein,https://www.amazon.com/s?k=Rice+Protein&i=hpc&s=exact-aware-popularity-rank&ref=sr_st_exact-aware-popularity-rank
Barley Protein,https://www.amazon.com/s?k=Barley+Protein&i=hpc&s=exact-aware-popularity-rank&ref=sr_st_exact-aware-popularity-rank
Pumpkin Protein,https://www.amazon.com/s?k=Pumpkin+Protein&i=hpc&s=exact-aware-popularity-rank&ref=sr_st_exact-aware-popularity-rank
Strawberry powder,https://www.amazon.com/s?k=Strawberry+powder&i=hpc&s=exact-aware-popularity-rank&ref=sr_st_exact-aware-popularity-rank
Grass Fed Whey,https://www.amazon.com/s?k=Grass+Fed+Whey&i=hpc&s=exact-aware-popularity-rank&ref=sr_st_exact-aware-popularity-rank
Hydrolyzed Protein,https://www.amazon.com/s?k=Hydrolyzed+Protein&i=hpc&s=exact-aware-popularity-rank&ref=sr_st_exact-aware-popularity-rank
Whey Gainer,https://www.amazon.com/s?k=Whey+Gainer&i=hpc&s=exact-aware-popularity-rank&ref=sr_st_exact-aware-popularity-rank
Peanut Butter Protein,https://www.amazon.com/s?k=Peanut+Butter+Protein&i=hpc&s=exact-aware-popularity-rank&ref=sr_st_exact-aware-popularity-rank
Keto Bone Broth,https://www.amazon.com/s?k=Keto+Bone+Broth&i=hpc&s=exact-aware-popularity-rank&ref=sr_st_exact-aware-popularity-rank
Vanilla Chai,https://www.amazon.com/s?k=Vanilla+Chai&i=hpc&s=exact-aware-popularity-rank&ref=sr_st_exact-aware-popularity-rank
Banana Protein,https://www.amazon.com/s?k=Banana+Protein&i=hpc&s=exact-aware-popularity-rank&ref=sr_st_exact-aware-popularity-rank
Mannose Capsules,https://www.amazon.com/s?k=Mannose+Capsules&i=hpc&s=exact-aware-popularity-rank&ref=sr_st_exact-aware-popularity-rank
Creatine Caplets,https://www.amazon.com/s?k=Creatine+Caplets&i=hpc&s=exact-aware-popularity-rank&ref=sr_st_exact-aware-popularity-rank
High Protein,https://www.amazon.com/s?k=High+Protein&i=hpc&s=exact-aware-popularity-rank&ref=sr_st_exact-aware-popularity-rank
Superfood Protein,https://www.amazon.com/s?k=Superfood+Protein&i=hpc&s=exact-aware-popularity-rank&ref=sr_st_exact-aware-popularity-rank
Weight Management,https://www.amazon.com/s?k=Weight+Management&i=hpc&s=exact-aware-popularity-rank&ref=sr_st_exact-aware-popularity-rank
Banana shake,https://www.amazon.com/s?k=Banana+shake&i=hpc&s=exact-aware-popularity-rank&ref=sr_st_exact-aware-popularity-rank
Grass Fed Protein,https://www.amazon.com/s?k=Grass+Fed+Protein&i=hpc&s=exact-aware-popularity-rank&ref=sr_st_exact-aware-popularity-rank
Cinnamon Whey,https://www.amazon.com/s?k=Cinnamon+Whey&i=hpc&s=exact-aware-popularity-rank&ref=sr_st_exact-aware-popularity-rank
Collagen Protein,https://www.amazon.com/s?k=Collagen+Protein&i=hpc&s=exact-aware-popularity-rank&ref=sr_st_exact-aware-popularity-rank
Clean gainer,https://www.amazon.com/s?k=Clean+gainer&i=hpc&s=exact-aware-popularity-rank&ref=sr_st_exact-aware-popularity-rank
Mass Protein,https://www.amazon.com/s?k=Mass+Protein&i=hpc&s=exact-aware-popularity-rank&ref=sr_st_exact-aware-popularity-rank
