Keyword,Links
Tattoo tracker,https://www.amazon.com/s?k=Tattoo+tracker&i=beauty&s=exact-aware-popularity-rank&ref=sr_st_exact-aware-popularity-rank
Tattoo Nails,https://www.amazon.com/s?k=Tattoo+Nails&i=beauty&s=exact-aware-popularity-rank&ref=sr_st_exact-aware-popularity-rank
Blush Suzie,https://www.amazon.com/s?k=Blush+Suzie&i=beauty&s=exact-aware-popularity-rank&ref=sr_st_exact-aware-popularity-rank
Queer Tattoos,https://www.amazon.com/s?k=Queer+Tattoos&i=beauty&s=exact-aware-popularity-rank&ref=sr_st_exact-aware-popularity-rank
Matrimonial Humor,https://www.amazon.com/s?k=Matrimonial+Humor&i=beauty&s=exact-aware-popularity-rank&ref=sr_st_exact-aware-popularity-rank
Musar Text,https://www.amazon.com/s?k=Musar+Text&i=beauty&s=exact-aware-popularity-rank&ref=sr_st_exact-aware-popularity-rank
Tattoo designs,https://www.amazon.com/s?k=Tattoo+designs&i=beauty&s=exact-aware-popularity-rank&ref=sr_st_exact-aware-popularity-rank
Etimología latina,https://www.amazon.com/s?k=Etimología+latina&i=beauty&s=exact-aware-popularity-rank&ref=sr_st_exact-aware-popularity-rank
Japanese Tattoo,https://www.amazon.com/s?k=Japanese+Tattoo&i=beauty&s=exact-aware-popularity-rank&ref=sr_st_exact-aware-popularity-rank
Orchid Tattoo,https://www.amazon.com/s?k=Orchid+Tattoo&i=beauty&s=exact-aware-popularity-rank&ref=sr_st_exact-aware-popularity-rank
Harvard History,https://www.amazon.com/s?k=Harvard+History&i=beauty&s=exact-aware-popularity-rank&ref=sr_st_exact-aware-popularity-rank
Italian Letters,https://www.amazon.com/s?k=Italian+Letters&i=beauty&s=exact-aware-popularity-rank&ref=sr_st_exact-aware-popularity-rank
Real Size,https://www.amazon.com/s?k=Real+Size&i=beauty&s=exact-aware-popularity-rank&ref=sr_st_exact-aware-popularity-rank
Gothic Pinup,https://www.amazon.com/s?k=Gothic+Pinup&i=beauty&s=exact-aware-popularity-rank&ref=sr_st_exact-aware-popularity-rank
Crystal Tattoos,https://www.amazon.com/s?k=Crystal+Tattoos&i=beauty&s=exact-aware-popularity-rank&ref=sr_st_exact-aware-popularity-rank
Waterproof Concealer,https://www.amazon.com/s?k=Waterproof+Concealer&i=beauty&s=exact-aware-popularity-rank&ref=sr_st_exact-aware-popularity-rank
Russian Tattoo,https://www.amazon.com/s?k=Russian+Tattoo&i=beauty&s=exact-aware-popularity-rank&ref=sr_st_exact-aware-popularity-rank
Muir College,https://www.amazon.com/s?k=Muir+College&i=beauty&s=exact-aware-popularity-rank&ref=sr_st_exact-aware-popularity-rank
Quick Dry Towel,https://www.amazon.com/s?k=Quick+Dry+Towel&i=beauty&s=exact-aware-popularity-rank&ref=sr_st_exact-aware-popularity-rank
Sunset candles,https://www.amazon.com/s?k=Sunset+candles&i=beauty&s=exact-aware-popularity-rank&ref=sr_st_exact-aware-popularity-rank
American Dream,https://www.amazon.com/s?k=American+Dream&i=beauty&s=exact-aware-popularity-rank&ref=sr_st_exact-aware-popularity-rank
Colorful Nails,https://www.amazon.com/s?k=Colorful+Nails&i=beauty&s=exact-aware-popularity-rank&ref=sr_st_exact-aware-popularity-rank
Skin-Tone Markers,https://www.amazon.com/s?k=Skin-Tone+Markers&i=beauty&s=exact-aware-popularity-rank&ref=sr_st_exact-aware-popularity-rank
Nail biting,https://www.amazon.com/s?k=Nail+biting&i=beauty&s=exact-aware-popularity-rank&ref=sr_st_exact-aware-popularity-rank
Nail Fence,https://www.amazon.com/s?k=Nail+Fence&i=beauty&s=exact-aware-popularity-rank&ref=sr_st_exact-aware-popularity-rank
Blush Makeup,https://www.amazon.com/s?k=Blush+Makeup&i=beauty&s=exact-aware-popularity-rank&ref=sr_st_exact-aware-popularity-rank
Tattoo Drawing,https://www.amazon.com/s?k=Tattoo+Drawing&i=beauty&s=exact-aware-popularity-rank&ref=sr_st_exact-aware-popularity-rank
Hindi Akshar,https://www.amazon.com/s?k=Hindi+Akshar&i=beauty&s=exact-aware-popularity-rank&ref=sr_st_exact-aware-popularity-rank
Drum instructions,https://www.amazon.com/s?k=Drum+instructions&i=beauty&s=exact-aware-popularity-rank&ref=sr_st_exact-aware-popularity-rank
Tattoo Ideas,https://www.amazon.com/s?k=Tattoo+Ideas&i=beauty&s=exact-aware-popularity-rank&ref=sr_st_exact-aware-popularity-rank
Foundation history,https://www.amazon.com/s?k=Foundation+history&i=beauty&s=exact-aware-popularity-rank&ref=sr_st_exact-aware-popularity-rank
Nail Head,https://www.amazon.com/s?k=Nail+Head&i=beauty&s=exact-aware-popularity-rank&ref=sr_st_exact-aware-popularity-rank
South Australia,https://www.amazon.com/s?k=South+Australia&i=beauty&s=exact-aware-popularity-rank&ref=sr_st_exact-aware-popularity-rank
Leather Bound,https://www.amazon.com/s?k=Leather+Bound&i=beauty&s=exact-aware-popularity-rank&ref=sr_st_exact-aware-popularity-rank
Tattoo History,https://www.amazon.com/s?k=Tattoo+History&i=beauty&s=exact-aware-popularity-rank&ref=sr_st_exact-aware-popularity-rank
University history,https://www.amazon.com/s?k=University+history&i=beauty&s=exact-aware-popularity-rank&ref=sr_st_exact-aware-popularity-rank
Fine Line Tattoos,https://www.amazon.com/s?k=Fine+Line+Tattoos&i=beauty&s=exact-aware-popularity-rank&ref=sr_st_exact-aware-popularity-rank
Materialprüfung Verfahren,https://www.amazon.com/s?k=Materialprüfung+Verfahren&i=beauty&s=exact-aware-popularity-rank&ref=sr_st_exact-aware-popularity-rank
Human Understanding,https://www.amazon.com/s?k=Human+Understanding&i=beauty&s=exact-aware-popularity-rank&ref=sr_st_exact-aware-popularity-rank
Beauty Manipulation,https://www.amazon.com/s?k=Beauty+Manipulation&i=beauty&s=exact-aware-popularity-rank&ref=sr_st_exact-aware-popularity-rank
Diccionario castellano,https://www.amazon.com/s?k=Diccionario+castellano&i=beauty&s=exact-aware-popularity-rank&ref=sr_st_exact-aware-popularity-rank
Tibetan Medicine,https://www.amazon.com/s?k=Tibetan+Medicine&i=beauty&s=exact-aware-popularity-rank&ref=sr_st_exact-aware-popularity-rank
Full Moon Highlighter,https://www.amazon.com/s?k=Full+Moon+Highlighter&i=beauty&s=exact-aware-popularity-rank&ref=sr_st_exact-aware-popularity-rank
Easter Tattoos,https://www.amazon.com/s?k=Easter+Tattoos&i=beauty&s=exact-aware-popularity-rank&ref=sr_st_exact-aware-popularity-rank
Graphic Liner,https://www.amazon.com/s?k=Graphic+Liner&i=beauty&s=exact-aware-popularity-rank&ref=sr_st_exact-aware-popularity-rank
Sculpt Foundation,https://www.amazon.com/s?k=Sculpt+Foundation&i=beauty&s=exact-aware-popularity-rank&ref=sr_st_exact-aware-popularity-rank
Blemish Concealer,https://www.amazon.com/s?k=Blemish+Concealer&i=beauty&s=exact-aware-popularity-rank&ref=sr_st_exact-aware-popularity-rank
Plumping Lips,https://www.amazon.com/s?k=Plumping+Lips&i=beauty&s=exact-aware-popularity-rank&ref=sr_st_exact-aware-popularity-rank
Emerald Mascara,https://www.amazon.com/s?k=Emerald+Mascara&i=beauty&s=exact-aware-popularity-rank&ref=sr_st_exact-aware-popularity-rank
Marine Collagen,https://www.amazon.com/s?k=Marine+Collagen&i=beauty&s=exact-aware-popularity-rank&ref=sr_st_exact-aware-popularity-rank
