Keyword,Links
White Gel,https://www.ebay.com/sch/i.html?_from=R40&_nkw=White+Gel&_sacat=26395&rt=nc&LH_ItemCondition=3&LH_BIN=1&rt=nc&LH_PrefLoc=1
Cuticle Nippers,https://www.ebay.com/sch/i.html?_from=R40&_nkw=Cuticle+Nippers&_sacat=26395&rt=nc&LH_ItemCondition=3&LH_BIN=1&rt=nc&LH_PrefLoc=1
Rose Nail,https://www.ebay.com/sch/i.html?_from=R40&_nkw=Rose+Nail&_sacat=26395&rt=nc&LH_ItemCondition=3&LH_BIN=1&rt=nc&LH_PrefLoc=1
Coca-Cola Red,https://www.ebay.com/sch/i.html?_from=R40&_nkw=Coca-Cola+Red&_sacat=26395&rt=nc&LH_ItemCondition=3&LH_BIN=1&rt=nc&LH_PrefLoc=1
Gel Nail Kit,https://www.ebay.com/sch/i.html?_from=R40&_nkw=Gel+Nail+Kit&_sacat=26395&rt=nc&LH_ItemCondition=3&LH_BIN=1&rt=nc&LH_PrefLoc=1
Acrylic Powder,https://www.ebay.com/sch/i.html?_from=R40&_nkw=Acrylic+Powder&_sacat=26395&rt=nc&LH_ItemCondition=3&LH_BIN=1&rt=nc&LH_PrefLoc=1
Nail Station,https://www.ebay.com/sch/i.html?_from=R40&_nkw=Nail+Station&_sacat=26395&rt=nc&LH_ItemCondition=3&LH_BIN=1&rt=nc&LH_PrefLoc=1
Electric Nail Drill,https://www.ebay.com/sch/i.html?_from=R40&_nkw=Electric+Nail+Drill&_sacat=26395&rt=nc&LH_ItemCondition=3&LH_BIN=1&rt=nc&LH_PrefLoc=1
Acrylic Nail Brushes,https://www.ebay.com/sch/i.html?_from=R40&_nkw=Acrylic+Nail+Brushes&_sacat=26395&rt=nc&LH_ItemCondition=3&LH_BIN=1&rt=nc&LH_PrefLoc=1
Nail Monomer,https://www.ebay.com/sch/i.html?_from=R40&_nkw=Nail+Monomer&_sacat=26395&rt=nc&LH_ItemCondition=3&LH_BIN=1&rt=nc&LH_PrefLoc=1
Yellow Nail Polish,https://www.ebay.com/sch/i.html?_from=R40&_nkw=Yellow+Nail+Polish&_sacat=26395&rt=nc&LH_ItemCondition=3&LH_BIN=1&rt=nc&LH_PrefLoc=1
Nail Polish Remover,https://www.ebay.com/sch/i.html?_from=R40&_nkw=Nail+Polish+Remover&_sacat=26395&rt=nc&LH_ItemCondition=3&LH_BIN=1&rt=nc&LH_PrefLoc=1
UV Nail Lamp,https://www.ebay.com/sch/i.html?_from=R40&_nkw=UV+Nail+Lamp&_sacat=26395&rt=nc&LH_ItemCondition=3&LH_BIN=1&rt=nc&LH_PrefLoc=1
Mirror shine,https://www.ebay.com/sch/i.html?_from=R40&_nkw=Mirror+shine&_sacat=26395&rt=nc&LH_ItemCondition=3&LH_BIN=1&rt=nc&LH_PrefLoc=1
Nail Dipping,https://www.ebay.com/sch/i.html?_from=R40&_nkw=Nail+Dipping&_sacat=26395&rt=nc&LH_ItemCondition=3&LH_BIN=1&rt=nc&LH_PrefLoc=1
Manicure Tool,https://www.ebay.com/sch/i.html?_from=R40&_nkw=Manicure+Tool&_sacat=26395&rt=nc&LH_ItemCondition=3&LH_BIN=1&rt=nc&LH_PrefLoc=1
Liquid Monomer,https://www.ebay.com/sch/i.html?_from=R40&_nkw=Liquid+Monomer&_sacat=26395&rt=nc&LH_ItemCondition=3&LH_BIN=1&rt=nc&LH_PrefLoc=1
Black press-on nails,https://www.ebay.com/sch/i.html?_from=R40&_nkw=Black+press-on+nails&_sacat=26395&rt=nc&LH_ItemCondition=3&LH_BIN=1&rt=nc&LH_PrefLoc=1
Pink Gel,https://www.ebay.com/sch/i.html?_from=R40&_nkw=Pink+Gel&_sacat=26395&rt=nc&LH_ItemCondition=3&LH_BIN=1&rt=nc&LH_PrefLoc=1
Press-On Tabs,https://www.ebay.com/sch/i.html?_from=R40&_nkw=Press-On+Tabs&_sacat=26395&rt=nc&LH_ItemCondition=3&LH_BIN=1&rt=nc&LH_PrefLoc=1
Gel Remover,https://www.ebay.com/sch/i.html?_from=R40&_nkw=Gel+Remover&_sacat=26395&rt=nc&LH_ItemCondition=3&LH_BIN=1&rt=nc&LH_PrefLoc=1
False Nail,https://www.ebay.com/sch/i.html?_from=R40&_nkw=False+Nail&_sacat=26395&rt=nc&LH_ItemCondition=3&LH_BIN=1&rt=nc&LH_PrefLoc=1
Acrylic Liquid,https://www.ebay.com/sch/i.html?_from=R40&_nkw=Acrylic+Liquid&_sacat=26395&rt=nc&LH_ItemCondition=3&LH_BIN=1&rt=nc&LH_PrefLoc=1
Orange Nail Lacquer,https://www.ebay.com/sch/i.html?_from=R40&_nkw=Orange+Nail+Lacquer&_sacat=26395&rt=nc&LH_ItemCondition=3&LH_BIN=1&rt=nc&LH_PrefLoc=1
Exotic Nail Polish,https://www.ebay.com/sch/i.html?_from=R40&_nkw=Exotic+Nail+Polish&_sacat=26395&rt=nc&LH_ItemCondition=3&LH_BIN=1&rt=nc&LH_PrefLoc=1
Mint Nail Polish,https://www.ebay.com/sch/i.html?_from=R40&_nkw=Mint+Nail+Polish&_sacat=26395&rt=nc&LH_ItemCondition=3&LH_BIN=1&rt=nc&LH_PrefLoc=1
Winter Nails,https://www.ebay.com/sch/i.html?_from=R40&_nkw=Winter+Nails&_sacat=26395&rt=nc&LH_ItemCondition=3&LH_BIN=1&rt=nc&LH_PrefLoc=1
Magic Nail Polish,https://www.ebay.com/sch/i.html?_from=R40&_nkw=Magic+Nail+Polish&_sacat=26395&rt=nc&LH_ItemCondition=3&LH_BIN=1&rt=nc&LH_PrefLoc=1
Manicure Table,https://www.ebay.com/sch/i.html?_from=R40&_nkw=Manicure+Table&_sacat=26395&rt=nc&LH_ItemCondition=3&LH_BIN=1&rt=nc&LH_PrefLoc=1
Diamond Nail Color,https://www.ebay.com/sch/i.html?_from=R40&_nkw=Diamond+Nail+Color&_sacat=26395&rt=nc&LH_ItemCondition=3&LH_BIN=1&rt=nc&LH_PrefLoc=1
Summer Nail Polish,https://www.ebay.com/sch/i.html?_from=R40&_nkw=Summer+Nail+Polish&_sacat=26395&rt=nc&LH_ItemCondition=3&LH_BIN=1&rt=nc&LH_PrefLoc=1
Manicure Sticks,https://www.ebay.com/sch/i.html?_from=R40&_nkw=Manicure+Sticks&_sacat=26395&rt=nc&LH_ItemCondition=3&LH_BIN=1&rt=nc&LH_PrefLoc=1
Green Almond,https://www.ebay.com/sch/i.html?_from=R40&_nkw=Green+Almond&_sacat=26395&rt=nc&LH_ItemCondition=3&LH_BIN=1&rt=nc&LH_PrefLoc=1
Copper nail powder,https://www.ebay.com/sch/i.html?_from=R40&_nkw=Copper+nail+powder&_sacat=26395&rt=nc&LH_ItemCondition=3&LH_BIN=1&rt=nc&LH_PrefLoc=1
Purple Coffin,https://www.ebay.com/sch/i.html?_from=R40&_nkw=Purple+Coffin&_sacat=26395&rt=nc&LH_ItemCondition=3&LH_BIN=1&rt=nc&LH_PrefLoc=1
Amber Nail Art,https://www.ebay.com/sch/i.html?_from=R40&_nkw=Amber+Nail+Art&_sacat=26395&rt=nc&LH_ItemCondition=3&LH_BIN=1&rt=nc&LH_PrefLoc=1
Weekly Top Coat,https://www.ebay.com/sch/i.html?_from=R40&_nkw=Weekly+Top+Coat&_sacat=26395&rt=nc&LH_ItemCondition=3&LH_BIN=1&rt=nc&LH_PrefLoc=1
Fast-Drying Polish,https://www.ebay.com/sch/i.html?_from=R40&_nkw=Fast-Drying+Polish&_sacat=26395&rt=nc&LH_ItemCondition=3&LH_BIN=1&rt=nc&LH_PrefLoc=1
Chip-Resistant Nail Polish,https://www.ebay.com/sch/i.html?_from=R40&_nkw=Chip-Resistant+Nail+Polish&_sacat=26395&rt=nc&LH_ItemCondition=3&LH_BIN=1&rt=nc&LH_PrefLoc=1
White Nail Polish,https://www.ebay.com/sch/i.html?_from=R40&_nkw=White+Nail+Polish&_sacat=26395&rt=nc&LH_ItemCondition=3&LH_BIN=1&rt=nc&LH_PrefLoc=1
Holiday Nail Polish,https://www.ebay.com/sch/i.html?_from=R40&_nkw=Holiday+Nail+Polish&_sacat=26395&rt=nc&LH_ItemCondition=3&LH_BIN=1&rt=nc&LH_PrefLoc=1
Coarse Nail File,https://www.ebay.com/sch/i.html?_from=R40&_nkw=Coarse+Nail+File&_sacat=26395&rt=nc&LH_ItemCondition=3&LH_BIN=1&rt=nc&LH_PrefLoc=1
Hollywood Nail Polish,https://www.ebay.com/sch/i.html?_from=R40&_nkw=Hollywood+Nail+Polish&_sacat=26395&rt=nc&LH_ItemCondition=3&LH_BIN=1&rt=nc&LH_PrefLoc=1
UV nail dryer,https://www.ebay.com/sch/i.html?_from=R40&_nkw=UV+nail+dryer&_sacat=26395&rt=nc&LH_ItemCondition=3&LH_BIN=1&rt=nc&LH_PrefLoc=1
Cotton Towels,https://www.ebay.com/sch/i.html?_from=R40&_nkw=Cotton+Towels&_sacat=26395&rt=nc&LH_ItemCondition=3&LH_BIN=1&rt=nc&LH_PrefLoc=1
Almond Nail Tips,https://www.ebay.com/sch/i.html?_from=R40&_nkw=Almond+Nail+Tips&_sacat=26395&rt=nc&LH_ItemCondition=3&LH_BIN=1&rt=nc&LH_PrefLoc=1
Girl's Night,https://www.ebay.com/sch/i.html?_from=R40&_nkw=Girl's+Night&_sacat=26395&rt=nc&LH_ItemCondition=3&LH_BIN=1&rt=nc&LH_PrefLoc=1
Dark Nail Polish,https://www.ebay.com/sch/i.html?_from=R40&_nkw=Dark+Nail+Polish&_sacat=26395&rt=nc&LH_ItemCondition=3&LH_BIN=1&rt=nc&LH_PrefLoc=1
Acrylic Monomer,https://www.ebay.com/sch/i.html?_from=R40&_nkw=Acrylic+Monomer&_sacat=26395&rt=nc&LH_ItemCondition=3&LH_BIN=1&rt=nc&LH_PrefLoc=1
French press-on,https://www.ebay.com/sch/i.html?_from=R40&_nkw=French+press-on&_sacat=26395&rt=nc&LH_ItemCondition=3&LH_BIN=1&rt=nc&LH_PrefLoc=1
