Keyword,Links
Ceramic Hairbrush,https://www.ebay.com/sch/i.html?_from=R40&_nkw=Ceramic+Hairbrush&_sacat=26395&rt=nc&LH_ItemCondition=3&LH_BIN=1&rt=nc&LH_PrefLoc=1
Ceramic Straightener,https://www.ebay.com/sch/i.html?_from=R40&_nkw=Ceramic+Straightener&_sacat=26395&rt=nc&LH_ItemCondition=3&LH_BIN=1&rt=nc&LH_PrefLoc=1
Clipper Charger,https://www.ebay.com/sch/i.html?_from=R40&_nkw=Clipper+Charger&_sacat=26395&rt=nc&LH_ItemCondition=3&LH_BIN=1&rt=nc&LH_PrefLoc=1
Clipper Base,https://www.ebay.com/sch/i.html?_from=R40&_nkw=Clipper+Base&_sacat=26395&rt=nc&LH_ItemCondition=3&LH_BIN=1&rt=nc&LH_PrefLoc=1
Color Coded Guides,https://www.ebay.com/sch/i.html?_from=R40&_nkw=Color+Coded+Guides&_sacat=26395&rt=nc&LH_ItemCondition=3&LH_BIN=1&rt=nc&LH_PrefLoc=1
Replacement Foil,https://www.ebay.com/sch/i.html?_from=R40&_nkw=Replacement+Foil&_sacat=26395&rt=nc&LH_ItemCondition=3&LH_BIN=1&rt=nc&LH_PrefLoc=1
Dual Voltage,https://www.ebay.com/sch/i.html?_from=R40&_nkw=Dual+Voltage&_sacat=26395&rt=nc&LH_ItemCondition=3&LH_BIN=1&rt=nc&LH_PrefLoc=1
Brush cleaner,https://www.ebay.com/sch/i.html?_from=R40&_nkw=Brush+cleaner&_sacat=26395&rt=nc&LH_ItemCondition=3&LH_BIN=1&rt=nc&LH_PrefLoc=1
Cutting Guides,https://www.ebay.com/sch/i.html?_from=R40&_nkw=Cutting+Guides&_sacat=26395&rt=nc&LH_ItemCondition=3&LH_BIN=1&rt=nc&LH_PrefLoc=1
Trimmer Guards,https://www.ebay.com/sch/i.html?_from=R40&_nkw=Trimmer+Guards&_sacat=26395&rt=nc&LH_ItemCondition=3&LH_BIN=1&rt=nc&LH_PrefLoc=1
Ceramic Brush,https://www.ebay.com/sch/i.html?_from=R40&_nkw=Ceramic+Brush&_sacat=26395&rt=nc&LH_ItemCondition=3&LH_BIN=1&rt=nc&LH_PrefLoc=1
Ceramic Hair Brush,https://www.ebay.com/sch/i.html?_from=R40&_nkw=Ceramic+Hair+Brush&_sacat=26395&rt=nc&LH_ItemCondition=3&LH_BIN=1&rt=nc&LH_PrefLoc=1
Detail trimmer,https://www.ebay.com/sch/i.html?_from=R40&_nkw=Detail+trimmer&_sacat=26395&rt=nc&LH_ItemCondition=3&LH_BIN=1&rt=nc&LH_PrefLoc=1
Trimmer Base,https://www.ebay.com/sch/i.html?_from=R40&_nkw=Trimmer+Base&_sacat=26395&rt=nc&LH_ItemCondition=3&LH_BIN=1&rt=nc&LH_PrefLoc=1
Professional Clipper,https://www.ebay.com/sch/i.html?_from=R40&_nkw=Professional+Clipper&_sacat=26395&rt=nc&LH_ItemCondition=3&LH_BIN=1&rt=nc&LH_PrefLoc=1
Oval Barrel,https://www.ebay.com/sch/i.html?_from=R40&_nkw=Oval+Barrel&_sacat=26395&rt=nc&LH_ItemCondition=3&LH_BIN=1&rt=nc&LH_PrefLoc=1
High Torque Clipper,https://www.ebay.com/sch/i.html?_from=R40&_nkw=High+Torque+Clipper&_sacat=26395&rt=nc&LH_ItemCondition=3&LH_BIN=1&rt=nc&LH_PrefLoc=1
Hair Brush,https://www.ebay.com/sch/i.html?_from=R40&_nkw=Hair+Brush&_sacat=26395&rt=nc&LH_ItemCondition=3&LH_BIN=1&rt=nc&LH_PrefLoc=1
T-shaped trimmer,https://www.ebay.com/sch/i.html?_from=R40&_nkw=T-shaped+trimmer&_sacat=26395&rt=nc&LH_ItemCondition=3&LH_BIN=1&rt=nc&LH_PrefLoc=1
Ergonomic Brush,https://www.ebay.com/sch/i.html?_from=R40&_nkw=Ergonomic+Brush&_sacat=26395&rt=nc&LH_ItemCondition=3&LH_BIN=1&rt=nc&LH_PrefLoc=1
Balding Blade,https://www.ebay.com/sch/i.html?_from=R40&_nkw=Balding+Blade&_sacat=26395&rt=nc&LH_ItemCondition=3&LH_BIN=1&rt=nc&LH_PrefLoc=1
Ceramic Waver,https://www.ebay.com/sch/i.html?_from=R40&_nkw=Ceramic+Waver&_sacat=26395&rt=nc&LH_ItemCondition=3&LH_BIN=1&rt=nc&LH_PrefLoc=1
Ceramic Curling,https://www.ebay.com/sch/i.html?_from=R40&_nkw=Ceramic+Curling&_sacat=26395&rt=nc&LH_ItemCondition=3&LH_BIN=1&rt=nc&LH_PrefLoc=1
Smart Curling,https://www.ebay.com/sch/i.html?_from=R40&_nkw=Smart+Curling&_sacat=26395&rt=nc&LH_ItemCondition=3&LH_BIN=1&rt=nc&LH_PrefLoc=1
Barber Mat,https://www.ebay.com/sch/i.html?_from=R40&_nkw=Barber+Mat&_sacat=26395&rt=nc&LH_ItemCondition=3&LH_BIN=1&rt=nc&LH_PrefLoc=1
Taper Blade,https://www.ebay.com/sch/i.html?_from=R40&_nkw=Taper+Blade&_sacat=26395&rt=nc&LH_ItemCondition=3&LH_BIN=1&rt=nc&LH_PrefLoc=1
Clipper grips,https://www.ebay.com/sch/i.html?_from=R40&_nkw=Clipper+grips&_sacat=26395&rt=nc&LH_ItemCondition=3&LH_BIN=1&rt=nc&LH_PrefLoc=1
Brush Styler,https://www.ebay.com/sch/i.html?_from=R40&_nkw=Brush+Styler&_sacat=26395&rt=nc&LH_ItemCondition=3&LH_BIN=1&rt=nc&LH_PrefLoc=1
T-Blade Trimmer,https://www.ebay.com/sch/i.html?_from=R40&_nkw=T-Blade+Trimmer&_sacat=26395&rt=nc&LH_ItemCondition=3&LH_BIN=1&rt=nc&LH_PrefLoc=1
Styler Set,https://www.ebay.com/sch/i.html?_from=R40&_nkw=Styler+Set&_sacat=26395&rt=nc&LH_ItemCondition=3&LH_BIN=1&rt=nc&LH_PrefLoc=1
Boar Hair Brush,https://www.ebay.com/sch/i.html?_from=R40&_nkw=Boar+Hair+Brush&_sacat=26395&rt=nc&LH_ItemCondition=3&LH_BIN=1&rt=nc&LH_PrefLoc=1
Nose Trimmer,https://www.ebay.com/sch/i.html?_from=R40&_nkw=Nose+Trimmer&_sacat=26395&rt=nc&LH_ItemCondition=3&LH_BIN=1&rt=nc&LH_PrefLoc=1
Detangler Brush,https://www.ebay.com/sch/i.html?_from=R40&_nkw=Detangler+Brush&_sacat=26395&rt=nc&LH_ItemCondition=3&LH_BIN=1&rt=nc&LH_PrefLoc=1
Air Drying Brush,https://www.ebay.com/sch/i.html?_from=R40&_nkw=Air+Drying+Brush&_sacat=26395&rt=nc&LH_ItemCondition=3&LH_BIN=1&rt=nc&LH_PrefLoc=1
Attachment Organizer,https://www.ebay.com/sch/i.html?_from=R40&_nkw=Attachment+Organizer&_sacat=26395&rt=nc&LH_ItemCondition=3&LH_BIN=1&rt=nc&LH_PrefLoc=1
Round hair brush,https://www.ebay.com/sch/i.html?_from=R40&_nkw=Round+hair+brush&_sacat=26395&rt=nc&LH_ItemCondition=3&LH_BIN=1&rt=nc&LH_PrefLoc=1
Attachment Combs,https://www.ebay.com/sch/i.html?_from=R40&_nkw=Attachment+Combs&_sacat=26395&rt=nc&LH_ItemCondition=3&LH_BIN=1&rt=nc&LH_PrefLoc=1
Styler Brush,https://www.ebay.com/sch/i.html?_from=R40&_nkw=Styler+Brush&_sacat=26395&rt=nc&LH_ItemCondition=3&LH_BIN=1&rt=nc&LH_PrefLoc=1
Clipper guides,https://www.ebay.com/sch/i.html?_from=R40&_nkw=Clipper+guides&_sacat=26395&rt=nc&LH_ItemCondition=3&LH_BIN=1&rt=nc&LH_PrefLoc=1
Wedge Blade,https://www.ebay.com/sch/i.html?_from=R40&_nkw=Wedge+Blade&_sacat=26395&rt=nc&LH_ItemCondition=3&LH_BIN=1&rt=nc&LH_PrefLoc=1
Battery Stand,https://www.ebay.com/sch/i.html?_from=R40&_nkw=Battery+Stand&_sacat=26395&rt=nc&LH_ItemCondition=3&LH_BIN=1&rt=nc&LH_PrefLoc=1
Vegan Brush,https://www.ebay.com/sch/i.html?_from=R40&_nkw=Vegan+Brush&_sacat=26395&rt=nc&LH_ItemCondition=3&LH_BIN=1&rt=nc&LH_PrefLoc=1
Boar Brush,https://www.ebay.com/sch/i.html?_from=R40&_nkw=Boar+Brush&_sacat=26395&rt=nc&LH_ItemCondition=3&LH_BIN=1&rt=nc&LH_PrefLoc=1
Bamboo Hairbrush,https://www.ebay.com/sch/i.html?_from=R40&_nkw=Bamboo+Hairbrush&_sacat=26395&rt=nc&LH_ItemCondition=3&LH_BIN=1&rt=nc&LH_PrefLoc=1
Cutting Guide,https://www.ebay.com/sch/i.html?_from=R40&_nkw=Cutting+Guide&_sacat=26395&rt=nc&LH_ItemCondition=3&LH_BIN=1&rt=nc&LH_PrefLoc=1
Clipper Blades,https://www.ebay.com/sch/i.html?_from=R40&_nkw=Clipper+Blades&_sacat=26395&rt=nc&LH_ItemCondition=3&LH_BIN=1&rt=nc&LH_PrefLoc=1
Wide Trimmer,https://www.ebay.com/sch/i.html?_from=R40&_nkw=Wide+Trimmer&_sacat=26395&rt=nc&LH_ItemCondition=3&LH_BIN=1&rt=nc&LH_PrefLoc=1
Trimmer Covers,https://www.ebay.com/sch/i.html?_from=R40&_nkw=Trimmer+Covers&_sacat=26395&rt=nc&LH_ItemCondition=3&LH_BIN=1&rt=nc&LH_PrefLoc=1
Thermal Styler,https://www.ebay.com/sch/i.html?_from=R40&_nkw=Thermal+Styler&_sacat=26395&rt=nc&LH_ItemCondition=3&LH_BIN=1&rt=nc&LH_PrefLoc=1
Clipper Covers,https://www.ebay.com/sch/i.html?_from=R40&_nkw=Clipper+Covers&_sacat=26395&rt=nc&LH_ItemCondition=3&LH_BIN=1&rt=nc&LH_PrefLoc=1
