Keyword,Links
Pure Poison,https://www.ebay.com/sch/i.html?_from=R40&_nkw=Pure+Poison&_sacat=26395&rt=nc&LH_ItemCondition=3&LH_BIN=1&rt=nc&LH_PrefLoc=1
Sparkling Rebel,https://www.ebay.com/sch/i.html?_from=R40&_nkw=Sparkling+Rebel&_sacat=26395&rt=nc&LH_ItemCondition=3&LH_BIN=1&rt=nc&LH_PrefLoc=1
Tweety Set,https://www.ebay.com/sch/i.html?_from=R40&_nkw=Tweety+Set&_sacat=26395&rt=nc&LH_ItemCondition=3&LH_BIN=1&rt=nc&LH_PrefLoc=1
Yellow Diamond,https://www.ebay.com/sch/i.html?_from=R40&_nkw=Yellow+Diamond&_sacat=26395&rt=nc&LH_ItemCondition=3&LH_BIN=1&rt=nc&LH_PrefLoc=1
Yvresse fragrance,https://www.ebay.com/sch/i.html?_from=R40&_nkw=Yvresse+fragrance&_sacat=26395&rt=nc&LH_ItemCondition=3&LH_BIN=1&rt=nc&LH_PrefLoc=1
Sandalwood Cologne,https://www.ebay.com/sch/i.html?_from=R40&_nkw=Sandalwood+Cologne&_sacat=26395&rt=nc&LH_ItemCondition=3&LH_BIN=1&rt=nc&LH_PrefLoc=1
Floral Gift Set,https://www.ebay.com/sch/i.html?_from=R40&_nkw=Floral+Gift+Set&_sacat=26395&rt=nc&LH_ItemCondition=3&LH_BIN=1&rt=nc&LH_PrefLoc=1
Brooklyn Girl,https://www.ebay.com/sch/i.html?_from=R40&_nkw=Brooklyn+Girl&_sacat=26395&rt=nc&LH_ItemCondition=3&LH_BIN=1&rt=nc&LH_PrefLoc=1
EDP Gift Set,https://www.ebay.com/sch/i.html?_from=R40&_nkw=EDP+Gift+Set&_sacat=26395&rt=nc&LH_ItemCondition=3&LH_BIN=1&rt=nc&LH_PrefLoc=1
Storm Trooper,https://www.ebay.com/sch/i.html?_from=R40&_nkw=Storm+Trooper&_sacat=26395&rt=nc&LH_ItemCondition=3&LH_BIN=1&rt=nc&LH_PrefLoc=1
Peace Juicy,https://www.ebay.com/sch/i.html?_from=R40&_nkw=Peace+Juicy&_sacat=26395&rt=nc&LH_ItemCondition=3&LH_BIN=1&rt=nc&LH_PrefLoc=1
White Gold,https://www.ebay.com/sch/i.html?_from=R40&_nkw=White+Gold&_sacat=26395&rt=nc&LH_ItemCondition=3&LH_BIN=1&rt=nc&LH_PrefLoc=1
Polo Set,https://www.ebay.com/sch/i.html?_from=R40&_nkw=Polo+Set&_sacat=26395&rt=nc&LH_ItemCondition=3&LH_BIN=1&rt=nc&LH_PrefLoc=1
EDP Set,https://www.ebay.com/sch/i.html?_from=R40&_nkw=EDP+Set&_sacat=26395&rt=nc&LH_ItemCondition=3&LH_BIN=1&rt=nc&LH_PrefLoc=1
Sexual cologne,https://www.ebay.com/sch/i.html?_from=R40&_nkw=Sexual+cologne&_sacat=26395&rt=nc&LH_ItemCondition=3&LH_BIN=1&rt=nc&LH_PrefLoc=1
Provocative fragrance,https://www.ebay.com/sch/i.html?_from=R40&_nkw=Provocative+fragrance&_sacat=26395&rt=nc&LH_ItemCondition=3&LH_BIN=1&rt=nc&LH_PrefLoc=1
Sugar Cookie,https://www.ebay.com/sch/i.html?_from=R40&_nkw=Sugar+Cookie&_sacat=26395&rt=nc&LH_ItemCondition=3&LH_BIN=1&rt=nc&LH_PrefLoc=1
Radio Bombay,https://www.ebay.com/sch/i.html?_from=R40&_nkw=Radio+Bombay&_sacat=26395&rt=nc&LH_ItemCondition=3&LH_BIN=1&rt=nc&LH_PrefLoc=1
Mini fragrance set,https://www.ebay.com/sch/i.html?_from=R40&_nkw=Mini+fragrance+set&_sacat=26395&rt=nc&LH_ItemCondition=3&LH_BIN=1&rt=nc&LH_PrefLoc=1
Coffret Set,https://www.ebay.com/sch/i.html?_from=R40&_nkw=Coffret+Set&_sacat=26395&rt=nc&LH_ItemCondition=3&LH_BIN=1&rt=nc&LH_PrefLoc=1
Sweet fragrance,https://www.ebay.com/sch/i.html?_from=R40&_nkw=Sweet+fragrance&_sacat=26395&rt=nc&LH_ItemCondition=3&LH_BIN=1&rt=nc&LH_PrefLoc=1
Spider Man Gift,https://www.ebay.com/sch/i.html?_from=R40&_nkw=Spider+Man+Gift&_sacat=26395&rt=nc&LH_ItemCondition=3&LH_BIN=1&rt=nc&LH_PrefLoc=1
Wild Country,https://www.ebay.com/sch/i.html?_from=R40&_nkw=Wild+Country&_sacat=26395&rt=nc&LH_ItemCondition=3&LH_BIN=1&rt=nc&LH_PrefLoc=1
Raspberry Mist,https://www.ebay.com/sch/i.html?_from=R40&_nkw=Raspberry+Mist&_sacat=26395&rt=nc&LH_ItemCondition=3&LH_BIN=1&rt=nc&LH_PrefLoc=1
Magie Noir,https://www.ebay.com/sch/i.html?_from=R40&_nkw=Magie+Noir&_sacat=26395&rt=nc&LH_ItemCondition=3&LH_BIN=1&rt=nc&LH_PrefLoc=1
Grapefruit Perfume,https://www.ebay.com/sch/i.html?_from=R40&_nkw=Grapefruit+Perfume&_sacat=26395&rt=nc&LH_ItemCondition=3&LH_BIN=1&rt=nc&LH_PrefLoc=1
May Rose,https://www.ebay.com/sch/i.html?_from=R40&_nkw=May+Rose&_sacat=26395&rt=nc&LH_ItemCondition=3&LH_BIN=1&rt=nc&LH_PrefLoc=1
After shave,https://www.ebay.com/sch/i.html?_from=R40&_nkw=After+shave&_sacat=26395&rt=nc&LH_ItemCondition=3&LH_BIN=1&rt=nc&LH_PrefLoc=1
Rain fragrance,https://www.ebay.com/sch/i.html?_from=R40&_nkw=Rain+fragrance&_sacat=26395&rt=nc&LH_ItemCondition=3&LH_BIN=1&rt=nc&LH_PrefLoc=1
Lavender fragrance,https://www.ebay.com/sch/i.html?_from=R40&_nkw=Lavender+fragrance&_sacat=26395&rt=nc&LH_ItemCondition=3&LH_BIN=1&rt=nc&LH_PrefLoc=1
White Musk,https://www.ebay.com/sch/i.html?_from=R40&_nkw=White+Musk&_sacat=26395&rt=nc&LH_ItemCondition=3&LH_BIN=1&rt=nc&LH_PrefLoc=1
Insoumis fragrance,https://www.ebay.com/sch/i.html?_from=R40&_nkw=Insoumis+fragrance&_sacat=26395&rt=nc&LH_ItemCondition=3&LH_BIN=1&rt=nc&LH_PrefLoc=1
London Dream,https://www.ebay.com/sch/i.html?_from=R40&_nkw=London+Dream&_sacat=26395&rt=nc&LH_ItemCondition=3&LH_BIN=1&rt=nc&LH_PrefLoc=1
Goddess Spray,https://www.ebay.com/sch/i.html?_from=R40&_nkw=Goddess+Spray&_sacat=26395&rt=nc&LH_ItemCondition=3&LH_BIN=1&rt=nc&LH_PrefLoc=1
Fragrance Oil,https://www.ebay.com/sch/i.html?_from=R40&_nkw=Fragrance+Oil&_sacat=26395&rt=nc&LH_ItemCondition=3&LH_BIN=1&rt=nc&LH_PrefLoc=1
Blue Jeans,https://www.ebay.com/sch/i.html?_from=R40&_nkw=Blue+Jeans&_sacat=26395&rt=nc&LH_ItemCondition=3&LH_BIN=1&rt=nc&LH_PrefLoc=1
Citrus Cologne,https://www.ebay.com/sch/i.html?_from=R40&_nkw=Citrus+Cologne&_sacat=26395&rt=nc&LH_ItemCondition=3&LH_BIN=1&rt=nc&LH_PrefLoc=1
Private Collection,https://www.ebay.com/sch/i.html?_from=R40&_nkw=Private+Collection&_sacat=26395&rt=nc&LH_ItemCondition=3&LH_BIN=1&rt=nc&LH_PrefLoc=1
black dress,https://www.ebay.com/sch/i.html?_from=R40&_nkw=black+dress&_sacat=26395&rt=nc&LH_ItemCondition=3&LH_BIN=1&rt=nc&LH_PrefLoc=1
Sunflower gift,https://www.ebay.com/sch/i.html?_from=R40&_nkw=Sunflower+gift&_sacat=26395&rt=nc&LH_ItemCondition=3&LH_BIN=1&rt=nc&LH_PrefLoc=1
Salon dryer,https://www.ebay.com/sch/i.html?_from=R40&_nkw=Salon+dryer&_sacat=26395&rt=nc&LH_ItemCondition=3&LH_BIN=1&rt=nc&LH_PrefLoc=1
Hair volumizer,https://www.ebay.com/sch/i.html?_from=R40&_nkw=Hair+volumizer&_sacat=26395&rt=nc&LH_ItemCondition=3&LH_BIN=1&rt=nc&LH_PrefLoc=1
Auto Curler,https://www.ebay.com/sch/i.html?_from=R40&_nkw=Auto+Curler&_sacat=26395&rt=nc&LH_ItemCondition=3&LH_BIN=1&rt=nc&LH_PrefLoc=1
Detangler Hairbrush,https://www.ebay.com/sch/i.html?_from=R40&_nkw=Detangler+Hairbrush&_sacat=26395&rt=nc&LH_ItemCondition=3&LH_BIN=1&rt=nc&LH_PrefLoc=1
Heatless Curls,https://www.ebay.com/sch/i.html?_from=R40&_nkw=Heatless+Curls&_sacat=26395&rt=nc&LH_ItemCondition=3&LH_BIN=1&rt=nc&LH_PrefLoc=1
Safety scissors,https://www.ebay.com/sch/i.html?_from=R40&_nkw=Safety+scissors&_sacat=26395&rt=nc&LH_ItemCondition=3&LH_BIN=1&rt=nc&LH_PrefLoc=1
Curling Straightener,https://www.ebay.com/sch/i.html?_from=R40&_nkw=Curling+Straightener&_sacat=26395&rt=nc&LH_ItemCondition=3&LH_BIN=1&rt=nc&LH_PrefLoc=1
Ionic Brush,https://www.ebay.com/sch/i.html?_from=R40&_nkw=Ionic+Brush&_sacat=26395&rt=nc&LH_ItemCondition=3&LH_BIN=1&rt=nc&LH_PrefLoc=1
Gold volumizer,https://www.ebay.com/sch/i.html?_from=R40&_nkw=Gold+volumizer&_sacat=26395&rt=nc&LH_ItemCondition=3&LH_BIN=1&rt=nc&LH_PrefLoc=1
Hair Setter,https://www.ebay.com/sch/i.html?_from=R40&_nkw=Hair+Setter&_sacat=26395&rt=nc&LH_ItemCondition=3&LH_BIN=1&rt=nc&LH_PrefLoc=1
