Keyword,Links
Revitalize Shampoo,https://www.amazon.com/s?k=Revitalize+Shampoo&i=beauty&s=exact-aware-popularity-rank&ref=sr_st_exact-aware-popularity-rank
Multi-Benefit Primer,https://www.amazon.com/s?k=Multi-Benefit+Primer&i=beauty&s=exact-aware-popularity-rank&ref=sr_st_exact-aware-popularity-rank
Blonde Wigs,https://www.amazon.com/s?k=Blonde+Wigs&i=beauty&s=exact-aware-popularity-rank&ref=sr_st_exact-aware-popularity-rank
Velvet Headband,https://www.amazon.com/s?k=Velvet+Headband&i=beauty&s=exact-aware-popularity-rank&ref=sr_st_exact-aware-popularity-rank
Conditioning Gel,https://www.amazon.com/s?k=Conditioning+Gel&i=beauty&s=exact-aware-popularity-rank&ref=sr_st_exact-aware-popularity-rank
Scalp Shampoo,https://www.amazon.com/s?k=Scalp+Shampoo&i=beauty&s=exact-aware-popularity-rank&ref=sr_st_exact-aware-popularity-rank
Color protect,https://www.amazon.com/s?k=Color+protect&i=beauty&s=exact-aware-popularity-rank&ref=sr_st_exact-aware-popularity-rank
Moisture Gel,https://www.amazon.com/s?k=Moisture+Gel&i=beauty&s=exact-aware-popularity-rank&ref=sr_st_exact-aware-popularity-rank
Densifying Conditioner,https://www.amazon.com/s?k=Densifying+Conditioner&i=beauty&s=exact-aware-popularity-rank&ref=sr_st_exact-aware-popularity-rank
Sakura Shampoo,https://www.amazon.com/s?k=Sakura+Shampoo&i=beauty&s=exact-aware-popularity-rank&ref=sr_st_exact-aware-popularity-rank
Revitalizing Conditioner,https://www.amazon.com/s?k=Revitalizing+Conditioner&i=beauty&s=exact-aware-popularity-rank&ref=sr_st_exact-aware-popularity-rank
Bobby Pin,https://www.amazon.com/s?k=Bobby+Pin&i=beauty&s=exact-aware-popularity-rank&ref=sr_st_exact-aware-popularity-rank
Curl defining,https://www.amazon.com/s?k=Curl+defining&i=beauty&s=exact-aware-popularity-rank&ref=sr_st_exact-aware-popularity-rank
Cherry Blossom,https://www.amazon.com/s?k=Cherry+Blossom&i=beauty&s=exact-aware-popularity-rank&ref=sr_st_exact-aware-popularity-rank
Baby detangler,https://www.amazon.com/s?k=Baby+detangler&i=beauty&s=exact-aware-popularity-rank&ref=sr_st_exact-aware-popularity-rank
Heat styling,https://www.amazon.com/s?k=Heat+styling&i=beauty&s=exact-aware-popularity-rank&ref=sr_st_exact-aware-popularity-rank
Deep Moisture,https://www.amazon.com/s?k=Deep+Moisture&i=beauty&s=exact-aware-popularity-rank&ref=sr_st_exact-aware-popularity-rank
Shark hairbox,https://www.amazon.com/s?k=Shark+hairbox&i=beauty&s=exact-aware-popularity-rank&ref=sr_st_exact-aware-popularity-rank
Milk Honey Conditioner,https://www.amazon.com/s?k=Milk+Honey+Conditioner&i=beauty&s=exact-aware-popularity-rank&ref=sr_st_exact-aware-popularity-rank
Knit Scrunchies,https://www.amazon.com/s?k=Knit+Scrunchies&i=beauty&s=exact-aware-popularity-rank&ref=sr_st_exact-aware-popularity-rank
Claw Clips,https://www.amazon.com/s?k=Claw+Clips&i=beauty&s=exact-aware-popularity-rank&ref=sr_st_exact-aware-popularity-rank
Jojoba Shampoo,https://www.amazon.com/s?k=Jojoba+Shampoo&i=beauty&s=exact-aware-popularity-rank&ref=sr_st_exact-aware-popularity-rank
Bobby Pins,https://www.amazon.com/s?k=Bobby+Pins&i=beauty&s=exact-aware-popularity-rank&ref=sr_st_exact-aware-popularity-rank
Nurturing Shampoo,https://www.amazon.com/s?k=Nurturing+Shampoo&i=beauty&s=exact-aware-popularity-rank&ref=sr_st_exact-aware-popularity-rank
Hair Repair,https://www.amazon.com/s?k=Hair+Repair&i=beauty&s=exact-aware-popularity-rank&ref=sr_st_exact-aware-popularity-rank
Coil cream,https://www.amazon.com/s?k=Coil+cream&i=beauty&s=exact-aware-popularity-rank&ref=sr_st_exact-aware-popularity-rank
Strengthening Set,https://www.amazon.com/s?k=Strengthening+Set&i=beauty&s=exact-aware-popularity-rank&ref=sr_st_exact-aware-popularity-rank
Split End Repair,https://www.amazon.com/s?k=Split+End+Repair&i=beauty&s=exact-aware-popularity-rank&ref=sr_st_exact-aware-popularity-rank
Curling Rod,https://www.amazon.com/s?k=Curling+Rod&i=beauty&s=exact-aware-popularity-rank&ref=sr_st_exact-aware-popularity-rank
Dream Lengths Set,https://www.amazon.com/s?k=Dream+Lengths+Set&i=beauty&s=exact-aware-popularity-rank&ref=sr_st_exact-aware-popularity-rank
Easter Hair Clips,https://www.amazon.com/s?k=Easter+Hair+Clips&i=beauty&s=exact-aware-popularity-rank&ref=sr_st_exact-aware-popularity-rank
Intense Mask,https://www.amazon.com/s?k=Intense+Mask&i=beauty&s=exact-aware-popularity-rank&ref=sr_st_exact-aware-popularity-rank
Smooth Shampoo,https://www.amazon.com/s?k=Smooth+Shampoo&i=beauty&s=exact-aware-popularity-rank&ref=sr_st_exact-aware-popularity-rank
Blond Shampoo,https://www.amazon.com/s?k=Blond+Shampoo&i=beauty&s=exact-aware-popularity-rank&ref=sr_st_exact-aware-popularity-rank
Rejuvenating Oil,https://www.amazon.com/s?k=Rejuvenating+Oil&i=beauty&s=exact-aware-popularity-rank&ref=sr_st_exact-aware-popularity-rank
Cherry Blossom Body Creme,https://www.amazon.com/s?k=Cherry+Blossom+Body+Creme&i=beauty&s=exact-aware-popularity-rank&ref=sr_st_exact-aware-popularity-rank
Hydrate Shampoo,https://www.amazon.com/s?k=Hydrate+Shampoo&i=beauty&s=exact-aware-popularity-rank&ref=sr_st_exact-aware-popularity-rank
Repair set,https://www.amazon.com/s?k=Repair+set&i=beauty&s=exact-aware-popularity-rank&ref=sr_st_exact-aware-popularity-rank
Miracle Shampoo,https://www.amazon.com/s?k=Miracle+Shampoo&i=beauty&s=exact-aware-popularity-rank&ref=sr_st_exact-aware-popularity-rank
Densifying Shampoo,https://www.amazon.com/s?k=Densifying+Shampoo&i=beauty&s=exact-aware-popularity-rank&ref=sr_st_exact-aware-popularity-rank
Hair care,https://www.amazon.com/s?k=Hair+care&i=beauty&s=exact-aware-popularity-rank&ref=sr_st_exact-aware-popularity-rank
Bond conditioner,https://www.amazon.com/s?k=Bond+conditioner&i=beauty&s=exact-aware-popularity-rank&ref=sr_st_exact-aware-popularity-rank
Curl shampoo,https://www.amazon.com/s?k=Curl+shampoo&i=beauty&s=exact-aware-popularity-rank&ref=sr_st_exact-aware-popularity-rank
Shampoo Control,https://www.amazon.com/s?k=Shampoo+Control&i=beauty&s=exact-aware-popularity-rank&ref=sr_st_exact-aware-popularity-rank
Blond Care,https://www.amazon.com/s?k=Blond+Care&i=beauty&s=exact-aware-popularity-rank&ref=sr_st_exact-aware-popularity-rank
Curl care,https://www.amazon.com/s?k=Curl+care&i=beauty&s=exact-aware-popularity-rank&ref=sr_st_exact-aware-popularity-rank
Sulfate Free,https://www.amazon.com/s?k=Sulfate+Free&i=beauty&s=exact-aware-popularity-rank&ref=sr_st_exact-aware-popularity-rank
Hydration Shampoo,https://www.amazon.com/s?k=Hydration+Shampoo&i=beauty&s=exact-aware-popularity-rank&ref=sr_st_exact-aware-popularity-rank
Grapefruit Shampoo,https://www.amazon.com/s?k=Grapefruit+Shampoo&i=beauty&s=exact-aware-popularity-rank&ref=sr_st_exact-aware-popularity-rank
Curl control,https://www.amazon.com/s?k=Curl+control&i=beauty&s=exact-aware-popularity-rank&ref=sr_st_exact-aware-popularity-rank
