Keyword,Links
Organic Silica,https://www.amazon.com/s?k=Organic+Silica&i=hpc&s=exact-aware-popularity-rank&ref=sr_st_exact-aware-popularity-rank
Alkaline Drops,https://www.amazon.com/s?k=Alkaline+Drops&i=hpc&s=exact-aware-popularity-rank&ref=sr_st_exact-aware-popularity-rank
Salt substitute,https://www.amazon.com/s?k=Salt+substitute&i=hpc&s=exact-aware-popularity-rank&ref=sr_st_exact-aware-popularity-rank
Liquid food,https://www.amazon.com/s?k=Liquid+food&i=hpc&s=exact-aware-popularity-rank&ref=sr_st_exact-aware-popularity-rank
Hydrogen Tablets,https://www.amazon.com/s?k=Hydrogen+Tablets&i=hpc&s=exact-aware-popularity-rank&ref=sr_st_exact-aware-popularity-rank
Calcium Caplets,https://www.amazon.com/s?k=Calcium+Caplets&i=hpc&s=exact-aware-popularity-rank&ref=sr_st_exact-aware-popularity-rank
Magnesium Zinc,https://www.amazon.com/s?k=Magnesium+Zinc&i=hpc&s=exact-aware-popularity-rank&ref=sr_st_exact-aware-popularity-rank
Bariatric Iron,https://www.amazon.com/s?k=Bariatric+Iron&i=hpc&s=exact-aware-popularity-rank&ref=sr_st_exact-aware-popularity-rank
Iron drops,https://www.amazon.com/s?k=Iron+drops&i=hpc&s=exact-aware-popularity-rank&ref=sr_st_exact-aware-popularity-rank
Potassium Powder,https://www.amazon.com/s?k=Potassium+Powder&i=hpc&s=exact-aware-popularity-rank&ref=sr_st_exact-aware-popularity-rank
Bone strength,https://www.amazon.com/s?k=Bone+strength&i=hpc&s=exact-aware-popularity-rank&ref=sr_st_exact-aware-popularity-rank
Ferrex capsules,https://www.amazon.com/s?k=Ferrex+capsules&i=hpc&s=exact-aware-popularity-rank&ref=sr_st_exact-aware-popularity-rank
Calcium Liquid,https://www.amazon.com/s?k=Calcium+Liquid&i=hpc&s=exact-aware-popularity-rank&ref=sr_st_exact-aware-popularity-rank
Calcium D3,https://www.amazon.com/s?k=Calcium+D3&i=hpc&s=exact-aware-popularity-rank&ref=sr_st_exact-aware-popularity-rank
Ferrous Gluconate,https://www.amazon.com/s?k=Ferrous+Gluconate&i=hpc&s=exact-aware-popularity-rank&ref=sr_st_exact-aware-popularity-rank
Kidney supplement,https://www.amazon.com/s?k=Kidney+supplement&i=hpc&s=exact-aware-popularity-rank&ref=sr_st_exact-aware-popularity-rank
Muscle Recovery,https://www.amazon.com/s?k=Muscle+Recovery&i=hpc&s=exact-aware-popularity-rank&ref=sr_st_exact-aware-popularity-rank
Daily Minerals,https://www.amazon.com/s?k=Daily+Minerals&i=hpc&s=exact-aware-popularity-rank&ref=sr_st_exact-aware-popularity-rank
Calcium Carbonate,https://www.amazon.com/s?k=Calcium+Carbonate&i=hpc&s=exact-aware-popularity-rank&ref=sr_st_exact-aware-popularity-rank
Magnesium Oxide,https://www.amazon.com/s?k=Magnesium+Oxide&i=hpc&s=exact-aware-popularity-rank&ref=sr_st_exact-aware-popularity-rank
Boron Complex,https://www.amazon.com/s?k=Boron+Complex&i=hpc&s=exact-aware-popularity-rank&ref=sr_st_exact-aware-popularity-rank
Potassium Chloride,https://www.amazon.com/s?k=Potassium+Chloride&i=hpc&s=exact-aware-popularity-rank&ref=sr_st_exact-aware-popularity-rank
Gummy supplements,https://www.amazon.com/s?k=Gummy+supplements&i=hpc&s=exact-aware-popularity-rank&ref=sr_st_exact-aware-popularity-rank
Water Pill,https://www.amazon.com/s?k=Water+Pill&i=hpc&s=exact-aware-popularity-rank&ref=sr_st_exact-aware-popularity-rank
Stomach Relief,https://www.amazon.com/s?k=Stomach+Relief&i=hpc&s=exact-aware-popularity-rank&ref=sr_st_exact-aware-popularity-rank
Ox Bile,https://www.amazon.com/s?k=Ox+Bile&i=hpc&s=exact-aware-popularity-rank&ref=sr_st_exact-aware-popularity-rank
Ferosul Tablets,https://www.amazon.com/s?k=Ferosul+Tablets&i=hpc&s=exact-aware-popularity-rank&ref=sr_st_exact-aware-popularity-rank
Cortisol Detox,https://www.amazon.com/s?k=Cortisol+Detox&i=hpc&s=exact-aware-popularity-rank&ref=sr_st_exact-aware-popularity-rank
Ferrous Sulfate,https://www.amazon.com/s?k=Ferrous+Sulfate&i=hpc&s=exact-aware-popularity-rank&ref=sr_st_exact-aware-popularity-rank
Bone density,https://www.amazon.com/s?k=Bone+density&i=hpc&s=exact-aware-popularity-rank&ref=sr_st_exact-aware-popularity-rank
Zinc Carnosine,https://www.amazon.com/s?k=Zinc+Carnosine&i=hpc&s=exact-aware-popularity-rank&ref=sr_st_exact-aware-popularity-rank
Chewable Calcium,https://www.amazon.com/s?k=Chewable+Calcium&i=hpc&s=exact-aware-popularity-rank&ref=sr_st_exact-aware-popularity-rank
Potassium Iodide,https://www.amazon.com/s?k=Potassium+Iodide&i=hpc&s=exact-aware-popularity-rank&ref=sr_st_exact-aware-popularity-rank
Lithium Orotate,https://www.amazon.com/s?k=Lithium+Orotate&i=hpc&s=exact-aware-popularity-rank&ref=sr_st_exact-aware-popularity-rank
Bioavailable Magnesium,https://www.amazon.com/s?k=Bioavailable+Magnesium&i=hpc&s=exact-aware-popularity-rank&ref=sr_st_exact-aware-popularity-rank
Boron capsules,https://www.amazon.com/s?k=Boron+capsules&i=hpc&s=exact-aware-popularity-rank&ref=sr_st_exact-aware-popularity-rank
Chewable Iron,https://www.amazon.com/s?k=Chewable+Iron&i=hpc&s=exact-aware-popularity-rank&ref=sr_st_exact-aware-popularity-rank
Relax Magnesium,https://www.amazon.com/s?k=Relax+Magnesium&i=hpc&s=exact-aware-popularity-rank&ref=sr_st_exact-aware-popularity-rank
Slow Iron,https://www.amazon.com/s?k=Slow+Iron&i=hpc&s=exact-aware-popularity-rank&ref=sr_st_exact-aware-popularity-rank
Melatonin Tablets,https://www.amazon.com/s?k=Melatonin+Tablets&i=hpc&s=exact-aware-popularity-rank&ref=sr_st_exact-aware-popularity-rank
Irish Sea Moss,https://www.amazon.com/s?k=Irish+Sea+Moss&i=hpc&s=exact-aware-popularity-rank&ref=sr_st_exact-aware-popularity-rank
Calcium Fluoride,https://www.amazon.com/s?k=Calcium+Fluoride&i=hpc&s=exact-aware-popularity-rank&ref=sr_st_exact-aware-popularity-rank
Zeolite Detox,https://www.amazon.com/s?k=Zeolite+Detox&i=hpc&s=exact-aware-popularity-rank&ref=sr_st_exact-aware-popularity-rank
Ionic Zinc,https://www.amazon.com/s?k=Ionic+Zinc&i=hpc&s=exact-aware-popularity-rank&ref=sr_st_exact-aware-popularity-rank
Protein Magnesium,https://www.amazon.com/s?k=Protein+Magnesium&i=hpc&s=exact-aware-popularity-rank&ref=sr_st_exact-aware-popularity-rank
Magnesium Carbonate,https://www.amazon.com/s?k=Magnesium+Carbonate&i=hpc&s=exact-aware-popularity-rank&ref=sr_st_exact-aware-popularity-rank
Glucosamine Chondroitin,https://www.amazon.com/s?k=Glucosamine+Chondroitin&i=hpc&s=exact-aware-popularity-rank&ref=sr_st_exact-aware-popularity-rank
Iodine Tablets,https://www.amazon.com/s?k=Iodine+Tablets&i=hpc&s=exact-aware-popularity-rank&ref=sr_st_exact-aware-popularity-rank
Chelated Manganese,https://www.amazon.com/s?k=Chelated+Manganese&i=hpc&s=exact-aware-popularity-rank&ref=sr_st_exact-aware-popularity-rank
Chelated Copper,https://www.amazon.com/s?k=Chelated+Copper&i=hpc&s=exact-aware-popularity-rank&ref=sr_st_exact-aware-popularity-rank
