Keyword,Links
Sensiderm Cream,https://www.amazon.com/s?k=Sensiderm+Cream&i=beauty&s=exact-aware-popularity-rank&ref=sr_st_exact-aware-popularity-rank
Coconut Cleanser,https://www.amazon.com/s?k=Coconut+Cleanser&i=beauty&s=exact-aware-popularity-rank&ref=sr_st_exact-aware-popularity-rank
Firming Eye Cream,https://www.amazon.com/s?k=Firming+Eye+Cream&i=beauty&s=exact-aware-popularity-rank&ref=sr_st_exact-aware-popularity-rank
Active Gel,https://www.amazon.com/s?k=Active+Gel&i=beauty&s=exact-aware-popularity-rank&ref=sr_st_exact-aware-popularity-rank
Cooling Lip Balm,https://www.amazon.com/s?k=Cooling+Lip+Balm&i=beauty&s=exact-aware-popularity-rank&ref=sr_st_exact-aware-popularity-rank
Hydrating Masque,https://www.amazon.com/s?k=Hydrating+Masque&i=beauty&s=exact-aware-popularity-rank&ref=sr_st_exact-aware-popularity-rank
UV spray,https://www.amazon.com/s?k=UV+spray&i=beauty&s=exact-aware-popularity-rank&ref=sr_st_exact-aware-popularity-rank
Firming Treatment,https://www.amazon.com/s?k=Firming+Treatment&i=beauty&s=exact-aware-popularity-rank&ref=sr_st_exact-aware-popularity-rank
Dry Skin,https://www.amazon.com/s?k=Dry+Skin&i=beauty&s=exact-aware-popularity-rank&ref=sr_st_exact-aware-popularity-rank
Pore refiner,https://www.amazon.com/s?k=Pore+refiner&i=beauty&s=exact-aware-popularity-rank&ref=sr_st_exact-aware-popularity-rank
Marine Mud,https://www.amazon.com/s?k=Marine+Mud&i=beauty&s=exact-aware-popularity-rank&ref=sr_st_exact-aware-popularity-rank
Cleanser Set,https://www.amazon.com/s?k=Cleanser+Set&i=beauty&s=exact-aware-popularity-rank&ref=sr_st_exact-aware-popularity-rank
Grapefruit Lip Balm,https://www.amazon.com/s?k=Grapefruit+Lip+Balm&i=beauty&s=exact-aware-popularity-rank&ref=sr_st_exact-aware-popularity-rank
Party pack,https://www.amazon.com/s?k=Party+pack&i=beauty&s=exact-aware-popularity-rank&ref=sr_st_exact-aware-popularity-rank
Papaya Peel,https://www.amazon.com/s?k=Papaya+Peel&i=beauty&s=exact-aware-popularity-rank&ref=sr_st_exact-aware-popularity-rank
Skin gel,https://www.amazon.com/s?k=Skin+gel&i=beauty&s=exact-aware-popularity-rank&ref=sr_st_exact-aware-popularity-rank
Retinal Moisturizer,https://www.amazon.com/s?k=Retinal+Moisturizer&i=beauty&s=exact-aware-popularity-rank&ref=sr_st_exact-aware-popularity-rank
Tanning Cream,https://www.amazon.com/s?k=Tanning+Cream&i=beauty&s=exact-aware-popularity-rank&ref=sr_st_exact-aware-popularity-rank
Chamomile Moisturizer,https://www.amazon.com/s?k=Chamomile+Moisturizer&i=beauty&s=exact-aware-popularity-rank&ref=sr_st_exact-aware-popularity-rank
Skin Renewal,https://www.amazon.com/s?k=Skin+Renewal&i=beauty&s=exact-aware-popularity-rank&ref=sr_st_exact-aware-popularity-rank
Revival Serum,https://www.amazon.com/s?k=Revival+Serum&i=beauty&s=exact-aware-popularity-rank&ref=sr_st_exact-aware-popularity-rank
Peach Balm,https://www.amazon.com/s?k=Peach+Balm&i=beauty&s=exact-aware-popularity-rank&ref=sr_st_exact-aware-popularity-rank
Ginger Lip Balm,https://www.amazon.com/s?k=Ginger+Lip+Balm&i=beauty&s=exact-aware-popularity-rank&ref=sr_st_exact-aware-popularity-rank
Line Smoothing,https://www.amazon.com/s?k=Line+Smoothing&i=beauty&s=exact-aware-popularity-rank&ref=sr_st_exact-aware-popularity-rank
Turmeric Serum,https://www.amazon.com/s?k=Turmeric+Serum&i=beauty&s=exact-aware-popularity-rank&ref=sr_st_exact-aware-popularity-rank
Hydrating Eye Cream,https://www.amazon.com/s?k=Hydrating+Eye+Cream&i=beauty&s=exact-aware-popularity-rank&ref=sr_st_exact-aware-popularity-rank
Vanilla Cleansing Wipes,https://www.amazon.com/s?k=Vanilla+Cleansing+Wipes&i=beauty&s=exact-aware-popularity-rank&ref=sr_st_exact-aware-popularity-rank
Sunless Tanner,https://www.amazon.com/s?k=Sunless+Tanner&i=beauty&s=exact-aware-popularity-rank&ref=sr_st_exact-aware-popularity-rank
Oil Minimizing,https://www.amazon.com/s?k=Oil+Minimizing&i=beauty&s=exact-aware-popularity-rank&ref=sr_st_exact-aware-popularity-rank
Self-tan spray,https://www.amazon.com/s?k=Self-tan+spray&i=beauty&s=exact-aware-popularity-rank&ref=sr_st_exact-aware-popularity-rank
SPF Bronzer,https://www.amazon.com/s?k=SPF+Bronzer&i=beauty&s=exact-aware-popularity-rank&ref=sr_st_exact-aware-popularity-rank
Clarifying Pads,https://www.amazon.com/s?k=Clarifying+Pads&i=beauty&s=exact-aware-popularity-rank&ref=sr_st_exact-aware-popularity-rank
Rosacea treatment,https://www.amazon.com/s?k=Rosacea+treatment&i=beauty&s=exact-aware-popularity-rank&ref=sr_st_exact-aware-popularity-rank
Hydrating Lip Balm,https://www.amazon.com/s?k=Hydrating+Lip+Balm&i=beauty&s=exact-aware-popularity-rank&ref=sr_st_exact-aware-popularity-rank
Hydrating Lip Shine,https://www.amazon.com/s?k=Hydrating+Lip+Shine&i=beauty&s=exact-aware-popularity-rank&ref=sr_st_exact-aware-popularity-rank
Manuka Serum,https://www.amazon.com/s?k=Manuka+Serum&i=beauty&s=exact-aware-popularity-rank&ref=sr_st_exact-aware-popularity-rank
Pore Pad,https://www.amazon.com/s?k=Pore+Pad&i=beauty&s=exact-aware-popularity-rank&ref=sr_st_exact-aware-popularity-rank
Yogurt Mask,https://www.amazon.com/s?k=Yogurt+Mask&i=beauty&s=exact-aware-popularity-rank&ref=sr_st_exact-aware-popularity-rank
Lifting Cream,https://www.amazon.com/s?k=Lifting+Cream&i=beauty&s=exact-aware-popularity-rank&ref=sr_st_exact-aware-popularity-rank
Sunless Tanning,https://www.amazon.com/s?k=Sunless+Tanning&i=beauty&s=exact-aware-popularity-rank&ref=sr_st_exact-aware-popularity-rank
Pore Strips,https://www.amazon.com/s?k=Pore+Strips&i=beauty&s=exact-aware-popularity-rank&ref=sr_st_exact-aware-popularity-rank
Matifying cream,https://www.amazon.com/s?k=Matifying+cream&i=beauty&s=exact-aware-popularity-rank&ref=sr_st_exact-aware-popularity-rank
Atopic Lotion,https://www.amazon.com/s?k=Atopic+Lotion&i=beauty&s=exact-aware-popularity-rank&ref=sr_st_exact-aware-popularity-rank
Frozen figures,https://www.amazon.com/s?k=Frozen+figures&i=beauty&s=exact-aware-popularity-rank&ref=sr_st_exact-aware-popularity-rank
Protective Cream,https://www.amazon.com/s?k=Protective+Cream&i=beauty&s=exact-aware-popularity-rank&ref=sr_st_exact-aware-popularity-rank
Detoxifying Mask,https://www.amazon.com/s?k=Detoxifying+Mask&i=beauty&s=exact-aware-popularity-rank&ref=sr_st_exact-aware-popularity-rank
Vitamin E Cream,https://www.amazon.com/s?k=Vitamin+E+Cream&i=beauty&s=exact-aware-popularity-rank&ref=sr_st_exact-aware-popularity-rank
Multi-Purpose Balm,https://www.amazon.com/s?k=Multi-Purpose+Balm&i=beauty&s=exact-aware-popularity-rank&ref=sr_st_exact-aware-popularity-rank
Tone Repair,https://www.amazon.com/s?k=Tone+Repair&i=beauty&s=exact-aware-popularity-rank&ref=sr_st_exact-aware-popularity-rank
Luminous Serum,https://www.amazon.com/s?k=Luminous+Serum&i=beauty&s=exact-aware-popularity-rank&ref=sr_st_exact-aware-popularity-rank
