Keyword,Links
Styling Spray,https://www.amazon.com/s?k=Styling+Spray&i=beauty&s=exact-aware-popularity-rank&ref=sr_st_exact-aware-popularity-rank
Styling Whip,https://www.amazon.com/s?k=Styling+Whip&i=beauty&s=exact-aware-popularity-rank&ref=sr_st_exact-aware-popularity-rank
Thermal hairspray,https://www.amazon.com/s?k=Thermal+hairspray&i=beauty&s=exact-aware-popularity-rank&ref=sr_st_exact-aware-popularity-rank
Beach mousse,https://www.amazon.com/s?k=Beach+mousse&i=beauty&s=exact-aware-popularity-rank&ref=sr_st_exact-aware-popularity-rank
Dry Texturizer,https://www.amazon.com/s?k=Dry+Texturizer&i=beauty&s=exact-aware-popularity-rank&ref=sr_st_exact-aware-popularity-rank
Unruly Hairspray,https://www.amazon.com/s?k=Unruly+Hairspray&i=beauty&s=exact-aware-popularity-rank&ref=sr_st_exact-aware-popularity-rank
Curly lotion,https://www.amazon.com/s?k=Curly+lotion&i=beauty&s=exact-aware-popularity-rank&ref=sr_st_exact-aware-popularity-rank
Texturizer Lifter,https://www.amazon.com/s?k=Texturizer+Lifter&i=beauty&s=exact-aware-popularity-rank&ref=sr_st_exact-aware-popularity-rank
Curl balm,https://www.amazon.com/s?k=Curl+balm&i=beauty&s=exact-aware-popularity-rank&ref=sr_st_exact-aware-popularity-rank
Protein gel,https://www.amazon.com/s?k=Protein+gel&i=beauty&s=exact-aware-popularity-rank&ref=sr_st_exact-aware-popularity-rank
Silk Spray,https://www.amazon.com/s?k=Silk+Spray&i=beauty&s=exact-aware-popularity-rank&ref=sr_st_exact-aware-popularity-rank
Bonding Spray,https://www.amazon.com/s?k=Bonding+Spray&i=beauty&s=exact-aware-popularity-rank&ref=sr_st_exact-aware-popularity-rank
Curl gift,https://www.amazon.com/s?k=Curl+gift&i=beauty&s=exact-aware-popularity-rank&ref=sr_st_exact-aware-popularity-rank
Chebe Crème,https://www.amazon.com/s?k=Chebe+Crème&i=beauty&s=exact-aware-popularity-rank&ref=sr_st_exact-aware-popularity-rank
Foam Wrap,https://www.amazon.com/s?k=Foam+Wrap&i=beauty&s=exact-aware-popularity-rank&ref=sr_st_exact-aware-popularity-rank
Beeswax Conditioner,https://www.amazon.com/s?k=Beeswax+Conditioner&i=beauty&s=exact-aware-popularity-rank&ref=sr_st_exact-aware-popularity-rank
Curl jelly,https://www.amazon.com/s?k=Curl+jelly&i=beauty&s=exact-aware-popularity-rank&ref=sr_st_exact-aware-popularity-rank
Moisture Spray,https://www.amazon.com/s?k=Moisture+Spray&i=beauty&s=exact-aware-popularity-rank&ref=sr_st_exact-aware-popularity-rank
Dream Cream,https://www.amazon.com/s?k=Dream+Cream&i=beauty&s=exact-aware-popularity-rank&ref=sr_st_exact-aware-popularity-rank
Biotin Cream,https://www.amazon.com/s?k=Biotin+Cream&i=beauty&s=exact-aware-popularity-rank&ref=sr_st_exact-aware-popularity-rank
Anti-Breakage Hair,https://www.amazon.com/s?k=Anti-Breakage+Hair&i=beauty&s=exact-aware-popularity-rank&ref=sr_st_exact-aware-popularity-rank
Creative Mousse,https://www.amazon.com/s?k=Creative+Mousse&i=beauty&s=exact-aware-popularity-rank&ref=sr_st_exact-aware-popularity-rank
Grey hair,https://www.amazon.com/s?k=Grey+hair&i=beauty&s=exact-aware-popularity-rank&ref=sr_st_exact-aware-popularity-rank
Textured Volume,https://www.amazon.com/s?k=Textured+Volume&i=beauty&s=exact-aware-popularity-rank&ref=sr_st_exact-aware-popularity-rank
Hair Finishing,https://www.amazon.com/s?k=Hair+Finishing&i=beauty&s=exact-aware-popularity-rank&ref=sr_st_exact-aware-popularity-rank
Whipped Creme,https://www.amazon.com/s?k=Whipped+Creme&i=beauty&s=exact-aware-popularity-rank&ref=sr_st_exact-aware-popularity-rank
Curly Styler,https://www.amazon.com/s?k=Curly+Styler&i=beauty&s=exact-aware-popularity-rank&ref=sr_st_exact-aware-popularity-rank
Silk Mousse,https://www.amazon.com/s?k=Silk+Mousse&i=beauty&s=exact-aware-popularity-rank&ref=sr_st_exact-aware-popularity-rank
Crystal Gel,https://www.amazon.com/s?k=Crystal+Gel&i=beauty&s=exact-aware-popularity-rank&ref=sr_st_exact-aware-popularity-rank
Hair butter,https://www.amazon.com/s?k=Hair+butter&i=beauty&s=exact-aware-popularity-rank&ref=sr_st_exact-aware-popularity-rank
Beachy spray,https://www.amazon.com/s?k=Beachy+spray&i=beauty&s=exact-aware-popularity-rank&ref=sr_st_exact-aware-popularity-rank
Thermal Smoothing,https://www.amazon.com/s?k=Thermal+Smoothing&i=beauty&s=exact-aware-popularity-rank&ref=sr_st_exact-aware-popularity-rank
Beeswax Black,https://www.amazon.com/s?k=Beeswax+Black&i=beauty&s=exact-aware-popularity-rank&ref=sr_st_exact-aware-popularity-rank
Bergamot Pomade,https://www.amazon.com/s?k=Bergamot+Pomade&i=beauty&s=exact-aware-popularity-rank&ref=sr_st_exact-aware-popularity-rank
Wave curl cream,https://www.amazon.com/s?k=Wave+curl+cream&i=beauty&s=exact-aware-popularity-rank&ref=sr_st_exact-aware-popularity-rank
Coconut Curling,https://www.amazon.com/s?k=Coconut+Curling&i=beauty&s=exact-aware-popularity-rank&ref=sr_st_exact-aware-popularity-rank
Braid hairspray,https://www.amazon.com/s?k=Braid+hairspray&i=beauty&s=exact-aware-popularity-rank&ref=sr_st_exact-aware-popularity-rank
Invisible hairspray,https://www.amazon.com/s?k=Invisible+hairspray&i=beauty&s=exact-aware-popularity-rank&ref=sr_st_exact-aware-popularity-rank
Curls Gel,https://www.amazon.com/s?k=Curls+Gel&i=beauty&s=exact-aware-popularity-rank&ref=sr_st_exact-aware-popularity-rank
Hairspray Spray,https://www.amazon.com/s?k=Hairspray+Spray&i=beauty&s=exact-aware-popularity-rank&ref=sr_st_exact-aware-popularity-rank
Curl setting,https://www.amazon.com/s?k=Curl+setting&i=beauty&s=exact-aware-popularity-rank&ref=sr_st_exact-aware-popularity-rank
Coconut Curl,https://www.amazon.com/s?k=Coconut+Curl&i=beauty&s=exact-aware-popularity-rank&ref=sr_st_exact-aware-popularity-rank
Thermal Protector,https://www.amazon.com/s?k=Thermal+Protector&i=beauty&s=exact-aware-popularity-rank&ref=sr_st_exact-aware-popularity-rank
Curl whip,https://www.amazon.com/s?k=Curl+whip&i=beauty&s=exact-aware-popularity-rank&ref=sr_st_exact-aware-popularity-rank
Beach hairspray,https://www.amazon.com/s?k=Beach+hairspray&i=beauty&s=exact-aware-popularity-rank&ref=sr_st_exact-aware-popularity-rank
Waves Spray,https://www.amazon.com/s?k=Waves+Spray&i=beauty&s=exact-aware-popularity-rank&ref=sr_st_exact-aware-popularity-rank
Cocoa Shea Pomade,https://www.amazon.com/s?k=Cocoa+Shea+Pomade&i=beauty&s=exact-aware-popularity-rank&ref=sr_st_exact-aware-popularity-rank
Hair jelly,https://www.amazon.com/s?k=Hair+jelly&i=beauty&s=exact-aware-popularity-rank&ref=sr_st_exact-aware-popularity-rank
Twist lotion,https://www.amazon.com/s?k=Twist+lotion&i=beauty&s=exact-aware-popularity-rank&ref=sr_st_exact-aware-popularity-rank
Light pomade,https://www.amazon.com/s?k=Light+pomade&i=beauty&s=exact-aware-popularity-rank&ref=sr_st_exact-aware-popularity-rank
