Keyword,Links
Styling Spray,https://www.ebay.com/sch/i.html?_from=R40&_nkw=Styling+Spray&_sacat=26395&rt=nc&LH_ItemCondition=3&LH_BIN=1&rt=nc&LH_PrefLoc=1
Styling Whip,https://www.ebay.com/sch/i.html?_from=R40&_nkw=Styling+Whip&_sacat=26395&rt=nc&LH_ItemCondition=3&LH_BIN=1&rt=nc&LH_PrefLoc=1
Thermal hairspray,https://www.ebay.com/sch/i.html?_from=R40&_nkw=Thermal+hairspray&_sacat=26395&rt=nc&LH_ItemCondition=3&LH_BIN=1&rt=nc&LH_PrefLoc=1
Beach mousse,https://www.ebay.com/sch/i.html?_from=R40&_nkw=Beach+mousse&_sacat=26395&rt=nc&LH_ItemCondition=3&LH_BIN=1&rt=nc&LH_PrefLoc=1
Dry Texturizer,https://www.ebay.com/sch/i.html?_from=R40&_nkw=Dry+Texturizer&_sacat=26395&rt=nc&LH_ItemCondition=3&LH_BIN=1&rt=nc&LH_PrefLoc=1
Unruly Hairspray,https://www.ebay.com/sch/i.html?_from=R40&_nkw=Unruly+Hairspray&_sacat=26395&rt=nc&LH_ItemCondition=3&LH_BIN=1&rt=nc&LH_PrefLoc=1
Curly lotion,https://www.ebay.com/sch/i.html?_from=R40&_nkw=Curly+lotion&_sacat=26395&rt=nc&LH_ItemCondition=3&LH_BIN=1&rt=nc&LH_PrefLoc=1
Texturizer Lifter,https://www.ebay.com/sch/i.html?_from=R40&_nkw=Texturizer+Lifter&_sacat=26395&rt=nc&LH_ItemCondition=3&LH_BIN=1&rt=nc&LH_PrefLoc=1
Curl balm,https://www.ebay.com/sch/i.html?_from=R40&_nkw=Curl+balm&_sacat=26395&rt=nc&LH_ItemCondition=3&LH_BIN=1&rt=nc&LH_PrefLoc=1
Protein gel,https://www.ebay.com/sch/i.html?_from=R40&_nkw=Protein+gel&_sacat=26395&rt=nc&LH_ItemCondition=3&LH_BIN=1&rt=nc&LH_PrefLoc=1
Silk Spray,https://www.ebay.com/sch/i.html?_from=R40&_nkw=Silk+Spray&_sacat=26395&rt=nc&LH_ItemCondition=3&LH_BIN=1&rt=nc&LH_PrefLoc=1
Bonding Spray,https://www.ebay.com/sch/i.html?_from=R40&_nkw=Bonding+Spray&_sacat=26395&rt=nc&LH_ItemCondition=3&LH_BIN=1&rt=nc&LH_PrefLoc=1
Curl gift,https://www.ebay.com/sch/i.html?_from=R40&_nkw=Curl+gift&_sacat=26395&rt=nc&LH_ItemCondition=3&LH_BIN=1&rt=nc&LH_PrefLoc=1
Chebe Crème,https://www.ebay.com/sch/i.html?_from=R40&_nkw=Chebe+Crème&_sacat=26395&rt=nc&LH_ItemCondition=3&LH_BIN=1&rt=nc&LH_PrefLoc=1
Foam Wrap,https://www.ebay.com/sch/i.html?_from=R40&_nkw=Foam+Wrap&_sacat=26395&rt=nc&LH_ItemCondition=3&LH_BIN=1&rt=nc&LH_PrefLoc=1
Beeswax Conditioner,https://www.ebay.com/sch/i.html?_from=R40&_nkw=Beeswax+Conditioner&_sacat=26395&rt=nc&LH_ItemCondition=3&LH_BIN=1&rt=nc&LH_PrefLoc=1
Curl jelly,https://www.ebay.com/sch/i.html?_from=R40&_nkw=Curl+jelly&_sacat=26395&rt=nc&LH_ItemCondition=3&LH_BIN=1&rt=nc&LH_PrefLoc=1
Moisture Spray,https://www.ebay.com/sch/i.html?_from=R40&_nkw=Moisture+Spray&_sacat=26395&rt=nc&LH_ItemCondition=3&LH_BIN=1&rt=nc&LH_PrefLoc=1
Dream Cream,https://www.ebay.com/sch/i.html?_from=R40&_nkw=Dream+Cream&_sacat=26395&rt=nc&LH_ItemCondition=3&LH_BIN=1&rt=nc&LH_PrefLoc=1
Biotin Cream,https://www.ebay.com/sch/i.html?_from=R40&_nkw=Biotin+Cream&_sacat=26395&rt=nc&LH_ItemCondition=3&LH_BIN=1&rt=nc&LH_PrefLoc=1
Anti-Breakage Hair,https://www.ebay.com/sch/i.html?_from=R40&_nkw=Anti-Breakage+Hair&_sacat=26395&rt=nc&LH_ItemCondition=3&LH_BIN=1&rt=nc&LH_PrefLoc=1
Creative Mousse,https://www.ebay.com/sch/i.html?_from=R40&_nkw=Creative+Mousse&_sacat=26395&rt=nc&LH_ItemCondition=3&LH_BIN=1&rt=nc&LH_PrefLoc=1
Grey hair,https://www.ebay.com/sch/i.html?_from=R40&_nkw=Grey+hair&_sacat=26395&rt=nc&LH_ItemCondition=3&LH_BIN=1&rt=nc&LH_PrefLoc=1
Textured Volume,https://www.ebay.com/sch/i.html?_from=R40&_nkw=Textured+Volume&_sacat=26395&rt=nc&LH_ItemCondition=3&LH_BIN=1&rt=nc&LH_PrefLoc=1
Hair Finishing,https://www.ebay.com/sch/i.html?_from=R40&_nkw=Hair+Finishing&_sacat=26395&rt=nc&LH_ItemCondition=3&LH_BIN=1&rt=nc&LH_PrefLoc=1
Whipped Creme,https://www.ebay.com/sch/i.html?_from=R40&_nkw=Whipped+Creme&_sacat=26395&rt=nc&LH_ItemCondition=3&LH_BIN=1&rt=nc&LH_PrefLoc=1
Curly Styler,https://www.ebay.com/sch/i.html?_from=R40&_nkw=Curly+Styler&_sacat=26395&rt=nc&LH_ItemCondition=3&LH_BIN=1&rt=nc&LH_PrefLoc=1
Silk Mousse,https://www.ebay.com/sch/i.html?_from=R40&_nkw=Silk+Mousse&_sacat=26395&rt=nc&LH_ItemCondition=3&LH_BIN=1&rt=nc&LH_PrefLoc=1
Crystal Gel,https://www.ebay.com/sch/i.html?_from=R40&_nkw=Crystal+Gel&_sacat=26395&rt=nc&LH_ItemCondition=3&LH_BIN=1&rt=nc&LH_PrefLoc=1
Hair butter,https://www.ebay.com/sch/i.html?_from=R40&_nkw=Hair+butter&_sacat=26395&rt=nc&LH_ItemCondition=3&LH_BIN=1&rt=nc&LH_PrefLoc=1
Beachy spray,https://www.ebay.com/sch/i.html?_from=R40&_nkw=Beachy+spray&_sacat=26395&rt=nc&LH_ItemCondition=3&LH_BIN=1&rt=nc&LH_PrefLoc=1
Thermal Smoothing,https://www.ebay.com/sch/i.html?_from=R40&_nkw=Thermal+Smoothing&_sacat=26395&rt=nc&LH_ItemCondition=3&LH_BIN=1&rt=nc&LH_PrefLoc=1
Beeswax Black,https://www.ebay.com/sch/i.html?_from=R40&_nkw=Beeswax+Black&_sacat=26395&rt=nc&LH_ItemCondition=3&LH_BIN=1&rt=nc&LH_PrefLoc=1
Bergamot Pomade,https://www.ebay.com/sch/i.html?_from=R40&_nkw=Bergamot+Pomade&_sacat=26395&rt=nc&LH_ItemCondition=3&LH_BIN=1&rt=nc&LH_PrefLoc=1
Wave curl cream,https://www.ebay.com/sch/i.html?_from=R40&_nkw=Wave+curl+cream&_sacat=26395&rt=nc&LH_ItemCondition=3&LH_BIN=1&rt=nc&LH_PrefLoc=1
Coconut Curling,https://www.ebay.com/sch/i.html?_from=R40&_nkw=Coconut+Curling&_sacat=26395&rt=nc&LH_ItemCondition=3&LH_BIN=1&rt=nc&LH_PrefLoc=1
Braid hairspray,https://www.ebay.com/sch/i.html?_from=R40&_nkw=Braid+hairspray&_sacat=26395&rt=nc&LH_ItemCondition=3&LH_BIN=1&rt=nc&LH_PrefLoc=1
Invisible hairspray,https://www.ebay.com/sch/i.html?_from=R40&_nkw=Invisible+hairspray&_sacat=26395&rt=nc&LH_ItemCondition=3&LH_BIN=1&rt=nc&LH_PrefLoc=1
Curls Gel,https://www.ebay.com/sch/i.html?_from=R40&_nkw=Curls+Gel&_sacat=26395&rt=nc&LH_ItemCondition=3&LH_BIN=1&rt=nc&LH_PrefLoc=1
Hairspray Spray,https://www.ebay.com/sch/i.html?_from=R40&_nkw=Hairspray+Spray&_sacat=26395&rt=nc&LH_ItemCondition=3&LH_BIN=1&rt=nc&LH_PrefLoc=1
Curl setting,https://www.ebay.com/sch/i.html?_from=R40&_nkw=Curl+setting&_sacat=26395&rt=nc&LH_ItemCondition=3&LH_BIN=1&rt=nc&LH_PrefLoc=1
Coconut Curl,https://www.ebay.com/sch/i.html?_from=R40&_nkw=Coconut+Curl&_sacat=26395&rt=nc&LH_ItemCondition=3&LH_BIN=1&rt=nc&LH_PrefLoc=1
Thermal Protector,https://www.ebay.com/sch/i.html?_from=R40&_nkw=Thermal+Protector&_sacat=26395&rt=nc&LH_ItemCondition=3&LH_BIN=1&rt=nc&LH_PrefLoc=1
Curl whip,https://www.ebay.com/sch/i.html?_from=R40&_nkw=Curl+whip&_sacat=26395&rt=nc&LH_ItemCondition=3&LH_BIN=1&rt=nc&LH_PrefLoc=1
Beach hairspray,https://www.ebay.com/sch/i.html?_from=R40&_nkw=Beach+hairspray&_sacat=26395&rt=nc&LH_ItemCondition=3&LH_BIN=1&rt=nc&LH_PrefLoc=1
Waves Spray,https://www.ebay.com/sch/i.html?_from=R40&_nkw=Waves+Spray&_sacat=26395&rt=nc&LH_ItemCondition=3&LH_BIN=1&rt=nc&LH_PrefLoc=1
Cocoa Shea Pomade,https://www.ebay.com/sch/i.html?_from=R40&_nkw=Cocoa+Shea+Pomade&_sacat=26395&rt=nc&LH_ItemCondition=3&LH_BIN=1&rt=nc&LH_PrefLoc=1
Hair jelly,https://www.ebay.com/sch/i.html?_from=R40&_nkw=Hair+jelly&_sacat=26395&rt=nc&LH_ItemCondition=3&LH_BIN=1&rt=nc&LH_PrefLoc=1
Twist lotion,https://www.ebay.com/sch/i.html?_from=R40&_nkw=Twist+lotion&_sacat=26395&rt=nc&LH_ItemCondition=3&LH_BIN=1&rt=nc&LH_PrefLoc=1
Light pomade,https://www.ebay.com/sch/i.html?_from=R40&_nkw=Light+pomade&_sacat=26395&rt=nc&LH_ItemCondition=3&LH_BIN=1&rt=nc&LH_PrefLoc=1
