Keyword,Links
Pre-Workout Mango,https://www.amazon.com/s?k=Pre-Workout+Mango&i=hpc&s=exact-aware-popularity-rank&ref=sr_st_exact-aware-popularity-rank
Pre-Workout Shred,https://www.amazon.com/s?k=Pre-Workout+Shred&i=hpc&s=exact-aware-popularity-rank&ref=sr_st_exact-aware-popularity-rank
Cardio Preworkout,https://www.amazon.com/s?k=Cardio+Preworkout&i=hpc&s=exact-aware-popularity-rank&ref=sr_st_exact-aware-popularity-rank
Pre-workout Splash,https://www.amazon.com/s?k=Pre-workout+Splash&i=hpc&s=exact-aware-popularity-rank&ref=sr_st_exact-aware-popularity-rank
Thermogenic Pre-Workout,https://www.amazon.com/s?k=Thermogenic+Pre-Workout&i=hpc&s=exact-aware-popularity-rank&ref=sr_st_exact-aware-popularity-rank
Pre-Workout Drink,https://www.amazon.com/s?k=Pre-Workout+Drink&i=hpc&s=exact-aware-popularity-rank&ref=sr_st_exact-aware-popularity-rank
Energy drink,https://www.amazon.com/s?k=Energy+drink&i=hpc&s=exact-aware-popularity-rank&ref=sr_st_exact-aware-popularity-rank
Total War,https://www.amazon.com/s?k=Total+War&i=hpc&s=exact-aware-popularity-rank&ref=sr_st_exact-aware-popularity-rank
Energy booster,https://www.amazon.com/s?k=Energy+booster&i=hpc&s=exact-aware-popularity-rank&ref=sr_st_exact-aware-popularity-rank
High Stim,https://www.amazon.com/s?k=High+Stim&i=hpc&s=exact-aware-popularity-rank&ref=sr_st_exact-aware-popularity-rank
Pre-Workout Grape,https://www.amazon.com/s?k=Pre-Workout+Grape&i=hpc&s=exact-aware-popularity-rank&ref=sr_st_exact-aware-popularity-rank
L-Arginine Powder,https://www.amazon.com/s?k=L-Arginine+Powder&i=hpc&s=exact-aware-popularity-rank&ref=sr_st_exact-aware-popularity-rank
Pre-workout Apple Cider,https://www.amazon.com/s?k=Pre-workout+Apple+Cider&i=hpc&s=exact-aware-popularity-rank&ref=sr_st_exact-aware-popularity-rank
Pre-Workout Pineapple,https://www.amazon.com/s?k=Pre-Workout+Pineapple&i=hpc&s=exact-aware-popularity-rank&ref=sr_st_exact-aware-popularity-rank
Preworkout Enhancer,https://www.amazon.com/s?k=Preworkout+Enhancer&i=hpc&s=exact-aware-popularity-rank&ref=sr_st_exact-aware-popularity-rank
Icy Blue Razz,https://www.amazon.com/s?k=Icy+Blue+Razz&i=hpc&s=exact-aware-popularity-rank&ref=sr_st_exact-aware-popularity-rank
Pre-Workout Gummies,https://www.amazon.com/s?k=Pre-Workout+Gummies&i=hpc&s=exact-aware-popularity-rank&ref=sr_st_exact-aware-popularity-rank
Amino Gainer,https://www.amazon.com/s?k=Amino+Gainer&i=hpc&s=exact-aware-popularity-rank&ref=sr_st_exact-aware-popularity-rank
Hawaiian Punch,https://www.amazon.com/s?k=Hawaiian+Punch&i=hpc&s=exact-aware-popularity-rank&ref=sr_st_exact-aware-popularity-rank
Preworkout Fat Burner,https://www.amazon.com/s?k=Preworkout+Fat+Burner&i=hpc&s=exact-aware-popularity-rank&ref=sr_st_exact-aware-popularity-rank
Pump Powder,https://www.amazon.com/s?k=Pump+Powder&i=hpc&s=exact-aware-popularity-rank&ref=sr_st_exact-aware-popularity-rank
Pre-workout Strawberry Kiwi,https://www.amazon.com/s?k=Pre-workout+Strawberry+Kiwi&i=hpc&s=exact-aware-popularity-rank&ref=sr_st_exact-aware-popularity-rank
Pre-Workout Pack,https://www.amazon.com/s?k=Pre-Workout+Pack&i=hpc&s=exact-aware-popularity-rank&ref=sr_st_exact-aware-popularity-rank
Creatine Pills,https://www.amazon.com/s?k=Creatine+Pills&i=hpc&s=exact-aware-popularity-rank&ref=sr_st_exact-aware-popularity-rank
Pre-Workout Amplifier,https://www.amazon.com/s?k=Pre-Workout+Amplifier&i=hpc&s=exact-aware-popularity-rank&ref=sr_st_exact-aware-popularity-rank
Mushroom Pre-Workout,https://www.amazon.com/s?k=Mushroom+Pre-Workout&i=hpc&s=exact-aware-popularity-rank&ref=sr_st_exact-aware-popularity-rank
Pre-workout Watermelon,https://www.amazon.com/s?k=Pre-workout+Watermelon&i=hpc&s=exact-aware-popularity-rank&ref=sr_st_exact-aware-popularity-rank
Fat Burn,https://www.amazon.com/s?k=Fat+Burn&i=hpc&s=exact-aware-popularity-rank&ref=sr_st_exact-aware-popularity-rank
Pre-Workout Peach,https://www.amazon.com/s?k=Pre-Workout+Peach&i=hpc&s=exact-aware-popularity-rank&ref=sr_st_exact-aware-popularity-rank
Pre-Workout Slush,https://www.amazon.com/s?k=Pre-Workout+Slush&i=hpc&s=exact-aware-popularity-rank&ref=sr_st_exact-aware-popularity-rank
Pregame Punch,https://www.amazon.com/s?k=Pregame+Punch&i=hpc&s=exact-aware-popularity-rank&ref=sr_st_exact-aware-popularity-rank
Vegan Amino,https://www.amazon.com/s?k=Vegan+Amino&i=hpc&s=exact-aware-popularity-rank&ref=sr_st_exact-aware-popularity-rank
Pre-Workout Lemonade,https://www.amazon.com/s?k=Pre-Workout+Lemonade&i=hpc&s=exact-aware-popularity-rank&ref=sr_st_exact-aware-popularity-rank
Creatine Supplement,https://www.amazon.com/s?k=Creatine+Supplement&i=hpc&s=exact-aware-popularity-rank&ref=sr_st_exact-aware-popularity-rank
Pre-Workout Orange,https://www.amazon.com/s?k=Pre-Workout+Orange&i=hpc&s=exact-aware-popularity-rank&ref=sr_st_exact-aware-popularity-rank
Cocoa Flavanols,https://www.amazon.com/s?k=Cocoa+Flavanols&i=hpc&s=exact-aware-popularity-rank&ref=sr_st_exact-aware-popularity-rank
Organic Pre-Workout,https://www.amazon.com/s?k=Organic+Pre-Workout&i=hpc&s=exact-aware-popularity-rank&ref=sr_st_exact-aware-popularity-rank
Pre-Workout Cherry,https://www.amazon.com/s?k=Pre-Workout+Cherry&i=hpc&s=exact-aware-popularity-rank&ref=sr_st_exact-aware-popularity-rank
Beet Pre-Workout,https://www.amazon.com/s?k=Beet+Pre-Workout&i=hpc&s=exact-aware-popularity-rank&ref=sr_st_exact-aware-popularity-rank
Bodybuilding Supplements,https://www.amazon.com/s?k=Bodybuilding+Supplements&i=hpc&s=exact-aware-popularity-rank&ref=sr_st_exact-aware-popularity-rank
Stimulant Free,https://www.amazon.com/s?k=Stimulant+Free&i=hpc&s=exact-aware-popularity-rank&ref=sr_st_exact-aware-popularity-rank
Real Carbs,https://www.amazon.com/s?k=Real+Carbs&i=hpc&s=exact-aware-popularity-rank&ref=sr_st_exact-aware-popularity-rank
Pre-Workout Fuel,https://www.amazon.com/s?k=Pre-Workout+Fuel&i=hpc&s=exact-aware-popularity-rank&ref=sr_st_exact-aware-popularity-rank
Non Stimulant Pre Workout,https://www.amazon.com/s?k=Non+Stimulant+Pre+Workout&i=hpc&s=exact-aware-popularity-rank&ref=sr_st_exact-aware-popularity-rank
Thermogenic Preworkout,https://www.amazon.com/s?k=Thermogenic+Preworkout&i=hpc&s=exact-aware-popularity-rank&ref=sr_st_exact-aware-popularity-rank
Pre-Workout Strawberry,https://www.amazon.com/s?k=Pre-Workout+Strawberry&i=hpc&s=exact-aware-popularity-rank&ref=sr_st_exact-aware-popularity-rank
Pre-Workout Blend,https://www.amazon.com/s?k=Pre-Workout+Blend&i=hpc&s=exact-aware-popularity-rank&ref=sr_st_exact-aware-popularity-rank
Energy Stimulant,https://www.amazon.com/s?k=Energy+Stimulant&i=hpc&s=exact-aware-popularity-rank&ref=sr_st_exact-aware-popularity-rank
Stim-Free Pre-Workout,https://www.amazon.com/s?k=Stim-Free+Pre-Workout&i=hpc&s=exact-aware-popularity-rank&ref=sr_st_exact-aware-popularity-rank
Shred Gummies,https://www.amazon.com/s?k=Shred+Gummies&i=hpc&s=exact-aware-popularity-rank&ref=sr_st_exact-aware-popularity-rank
