Keyword,Links
Silkening Serum,https://www.ebay.com/sch/i.html?_from=R40&_nkw=Silkening+Serum&_sacat=26395&rt=nc&LH_ItemCondition=3&LH_BIN=1&rt=nc&LH_PrefLoc=1
Acid Pads,https://www.ebay.com/sch/i.html?_from=R40&_nkw=Acid+Pads&_sacat=26395&rt=nc&LH_ItemCondition=3&LH_BIN=1&rt=nc&LH_PrefLoc=1
Brightening Polish,https://www.ebay.com/sch/i.html?_from=R40&_nkw=Brightening+Polish&_sacat=26395&rt=nc&LH_ItemCondition=3&LH_BIN=1&rt=nc&LH_PrefLoc=1
Daring Lotion,https://www.ebay.com/sch/i.html?_from=R40&_nkw=Daring+Lotion&_sacat=26395&rt=nc&LH_ItemCondition=3&LH_BIN=1&rt=nc&LH_PrefLoc=1
Eyeshadow Extender,https://www.ebay.com/sch/i.html?_from=R40&_nkw=Eyeshadow+Extender&_sacat=26395&rt=nc&LH_ItemCondition=3&LH_BIN=1&rt=nc&LH_PrefLoc=1
Oatmeal Spray,https://www.ebay.com/sch/i.html?_from=R40&_nkw=Oatmeal+Spray&_sacat=26395&rt=nc&LH_ItemCondition=3&LH_BIN=1&rt=nc&LH_PrefLoc=1
Beard Butter,https://www.ebay.com/sch/i.html?_from=R40&_nkw=Beard+Butter&_sacat=26395&rt=nc&LH_ItemCondition=3&LH_BIN=1&rt=nc&LH_PrefLoc=1
Anti-Humidity Spray,https://www.ebay.com/sch/i.html?_from=R40&_nkw=Anti-Humidity+Spray&_sacat=26395&rt=nc&LH_ItemCondition=3&LH_BIN=1&rt=nc&LH_PrefLoc=1
Mineral Veil,https://www.ebay.com/sch/i.html?_from=R40&_nkw=Mineral+Veil&_sacat=26395&rt=nc&LH_ItemCondition=3&LH_BIN=1&rt=nc&LH_PrefLoc=1
Moisture Serum,https://www.ebay.com/sch/i.html?_from=R40&_nkw=Moisture+Serum&_sacat=26395&rt=nc&LH_ItemCondition=3&LH_BIN=1&rt=nc&LH_PrefLoc=1
Oily Scalp,https://www.ebay.com/sch/i.html?_from=R40&_nkw=Oily+Scalp&_sacat=26395&rt=nc&LH_ItemCondition=3&LH_BIN=1&rt=nc&LH_PrefLoc=1
Shampoo Bar,https://www.ebay.com/sch/i.html?_from=R40&_nkw=Shampoo+Bar&_sacat=26395&rt=nc&LH_ItemCondition=3&LH_BIN=1&rt=nc&LH_PrefLoc=1
Body scrub,https://www.ebay.com/sch/i.html?_from=R40&_nkw=Body+scrub&_sacat=26395&rt=nc&LH_ItemCondition=3&LH_BIN=1&rt=nc&LH_PrefLoc=1
Microfiber Towel,https://www.ebay.com/sch/i.html?_from=R40&_nkw=Microfiber+Towel&_sacat=26395&rt=nc&LH_ItemCondition=3&LH_BIN=1&rt=nc&LH_PrefLoc=1
Amino Cleanser,https://www.ebay.com/sch/i.html?_from=R40&_nkw=Amino+Cleanser&_sacat=26395&rt=nc&LH_ItemCondition=3&LH_BIN=1&rt=nc&LH_PrefLoc=1
No Makeup Lipstick,https://www.ebay.com/sch/i.html?_from=R40&_nkw=No+Makeup+Lipstick&_sacat=26395&rt=nc&LH_ItemCondition=3&LH_BIN=1&rt=nc&LH_PrefLoc=1
Intensive Trio,https://www.ebay.com/sch/i.html?_from=R40&_nkw=Intensive+Trio&_sacat=26395&rt=nc&LH_ItemCondition=3&LH_BIN=1&rt=nc&LH_PrefLoc=1
Whiskey Soap,https://www.ebay.com/sch/i.html?_from=R40&_nkw=Whiskey+Soap&_sacat=26395&rt=nc&LH_ItemCondition=3&LH_BIN=1&rt=nc&LH_PrefLoc=1
Mineral Eyeliner,https://www.ebay.com/sch/i.html?_from=R40&_nkw=Mineral+Eyeliner&_sacat=26395&rt=nc&LH_ItemCondition=3&LH_BIN=1&rt=nc&LH_PrefLoc=1
Acne Spot Gel,https://www.ebay.com/sch/i.html?_from=R40&_nkw=Acne+Spot+Gel&_sacat=26395&rt=nc&LH_ItemCondition=3&LH_BIN=1&rt=nc&LH_PrefLoc=1
Repairing Conditioner,https://www.ebay.com/sch/i.html?_from=R40&_nkw=Repairing+Conditioner&_sacat=26395&rt=nc&LH_ItemCondition=3&LH_BIN=1&rt=nc&LH_PrefLoc=1
Sheet mask,https://www.ebay.com/sch/i.html?_from=R40&_nkw=Sheet+mask&_sacat=26395&rt=nc&LH_ItemCondition=3&LH_BIN=1&rt=nc&LH_PrefLoc=1
Hair bundle,https://www.ebay.com/sch/i.html?_from=R40&_nkw=Hair+bundle&_sacat=26395&rt=nc&LH_ItemCondition=3&LH_BIN=1&rt=nc&LH_PrefLoc=1
Ceramic Holiday,https://www.ebay.com/sch/i.html?_from=R40&_nkw=Ceramic+Holiday&_sacat=26395&rt=nc&LH_ItemCondition=3&LH_BIN=1&rt=nc&LH_PrefLoc=1
Shave Gel,https://www.ebay.com/sch/i.html?_from=R40&_nkw=Shave+Gel&_sacat=26395&rt=nc&LH_ItemCondition=3&LH_BIN=1&rt=nc&LH_PrefLoc=1
Glossing Treatment,https://www.ebay.com/sch/i.html?_from=R40&_nkw=Glossing+Treatment&_sacat=26395&rt=nc&LH_ItemCondition=3&LH_BIN=1&rt=nc&LH_PrefLoc=1
Olive detangler,https://www.ebay.com/sch/i.html?_from=R40&_nkw=Olive+detangler&_sacat=26395&rt=nc&LH_ItemCondition=3&LH_BIN=1&rt=nc&LH_PrefLoc=1
Unicorn Brush,https://www.ebay.com/sch/i.html?_from=R40&_nkw=Unicorn+Brush&_sacat=26395&rt=nc&LH_ItemCondition=3&LH_BIN=1&rt=nc&LH_PrefLoc=1
Curling cream,https://www.ebay.com/sch/i.html?_from=R40&_nkw=Curling+cream&_sacat=26395&rt=nc&LH_ItemCondition=3&LH_BIN=1&rt=nc&LH_PrefLoc=1
Detangling Spray,https://www.ebay.com/sch/i.html?_from=R40&_nkw=Detangling+Spray&_sacat=26395&rt=nc&LH_ItemCondition=3&LH_BIN=1&rt=nc&LH_PrefLoc=1
Kids hair gel,https://www.ebay.com/sch/i.html?_from=R40&_nkw=Kids+hair+gel&_sacat=26395&rt=nc&LH_ItemCondition=3&LH_BIN=1&rt=nc&LH_PrefLoc=1
Mixed Hair Custard,https://www.ebay.com/sch/i.html?_from=R40&_nkw=Mixed+Hair+Custard&_sacat=26395&rt=nc&LH_ItemCondition=3&LH_BIN=1&rt=nc&LH_PrefLoc=1
Moisturizing Detangler,https://www.ebay.com/sch/i.html?_from=R40&_nkw=Moisturizing+Detangler&_sacat=26395&rt=nc&LH_ItemCondition=3&LH_BIN=1&rt=nc&LH_PrefLoc=1
Kids Co-Wash,https://www.ebay.com/sch/i.html?_from=R40&_nkw=Kids+Co-Wash&_sacat=26395&rt=nc&LH_ItemCondition=3&LH_BIN=1&rt=nc&LH_PrefLoc=1
Kids Curling,https://www.ebay.com/sch/i.html?_from=R40&_nkw=Kids+Curling&_sacat=26395&rt=nc&LH_ItemCondition=3&LH_BIN=1&rt=nc&LH_PrefLoc=1
Braiding Gel,https://www.ebay.com/sch/i.html?_from=R40&_nkw=Braiding+Gel&_sacat=26395&rt=nc&LH_ItemCondition=3&LH_BIN=1&rt=nc&LH_PrefLoc=1
Curl shine,https://www.ebay.com/sch/i.html?_from=R40&_nkw=Curl+shine&_sacat=26395&rt=nc&LH_ItemCondition=3&LH_BIN=1&rt=nc&LH_PrefLoc=1
Detangling Shampoo,https://www.ebay.com/sch/i.html?_from=R40&_nkw=Detangling+Shampoo&_sacat=26395&rt=nc&LH_ItemCondition=3&LH_BIN=1&rt=nc&LH_PrefLoc=1
Mixed Hair,https://www.ebay.com/sch/i.html?_from=R40&_nkw=Mixed+Hair&_sacat=26395&rt=nc&LH_ItemCondition=3&LH_BIN=1&rt=nc&LH_PrefLoc=1
Tear-Free Shampoo,https://www.ebay.com/sch/i.html?_from=R40&_nkw=Tear-Free+Shampoo&_sacat=26395&rt=nc&LH_ItemCondition=3&LH_BIN=1&rt=nc&LH_PrefLoc=1
Nourishing Conditioner,https://www.ebay.com/sch/i.html?_from=R40&_nkw=Nourishing+Conditioner&_sacat=26395&rt=nc&LH_ItemCondition=3&LH_BIN=1&rt=nc&LH_PrefLoc=1
Curly Kids,https://www.ebay.com/sch/i.html?_from=R40&_nkw=Curly+Kids&_sacat=26395&rt=nc&LH_ItemCondition=3&LH_BIN=1&rt=nc&LH_PrefLoc=1
Disney Princess,https://www.ebay.com/sch/i.html?_from=R40&_nkw=Disney+Princess&_sacat=26395&rt=nc&LH_ItemCondition=3&LH_BIN=1&rt=nc&LH_PrefLoc=1
Sulfate-Free Custard,https://www.ebay.com/sch/i.html?_from=R40&_nkw=Sulfate-Free+Custard&_sacat=26395&rt=nc&LH_ItemCondition=3&LH_BIN=1&rt=nc&LH_PrefLoc=1
Kids hair lotion,https://www.ebay.com/sch/i.html?_from=R40&_nkw=Kids+hair+lotion&_sacat=26395&rt=nc&LH_ItemCondition=3&LH_BIN=1&rt=nc&LH_PrefLoc=1
Tangle Brush,https://www.ebay.com/sch/i.html?_from=R40&_nkw=Tangle+Brush&_sacat=26395&rt=nc&LH_ItemCondition=3&LH_BIN=1&rt=nc&LH_PrefLoc=1
Detangling Cream,https://www.ebay.com/sch/i.html?_from=R40&_nkw=Detangling+Cream&_sacat=26395&rt=nc&LH_ItemCondition=3&LH_BIN=1&rt=nc&LH_PrefLoc=1
Hair Beader,https://www.ebay.com/sch/i.html?_from=R40&_nkw=Hair+Beader&_sacat=26395&rt=nc&LH_ItemCondition=3&LH_BIN=1&rt=nc&LH_PrefLoc=1
Anti-Frizz Gel,https://www.ebay.com/sch/i.html?_from=R40&_nkw=Anti-Frizz+Gel&_sacat=26395&rt=nc&LH_ItemCondition=3&LH_BIN=1&rt=nc&LH_PrefLoc=1
Curly moisturizer,https://www.ebay.com/sch/i.html?_from=R40&_nkw=Curly+moisturizer&_sacat=26395&rt=nc&LH_ItemCondition=3&LH_BIN=1&rt=nc&LH_PrefLoc=1
