Keyword,Links
Snack Bar,https://www.ebay.com/sch/i.html?_from=R40&_nkw=Snack+Bar&_sacat=26395&rt=nc&LH_ItemCondition=3&LH_BIN=1&rt=nc&LH_PrefLoc=1
Pack options,https://www.ebay.com/sch/i.html?_from=R40&_nkw=Pack+options&_sacat=26395&rt=nc&LH_ItemCondition=3&LH_BIN=1&rt=nc&LH_PrefLoc=1
Inulin Sachets,https://www.ebay.com/sch/i.html?_from=R40&_nkw=Inulin+Sachets&_sacat=26395&rt=nc&LH_ItemCondition=3&LH_BIN=1&rt=nc&LH_PrefLoc=1
Pack of 48,https://www.ebay.com/sch/i.html?_from=R40&_nkw=Pack+of+48&_sacat=26395&rt=nc&LH_ItemCondition=3&LH_BIN=1&rt=nc&LH_PrefLoc=1
Chicory Capsules,https://www.ebay.com/sch/i.html?_from=R40&_nkw=Chicory+Capsules&_sacat=26395&rt=nc&LH_ItemCondition=3&LH_BIN=1&rt=nc&LH_PrefLoc=1
High Fiber,https://www.ebay.com/sch/i.html?_from=R40&_nkw=High+Fiber&_sacat=26395&rt=nc&LH_ItemCondition=3&LH_BIN=1&rt=nc&LH_PrefLoc=1
Ointment jars,https://www.ebay.com/sch/i.html?_from=R40&_nkw=Ointment+jars&_sacat=26395&rt=nc&LH_ItemCondition=3&LH_BIN=1&rt=nc&LH_PrefLoc=1
Nutritional formula,https://www.ebay.com/sch/i.html?_from=R40&_nkw=Nutritional+formula&_sacat=26395&rt=nc&LH_ItemCondition=3&LH_BIN=1&rt=nc&LH_PrefLoc=1
Pack quantity,https://www.ebay.com/sch/i.html?_from=R40&_nkw=Pack+quantity&_sacat=26395&rt=nc&LH_ItemCondition=3&LH_BIN=1&rt=nc&LH_PrefLoc=1
Psyllium Cleanser,https://www.ebay.com/sch/i.html?_from=R40&_nkw=Psyllium+Cleanser&_sacat=26395&rt=nc&LH_ItemCondition=3&LH_BIN=1&rt=nc&LH_PrefLoc=1
Steak seasoning,https://www.ebay.com/sch/i.html?_from=R40&_nkw=Steak+seasoning&_sacat=26395&rt=nc&LH_ItemCondition=3&LH_BIN=1&rt=nc&LH_PrefLoc=1
Pectin Powder,https://www.ebay.com/sch/i.html?_from=R40&_nkw=Pectin+Powder&_sacat=26395&rt=nc&LH_ItemCondition=3&LH_BIN=1&rt=nc&LH_PrefLoc=1
Psyllium Detox,https://www.ebay.com/sch/i.html?_from=R40&_nkw=Psyllium+Detox&_sacat=26395&rt=nc&LH_ItemCondition=3&LH_BIN=1&rt=nc&LH_PrefLoc=1
Fibre supplement,https://www.ebay.com/sch/i.html?_from=R40&_nkw=Fibre+supplement&_sacat=26395&rt=nc&LH_ItemCondition=3&LH_BIN=1&rt=nc&LH_PrefLoc=1
Pack of 24,https://www.ebay.com/sch/i.html?_from=R40&_nkw=Pack+of+24&_sacat=26395&rt=nc&LH_ItemCondition=3&LH_BIN=1&rt=nc&LH_PrefLoc=1
Instant laxative,https://www.ebay.com/sch/i.html?_from=R40&_nkw=Instant+laxative&_sacat=26395&rt=nc&LH_ItemCondition=3&LH_BIN=1&rt=nc&LH_PrefLoc=1
Berberine Inulin,https://www.ebay.com/sch/i.html?_from=R40&_nkw=Berberine+Inulin&_sacat=26395&rt=nc&LH_ItemCondition=3&LH_BIN=1&rt=nc&LH_PrefLoc=1
Prune Laxative,https://www.ebay.com/sch/i.html?_from=R40&_nkw=Prune+Laxative&_sacat=26395&rt=nc&LH_ItemCondition=3&LH_BIN=1&rt=nc&LH_PrefLoc=1
Isabgol powder,https://www.ebay.com/sch/i.html?_from=R40&_nkw=Isabgol+powder&_sacat=26395&rt=nc&LH_ItemCondition=3&LH_BIN=1&rt=nc&LH_PrefLoc=1
Barberry Powder,https://www.ebay.com/sch/i.html?_from=R40&_nkw=Barberry+Powder&_sacat=26395&rt=nc&LH_ItemCondition=3&LH_BIN=1&rt=nc&LH_PrefLoc=1
Carrot Powder,https://www.ebay.com/sch/i.html?_from=R40&_nkw=Carrot+Powder&_sacat=26395&rt=nc&LH_ItemCondition=3&LH_BIN=1&rt=nc&LH_PrefLoc=1
Rhinestone Bobby Pins,https://www.ebay.com/sch/i.html?_from=R40&_nkw=Rhinestone+Bobby+Pins&_sacat=26395&rt=nc&LH_ItemCondition=3&LH_BIN=1&rt=nc&LH_PrefLoc=1
Natural laxative,https://www.ebay.com/sch/i.html?_from=R40&_nkw=Natural+laxative&_sacat=26395&rt=nc&LH_ItemCondition=3&LH_BIN=1&rt=nc&LH_PrefLoc=1
Friendly Fiber,https://www.ebay.com/sch/i.html?_from=R40&_nkw=Friendly+Fiber&_sacat=26395&rt=nc&LH_ItemCondition=3&LH_BIN=1&rt=nc&LH_PrefLoc=1
Instant Fiber,https://www.ebay.com/sch/i.html?_from=R40&_nkw=Instant+Fiber&_sacat=26395&rt=nc&LH_ItemCondition=3&LH_BIN=1&rt=nc&LH_PrefLoc=1
Cleanse Supplement,https://www.ebay.com/sch/i.html?_from=R40&_nkw=Cleanse+Supplement&_sacat=26395&rt=nc&LH_ItemCondition=3&LH_BIN=1&rt=nc&LH_PrefLoc=1
Aromatized Capsules,https://www.ebay.com/sch/i.html?_from=R40&_nkw=Aromatized+Capsules&_sacat=26395&rt=nc&LH_ItemCondition=3&LH_BIN=1&rt=nc&LH_PrefLoc=1
Retro capsules,https://www.ebay.com/sch/i.html?_from=R40&_nkw=Retro+capsules&_sacat=26395&rt=nc&LH_ItemCondition=3&LH_BIN=1&rt=nc&LH_PrefLoc=1
Orange Fiber,https://www.ebay.com/sch/i.html?_from=R40&_nkw=Orange+Fiber&_sacat=26395&rt=nc&LH_ItemCondition=3&LH_BIN=1&rt=nc&LH_PrefLoc=1
Floral supplement,https://www.ebay.com/sch/i.html?_from=R40&_nkw=Floral+supplement&_sacat=26395&rt=nc&LH_ItemCondition=3&LH_BIN=1&rt=nc&LH_PrefLoc=1
Psyllium Cleanse,https://www.ebay.com/sch/i.html?_from=R40&_nkw=Psyllium+Cleanse&_sacat=26395&rt=nc&LH_ItemCondition=3&LH_BIN=1&rt=nc&LH_PrefLoc=1
Fiber Supplements,https://www.ebay.com/sch/i.html?_from=R40&_nkw=Fiber+Supplements&_sacat=26395&rt=nc&LH_ItemCondition=3&LH_BIN=1&rt=nc&LH_PrefLoc=1
Laxative Tablets,https://www.ebay.com/sch/i.html?_from=R40&_nkw=Laxative+Tablets&_sacat=26395&rt=nc&LH_ItemCondition=3&LH_BIN=1&rt=nc&LH_PrefLoc=1
Stool Softener,https://www.ebay.com/sch/i.html?_from=R40&_nkw=Stool+Softener&_sacat=26395&rt=nc&LH_ItemCondition=3&LH_BIN=1&rt=nc&LH_PrefLoc=1
Polyethylene Glycol,https://www.ebay.com/sch/i.html?_from=R40&_nkw=Polyethylene+Glycol&_sacat=26395&rt=nc&LH_ItemCondition=3&LH_BIN=1&rt=nc&LH_PrefLoc=1
Laxative Powder,https://www.ebay.com/sch/i.html?_from=R40&_nkw=Laxative+Powder&_sacat=26395&rt=nc&LH_ItemCondition=3&LH_BIN=1&rt=nc&LH_PrefLoc=1
Stimulant Laxative,https://www.ebay.com/sch/i.html?_from=R40&_nkw=Stimulant+Laxative&_sacat=26395&rt=nc&LH_ItemCondition=3&LH_BIN=1&rt=nc&LH_PrefLoc=1
Osmotic Laxative,https://www.ebay.com/sch/i.html?_from=R40&_nkw=Osmotic+Laxative&_sacat=26395&rt=nc&LH_ItemCondition=3&LH_BIN=1&rt=nc&LH_PrefLoc=1
Saline Laxative,https://www.ebay.com/sch/i.html?_from=R40&_nkw=Saline+Laxative&_sacat=26395&rt=nc&LH_ItemCondition=3&LH_BIN=1&rt=nc&LH_PrefLoc=1
Laxative Relief,https://www.ebay.com/sch/i.html?_from=R40&_nkw=Laxative+Relief&_sacat=26395&rt=nc&LH_ItemCondition=3&LH_BIN=1&rt=nc&LH_PrefLoc=1
Liquid laxative,https://www.ebay.com/sch/i.html?_from=R40&_nkw=Liquid+laxative&_sacat=26395&rt=nc&LH_ItemCondition=3&LH_BIN=1&rt=nc&LH_PrefLoc=1
Vegetable Laxative,https://www.ebay.com/sch/i.html?_from=R40&_nkw=Vegetable+Laxative&_sacat=26395&rt=nc&LH_ItemCondition=3&LH_BIN=1&rt=nc&LH_PrefLoc=1
Milk of Magnesia,https://www.ebay.com/sch/i.html?_from=R40&_nkw=Milk+of+Magnesia&_sacat=26395&rt=nc&LH_ItemCondition=3&LH_BIN=1&rt=nc&LH_PrefLoc=1
Laxative Suppositories,https://www.ebay.com/sch/i.html?_from=R40&_nkw=Laxative+Suppositories&_sacat=26395&rt=nc&LH_ItemCondition=3&LH_BIN=1&rt=nc&LH_PrefLoc=1
Laxative Chews,https://www.ebay.com/sch/i.html?_from=R40&_nkw=Laxative+Chews&_sacat=26395&rt=nc&LH_ItemCondition=3&LH_BIN=1&rt=nc&LH_PrefLoc=1
Glycerin Suppositories,https://www.ebay.com/sch/i.html?_from=R40&_nkw=Glycerin+Suppositories&_sacat=26395&rt=nc&LH_ItemCondition=3&LH_BIN=1&rt=nc&LH_PrefLoc=1
Saline Enema,https://www.ebay.com/sch/i.html?_from=R40&_nkw=Saline+Enema&_sacat=26395&rt=nc&LH_ItemCondition=3&LH_BIN=1&rt=nc&LH_PrefLoc=1
Castor Oil,https://www.ebay.com/sch/i.html?_from=R40&_nkw=Castor+Oil&_sacat=26395&rt=nc&LH_ItemCondition=3&LH_BIN=1&rt=nc&LH_PrefLoc=1
Gentle Laxative,https://www.ebay.com/sch/i.html?_from=R40&_nkw=Gentle+Laxative&_sacat=26395&rt=nc&LH_ItemCondition=3&LH_BIN=1&rt=nc&LH_PrefLoc=1
Laxative Enema,https://www.ebay.com/sch/i.html?_from=R40&_nkw=Laxative+Enema&_sacat=26395&rt=nc&LH_ItemCondition=3&LH_BIN=1&rt=nc&LH_PrefLoc=1
