Keyword,Links
Ergonomic Dryer,https://www.amazon.com/s?k=Ergonomic+Dryer&i=beauty&s=exact-aware-popularity-rank&ref=sr_st_exact-aware-popularity-rank
Unclipped Rod,https://www.amazon.com/s?k=Unclipped+Rod&i=beauty&s=exact-aware-popularity-rank&ref=sr_st_exact-aware-popularity-rank
Storage Case,https://www.amazon.com/s?k=Storage+Case&i=beauty&s=exact-aware-popularity-rank&ref=sr_st_exact-aware-popularity-rank
Neck Duster,https://www.amazon.com/s?k=Neck+Duster&i=beauty&s=exact-aware-popularity-rank&ref=sr_st_exact-aware-popularity-rank
Clipper Oil,https://www.amazon.com/s?k=Clipper+Oil&i=beauty&s=exact-aware-popularity-rank&ref=sr_st_exact-aware-popularity-rank
Hairstyling Iron,https://www.amazon.com/s?k=Hairstyling+Iron&i=beauty&s=exact-aware-popularity-rank&ref=sr_st_exact-aware-popularity-rank
Graphene Curling Iron,https://www.amazon.com/s?k=Graphene+Curling+Iron&i=beauty&s=exact-aware-popularity-rank&ref=sr_st_exact-aware-popularity-rank
Blowout Brush,https://www.amazon.com/s?k=Blowout+Brush&i=beauty&s=exact-aware-popularity-rank&ref=sr_st_exact-aware-popularity-rank
Whipped Taffy,https://www.amazon.com/s?k=Whipped+Taffy&i=beauty&s=exact-aware-popularity-rank&ref=sr_st_exact-aware-popularity-rank
Freeze spray,https://www.amazon.com/s?k=Freeze+spray&i=beauty&s=exact-aware-popularity-rank&ref=sr_st_exact-aware-popularity-rank
Volume spray,https://www.amazon.com/s?k=Volume+spray&i=beauty&s=exact-aware-popularity-rank&ref=sr_st_exact-aware-popularity-rank
Moisturizing Duo,https://www.amazon.com/s?k=Moisturizing+Duo&i=beauty&s=exact-aware-popularity-rank&ref=sr_st_exact-aware-popularity-rank
Smoothing Serum,https://www.amazon.com/s?k=Smoothing+Serum&i=beauty&s=exact-aware-popularity-rank&ref=sr_st_exact-aware-popularity-rank
Volume Mousse,https://www.amazon.com/s?k=Volume+Mousse&i=beauty&s=exact-aware-popularity-rank&ref=sr_st_exact-aware-popularity-rank
Weatherproof spray,https://www.amazon.com/s?k=Weatherproof+spray&i=beauty&s=exact-aware-popularity-rank&ref=sr_st_exact-aware-popularity-rank
Moisture Balance,https://www.amazon.com/s?k=Moisture+Balance&i=beauty&s=exact-aware-popularity-rank&ref=sr_st_exact-aware-popularity-rank
Tea Tree Shampoo,https://www.amazon.com/s?k=Tea+Tree+Shampoo&i=beauty&s=exact-aware-popularity-rank&ref=sr_st_exact-aware-popularity-rank
Cleanser Shampoo,https://www.amazon.com/s?k=Cleanser+Shampoo&i=beauty&s=exact-aware-popularity-rank&ref=sr_st_exact-aware-popularity-rank
Extra-Body Conditioner,https://www.amazon.com/s?k=Extra-Body+Conditioner&i=beauty&s=exact-aware-popularity-rank&ref=sr_st_exact-aware-popularity-rank
Curling Creme,https://www.amazon.com/s?k=Curling+Creme&i=beauty&s=exact-aware-popularity-rank&ref=sr_st_exact-aware-popularity-rank
Daily provision,https://www.amazon.com/s?k=Daily+provision&i=beauty&s=exact-aware-popularity-rank&ref=sr_st_exact-aware-popularity-rank
Fresh Start,https://www.amazon.com/s?k=Fresh+Start&i=beauty&s=exact-aware-popularity-rank&ref=sr_st_exact-aware-popularity-rank
Scalp Drops,https://www.amazon.com/s?k=Scalp+Drops&i=beauty&s=exact-aware-popularity-rank&ref=sr_st_exact-aware-popularity-rank
Color Lock,https://www.amazon.com/s?k=Color+Lock&i=beauty&s=exact-aware-popularity-rank&ref=sr_st_exact-aware-popularity-rank
Volume Dry Shampoo,https://www.amazon.com/s?k=Volume+Dry+Shampoo&i=beauty&s=exact-aware-popularity-rank&ref=sr_st_exact-aware-popularity-rank
Curl butter,https://www.amazon.com/s?k=Curl+butter&i=beauty&s=exact-aware-popularity-rank&ref=sr_st_exact-aware-popularity-rank
Braid balm,https://www.amazon.com/s?k=Braid+balm&i=beauty&s=exact-aware-popularity-rank&ref=sr_st_exact-aware-popularity-rank
Moisturizing Conditioner,https://www.amazon.com/s?k=Moisturizing+Conditioner&i=beauty&s=exact-aware-popularity-rank&ref=sr_st_exact-aware-popularity-rank
Blowdry volumizer,https://www.amazon.com/s?k=Blowdry+volumizer&i=beauty&s=exact-aware-popularity-rank&ref=sr_st_exact-aware-popularity-rank
Volumizing Gel,https://www.amazon.com/s?k=Volumizing+Gel&i=beauty&s=exact-aware-popularity-rank&ref=sr_st_exact-aware-popularity-rank
Blonde Leave-In,https://www.amazon.com/s?k=Blonde+Leave-In&i=beauty&s=exact-aware-popularity-rank&ref=sr_st_exact-aware-popularity-rank
High Gloss,https://www.amazon.com/s?k=High+Gloss&i=beauty&s=exact-aware-popularity-rank&ref=sr_st_exact-aware-popularity-rank
Clarifying shampoo,https://www.amazon.com/s?k=Clarifying+shampoo&i=beauty&s=exact-aware-popularity-rank&ref=sr_st_exact-aware-popularity-rank
Strong treatment,https://www.amazon.com/s?k=Strong+treatment&i=beauty&s=exact-aware-popularity-rank&ref=sr_st_exact-aware-popularity-rank
Skinny Conditioner,https://www.amazon.com/s?k=Skinny+Conditioner&i=beauty&s=exact-aware-popularity-rank&ref=sr_st_exact-aware-popularity-rank
De-Brassing Shampoo,https://www.amazon.com/s?k=De-Brassing+Shampoo&i=beauty&s=exact-aware-popularity-rank&ref=sr_st_exact-aware-popularity-rank
Brunette Dry Shampoo,https://www.amazon.com/s?k=Brunette+Dry+Shampoo&i=beauty&s=exact-aware-popularity-rank&ref=sr_st_exact-aware-popularity-rank
Weightless hairspray,https://www.amazon.com/s?k=Weightless+hairspray&i=beauty&s=exact-aware-popularity-rank&ref=sr_st_exact-aware-popularity-rank
Blow-Dry Mist,https://www.amazon.com/s?k=Blow-Dry+Mist&i=beauty&s=exact-aware-popularity-rank&ref=sr_st_exact-aware-popularity-rank
Humidity gel,https://www.amazon.com/s?k=Humidity+gel&i=beauty&s=exact-aware-popularity-rank&ref=sr_st_exact-aware-popularity-rank
Sea Salt Spray,https://www.amazon.com/s?k=Sea+Salt+Spray&i=beauty&s=exact-aware-popularity-rank&ref=sr_st_exact-aware-popularity-rank
Root cover,https://www.amazon.com/s?k=Root+cover&i=beauty&s=exact-aware-popularity-rank&ref=sr_st_exact-aware-popularity-rank
Hair lotion,https://www.amazon.com/s?k=Hair+lotion&i=beauty&s=exact-aware-popularity-rank&ref=sr_st_exact-aware-popularity-rank
Sea Salt Scrub,https://www.amazon.com/s?k=Sea+Salt+Scrub&i=beauty&s=exact-aware-popularity-rank&ref=sr_st_exact-aware-popularity-rank
Detangler Spray,https://www.amazon.com/s?k=Detangler+Spray&i=beauty&s=exact-aware-popularity-rank&ref=sr_st_exact-aware-popularity-rank
Gentle Cleansing,https://www.amazon.com/s?k=Gentle+Cleansing&i=beauty&s=exact-aware-popularity-rank&ref=sr_st_exact-aware-popularity-rank
Hair Recovery,https://www.amazon.com/s?k=Hair+Recovery&i=beauty&s=exact-aware-popularity-rank&ref=sr_st_exact-aware-popularity-rank
Rejuvenating Masque,https://www.amazon.com/s?k=Rejuvenating+Masque&i=beauty&s=exact-aware-popularity-rank&ref=sr_st_exact-aware-popularity-rank
Miracle Conditioner,https://www.amazon.com/s?k=Miracle+Conditioner&i=beauty&s=exact-aware-popularity-rank&ref=sr_st_exact-aware-popularity-rank
Hairspray Hold,https://www.amazon.com/s?k=Hairspray+Hold&i=beauty&s=exact-aware-popularity-rank&ref=sr_st_exact-aware-popularity-rank
