Keyword,Links
White Gel,https://www.amazon.com/s?k=White+Gel&i=beauty&s=exact-aware-popularity-rank&ref=sr_st_exact-aware-popularity-rank
Cuticle Nippers,https://www.amazon.com/s?k=Cuticle+Nippers&i=beauty&s=exact-aware-popularity-rank&ref=sr_st_exact-aware-popularity-rank
Rose Nail,https://www.amazon.com/s?k=Rose+Nail&i=beauty&s=exact-aware-popularity-rank&ref=sr_st_exact-aware-popularity-rank
Coca-Cola Red,https://www.amazon.com/s?k=Coca-Cola+Red&i=beauty&s=exact-aware-popularity-rank&ref=sr_st_exact-aware-popularity-rank
Gel Nail Kit,https://www.amazon.com/s?k=Gel+Nail+Kit&i=beauty&s=exact-aware-popularity-rank&ref=sr_st_exact-aware-popularity-rank
Acrylic Powder,https://www.amazon.com/s?k=Acrylic+Powder&i=beauty&s=exact-aware-popularity-rank&ref=sr_st_exact-aware-popularity-rank
Nail Station,https://www.amazon.com/s?k=Nail+Station&i=beauty&s=exact-aware-popularity-rank&ref=sr_st_exact-aware-popularity-rank
Electric Nail Drill,https://www.amazon.com/s?k=Electric+Nail+Drill&i=beauty&s=exact-aware-popularity-rank&ref=sr_st_exact-aware-popularity-rank
Acrylic Nail Brushes,https://www.amazon.com/s?k=Acrylic+Nail+Brushes&i=beauty&s=exact-aware-popularity-rank&ref=sr_st_exact-aware-popularity-rank
Nail Monomer,https://www.amazon.com/s?k=Nail+Monomer&i=beauty&s=exact-aware-popularity-rank&ref=sr_st_exact-aware-popularity-rank
Yellow Nail Polish,https://www.amazon.com/s?k=Yellow+Nail+Polish&i=beauty&s=exact-aware-popularity-rank&ref=sr_st_exact-aware-popularity-rank
Nail Polish Remover,https://www.amazon.com/s?k=Nail+Polish+Remover&i=beauty&s=exact-aware-popularity-rank&ref=sr_st_exact-aware-popularity-rank
UV Nail Lamp,https://www.amazon.com/s?k=UV+Nail+Lamp&i=beauty&s=exact-aware-popularity-rank&ref=sr_st_exact-aware-popularity-rank
Mirror shine,https://www.amazon.com/s?k=Mirror+shine&i=beauty&s=exact-aware-popularity-rank&ref=sr_st_exact-aware-popularity-rank
Nail Dipping,https://www.amazon.com/s?k=Nail+Dipping&i=beauty&s=exact-aware-popularity-rank&ref=sr_st_exact-aware-popularity-rank
Manicure Tool,https://www.amazon.com/s?k=Manicure+Tool&i=beauty&s=exact-aware-popularity-rank&ref=sr_st_exact-aware-popularity-rank
Liquid Monomer,https://www.amazon.com/s?k=Liquid+Monomer&i=beauty&s=exact-aware-popularity-rank&ref=sr_st_exact-aware-popularity-rank
Black press-on nails,https://www.amazon.com/s?k=Black+press-on+nails&i=beauty&s=exact-aware-popularity-rank&ref=sr_st_exact-aware-popularity-rank
Pink Gel,https://www.amazon.com/s?k=Pink+Gel&i=beauty&s=exact-aware-popularity-rank&ref=sr_st_exact-aware-popularity-rank
Press-On Tabs,https://www.amazon.com/s?k=Press-On+Tabs&i=beauty&s=exact-aware-popularity-rank&ref=sr_st_exact-aware-popularity-rank
Gel Remover,https://www.amazon.com/s?k=Gel+Remover&i=beauty&s=exact-aware-popularity-rank&ref=sr_st_exact-aware-popularity-rank
False Nail,https://www.amazon.com/s?k=False+Nail&i=beauty&s=exact-aware-popularity-rank&ref=sr_st_exact-aware-popularity-rank
Acrylic Liquid,https://www.amazon.com/s?k=Acrylic+Liquid&i=beauty&s=exact-aware-popularity-rank&ref=sr_st_exact-aware-popularity-rank
Orange Nail Lacquer,https://www.amazon.com/s?k=Orange+Nail+Lacquer&i=beauty&s=exact-aware-popularity-rank&ref=sr_st_exact-aware-popularity-rank
Exotic Nail Polish,https://www.amazon.com/s?k=Exotic+Nail+Polish&i=beauty&s=exact-aware-popularity-rank&ref=sr_st_exact-aware-popularity-rank
Mint Nail Polish,https://www.amazon.com/s?k=Mint+Nail+Polish&i=beauty&s=exact-aware-popularity-rank&ref=sr_st_exact-aware-popularity-rank
Winter Nails,https://www.amazon.com/s?k=Winter+Nails&i=beauty&s=exact-aware-popularity-rank&ref=sr_st_exact-aware-popularity-rank
Magic Nail Polish,https://www.amazon.com/s?k=Magic+Nail+Polish&i=beauty&s=exact-aware-popularity-rank&ref=sr_st_exact-aware-popularity-rank
Manicure Table,https://www.amazon.com/s?k=Manicure+Table&i=beauty&s=exact-aware-popularity-rank&ref=sr_st_exact-aware-popularity-rank
Diamond Nail Color,https://www.amazon.com/s?k=Diamond+Nail+Color&i=beauty&s=exact-aware-popularity-rank&ref=sr_st_exact-aware-popularity-rank
Summer Nail Polish,https://www.amazon.com/s?k=Summer+Nail+Polish&i=beauty&s=exact-aware-popularity-rank&ref=sr_st_exact-aware-popularity-rank
Manicure Sticks,https://www.amazon.com/s?k=Manicure+Sticks&i=beauty&s=exact-aware-popularity-rank&ref=sr_st_exact-aware-popularity-rank
Green Almond,https://www.amazon.com/s?k=Green+Almond&i=beauty&s=exact-aware-popularity-rank&ref=sr_st_exact-aware-popularity-rank
Copper nail powder,https://www.amazon.com/s?k=Copper+nail+powder&i=beauty&s=exact-aware-popularity-rank&ref=sr_st_exact-aware-popularity-rank
Purple Coffin,https://www.amazon.com/s?k=Purple+Coffin&i=beauty&s=exact-aware-popularity-rank&ref=sr_st_exact-aware-popularity-rank
Amber Nail Art,https://www.amazon.com/s?k=Amber+Nail+Art&i=beauty&s=exact-aware-popularity-rank&ref=sr_st_exact-aware-popularity-rank
Weekly Top Coat,https://www.amazon.com/s?k=Weekly+Top+Coat&i=beauty&s=exact-aware-popularity-rank&ref=sr_st_exact-aware-popularity-rank
Fast-Drying Polish,https://www.amazon.com/s?k=Fast-Drying+Polish&i=beauty&s=exact-aware-popularity-rank&ref=sr_st_exact-aware-popularity-rank
Chip-Resistant Nail Polish,https://www.amazon.com/s?k=Chip-Resistant+Nail+Polish&i=beauty&s=exact-aware-popularity-rank&ref=sr_st_exact-aware-popularity-rank
White Nail Polish,https://www.amazon.com/s?k=White+Nail+Polish&i=beauty&s=exact-aware-popularity-rank&ref=sr_st_exact-aware-popularity-rank
Holiday Nail Polish,https://www.amazon.com/s?k=Holiday+Nail+Polish&i=beauty&s=exact-aware-popularity-rank&ref=sr_st_exact-aware-popularity-rank
Coarse Nail File,https://www.amazon.com/s?k=Coarse+Nail+File&i=beauty&s=exact-aware-popularity-rank&ref=sr_st_exact-aware-popularity-rank
Hollywood Nail Polish,https://www.amazon.com/s?k=Hollywood+Nail+Polish&i=beauty&s=exact-aware-popularity-rank&ref=sr_st_exact-aware-popularity-rank
UV nail dryer,https://www.amazon.com/s?k=UV+nail+dryer&i=beauty&s=exact-aware-popularity-rank&ref=sr_st_exact-aware-popularity-rank
Cotton Towels,https://www.amazon.com/s?k=Cotton+Towels&i=beauty&s=exact-aware-popularity-rank&ref=sr_st_exact-aware-popularity-rank
Almond Nail Tips,https://www.amazon.com/s?k=Almond+Nail+Tips&i=beauty&s=exact-aware-popularity-rank&ref=sr_st_exact-aware-popularity-rank
Girl's Night,https://www.amazon.com/s?k=Girl's+Night&i=beauty&s=exact-aware-popularity-rank&ref=sr_st_exact-aware-popularity-rank
Dark Nail Polish,https://www.amazon.com/s?k=Dark+Nail+Polish&i=beauty&s=exact-aware-popularity-rank&ref=sr_st_exact-aware-popularity-rank
Acrylic Monomer,https://www.amazon.com/s?k=Acrylic+Monomer&i=beauty&s=exact-aware-popularity-rank&ref=sr_st_exact-aware-popularity-rank
French press-on,https://www.amazon.com/s?k=French+press-on&i=beauty&s=exact-aware-popularity-rank&ref=sr_st_exact-aware-popularity-rank
