Keyword,Links
Strawberry Probiotic,https://www.ebay.com/sch/i.html?_from=R40&_nkw=Strawberry+Probiotic&_sacat=26395&rt=nc&LH_ItemCondition=3&LH_BIN=1&rt=nc&LH_PrefLoc=1
Probiotic Chewables,https://www.ebay.com/sch/i.html?_from=R40&_nkw=Probiotic+Chewables&_sacat=26395&rt=nc&LH_ItemCondition=3&LH_BIN=1&rt=nc&LH_PrefLoc=1
Acne Supplements,https://www.ebay.com/sch/i.html?_from=R40&_nkw=Acne+Supplements&_sacat=26395&rt=nc&LH_ItemCondition=3&LH_BIN=1&rt=nc&LH_PrefLoc=1
Organic Probiotics,https://www.ebay.com/sch/i.html?_from=R40&_nkw=Organic+Probiotics&_sacat=26395&rt=nc&LH_ItemCondition=3&LH_BIN=1&rt=nc&LH_PrefLoc=1
Biome Gummies,https://www.ebay.com/sch/i.html?_from=R40&_nkw=Biome+Gummies&_sacat=26395&rt=nc&LH_ItemCondition=3&LH_BIN=1&rt=nc&LH_PrefLoc=1
Detox Probiotic,https://www.ebay.com/sch/i.html?_from=R40&_nkw=Detox+Probiotic&_sacat=26395&rt=nc&LH_ItemCondition=3&LH_BIN=1&rt=nc&LH_PrefLoc=1
Probiotic Multivitamin,https://www.ebay.com/sch/i.html?_from=R40&_nkw=Probiotic+Multivitamin&_sacat=26395&rt=nc&LH_ItemCondition=3&LH_BIN=1&rt=nc&LH_PrefLoc=1
Fiber Powder,https://www.ebay.com/sch/i.html?_from=R40&_nkw=Fiber+Powder&_sacat=26395&rt=nc&LH_ItemCondition=3&LH_BIN=1&rt=nc&LH_PrefLoc=1
Probiotics Gummies,https://www.ebay.com/sch/i.html?_from=R40&_nkw=Probiotics+Gummies&_sacat=26395&rt=nc&LH_ItemCondition=3&LH_BIN=1&rt=nc&LH_PrefLoc=1
Probiotic Tummy,https://www.ebay.com/sch/i.html?_from=R40&_nkw=Probiotic+Tummy&_sacat=26395&rt=nc&LH_ItemCondition=3&LH_BIN=1&rt=nc&LH_PrefLoc=1
Men's Probiotic,https://www.ebay.com/sch/i.html?_from=R40&_nkw=Men's+Probiotic&_sacat=26395&rt=nc&LH_ItemCondition=3&LH_BIN=1&rt=nc&LH_PrefLoc=1
Probiotics Gift,https://www.ebay.com/sch/i.html?_from=R40&_nkw=Probiotics+Gift&_sacat=26395&rt=nc&LH_ItemCondition=3&LH_BIN=1&rt=nc&LH_PrefLoc=1
Probiotics Weight Loss,https://www.ebay.com/sch/i.html?_from=R40&_nkw=Probiotics+Weight+Loss&_sacat=26395&rt=nc&LH_ItemCondition=3&LH_BIN=1&rt=nc&LH_PrefLoc=1
Probiotic Immune,https://www.ebay.com/sch/i.html?_from=R40&_nkw=Probiotic+Immune&_sacat=26395&rt=nc&LH_ItemCondition=3&LH_BIN=1&rt=nc&LH_PrefLoc=1
Fermented Greens,https://www.ebay.com/sch/i.html?_from=R40&_nkw=Fermented+Greens&_sacat=26395&rt=nc&LH_ItemCondition=3&LH_BIN=1&rt=nc&LH_PrefLoc=1
Throat Probiotics,https://www.ebay.com/sch/i.html?_from=R40&_nkw=Throat+Probiotics&_sacat=26395&rt=nc&LH_ItemCondition=3&LH_BIN=1&rt=nc&LH_PrefLoc=1
Children's Probiotics,https://www.ebay.com/sch/i.html?_from=R40&_nkw=Children's+Probiotics&_sacat=26395&rt=nc&LH_ItemCondition=3&LH_BIN=1&rt=nc&LH_PrefLoc=1
Probiotic Flora,https://www.ebay.com/sch/i.html?_from=R40&_nkw=Probiotic+Flora&_sacat=26395&rt=nc&LH_ItemCondition=3&LH_BIN=1&rt=nc&LH_PrefLoc=1
SBO Probiotics,https://www.ebay.com/sch/i.html?_from=R40&_nkw=SBO+Probiotics&_sacat=26395&rt=nc&LH_ItemCondition=3&LH_BIN=1&rt=nc&LH_PrefLoc=1
Healing Probiotics,https://www.ebay.com/sch/i.html?_from=R40&_nkw=Healing+Probiotics&_sacat=26395&rt=nc&LH_ItemCondition=3&LH_BIN=1&rt=nc&LH_PrefLoc=1
Liquid Probiotics,https://www.ebay.com/sch/i.html?_from=R40&_nkw=Liquid+Probiotics&_sacat=26395&rt=nc&LH_ItemCondition=3&LH_BIN=1&rt=nc&LH_PrefLoc=1
Energy greens,https://www.ebay.com/sch/i.html?_from=R40&_nkw=Energy+greens&_sacat=26395&rt=nc&LH_ItemCondition=3&LH_BIN=1&rt=nc&LH_PrefLoc=1
Prebiotic Formula,https://www.ebay.com/sch/i.html?_from=R40&_nkw=Prebiotic+Formula&_sacat=26395&rt=nc&LH_ItemCondition=3&LH_BIN=1&rt=nc&LH_PrefLoc=1
D-Mannose Probiotics,https://www.ebay.com/sch/i.html?_from=R40&_nkw=D-Mannose+Probiotics&_sacat=26395&rt=nc&LH_ItemCondition=3&LH_BIN=1&rt=nc&LH_PrefLoc=1
Morning Sickness,https://www.ebay.com/sch/i.html?_from=R40&_nkw=Morning+Sickness&_sacat=26395&rt=nc&LH_ItemCondition=3&LH_BIN=1&rt=nc&LH_PrefLoc=1
Women Probiotic,https://www.ebay.com/sch/i.html?_from=R40&_nkw=Women+Probiotic&_sacat=26395&rt=nc&LH_ItemCondition=3&LH_BIN=1&rt=nc&LH_PrefLoc=1
Synbiotic Enzymes,https://www.ebay.com/sch/i.html?_from=R40&_nkw=Synbiotic+Enzymes&_sacat=26395&rt=nc&LH_ItemCondition=3&LH_BIN=1&rt=nc&LH_PrefLoc=1
Greens Drink,https://www.ebay.com/sch/i.html?_from=R40&_nkw=Greens+Drink&_sacat=26395&rt=nc&LH_ItemCondition=3&LH_BIN=1&rt=nc&LH_PrefLoc=1
Fertility Probiotic,https://www.ebay.com/sch/i.html?_from=R40&_nkw=Fertility+Probiotic&_sacat=26395&rt=nc&LH_ItemCondition=3&LH_BIN=1&rt=nc&LH_PrefLoc=1
Inulin Powder,https://www.ebay.com/sch/i.html?_from=R40&_nkw=Inulin+Powder&_sacat=26395&rt=nc&LH_ItemCondition=3&LH_BIN=1&rt=nc&LH_PrefLoc=1
Aloe Supplement,https://www.ebay.com/sch/i.html?_from=R40&_nkw=Aloe+Supplement&_sacat=26395&rt=nc&LH_ItemCondition=3&LH_BIN=1&rt=nc&LH_PrefLoc=1
Mouth Probiotics,https://www.ebay.com/sch/i.html?_from=R40&_nkw=Mouth+Probiotics&_sacat=26395&rt=nc&LH_ItemCondition=3&LH_BIN=1&rt=nc&LH_PrefLoc=1
Probiotic Spray,https://www.ebay.com/sch/i.html?_from=R40&_nkw=Probiotic+Spray&_sacat=26395&rt=nc&LH_ItemCondition=3&LH_BIN=1&rt=nc&LH_PrefLoc=1
Dental gummies,https://www.ebay.com/sch/i.html?_from=R40&_nkw=Dental+gummies&_sacat=26395&rt=nc&LH_ItemCondition=3&LH_BIN=1&rt=nc&LH_PrefLoc=1
Brain Probiotic,https://www.ebay.com/sch/i.html?_from=R40&_nkw=Brain+Probiotic&_sacat=26395&rt=nc&LH_ItemCondition=3&LH_BIN=1&rt=nc&LH_PrefLoc=1
Berrydophilus Probiotic,https://www.ebay.com/sch/i.html?_from=R40&_nkw=Berrydophilus+Probiotic&_sacat=26395&rt=nc&LH_ItemCondition=3&LH_BIN=1&rt=nc&LH_PrefLoc=1
Probiotics Support,https://www.ebay.com/sch/i.html?_from=R40&_nkw=Probiotics+Support&_sacat=26395&rt=nc&LH_ItemCondition=3&LH_BIN=1&rt=nc&LH_PrefLoc=1
Chewable Probiotic,https://www.ebay.com/sch/i.html?_from=R40&_nkw=Chewable+Probiotic&_sacat=26395&rt=nc&LH_ItemCondition=3&LH_BIN=1&rt=nc&LH_PrefLoc=1
Probiotics Kids,https://www.ebay.com/sch/i.html?_from=R40&_nkw=Probiotics+Kids&_sacat=26395&rt=nc&LH_ItemCondition=3&LH_BIN=1&rt=nc&LH_PrefLoc=1
Weight Probiotic,https://www.ebay.com/sch/i.html?_from=R40&_nkw=Weight+Probiotic&_sacat=26395&rt=nc&LH_ItemCondition=3&LH_BIN=1&rt=nc&LH_PrefLoc=1
Anti-Diarrheal Prebiotics,https://www.ebay.com/sch/i.html?_from=R40&_nkw=Anti-Diarrheal+Prebiotics&_sacat=26395&rt=nc&LH_ItemCondition=3&LH_BIN=1&rt=nc&LH_PrefLoc=1
Natural Probiotic,https://www.ebay.com/sch/i.html?_from=R40&_nkw=Natural+Probiotic&_sacat=26395&rt=nc&LH_ItemCondition=3&LH_BIN=1&rt=nc&LH_PrefLoc=1
Topical Probiotic,https://www.ebay.com/sch/i.html?_from=R40&_nkw=Topical+Probiotic&_sacat=26395&rt=nc&LH_ItemCondition=3&LH_BIN=1&rt=nc&LH_PrefLoc=1
Probiotic Seniors,https://www.ebay.com/sch/i.html?_from=R40&_nkw=Probiotic+Seniors&_sacat=26395&rt=nc&LH_ItemCondition=3&LH_BIN=1&rt=nc&LH_PrefLoc=1
Beauty Collagen,https://www.ebay.com/sch/i.html?_from=R40&_nkw=Beauty+Collagen&_sacat=26395&rt=nc&LH_ItemCondition=3&LH_BIN=1&rt=nc&LH_PrefLoc=1
Bone Probiotics,https://www.ebay.com/sch/i.html?_from=R40&_nkw=Bone+Probiotics&_sacat=26395&rt=nc&LH_ItemCondition=3&LH_BIN=1&rt=nc&LH_PrefLoc=1
Liquid Fiber,https://www.ebay.com/sch/i.html?_from=R40&_nkw=Liquid+Fiber&_sacat=26395&rt=nc&LH_ItemCondition=3&LH_BIN=1&rt=nc&LH_PrefLoc=1
Fungus Treatment,https://www.ebay.com/sch/i.html?_from=R40&_nkw=Fungus+Treatment&_sacat=26395&rt=nc&LH_ItemCondition=3&LH_BIN=1&rt=nc&LH_PrefLoc=1
Kombucha Probiotics,https://www.ebay.com/sch/i.html?_from=R40&_nkw=Kombucha+Probiotics&_sacat=26395&rt=nc&LH_ItemCondition=3&LH_BIN=1&rt=nc&LH_PrefLoc=1
Probiotic Cats,https://www.ebay.com/sch/i.html?_from=R40&_nkw=Probiotic+Cats&_sacat=26395&rt=nc&LH_ItemCondition=3&LH_BIN=1&rt=nc&LH_PrefLoc=1
