Keyword,Links
Concealer 4.0,https://www.amazon.com/s?k=Concealer+4.0&i=beauty&s=exact-aware-popularity-rank&ref=sr_st_exact-aware-popularity-rank
Semi Permanent Hair Color,https://www.amazon.com/s?k=Semi+Permanent+Hair+Color&i=beauty&s=exact-aware-popularity-rank&ref=sr_st_exact-aware-popularity-rank
Sonic Tattoos,https://www.amazon.com/s?k=Sonic+Tattoos&i=beauty&s=exact-aware-popularity-rank&ref=sr_st_exact-aware-popularity-rank
Dual Foundation,https://www.amazon.com/s?k=Dual+Foundation&i=beauty&s=exact-aware-popularity-rank&ref=sr_st_exact-aware-popularity-rank
Smearproof Lipstick,https://www.amazon.com/s?k=Smearproof+Lipstick&i=beauty&s=exact-aware-popularity-rank&ref=sr_st_exact-aware-popularity-rank
Eyeshadow Kit,https://www.amazon.com/s?k=Eyeshadow+Kit&i=beauty&s=exact-aware-popularity-rank&ref=sr_st_exact-aware-popularity-rank
Nail Design,https://www.amazon.com/s?k=Nail+Design&i=beauty&s=exact-aware-popularity-rank&ref=sr_st_exact-aware-popularity-rank
Cat Eye Nails,https://www.amazon.com/s?k=Cat+Eye+Nails&i=beauty&s=exact-aware-popularity-rank&ref=sr_st_exact-aware-popularity-rank
Hydrating Lipstick,https://www.amazon.com/s?k=Hydrating+Lipstick&i=beauty&s=exact-aware-popularity-rank&ref=sr_st_exact-aware-popularity-rank
Tattoo Salve,https://www.amazon.com/s?k=Tattoo+Salve&i=beauty&s=exact-aware-popularity-rank&ref=sr_st_exact-aware-popularity-rank
Clear Blue,https://www.amazon.com/s?k=Clear+Blue&i=beauty&s=exact-aware-popularity-rank&ref=sr_st_exact-aware-popularity-rank
Glow Bronzer,https://www.amazon.com/s?k=Glow+Bronzer&i=beauty&s=exact-aware-popularity-rank&ref=sr_st_exact-aware-popularity-rank
Bronzing Powder,https://www.amazon.com/s?k=Bronzing+Powder&i=beauty&s=exact-aware-popularity-rank&ref=sr_st_exact-aware-popularity-rank
Velvet Lashes,https://www.amazon.com/s?k=Velvet+Lashes&i=beauty&s=exact-aware-popularity-rank&ref=sr_st_exact-aware-popularity-rank
Beige eyeliner,https://www.amazon.com/s?k=Beige+eyeliner&i=beauty&s=exact-aware-popularity-rank&ref=sr_st_exact-aware-popularity-rank
Balanced Makeup,https://www.amazon.com/s?k=Balanced+Makeup&i=beauty&s=exact-aware-popularity-rank&ref=sr_st_exact-aware-popularity-rank
Blur powder,https://www.amazon.com/s?k=Blur+powder&i=beauty&s=exact-aware-popularity-rank&ref=sr_st_exact-aware-popularity-rank
Pedicure Tools,https://www.amazon.com/s?k=Pedicure+Tools&i=beauty&s=exact-aware-popularity-rank&ref=sr_st_exact-aware-popularity-rank
Dark Forest,https://www.amazon.com/s?k=Dark+Forest&i=beauty&s=exact-aware-popularity-rank&ref=sr_st_exact-aware-popularity-rank
Contour Blush,https://www.amazon.com/s?k=Contour+Blush&i=beauty&s=exact-aware-popularity-rank&ref=sr_st_exact-aware-popularity-rank
Cream Eyeshadow,https://www.amazon.com/s?k=Cream+Eyeshadow&i=beauty&s=exact-aware-popularity-rank&ref=sr_st_exact-aware-popularity-rank
Brow Kit,https://www.amazon.com/s?k=Brow+Kit&i=beauty&s=exact-aware-popularity-rank&ref=sr_st_exact-aware-popularity-rank
Frozen Nail Polish,https://www.amazon.com/s?k=Frozen+Nail+Polish&i=beauty&s=exact-aware-popularity-rank&ref=sr_st_exact-aware-popularity-rank
Rose Blush,https://www.amazon.com/s?k=Rose+Blush&i=beauty&s=exact-aware-popularity-rank&ref=sr_st_exact-aware-popularity-rank
Foundation Sand,https://www.amazon.com/s?k=Foundation+Sand&i=beauty&s=exact-aware-popularity-rank&ref=sr_st_exact-aware-popularity-rank
Lifting Wisps,https://www.amazon.com/s?k=Lifting+Wisps&i=beauty&s=exact-aware-popularity-rank&ref=sr_st_exact-aware-popularity-rank
Anti-Aging CC Cream,https://www.amazon.com/s?k=Anti-Aging+CC+Cream&i=beauty&s=exact-aware-popularity-rank&ref=sr_st_exact-aware-popularity-rank
Cream eyeliner,https://www.amazon.com/s?k=Cream+eyeliner&i=beauty&s=exact-aware-popularity-rank&ref=sr_st_exact-aware-popularity-rank
Blood Lip Tint,https://www.amazon.com/s?k=Blood+Lip+Tint&i=beauty&s=exact-aware-popularity-rank&ref=sr_st_exact-aware-popularity-rank
Glow Makeup,https://www.amazon.com/s?k=Glow+Makeup&i=beauty&s=exact-aware-popularity-rank&ref=sr_st_exact-aware-popularity-rank
Velvet Primer,https://www.amazon.com/s?k=Velvet+Primer&i=beauty&s=exact-aware-popularity-rank&ref=sr_st_exact-aware-popularity-rank
Highlighter Gold,https://www.amazon.com/s?k=Highlighter+Gold&i=beauty&s=exact-aware-popularity-rank&ref=sr_st_exact-aware-popularity-rank
Fungal Nail Repair,https://www.amazon.com/s?k=Fungal+Nail+Repair&i=beauty&s=exact-aware-popularity-rank&ref=sr_st_exact-aware-popularity-rank
Satin Foundation,https://www.amazon.com/s?k=Satin+Foundation&i=beauty&s=exact-aware-popularity-rank&ref=sr_st_exact-aware-popularity-rank
Disposable razors,https://www.amazon.com/s?k=Disposable+razors&i=beauty&s=exact-aware-popularity-rank&ref=sr_st_exact-aware-popularity-rank
Liner Brush,https://www.amazon.com/s?k=Liner+Brush&i=beauty&s=exact-aware-popularity-rank&ref=sr_st_exact-aware-popularity-rank
Unicorn Nail Stickers,https://www.amazon.com/s?k=Unicorn+Nail+Stickers&i=beauty&s=exact-aware-popularity-rank&ref=sr_st_exact-aware-popularity-rank
Blush Palette,https://www.amazon.com/s?k=Blush+Palette&i=beauty&s=exact-aware-popularity-rank&ref=sr_st_exact-aware-popularity-rank
Peony Lip Gloss,https://www.amazon.com/s?k=Peony+Lip+Gloss&i=beauty&s=exact-aware-popularity-rank&ref=sr_st_exact-aware-popularity-rank
Beauty Advent,https://www.amazon.com/s?k=Beauty+Advent&i=beauty&s=exact-aware-popularity-rank&ref=sr_st_exact-aware-popularity-rank
Camping mirror,https://www.amazon.com/s?k=Camping+mirror&i=beauty&s=exact-aware-popularity-rank&ref=sr_st_exact-aware-popularity-rank
Color Correction,https://www.amazon.com/s?k=Color+Correction&i=beauty&s=exact-aware-popularity-rank&ref=sr_st_exact-aware-popularity-rank
Berry Balm,https://www.amazon.com/s?k=Berry+Balm&i=beauty&s=exact-aware-popularity-rank&ref=sr_st_exact-aware-popularity-rank
Aqua Lashes,https://www.amazon.com/s?k=Aqua+Lashes&i=beauty&s=exact-aware-popularity-rank&ref=sr_st_exact-aware-popularity-rank
Lash Serum,https://www.amazon.com/s?k=Lash+Serum&i=beauty&s=exact-aware-popularity-rank&ref=sr_st_exact-aware-popularity-rank
Lash primer,https://www.amazon.com/s?k=Lash+primer&i=beauty&s=exact-aware-popularity-rank&ref=sr_st_exact-aware-popularity-rank
Face Gems,https://www.amazon.com/s?k=Face+Gems&i=beauty&s=exact-aware-popularity-rank&ref=sr_st_exact-aware-popularity-rank
Nail Whitener,https://www.amazon.com/s?k=Nail+Whitener&i=beauty&s=exact-aware-popularity-rank&ref=sr_st_exact-aware-popularity-rank
Tattoo Spray,https://www.amazon.com/s?k=Tattoo+Spray&i=beauty&s=exact-aware-popularity-rank&ref=sr_st_exact-aware-popularity-rank
French gel,https://www.amazon.com/s?k=French+gel&i=beauty&s=exact-aware-popularity-rank&ref=sr_st_exact-aware-popularity-rank
