Keyword,Links
High Hold Pomade,https://www.amazon.com/s?k=High+Hold+Pomade&i=beauty&s=exact-aware-popularity-rank&ref=sr_st_exact-aware-popularity-rank
Bond treatment,https://www.amazon.com/s?k=Bond+treatment&i=beauty&s=exact-aware-popularity-rank&ref=sr_st_exact-aware-popularity-rank
Moisture Cream,https://www.amazon.com/s?k=Moisture+Cream&i=beauty&s=exact-aware-popularity-rank&ref=sr_st_exact-aware-popularity-rank
Blonzer Spice,https://www.amazon.com/s?k=Blonzer+Spice&i=beauty&s=exact-aware-popularity-rank&ref=sr_st_exact-aware-popularity-rank
Plumping Lip Liner,https://www.amazon.com/s?k=Plumping+Lip+Liner&i=beauty&s=exact-aware-popularity-rank&ref=sr_st_exact-aware-popularity-rank
Baobab Shampoo,https://www.amazon.com/s?k=Baobab+Shampoo&i=beauty&s=exact-aware-popularity-rank&ref=sr_st_exact-aware-popularity-rank
Moisturizing Cowash,https://www.amazon.com/s?k=Moisturizing+Cowash&i=beauty&s=exact-aware-popularity-rank&ref=sr_st_exact-aware-popularity-rank
Taming Cream,https://www.amazon.com/s?k=Taming+Cream&i=beauty&s=exact-aware-popularity-rank&ref=sr_st_exact-aware-popularity-rank
Exfoliating Gel,https://www.amazon.com/s?k=Exfoliating+Gel&i=beauty&s=exact-aware-popularity-rank&ref=sr_st_exact-aware-popularity-rank
Strong hold hairspray,https://www.amazon.com/s?k=Strong+hold+hairspray&i=beauty&s=exact-aware-popularity-rank&ref=sr_st_exact-aware-popularity-rank
Liquid Eyeliner,https://www.amazon.com/s?k=Liquid+Eyeliner&i=beauty&s=exact-aware-popularity-rank&ref=sr_st_exact-aware-popularity-rank
Curl milk,https://www.amazon.com/s?k=Curl+milk&i=beauty&s=exact-aware-popularity-rank&ref=sr_st_exact-aware-popularity-rank
Chia Oil,https://www.amazon.com/s?k=Chia+Oil&i=beauty&s=exact-aware-popularity-rank&ref=sr_st_exact-aware-popularity-rank
Oatmeal Shampoo,https://www.amazon.com/s?k=Oatmeal+Shampoo&i=beauty&s=exact-aware-popularity-rank&ref=sr_st_exact-aware-popularity-rank
High-Speed Dryer,https://www.amazon.com/s?k=High-Speed+Dryer&i=beauty&s=exact-aware-popularity-rank&ref=sr_st_exact-aware-popularity-rank
Plump Balm,https://www.amazon.com/s?k=Plump+Balm&i=beauty&s=exact-aware-popularity-rank&ref=sr_st_exact-aware-popularity-rank
Anti-Hair Loss,https://www.amazon.com/s?k=Anti-Hair+Loss&i=beauty&s=exact-aware-popularity-rank&ref=sr_st_exact-aware-popularity-rank
Tea Tree Wash,https://www.amazon.com/s?k=Tea+Tree+Wash&i=beauty&s=exact-aware-popularity-rank&ref=sr_st_exact-aware-popularity-rank
Curl refresh,https://www.amazon.com/s?k=Curl+refresh&i=beauty&s=exact-aware-popularity-rank&ref=sr_st_exact-aware-popularity-rank
Blush Balm,https://www.amazon.com/s?k=Blush+Balm&i=beauty&s=exact-aware-popularity-rank&ref=sr_st_exact-aware-popularity-rank
Tea Tree Cream,https://www.amazon.com/s?k=Tea+Tree+Cream&i=beauty&s=exact-aware-popularity-rank&ref=sr_st_exact-aware-popularity-rank
Melting Moisturizer,https://www.amazon.com/s?k=Melting+Moisturizer&i=beauty&s=exact-aware-popularity-rank&ref=sr_st_exact-aware-popularity-rank
Non-Aerosol Hairspray,https://www.amazon.com/s?k=Non-Aerosol+Hairspray&i=beauty&s=exact-aware-popularity-rank&ref=sr_st_exact-aware-popularity-rank
Blow Dry Glossing,https://www.amazon.com/s?k=Blow+Dry+Glossing&i=beauty&s=exact-aware-popularity-rank&ref=sr_st_exact-aware-popularity-rank
LED Acne Treatment,https://www.amazon.com/s?k=LED+Acne+Treatment&i=beauty&s=exact-aware-popularity-rank&ref=sr_st_exact-aware-popularity-rank
Shave cream,https://www.amazon.com/s?k=Shave+cream&i=beauty&s=exact-aware-popularity-rank&ref=sr_st_exact-aware-popularity-rank
Hydrating treatment,https://www.amazon.com/s?k=Hydrating+treatment&i=beauty&s=exact-aware-popularity-rank&ref=sr_st_exact-aware-popularity-rank
Strengthening Shampoo,https://www.amazon.com/s?k=Strengthening+Shampoo&i=beauty&s=exact-aware-popularity-rank&ref=sr_st_exact-aware-popularity-rank
Detox Scrub,https://www.amazon.com/s?k=Detox+Scrub&i=beauty&s=exact-aware-popularity-rank&ref=sr_st_exact-aware-popularity-rank
Replumping Shampoo,https://www.amazon.com/s?k=Replumping+Shampoo&i=beauty&s=exact-aware-popularity-rank&ref=sr_st_exact-aware-popularity-rank
Blowout Gel,https://www.amazon.com/s?k=Blowout+Gel&i=beauty&s=exact-aware-popularity-rank&ref=sr_st_exact-aware-popularity-rank
Intense Moisturizer,https://www.amazon.com/s?k=Intense+Moisturizer&i=beauty&s=exact-aware-popularity-rank&ref=sr_st_exact-aware-popularity-rank
Moisture Milk,https://www.amazon.com/s?k=Moisture+Milk&i=beauty&s=exact-aware-popularity-rank&ref=sr_st_exact-aware-popularity-rank
Volumizing Liquid,https://www.amazon.com/s?k=Volumizing+Liquid&i=beauty&s=exact-aware-popularity-rank&ref=sr_st_exact-aware-popularity-rank
Mini Hair Dryer,https://www.amazon.com/s?k=Mini+Hair+Dryer&i=beauty&s=exact-aware-popularity-rank&ref=sr_st_exact-aware-popularity-rank
Trimmer Shaver,https://www.amazon.com/s?k=Trimmer+Shaver&i=beauty&s=exact-aware-popularity-rank&ref=sr_st_exact-aware-popularity-rank
Skin serum,https://www.amazon.com/s?k=Skin+serum&i=beauty&s=exact-aware-popularity-rank&ref=sr_st_exact-aware-popularity-rank
Brow Gel,https://www.amazon.com/s?k=Brow+Gel&i=beauty&s=exact-aware-popularity-rank&ref=sr_st_exact-aware-popularity-rank
Tea Tree Treatment,https://www.amazon.com/s?k=Tea+Tree+Treatment&i=beauty&s=exact-aware-popularity-rank&ref=sr_st_exact-aware-popularity-rank
Makeup Cleanser,https://www.amazon.com/s?k=Makeup+Cleanser&i=beauty&s=exact-aware-popularity-rank&ref=sr_st_exact-aware-popularity-rank
Skin tonic,https://www.amazon.com/s?k=Skin+tonic&i=beauty&s=exact-aware-popularity-rank&ref=sr_st_exact-aware-popularity-rank
Flexible Control,https://www.amazon.com/s?k=Flexible+Control&i=beauty&s=exact-aware-popularity-rank&ref=sr_st_exact-aware-popularity-rank
Mustache Wax,https://www.amazon.com/s?k=Mustache+Wax&i=beauty&s=exact-aware-popularity-rank&ref=sr_st_exact-aware-popularity-rank
Oatmeal Conditioner,https://www.amazon.com/s?k=Oatmeal+Conditioner&i=beauty&s=exact-aware-popularity-rank&ref=sr_st_exact-aware-popularity-rank
Calibrate solution,https://www.amazon.com/s?k=Calibrate+solution&i=beauty&s=exact-aware-popularity-rank&ref=sr_st_exact-aware-popularity-rank
Moisture Butter,https://www.amazon.com/s?k=Moisture+Butter&i=beauty&s=exact-aware-popularity-rank&ref=sr_st_exact-aware-popularity-rank
Lip liner,https://www.amazon.com/s?k=Lip+liner&i=beauty&s=exact-aware-popularity-rank&ref=sr_st_exact-aware-popularity-rank
Oil pomade,https://www.amazon.com/s?k=Oil+pomade&i=beauty&s=exact-aware-popularity-rank&ref=sr_st_exact-aware-popularity-rank
Greatest Hits,https://www.amazon.com/s?k=Greatest+Hits&i=beauty&s=exact-aware-popularity-rank&ref=sr_st_exact-aware-popularity-rank
Lithium Clipper,https://www.amazon.com/s?k=Lithium+Clipper&i=beauty&s=exact-aware-popularity-rank&ref=sr_st_exact-aware-popularity-rank
