Keyword,Links
High Hold Pomade,https://www.ebay.com/sch/i.html?_from=R40&_nkw=High+Hold+Pomade&_sacat=26395&rt=nc&LH_ItemCondition=3&LH_BIN=1&rt=nc&LH_PrefLoc=1
Bond treatment,https://www.ebay.com/sch/i.html?_from=R40&_nkw=Bond+treatment&_sacat=26395&rt=nc&LH_ItemCondition=3&LH_BIN=1&rt=nc&LH_PrefLoc=1
Moisture Cream,https://www.ebay.com/sch/i.html?_from=R40&_nkw=Moisture+Cream&_sacat=26395&rt=nc&LH_ItemCondition=3&LH_BIN=1&rt=nc&LH_PrefLoc=1
Blonzer Spice,https://www.ebay.com/sch/i.html?_from=R40&_nkw=Blonzer+Spice&_sacat=26395&rt=nc&LH_ItemCondition=3&LH_BIN=1&rt=nc&LH_PrefLoc=1
Plumping Lip Liner,https://www.ebay.com/sch/i.html?_from=R40&_nkw=Plumping+Lip+Liner&_sacat=26395&rt=nc&LH_ItemCondition=3&LH_BIN=1&rt=nc&LH_PrefLoc=1
Baobab Shampoo,https://www.ebay.com/sch/i.html?_from=R40&_nkw=Baobab+Shampoo&_sacat=26395&rt=nc&LH_ItemCondition=3&LH_BIN=1&rt=nc&LH_PrefLoc=1
Moisturizing Cowash,https://www.ebay.com/sch/i.html?_from=R40&_nkw=Moisturizing+Cowash&_sacat=26395&rt=nc&LH_ItemCondition=3&LH_BIN=1&rt=nc&LH_PrefLoc=1
Taming Cream,https://www.ebay.com/sch/i.html?_from=R40&_nkw=Taming+Cream&_sacat=26395&rt=nc&LH_ItemCondition=3&LH_BIN=1&rt=nc&LH_PrefLoc=1
Exfoliating Gel,https://www.ebay.com/sch/i.html?_from=R40&_nkw=Exfoliating+Gel&_sacat=26395&rt=nc&LH_ItemCondition=3&LH_BIN=1&rt=nc&LH_PrefLoc=1
Strong hold hairspray,https://www.ebay.com/sch/i.html?_from=R40&_nkw=Strong+hold+hairspray&_sacat=26395&rt=nc&LH_ItemCondition=3&LH_BIN=1&rt=nc&LH_PrefLoc=1
Liquid Eyeliner,https://www.ebay.com/sch/i.html?_from=R40&_nkw=Liquid+Eyeliner&_sacat=26395&rt=nc&LH_ItemCondition=3&LH_BIN=1&rt=nc&LH_PrefLoc=1
Curl milk,https://www.ebay.com/sch/i.html?_from=R40&_nkw=Curl+milk&_sacat=26395&rt=nc&LH_ItemCondition=3&LH_BIN=1&rt=nc&LH_PrefLoc=1
Chia Oil,https://www.ebay.com/sch/i.html?_from=R40&_nkw=Chia+Oil&_sacat=26395&rt=nc&LH_ItemCondition=3&LH_BIN=1&rt=nc&LH_PrefLoc=1
Oatmeal Shampoo,https://www.ebay.com/sch/i.html?_from=R40&_nkw=Oatmeal+Shampoo&_sacat=26395&rt=nc&LH_ItemCondition=3&LH_BIN=1&rt=nc&LH_PrefLoc=1
High-Speed Dryer,https://www.ebay.com/sch/i.html?_from=R40&_nkw=High-Speed+Dryer&_sacat=26395&rt=nc&LH_ItemCondition=3&LH_BIN=1&rt=nc&LH_PrefLoc=1
Plump Balm,https://www.ebay.com/sch/i.html?_from=R40&_nkw=Plump+Balm&_sacat=26395&rt=nc&LH_ItemCondition=3&LH_BIN=1&rt=nc&LH_PrefLoc=1
Anti-Hair Loss,https://www.ebay.com/sch/i.html?_from=R40&_nkw=Anti-Hair+Loss&_sacat=26395&rt=nc&LH_ItemCondition=3&LH_BIN=1&rt=nc&LH_PrefLoc=1
Tea Tree Wash,https://www.ebay.com/sch/i.html?_from=R40&_nkw=Tea+Tree+Wash&_sacat=26395&rt=nc&LH_ItemCondition=3&LH_BIN=1&rt=nc&LH_PrefLoc=1
Curl refresh,https://www.ebay.com/sch/i.html?_from=R40&_nkw=Curl+refresh&_sacat=26395&rt=nc&LH_ItemCondition=3&LH_BIN=1&rt=nc&LH_PrefLoc=1
Blush Balm,https://www.ebay.com/sch/i.html?_from=R40&_nkw=Blush+Balm&_sacat=26395&rt=nc&LH_ItemCondition=3&LH_BIN=1&rt=nc&LH_PrefLoc=1
Tea Tree Cream,https://www.ebay.com/sch/i.html?_from=R40&_nkw=Tea+Tree+Cream&_sacat=26395&rt=nc&LH_ItemCondition=3&LH_BIN=1&rt=nc&LH_PrefLoc=1
Melting Moisturizer,https://www.ebay.com/sch/i.html?_from=R40&_nkw=Melting+Moisturizer&_sacat=26395&rt=nc&LH_ItemCondition=3&LH_BIN=1&rt=nc&LH_PrefLoc=1
Non-Aerosol Hairspray,https://www.ebay.com/sch/i.html?_from=R40&_nkw=Non-Aerosol+Hairspray&_sacat=26395&rt=nc&LH_ItemCondition=3&LH_BIN=1&rt=nc&LH_PrefLoc=1
Blow Dry Glossing,https://www.ebay.com/sch/i.html?_from=R40&_nkw=Blow+Dry+Glossing&_sacat=26395&rt=nc&LH_ItemCondition=3&LH_BIN=1&rt=nc&LH_PrefLoc=1
LED Acne Treatment,https://www.ebay.com/sch/i.html?_from=R40&_nkw=LED+Acne+Treatment&_sacat=26395&rt=nc&LH_ItemCondition=3&LH_BIN=1&rt=nc&LH_PrefLoc=1
Shave cream,https://www.ebay.com/sch/i.html?_from=R40&_nkw=Shave+cream&_sacat=26395&rt=nc&LH_ItemCondition=3&LH_BIN=1&rt=nc&LH_PrefLoc=1
Hydrating treatment,https://www.ebay.com/sch/i.html?_from=R40&_nkw=Hydrating+treatment&_sacat=26395&rt=nc&LH_ItemCondition=3&LH_BIN=1&rt=nc&LH_PrefLoc=1
Strengthening Shampoo,https://www.ebay.com/sch/i.html?_from=R40&_nkw=Strengthening+Shampoo&_sacat=26395&rt=nc&LH_ItemCondition=3&LH_BIN=1&rt=nc&LH_PrefLoc=1
Detox Scrub,https://www.ebay.com/sch/i.html?_from=R40&_nkw=Detox+Scrub&_sacat=26395&rt=nc&LH_ItemCondition=3&LH_BIN=1&rt=nc&LH_PrefLoc=1
Replumping Shampoo,https://www.ebay.com/sch/i.html?_from=R40&_nkw=Replumping+Shampoo&_sacat=26395&rt=nc&LH_ItemCondition=3&LH_BIN=1&rt=nc&LH_PrefLoc=1
Blowout Gel,https://www.ebay.com/sch/i.html?_from=R40&_nkw=Blowout+Gel&_sacat=26395&rt=nc&LH_ItemCondition=3&LH_BIN=1&rt=nc&LH_PrefLoc=1
Intense Moisturizer,https://www.ebay.com/sch/i.html?_from=R40&_nkw=Intense+Moisturizer&_sacat=26395&rt=nc&LH_ItemCondition=3&LH_BIN=1&rt=nc&LH_PrefLoc=1
Moisture Milk,https://www.ebay.com/sch/i.html?_from=R40&_nkw=Moisture+Milk&_sacat=26395&rt=nc&LH_ItemCondition=3&LH_BIN=1&rt=nc&LH_PrefLoc=1
Volumizing Liquid,https://www.ebay.com/sch/i.html?_from=R40&_nkw=Volumizing+Liquid&_sacat=26395&rt=nc&LH_ItemCondition=3&LH_BIN=1&rt=nc&LH_PrefLoc=1
Mini Hair Dryer,https://www.ebay.com/sch/i.html?_from=R40&_nkw=Mini+Hair+Dryer&_sacat=26395&rt=nc&LH_ItemCondition=3&LH_BIN=1&rt=nc&LH_PrefLoc=1
Trimmer Shaver,https://www.ebay.com/sch/i.html?_from=R40&_nkw=Trimmer+Shaver&_sacat=26395&rt=nc&LH_ItemCondition=3&LH_BIN=1&rt=nc&LH_PrefLoc=1
Skin serum,https://www.ebay.com/sch/i.html?_from=R40&_nkw=Skin+serum&_sacat=26395&rt=nc&LH_ItemCondition=3&LH_BIN=1&rt=nc&LH_PrefLoc=1
Brow Gel,https://www.ebay.com/sch/i.html?_from=R40&_nkw=Brow+Gel&_sacat=26395&rt=nc&LH_ItemCondition=3&LH_BIN=1&rt=nc&LH_PrefLoc=1
Tea Tree Treatment,https://www.ebay.com/sch/i.html?_from=R40&_nkw=Tea+Tree+Treatment&_sacat=26395&rt=nc&LH_ItemCondition=3&LH_BIN=1&rt=nc&LH_PrefLoc=1
Makeup Cleanser,https://www.ebay.com/sch/i.html?_from=R40&_nkw=Makeup+Cleanser&_sacat=26395&rt=nc&LH_ItemCondition=3&LH_BIN=1&rt=nc&LH_PrefLoc=1
Skin tonic,https://www.ebay.com/sch/i.html?_from=R40&_nkw=Skin+tonic&_sacat=26395&rt=nc&LH_ItemCondition=3&LH_BIN=1&rt=nc&LH_PrefLoc=1
Flexible Control,https://www.ebay.com/sch/i.html?_from=R40&_nkw=Flexible+Control&_sacat=26395&rt=nc&LH_ItemCondition=3&LH_BIN=1&rt=nc&LH_PrefLoc=1
Mustache Wax,https://www.ebay.com/sch/i.html?_from=R40&_nkw=Mustache+Wax&_sacat=26395&rt=nc&LH_ItemCondition=3&LH_BIN=1&rt=nc&LH_PrefLoc=1
Oatmeal Conditioner,https://www.ebay.com/sch/i.html?_from=R40&_nkw=Oatmeal+Conditioner&_sacat=26395&rt=nc&LH_ItemCondition=3&LH_BIN=1&rt=nc&LH_PrefLoc=1
Calibrate solution,https://www.ebay.com/sch/i.html?_from=R40&_nkw=Calibrate+solution&_sacat=26395&rt=nc&LH_ItemCondition=3&LH_BIN=1&rt=nc&LH_PrefLoc=1
Moisture Butter,https://www.ebay.com/sch/i.html?_from=R40&_nkw=Moisture+Butter&_sacat=26395&rt=nc&LH_ItemCondition=3&LH_BIN=1&rt=nc&LH_PrefLoc=1
Lip liner,https://www.ebay.com/sch/i.html?_from=R40&_nkw=Lip+liner&_sacat=26395&rt=nc&LH_ItemCondition=3&LH_BIN=1&rt=nc&LH_PrefLoc=1
Oil pomade,https://www.ebay.com/sch/i.html?_from=R40&_nkw=Oil+pomade&_sacat=26395&rt=nc&LH_ItemCondition=3&LH_BIN=1&rt=nc&LH_PrefLoc=1
Greatest Hits,https://www.ebay.com/sch/i.html?_from=R40&_nkw=Greatest+Hits&_sacat=26395&rt=nc&LH_ItemCondition=3&LH_BIN=1&rt=nc&LH_PrefLoc=1
Lithium Clipper,https://www.ebay.com/sch/i.html?_from=R40&_nkw=Lithium+Clipper&_sacat=26395&rt=nc&LH_ItemCondition=3&LH_BIN=1&rt=nc&LH_PrefLoc=1
