Keyword,Links
Easter clips,https://www.amazon.com/s?k=Easter+clips&i=beauty&s=exact-aware-popularity-rank&ref=sr_st_exact-aware-popularity-rank
Hair Wax,https://www.amazon.com/s?k=Hair+Wax&i=beauty&s=exact-aware-popularity-rank&ref=sr_st_exact-aware-popularity-rank
Soft Twist Roller,https://www.amazon.com/s?k=Soft+Twist+Roller&i=beauty&s=exact-aware-popularity-rank&ref=sr_st_exact-aware-popularity-rank
Olive Oil Treatment,https://www.amazon.com/s?k=Olive+Oil+Treatment&i=beauty&s=exact-aware-popularity-rank&ref=sr_st_exact-aware-popularity-rank
Detangle Comb,https://www.amazon.com/s?k=Detangle+Comb&i=beauty&s=exact-aware-popularity-rank&ref=sr_st_exact-aware-popularity-rank
Volume Conditioner,https://www.amazon.com/s?k=Volume+Conditioner&i=beauty&s=exact-aware-popularity-rank&ref=sr_st_exact-aware-popularity-rank
Golden Blonde,https://www.amazon.com/s?k=Golden+Blonde&i=beauty&s=exact-aware-popularity-rank&ref=sr_st_exact-aware-popularity-rank
Hair Dryer Brush,https://www.amazon.com/s?k=Hair+Dryer+Brush&i=beauty&s=exact-aware-popularity-rank&ref=sr_st_exact-aware-popularity-rank
Detangler Tiana,https://www.amazon.com/s?k=Detangler+Tiana&i=beauty&s=exact-aware-popularity-rank&ref=sr_st_exact-aware-popularity-rank
Extra Hold,https://www.amazon.com/s?k=Extra+Hold&i=beauty&s=exact-aware-popularity-rank&ref=sr_st_exact-aware-popularity-rank
Shining Gloss,https://www.amazon.com/s?k=Shining+Gloss&i=beauty&s=exact-aware-popularity-rank&ref=sr_st_exact-aware-popularity-rank
Lilo Scrunchies,https://www.amazon.com/s?k=Lilo+Scrunchies&i=beauty&s=exact-aware-popularity-rank&ref=sr_st_exact-aware-popularity-rank
Volumizing Mousse,https://www.amazon.com/s?k=Volumizing+Mousse&i=beauty&s=exact-aware-popularity-rank&ref=sr_st_exact-aware-popularity-rank
Bond Maintenance,https://www.amazon.com/s?k=Bond+Maintenance&i=beauty&s=exact-aware-popularity-rank&ref=sr_st_exact-aware-popularity-rank
Curly Conditioner,https://www.amazon.com/s?k=Curly+Conditioner&i=beauty&s=exact-aware-popularity-rank&ref=sr_st_exact-aware-popularity-rank
Hair Perfector,https://www.amazon.com/s?k=Hair+Perfector&i=beauty&s=exact-aware-popularity-rank&ref=sr_st_exact-aware-popularity-rank
Scalp conditioner,https://www.amazon.com/s?k=Scalp+conditioner&i=beauty&s=exact-aware-popularity-rank&ref=sr_st_exact-aware-popularity-rank
Conditioner vinegar,https://www.amazon.com/s?k=Conditioner+vinegar&i=beauty&s=exact-aware-popularity-rank&ref=sr_st_exact-aware-popularity-rank
Nourishing Pomade,https://www.amazon.com/s?k=Nourishing+Pomade&i=beauty&s=exact-aware-popularity-rank&ref=sr_st_exact-aware-popularity-rank
Moisture Masque,https://www.amazon.com/s?k=Moisture+Masque&i=beauty&s=exact-aware-popularity-rank&ref=sr_st_exact-aware-popularity-rank
Seaweed Conditioner,https://www.amazon.com/s?k=Seaweed+Conditioner&i=beauty&s=exact-aware-popularity-rank&ref=sr_st_exact-aware-popularity-rank
Natural Shampoo,https://www.amazon.com/s?k=Natural+Shampoo&i=beauty&s=exact-aware-popularity-rank&ref=sr_st_exact-aware-popularity-rank
Beard Conditioner,https://www.amazon.com/s?k=Beard+Conditioner&i=beauty&s=exact-aware-popularity-rank&ref=sr_st_exact-aware-popularity-rank
Fresh Falls Shampoo,https://www.amazon.com/s?k=Fresh+Falls+Shampoo&i=beauty&s=exact-aware-popularity-rank&ref=sr_st_exact-aware-popularity-rank
Hair Shampoo,https://www.amazon.com/s?k=Hair+Shampoo&i=beauty&s=exact-aware-popularity-rank&ref=sr_st_exact-aware-popularity-rank
Revive Conditioner,https://www.amazon.com/s?k=Revive+Conditioner&i=beauty&s=exact-aware-popularity-rank&ref=sr_st_exact-aware-popularity-rank
Deep Wave,https://www.amazon.com/s?k=Deep+Wave&i=beauty&s=exact-aware-popularity-rank&ref=sr_st_exact-aware-popularity-rank
Hair Conditioner,https://www.amazon.com/s?k=Hair+Conditioner&i=beauty&s=exact-aware-popularity-rank&ref=sr_st_exact-aware-popularity-rank
Leave In Conditioner,https://www.amazon.com/s?k=Leave+In+Conditioner&i=beauty&s=exact-aware-popularity-rank&ref=sr_st_exact-aware-popularity-rank
Tea Tree Conditioner,https://www.amazon.com/s?k=Tea+Tree+Conditioner&i=beauty&s=exact-aware-popularity-rank&ref=sr_st_exact-aware-popularity-rank
Thickening Conditioner,https://www.amazon.com/s?k=Thickening+Conditioner&i=beauty&s=exact-aware-popularity-rank&ref=sr_st_exact-aware-popularity-rank
Coconut Shampoo,https://www.amazon.com/s?k=Coconut+Shampoo&i=beauty&s=exact-aware-popularity-rank&ref=sr_st_exact-aware-popularity-rank
Volumizing Conditioner,https://www.amazon.com/s?k=Volumizing+Conditioner&i=beauty&s=exact-aware-popularity-rank&ref=sr_st_exact-aware-popularity-rank
Hair Growth,https://www.amazon.com/s?k=Hair+Growth&i=beauty&s=exact-aware-popularity-rank&ref=sr_st_exact-aware-popularity-rank
Bob Wig,https://www.amazon.com/s?k=Bob+Wig&i=beauty&s=exact-aware-popularity-rank&ref=sr_st_exact-aware-popularity-rank
Papaya Serum,https://www.amazon.com/s?k=Papaya+Serum&i=beauty&s=exact-aware-popularity-rank&ref=sr_st_exact-aware-popularity-rank
Ingrown AHA,https://www.amazon.com/s?k=Ingrown+AHA&i=beauty&s=exact-aware-popularity-rank&ref=sr_st_exact-aware-popularity-rank
Coconut Cream,https://www.amazon.com/s?k=Coconut+Cream&i=beauty&s=exact-aware-popularity-rank&ref=sr_st_exact-aware-popularity-rank
Re-Energize Duo,https://www.amazon.com/s?k=Re-Energize+Duo&i=beauty&s=exact-aware-popularity-rank&ref=sr_st_exact-aware-popularity-rank
Sweet Cream,https://www.amazon.com/s?k=Sweet+Cream&i=beauty&s=exact-aware-popularity-rank&ref=sr_st_exact-aware-popularity-rank
Cleansing Powder,https://www.amazon.com/s?k=Cleansing+Powder&i=beauty&s=exact-aware-popularity-rank&ref=sr_st_exact-aware-popularity-rank
Mega Hairspray,https://www.amazon.com/s?k=Mega+Hairspray&i=beauty&s=exact-aware-popularity-rank&ref=sr_st_exact-aware-popularity-rank
Green Meadow,https://www.amazon.com/s?k=Green+Meadow&i=beauty&s=exact-aware-popularity-rank&ref=sr_st_exact-aware-popularity-rank
Revive Shampoo,https://www.amazon.com/s?k=Revive+Shampoo&i=beauty&s=exact-aware-popularity-rank&ref=sr_st_exact-aware-popularity-rank
Hyaluron Shampoo,https://www.amazon.com/s?k=Hyaluron+Shampoo&i=beauty&s=exact-aware-popularity-rank&ref=sr_st_exact-aware-popularity-rank
Back Bar Set,https://www.amazon.com/s?k=Back+Bar+Set&i=beauty&s=exact-aware-popularity-rank&ref=sr_st_exact-aware-popularity-rank
Anti-Frizz Combo,https://www.amazon.com/s?k=Anti-Frizz+Combo&i=beauty&s=exact-aware-popularity-rank&ref=sr_st_exact-aware-popularity-rank
Root lifter,https://www.amazon.com/s?k=Root+lifter&i=beauty&s=exact-aware-popularity-rank&ref=sr_st_exact-aware-popularity-rank
Hot oil treatment,https://www.amazon.com/s?k=Hot+oil+treatment&i=beauty&s=exact-aware-popularity-rank&ref=sr_st_exact-aware-popularity-rank
Gentle Hair Care,https://www.amazon.com/s?k=Gentle+Hair+Care&i=beauty&s=exact-aware-popularity-rank&ref=sr_st_exact-aware-popularity-rank
