Keyword,Links
Pre-Shampoo Treatment,https://www.amazon.com/s?k=Pre-Shampoo+Treatment&i=beauty&s=exact-aware-popularity-rank&ref=sr_st_exact-aware-popularity-rank
Minnie Ears,https://www.amazon.com/s?k=Minnie+Ears&i=beauty&s=exact-aware-popularity-rank&ref=sr_st_exact-aware-popularity-rank
Repair Finish,https://www.amazon.com/s?k=Repair+Finish&i=beauty&s=exact-aware-popularity-rank&ref=sr_st_exact-aware-popularity-rank
Butterfly Clips,https://www.amazon.com/s?k=Butterfly+Clips&i=beauty&s=exact-aware-popularity-rank&ref=sr_st_exact-aware-popularity-rank
Cedarwood Hair Wash,https://www.amazon.com/s?k=Cedarwood+Hair+Wash&i=beauty&s=exact-aware-popularity-rank&ref=sr_st_exact-aware-popularity-rank
Creaseless Hair Ties,https://www.amazon.com/s?k=Creaseless+Hair+Ties&i=beauty&s=exact-aware-popularity-rank&ref=sr_st_exact-aware-popularity-rank
Lemon Headband,https://www.amazon.com/s?k=Lemon+Headband&i=beauty&s=exact-aware-popularity-rank&ref=sr_st_exact-aware-popularity-rank
Damage Repair,https://www.amazon.com/s?k=Damage+Repair&i=beauty&s=exact-aware-popularity-rank&ref=sr_st_exact-aware-popularity-rank
Herbal Hair Dye,https://www.amazon.com/s?k=Herbal+Hair+Dye&i=beauty&s=exact-aware-popularity-rank&ref=sr_st_exact-aware-popularity-rank
Rainbow Hair Rings,https://www.amazon.com/s?k=Rainbow+Hair+Rings&i=beauty&s=exact-aware-popularity-rank&ref=sr_st_exact-aware-popularity-rank
Color treatment,https://www.amazon.com/s?k=Color+treatment&i=beauty&s=exact-aware-popularity-rank&ref=sr_st_exact-aware-popularity-rank
Hair Mist,https://www.amazon.com/s?k=Hair+Mist&i=beauty&s=exact-aware-popularity-rank&ref=sr_st_exact-aware-popularity-rank
Styling Foam,https://www.amazon.com/s?k=Styling+Foam&i=beauty&s=exact-aware-popularity-rank&ref=sr_st_exact-aware-popularity-rank
Weekender Set,https://www.amazon.com/s?k=Weekender+Set&i=beauty&s=exact-aware-popularity-rank&ref=sr_st_exact-aware-popularity-rank
Christmas hair clips,https://www.amazon.com/s?k=Christmas+hair+clips&i=beauty&s=exact-aware-popularity-rank&ref=sr_st_exact-aware-popularity-rank
Hair Strengthener,https://www.amazon.com/s?k=Hair+Strengthener&i=beauty&s=exact-aware-popularity-rank&ref=sr_st_exact-aware-popularity-rank
Hair Combs,https://www.amazon.com/s?k=Hair+Combs&i=beauty&s=exact-aware-popularity-rank&ref=sr_st_exact-aware-popularity-rank
Guava Conditioner,https://www.amazon.com/s?k=Guava+Conditioner&i=beauty&s=exact-aware-popularity-rank&ref=sr_st_exact-aware-popularity-rank
Apple Cider,https://www.amazon.com/s?k=Apple+Cider&i=beauty&s=exact-aware-popularity-rank&ref=sr_st_exact-aware-popularity-rank
Volumizing Dry Shampoo,https://www.amazon.com/s?k=Volumizing+Dry+Shampoo&i=beauty&s=exact-aware-popularity-rank&ref=sr_st_exact-aware-popularity-rank
Curl treatment,https://www.amazon.com/s?k=Curl+treatment&i=beauty&s=exact-aware-popularity-rank&ref=sr_st_exact-aware-popularity-rank
Curl Activator,https://www.amazon.com/s?k=Curl+Activator&i=beauty&s=exact-aware-popularity-rank&ref=sr_st_exact-aware-popularity-rank
Silver hair conditioner,https://www.amazon.com/s?k=Silver+hair+conditioner&i=beauty&s=exact-aware-popularity-rank&ref=sr_st_exact-aware-popularity-rank
Kids barrettes,https://www.amazon.com/s?k=Kids+barrettes&i=beauty&s=exact-aware-popularity-rank&ref=sr_st_exact-aware-popularity-rank
Thermal setting,https://www.amazon.com/s?k=Thermal+setting&i=beauty&s=exact-aware-popularity-rank&ref=sr_st_exact-aware-popularity-rank
Nourishing Cream,https://www.amazon.com/s?k=Nourishing+Cream&i=beauty&s=exact-aware-popularity-rank&ref=sr_st_exact-aware-popularity-rank
Hair Nails,https://www.amazon.com/s?k=Hair+Nails&i=beauty&s=exact-aware-popularity-rank&ref=sr_st_exact-aware-popularity-rank
Airbrush legs,https://www.amazon.com/s?k=Airbrush+legs&i=beauty&s=exact-aware-popularity-rank&ref=sr_st_exact-aware-popularity-rank
Sandalwood Shampoo,https://www.amazon.com/s?k=Sandalwood+Shampoo&i=beauty&s=exact-aware-popularity-rank&ref=sr_st_exact-aware-popularity-rank
Cypress Shampoo,https://www.amazon.com/s?k=Cypress+Shampoo&i=beauty&s=exact-aware-popularity-rank&ref=sr_st_exact-aware-popularity-rank
Chicago Bears Headband,https://www.amazon.com/s?k=Chicago+Bears+Headband&i=beauty&s=exact-aware-popularity-rank&ref=sr_st_exact-aware-popularity-rank
Halloween Ears,https://www.amazon.com/s?k=Halloween+Ears&i=beauty&s=exact-aware-popularity-rank&ref=sr_st_exact-aware-popularity-rank
Beard Oil,https://www.amazon.com/s?k=Beard+Oil&i=beauty&s=exact-aware-popularity-rank&ref=sr_st_exact-aware-popularity-rank
Anti-Chafing Gel,https://www.amazon.com/s?k=Anti-Chafing+Gel&i=beauty&s=exact-aware-popularity-rank&ref=sr_st_exact-aware-popularity-rank
Hair Bows,https://www.amazon.com/s?k=Hair+Bows&i=beauty&s=exact-aware-popularity-rank&ref=sr_st_exact-aware-popularity-rank
Wide headwrap,https://www.amazon.com/s?k=Wide+headwrap&i=beauty&s=exact-aware-popularity-rank&ref=sr_st_exact-aware-popularity-rank
Fashion headband,https://www.amazon.com/s?k=Fashion+headband&i=beauty&s=exact-aware-popularity-rank&ref=sr_st_exact-aware-popularity-rank
Herb Hair Dye,https://www.amazon.com/s?k=Herb+Hair+Dye&i=beauty&s=exact-aware-popularity-rank&ref=sr_st_exact-aware-popularity-rank
Color conditioner,https://www.amazon.com/s?k=Color+conditioner&i=beauty&s=exact-aware-popularity-rank&ref=sr_st_exact-aware-popularity-rank
Hair serum,https://www.amazon.com/s?k=Hair+serum&i=beauty&s=exact-aware-popularity-rank&ref=sr_st_exact-aware-popularity-rank
Curl refresher,https://www.amazon.com/s?k=Curl+refresher&i=beauty&s=exact-aware-popularity-rank&ref=sr_st_exact-aware-popularity-rank
Color Boost,https://www.amazon.com/s?k=Color+Boost&i=beauty&s=exact-aware-popularity-rank&ref=sr_st_exact-aware-popularity-rank
Hair relaxer,https://www.amazon.com/s?k=Hair+relaxer&i=beauty&s=exact-aware-popularity-rank&ref=sr_st_exact-aware-popularity-rank
Hot Air Brush,https://www.amazon.com/s?k=Hot+Air+Brush&i=beauty&s=exact-aware-popularity-rank&ref=sr_st_exact-aware-popularity-rank
Kids conditioner,https://www.amazon.com/s?k=Kids+conditioner&i=beauty&s=exact-aware-popularity-rank&ref=sr_st_exact-aware-popularity-rank
Harley Hair Ties,https://www.amazon.com/s?k=Harley+Hair+Ties&i=beauty&s=exact-aware-popularity-rank&ref=sr_st_exact-aware-popularity-rank
Superfruit Conditioner,https://www.amazon.com/s?k=Superfruit+Conditioner&i=beauty&s=exact-aware-popularity-rank&ref=sr_st_exact-aware-popularity-rank
Light Brown,https://www.amazon.com/s?k=Light+Brown&i=beauty&s=exact-aware-popularity-rank&ref=sr_st_exact-aware-popularity-rank
Kids detangler,https://www.amazon.com/s?k=Kids+detangler&i=beauty&s=exact-aware-popularity-rank&ref=sr_st_exact-aware-popularity-rank
Waves Gel,https://www.amazon.com/s?k=Waves+Gel&i=beauty&s=exact-aware-popularity-rank&ref=sr_st_exact-aware-popularity-rank
