Keyword,Links
Breast Formula,https://www.ebay.com/sch/i.html?_from=R40&_nkw=Breast+Formula&_sacat=26395&rt=nc&LH_ItemCondition=3&LH_BIN=1&rt=nc&LH_PrefLoc=1
Peanut Butter,https://www.ebay.com/sch/i.html?_from=R40&_nkw=Peanut+Butter&_sacat=26395&rt=nc&LH_ItemCondition=3&LH_BIN=1&rt=nc&LH_PrefLoc=1
Multivitamin Pack,https://www.ebay.com/sch/i.html?_from=R40&_nkw=Multivitamin+Pack&_sacat=26395&rt=nc&LH_ItemCondition=3&LH_BIN=1&rt=nc&LH_PrefLoc=1
OPC supplement,https://www.ebay.com/sch/i.html?_from=R40&_nkw=OPC+supplement&_sacat=26395&rt=nc&LH_ItemCondition=3&LH_BIN=1&rt=nc&LH_PrefLoc=1
Methyl B Complex,https://www.ebay.com/sch/i.html?_from=R40&_nkw=Methyl+B+Complex&_sacat=26395&rt=nc&LH_ItemCondition=3&LH_BIN=1&rt=nc&LH_PrefLoc=1
Sambucus extract,https://www.ebay.com/sch/i.html?_from=R40&_nkw=Sambucus+extract&_sacat=26395&rt=nc&LH_ItemCondition=3&LH_BIN=1&rt=nc&LH_PrefLoc=1
IgG Supplement,https://www.ebay.com/sch/i.html?_from=R40&_nkw=IgG+Supplement&_sacat=26395&rt=nc&LH_ItemCondition=3&LH_BIN=1&rt=nc&LH_PrefLoc=1
Colostrum Immune,https://www.ebay.com/sch/i.html?_from=R40&_nkw=Colostrum+Immune&_sacat=26395&rt=nc&LH_ItemCondition=3&LH_BIN=1&rt=nc&LH_PrefLoc=1
Immune Bundle,https://www.ebay.com/sch/i.html?_from=R40&_nkw=Immune+Bundle&_sacat=26395&rt=nc&LH_ItemCondition=3&LH_BIN=1&rt=nc&LH_PrefLoc=1
Daily Probiotics,https://www.ebay.com/sch/i.html?_from=R40&_nkw=Daily+Probiotics&_sacat=26395&rt=nc&LH_ItemCondition=3&LH_BIN=1&rt=nc&LH_PrefLoc=1
Toddler Multivitamins,https://www.ebay.com/sch/i.html?_from=R40&_nkw=Toddler+Multivitamins&_sacat=26395&rt=nc&LH_ItemCondition=3&LH_BIN=1&rt=nc&LH_PrefLoc=1
Shilajit Drops,https://www.ebay.com/sch/i.html?_from=R40&_nkw=Shilajit+Drops&_sacat=26395&rt=nc&LH_ItemCondition=3&LH_BIN=1&rt=nc&LH_PrefLoc=1
Elderberry Drops,https://www.ebay.com/sch/i.html?_from=R40&_nkw=Elderberry+Drops&_sacat=26395&rt=nc&LH_ItemCondition=3&LH_BIN=1&rt=nc&LH_PrefLoc=1
Throat Drops,https://www.ebay.com/sch/i.html?_from=R40&_nkw=Throat+Drops&_sacat=26395&rt=nc&LH_ItemCondition=3&LH_BIN=1&rt=nc&LH_PrefLoc=1
Ayurvedic Tea,https://www.ebay.com/sch/i.html?_from=R40&_nkw=Ayurvedic+Tea&_sacat=26395&rt=nc&LH_ItemCondition=3&LH_BIN=1&rt=nc&LH_PrefLoc=1
Cough Syrup,https://www.ebay.com/sch/i.html?_from=R40&_nkw=Cough+Syrup&_sacat=26395&rt=nc&LH_ItemCondition=3&LH_BIN=1&rt=nc&LH_PrefLoc=1
Echinacea Goldenseal,https://www.ebay.com/sch/i.html?_from=R40&_nkw=Echinacea+Goldenseal&_sacat=26395&rt=nc&LH_ItemCondition=3&LH_BIN=1&rt=nc&LH_PrefLoc=1
Prostate Complex,https://www.ebay.com/sch/i.html?_from=R40&_nkw=Prostate+Complex&_sacat=26395&rt=nc&LH_ItemCondition=3&LH_BIN=1&rt=nc&LH_PrefLoc=1
Elderberry Supplement,https://www.ebay.com/sch/i.html?_from=R40&_nkw=Elderberry+Supplement&_sacat=26395&rt=nc&LH_ItemCondition=3&LH_BIN=1&rt=nc&LH_PrefLoc=1
Zinc Gluconate,https://www.ebay.com/sch/i.html?_from=R40&_nkw=Zinc+Gluconate&_sacat=26395&rt=nc&LH_ItemCondition=3&LH_BIN=1&rt=nc&LH_PrefLoc=1
Immunity Shot,https://www.ebay.com/sch/i.html?_from=R40&_nkw=Immunity+Shot&_sacat=26395&rt=nc&LH_ItemCondition=3&LH_BIN=1&rt=nc&LH_PrefLoc=1
Protein bar,https://www.ebay.com/sch/i.html?_from=R40&_nkw=Protein+bar&_sacat=26395&rt=nc&LH_ItemCondition=3&LH_BIN=1&rt=nc&LH_PrefLoc=1
Probiotic support,https://www.ebay.com/sch/i.html?_from=R40&_nkw=Probiotic+support&_sacat=26395&rt=nc&LH_ItemCondition=3&LH_BIN=1&rt=nc&LH_PrefLoc=1
Ginseng Extract,https://www.ebay.com/sch/i.html?_from=R40&_nkw=Ginseng+Extract&_sacat=26395&rt=nc&LH_ItemCondition=3&LH_BIN=1&rt=nc&LH_PrefLoc=1
Children's vitamins,https://www.ebay.com/sch/i.html?_from=R40&_nkw=Children's+vitamins&_sacat=26395&rt=nc&LH_ItemCondition=3&LH_BIN=1&rt=nc&LH_PrefLoc=1
Gas Defense,https://www.ebay.com/sch/i.html?_from=R40&_nkw=Gas+Defense&_sacat=26395&rt=nc&LH_ItemCondition=3&LH_BIN=1&rt=nc&LH_PrefLoc=1
Nutrition powder,https://www.ebay.com/sch/i.html?_from=R40&_nkw=Nutrition+powder&_sacat=26395&rt=nc&LH_ItemCondition=3&LH_BIN=1&rt=nc&LH_PrefLoc=1
Ginseng Shots,https://www.ebay.com/sch/i.html?_from=R40&_nkw=Ginseng+Shots&_sacat=26395&rt=nc&LH_ItemCondition=3&LH_BIN=1&rt=nc&LH_PrefLoc=1
Vitamin tablets,https://www.ebay.com/sch/i.html?_from=R40&_nkw=Vitamin+tablets&_sacat=26395&rt=nc&LH_ItemCondition=3&LH_BIN=1&rt=nc&LH_PrefLoc=1
Goat Milk,https://www.ebay.com/sch/i.html?_from=R40&_nkw=Goat+Milk&_sacat=26395&rt=nc&LH_ItemCondition=3&LH_BIN=1&rt=nc&LH_PrefLoc=1
Gluten Free,https://www.ebay.com/sch/i.html?_from=R40&_nkw=Gluten+Free&_sacat=26395&rt=nc&LH_ItemCondition=3&LH_BIN=1&rt=nc&LH_PrefLoc=1
Vitamin Pack,https://www.ebay.com/sch/i.html?_from=R40&_nkw=Vitamin+Pack&_sacat=26395&rt=nc&LH_ItemCondition=3&LH_BIN=1&rt=nc&LH_PrefLoc=1
Immunity Gummy,https://www.ebay.com/sch/i.html?_from=R40&_nkw=Immunity+Gummy&_sacat=26395&rt=nc&LH_ItemCondition=3&LH_BIN=1&rt=nc&LH_PrefLoc=1
B12 vials,https://www.ebay.com/sch/i.html?_from=R40&_nkw=B12+vials&_sacat=26395&rt=nc&LH_ItemCondition=3&LH_BIN=1&rt=nc&LH_PrefLoc=1
Iodine Drops,https://www.ebay.com/sch/i.html?_from=R40&_nkw=Iodine+Drops&_sacat=26395&rt=nc&LH_ItemCondition=3&LH_BIN=1&rt=nc&LH_PrefLoc=1
Oregano Oil,https://www.ebay.com/sch/i.html?_from=R40&_nkw=Oregano+Oil&_sacat=26395&rt=nc&LH_ItemCondition=3&LH_BIN=1&rt=nc&LH_PrefLoc=1
Colon Cleanse,https://www.ebay.com/sch/i.html?_from=R40&_nkw=Colon+Cleanse&_sacat=26395&rt=nc&LH_ItemCondition=3&LH_BIN=1&rt=nc&LH_PrefLoc=1
Immune Effervescent,https://www.ebay.com/sch/i.html?_from=R40&_nkw=Immune+Effervescent&_sacat=26395&rt=nc&LH_ItemCondition=3&LH_BIN=1&rt=nc&LH_PrefLoc=1
Zinc Tablets,https://www.ebay.com/sch/i.html?_from=R40&_nkw=Zinc+Tablets&_sacat=26395&rt=nc&LH_ItemCondition=3&LH_BIN=1&rt=nc&LH_PrefLoc=1
Quercetin Drops,https://www.ebay.com/sch/i.html?_from=R40&_nkw=Quercetin+Drops&_sacat=26395&rt=nc&LH_ItemCondition=3&LH_BIN=1&rt=nc&LH_PrefLoc=1
Herbal Iron,https://www.ebay.com/sch/i.html?_from=R40&_nkw=Herbal+Iron&_sacat=26395&rt=nc&LH_ItemCondition=3&LH_BIN=1&rt=nc&LH_PrefLoc=1
Calcium Chews,https://www.ebay.com/sch/i.html?_from=R40&_nkw=Calcium+Chews&_sacat=26395&rt=nc&LH_ItemCondition=3&LH_BIN=1&rt=nc&LH_PrefLoc=1
Lung Detox,https://www.ebay.com/sch/i.html?_from=R40&_nkw=Lung+Detox&_sacat=26395&rt=nc&LH_ItemCondition=3&LH_BIN=1&rt=nc&LH_PrefLoc=1
Lymphatic Support,https://www.ebay.com/sch/i.html?_from=R40&_nkw=Lymphatic+Support&_sacat=26395&rt=nc&LH_ItemCondition=3&LH_BIN=1&rt=nc&LH_PrefLoc=1
Protein Shake,https://www.ebay.com/sch/i.html?_from=R40&_nkw=Protein+Shake&_sacat=26395&rt=nc&LH_ItemCondition=3&LH_BIN=1&rt=nc&LH_PrefLoc=1
Cough Relief,https://www.ebay.com/sch/i.html?_from=R40&_nkw=Cough+Relief&_sacat=26395&rt=nc&LH_ItemCondition=3&LH_BIN=1&rt=nc&LH_PrefLoc=1
Probiotic Gummies,https://www.ebay.com/sch/i.html?_from=R40&_nkw=Probiotic+Gummies&_sacat=26395&rt=nc&LH_ItemCondition=3&LH_BIN=1&rt=nc&LH_PrefLoc=1
Tangy Tangerine,https://www.ebay.com/sch/i.html?_from=R40&_nkw=Tangy+Tangerine&_sacat=26395&rt=nc&LH_ItemCondition=3&LH_BIN=1&rt=nc&LH_PrefLoc=1
Baby cough,https://www.ebay.com/sch/i.html?_from=R40&_nkw=Baby+cough&_sacat=26395&rt=nc&LH_ItemCondition=3&LH_BIN=1&rt=nc&LH_PrefLoc=1
Neem capsules,https://www.ebay.com/sch/i.html?_from=R40&_nkw=Neem+capsules&_sacat=26395&rt=nc&LH_ItemCondition=3&LH_BIN=1&rt=nc&LH_PrefLoc=1
