Keyword,Links
Easter clips,https://www.ebay.com/sch/i.html?_from=R40&_nkw=Easter+clips&_sacat=26395&rt=nc&LH_ItemCondition=3&LH_BIN=1&rt=nc&LH_PrefLoc=1
Hair Wax,https://www.ebay.com/sch/i.html?_from=R40&_nkw=Hair+Wax&_sacat=26395&rt=nc&LH_ItemCondition=3&LH_BIN=1&rt=nc&LH_PrefLoc=1
Soft Twist Roller,https://www.ebay.com/sch/i.html?_from=R40&_nkw=Soft+Twist+Roller&_sacat=26395&rt=nc&LH_ItemCondition=3&LH_BIN=1&rt=nc&LH_PrefLoc=1
Olive Oil Treatment,https://www.ebay.com/sch/i.html?_from=R40&_nkw=Olive+Oil+Treatment&_sacat=26395&rt=nc&LH_ItemCondition=3&LH_BIN=1&rt=nc&LH_PrefLoc=1
Detangle Comb,https://www.ebay.com/sch/i.html?_from=R40&_nkw=Detangle+Comb&_sacat=26395&rt=nc&LH_ItemCondition=3&LH_BIN=1&rt=nc&LH_PrefLoc=1
Volume Conditioner,https://www.ebay.com/sch/i.html?_from=R40&_nkw=Volume+Conditioner&_sacat=26395&rt=nc&LH_ItemCondition=3&LH_BIN=1&rt=nc&LH_PrefLoc=1
Golden Blonde,https://www.ebay.com/sch/i.html?_from=R40&_nkw=Golden+Blonde&_sacat=26395&rt=nc&LH_ItemCondition=3&LH_BIN=1&rt=nc&LH_PrefLoc=1
Hair Dryer Brush,https://www.ebay.com/sch/i.html?_from=R40&_nkw=Hair+Dryer+Brush&_sacat=26395&rt=nc&LH_ItemCondition=3&LH_BIN=1&rt=nc&LH_PrefLoc=1
Detangler Tiana,https://www.ebay.com/sch/i.html?_from=R40&_nkw=Detangler+Tiana&_sacat=26395&rt=nc&LH_ItemCondition=3&LH_BIN=1&rt=nc&LH_PrefLoc=1
Extra Hold,https://www.ebay.com/sch/i.html?_from=R40&_nkw=Extra+Hold&_sacat=26395&rt=nc&LH_ItemCondition=3&LH_BIN=1&rt=nc&LH_PrefLoc=1
Shining Gloss,https://www.ebay.com/sch/i.html?_from=R40&_nkw=Shining+Gloss&_sacat=26395&rt=nc&LH_ItemCondition=3&LH_BIN=1&rt=nc&LH_PrefLoc=1
Lilo Scrunchies,https://www.ebay.com/sch/i.html?_from=R40&_nkw=Lilo+Scrunchies&_sacat=26395&rt=nc&LH_ItemCondition=3&LH_BIN=1&rt=nc&LH_PrefLoc=1
Volumizing Mousse,https://www.ebay.com/sch/i.html?_from=R40&_nkw=Volumizing+Mousse&_sacat=26395&rt=nc&LH_ItemCondition=3&LH_BIN=1&rt=nc&LH_PrefLoc=1
Bond Maintenance,https://www.ebay.com/sch/i.html?_from=R40&_nkw=Bond+Maintenance&_sacat=26395&rt=nc&LH_ItemCondition=3&LH_BIN=1&rt=nc&LH_PrefLoc=1
Curly Conditioner,https://www.ebay.com/sch/i.html?_from=R40&_nkw=Curly+Conditioner&_sacat=26395&rt=nc&LH_ItemCondition=3&LH_BIN=1&rt=nc&LH_PrefLoc=1
Hair Perfector,https://www.ebay.com/sch/i.html?_from=R40&_nkw=Hair+Perfector&_sacat=26395&rt=nc&LH_ItemCondition=3&LH_BIN=1&rt=nc&LH_PrefLoc=1
Scalp conditioner,https://www.ebay.com/sch/i.html?_from=R40&_nkw=Scalp+conditioner&_sacat=26395&rt=nc&LH_ItemCondition=3&LH_BIN=1&rt=nc&LH_PrefLoc=1
Conditioner vinegar,https://www.ebay.com/sch/i.html?_from=R40&_nkw=Conditioner+vinegar&_sacat=26395&rt=nc&LH_ItemCondition=3&LH_BIN=1&rt=nc&LH_PrefLoc=1
Nourishing Pomade,https://www.ebay.com/sch/i.html?_from=R40&_nkw=Nourishing+Pomade&_sacat=26395&rt=nc&LH_ItemCondition=3&LH_BIN=1&rt=nc&LH_PrefLoc=1
Moisture Masque,https://www.ebay.com/sch/i.html?_from=R40&_nkw=Moisture+Masque&_sacat=26395&rt=nc&LH_ItemCondition=3&LH_BIN=1&rt=nc&LH_PrefLoc=1
Seaweed Conditioner,https://www.ebay.com/sch/i.html?_from=R40&_nkw=Seaweed+Conditioner&_sacat=26395&rt=nc&LH_ItemCondition=3&LH_BIN=1&rt=nc&LH_PrefLoc=1
Natural Shampoo,https://www.ebay.com/sch/i.html?_from=R40&_nkw=Natural+Shampoo&_sacat=26395&rt=nc&LH_ItemCondition=3&LH_BIN=1&rt=nc&LH_PrefLoc=1
Beard Conditioner,https://www.ebay.com/sch/i.html?_from=R40&_nkw=Beard+Conditioner&_sacat=26395&rt=nc&LH_ItemCondition=3&LH_BIN=1&rt=nc&LH_PrefLoc=1
Fresh Falls Shampoo,https://www.ebay.com/sch/i.html?_from=R40&_nkw=Fresh+Falls+Shampoo&_sacat=26395&rt=nc&LH_ItemCondition=3&LH_BIN=1&rt=nc&LH_PrefLoc=1
Hair Shampoo,https://www.ebay.com/sch/i.html?_from=R40&_nkw=Hair+Shampoo&_sacat=26395&rt=nc&LH_ItemCondition=3&LH_BIN=1&rt=nc&LH_PrefLoc=1
Revive Conditioner,https://www.ebay.com/sch/i.html?_from=R40&_nkw=Revive+Conditioner&_sacat=26395&rt=nc&LH_ItemCondition=3&LH_BIN=1&rt=nc&LH_PrefLoc=1
Deep Wave,https://www.ebay.com/sch/i.html?_from=R40&_nkw=Deep+Wave&_sacat=26395&rt=nc&LH_ItemCondition=3&LH_BIN=1&rt=nc&LH_PrefLoc=1
Hair Conditioner,https://www.ebay.com/sch/i.html?_from=R40&_nkw=Hair+Conditioner&_sacat=26395&rt=nc&LH_ItemCondition=3&LH_BIN=1&rt=nc&LH_PrefLoc=1
Leave In Conditioner,https://www.ebay.com/sch/i.html?_from=R40&_nkw=Leave+In+Conditioner&_sacat=26395&rt=nc&LH_ItemCondition=3&LH_BIN=1&rt=nc&LH_PrefLoc=1
Tea Tree Conditioner,https://www.ebay.com/sch/i.html?_from=R40&_nkw=Tea+Tree+Conditioner&_sacat=26395&rt=nc&LH_ItemCondition=3&LH_BIN=1&rt=nc&LH_PrefLoc=1
Thickening Conditioner,https://www.ebay.com/sch/i.html?_from=R40&_nkw=Thickening+Conditioner&_sacat=26395&rt=nc&LH_ItemCondition=3&LH_BIN=1&rt=nc&LH_PrefLoc=1
Coconut Shampoo,https://www.ebay.com/sch/i.html?_from=R40&_nkw=Coconut+Shampoo&_sacat=26395&rt=nc&LH_ItemCondition=3&LH_BIN=1&rt=nc&LH_PrefLoc=1
Volumizing Conditioner,https://www.ebay.com/sch/i.html?_from=R40&_nkw=Volumizing+Conditioner&_sacat=26395&rt=nc&LH_ItemCondition=3&LH_BIN=1&rt=nc&LH_PrefLoc=1
Hair Growth,https://www.ebay.com/sch/i.html?_from=R40&_nkw=Hair+Growth&_sacat=26395&rt=nc&LH_ItemCondition=3&LH_BIN=1&rt=nc&LH_PrefLoc=1
Bob Wig,https://www.ebay.com/sch/i.html?_from=R40&_nkw=Bob+Wig&_sacat=26395&rt=nc&LH_ItemCondition=3&LH_BIN=1&rt=nc&LH_PrefLoc=1
Papaya Serum,https://www.ebay.com/sch/i.html?_from=R40&_nkw=Papaya+Serum&_sacat=26395&rt=nc&LH_ItemCondition=3&LH_BIN=1&rt=nc&LH_PrefLoc=1
Ingrown AHA,https://www.ebay.com/sch/i.html?_from=R40&_nkw=Ingrown+AHA&_sacat=26395&rt=nc&LH_ItemCondition=3&LH_BIN=1&rt=nc&LH_PrefLoc=1
Coconut Cream,https://www.ebay.com/sch/i.html?_from=R40&_nkw=Coconut+Cream&_sacat=26395&rt=nc&LH_ItemCondition=3&LH_BIN=1&rt=nc&LH_PrefLoc=1
Re-Energize Duo,https://www.ebay.com/sch/i.html?_from=R40&_nkw=Re-Energize+Duo&_sacat=26395&rt=nc&LH_ItemCondition=3&LH_BIN=1&rt=nc&LH_PrefLoc=1
Sweet Cream,https://www.ebay.com/sch/i.html?_from=R40&_nkw=Sweet+Cream&_sacat=26395&rt=nc&LH_ItemCondition=3&LH_BIN=1&rt=nc&LH_PrefLoc=1
Cleansing Powder,https://www.ebay.com/sch/i.html?_from=R40&_nkw=Cleansing+Powder&_sacat=26395&rt=nc&LH_ItemCondition=3&LH_BIN=1&rt=nc&LH_PrefLoc=1
Mega Hairspray,https://www.ebay.com/sch/i.html?_from=R40&_nkw=Mega+Hairspray&_sacat=26395&rt=nc&LH_ItemCondition=3&LH_BIN=1&rt=nc&LH_PrefLoc=1
Green Meadow,https://www.ebay.com/sch/i.html?_from=R40&_nkw=Green+Meadow&_sacat=26395&rt=nc&LH_ItemCondition=3&LH_BIN=1&rt=nc&LH_PrefLoc=1
Revive Shampoo,https://www.ebay.com/sch/i.html?_from=R40&_nkw=Revive+Shampoo&_sacat=26395&rt=nc&LH_ItemCondition=3&LH_BIN=1&rt=nc&LH_PrefLoc=1
Hyaluron Shampoo,https://www.ebay.com/sch/i.html?_from=R40&_nkw=Hyaluron+Shampoo&_sacat=26395&rt=nc&LH_ItemCondition=3&LH_BIN=1&rt=nc&LH_PrefLoc=1
Back Bar Set,https://www.ebay.com/sch/i.html?_from=R40&_nkw=Back+Bar+Set&_sacat=26395&rt=nc&LH_ItemCondition=3&LH_BIN=1&rt=nc&LH_PrefLoc=1
Anti-Frizz Combo,https://www.ebay.com/sch/i.html?_from=R40&_nkw=Anti-Frizz+Combo&_sacat=26395&rt=nc&LH_ItemCondition=3&LH_BIN=1&rt=nc&LH_PrefLoc=1
Root lifter,https://www.ebay.com/sch/i.html?_from=R40&_nkw=Root+lifter&_sacat=26395&rt=nc&LH_ItemCondition=3&LH_BIN=1&rt=nc&LH_PrefLoc=1
Hot oil treatment,https://www.ebay.com/sch/i.html?_from=R40&_nkw=Hot+oil+treatment&_sacat=26395&rt=nc&LH_ItemCondition=3&LH_BIN=1&rt=nc&LH_PrefLoc=1
Gentle Hair Care,https://www.ebay.com/sch/i.html?_from=R40&_nkw=Gentle+Hair+Care&_sacat=26395&rt=nc&LH_ItemCondition=3&LH_BIN=1&rt=nc&LH_PrefLoc=1
