Keyword,Links
Strawberry Mist,https://www.ebay.com/sch/i.html?_from=R40&_nkw=Strawberry+Mist&_sacat=26395&rt=nc&LH_ItemCondition=3&LH_BIN=1&rt=nc&LH_PrefLoc=1
Balancing Mist,https://www.ebay.com/sch/i.html?_from=R40&_nkw=Balancing+Mist&_sacat=26395&rt=nc&LH_ItemCondition=3&LH_BIN=1&rt=nc&LH_PrefLoc=1
Tuxedo Fragrance,https://www.ebay.com/sch/i.html?_from=R40&_nkw=Tuxedo+Fragrance&_sacat=26395&rt=nc&LH_ItemCondition=3&LH_BIN=1&rt=nc&LH_PrefLoc=1
Lady Emblem,https://www.ebay.com/sch/i.html?_from=R40&_nkw=Lady+Emblem&_sacat=26395&rt=nc&LH_ItemCondition=3&LH_BIN=1&rt=nc&LH_PrefLoc=1
Paris fragrance,https://www.ebay.com/sch/i.html?_from=R40&_nkw=Paris+fragrance&_sacat=26395&rt=nc&LH_ItemCondition=3&LH_BIN=1&rt=nc&LH_PrefLoc=1
Dark Kiss,https://www.ebay.com/sch/i.html?_from=R40&_nkw=Dark+Kiss&_sacat=26395&rt=nc&LH_ItemCondition=3&LH_BIN=1&rt=nc&LH_PrefLoc=1
Aoud Leather,https://www.ebay.com/sch/i.html?_from=R40&_nkw=Aoud+Leather&_sacat=26395&rt=nc&LH_ItemCondition=3&LH_BIN=1&rt=nc&LH_PrefLoc=1
Eau Intense,https://www.ebay.com/sch/i.html?_from=R40&_nkw=Eau+Intense&_sacat=26395&rt=nc&LH_ItemCondition=3&LH_BIN=1&rt=nc&LH_PrefLoc=1
Fennel Body Splash,https://www.ebay.com/sch/i.html?_from=R40&_nkw=Fennel+Body+Splash&_sacat=26395&rt=nc&LH_ItemCondition=3&LH_BIN=1&rt=nc&LH_PrefLoc=1
Silver fragrance,https://www.ebay.com/sch/i.html?_from=R40&_nkw=Silver+fragrance&_sacat=26395&rt=nc&LH_ItemCondition=3&LH_BIN=1&rt=nc&LH_PrefLoc=1
Snow White,https://www.ebay.com/sch/i.html?_from=R40&_nkw=Snow+White&_sacat=26395&rt=nc&LH_ItemCondition=3&LH_BIN=1&rt=nc&LH_PrefLoc=1
Aqua Spray,https://www.ebay.com/sch/i.html?_from=R40&_nkw=Aqua+Spray&_sacat=26395&rt=nc&LH_ItemCondition=3&LH_BIN=1&rt=nc&LH_PrefLoc=1
green tea deodorant,https://www.ebay.com/sch/i.html?_from=R40&_nkw=green+tea+deodorant&_sacat=26395&rt=nc&LH_ItemCondition=3&LH_BIN=1&rt=nc&LH_PrefLoc=1
Princess fragrance,https://www.ebay.com/sch/i.html?_from=R40&_nkw=Princess+fragrance&_sacat=26395&rt=nc&LH_ItemCondition=3&LH_BIN=1&rt=nc&LH_PrefLoc=1
Merry Cookie,https://www.ebay.com/sch/i.html?_from=R40&_nkw=Merry+Cookie&_sacat=26395&rt=nc&LH_ItemCondition=3&LH_BIN=1&rt=nc&LH_PrefLoc=1
Happiness Set,https://www.ebay.com/sch/i.html?_from=R40&_nkw=Happiness+Set&_sacat=26395&rt=nc&LH_ItemCondition=3&LH_BIN=1&rt=nc&LH_PrefLoc=1
Bergamot fragrance,https://www.ebay.com/sch/i.html?_from=R40&_nkw=Bergamot+fragrance&_sacat=26395&rt=nc&LH_ItemCondition=3&LH_BIN=1&rt=nc&LH_PrefLoc=1
Ruby Velvet,https://www.ebay.com/sch/i.html?_from=R40&_nkw=Ruby+Velvet&_sacat=26395&rt=nc&LH_ItemCondition=3&LH_BIN=1&rt=nc&LH_PrefLoc=1
Viva La Juicy,https://www.ebay.com/sch/i.html?_from=R40&_nkw=Viva+La+Juicy&_sacat=26395&rt=nc&LH_ItemCondition=3&LH_BIN=1&rt=nc&LH_PrefLoc=1
Mini Cologne,https://www.ebay.com/sch/i.html?_from=R40&_nkw=Mini+Cologne&_sacat=26395&rt=nc&LH_ItemCondition=3&LH_BIN=1&rt=nc&LH_PrefLoc=1
Kitchen Mist,https://www.ebay.com/sch/i.html?_from=R40&_nkw=Kitchen+Mist&_sacat=26395&rt=nc&LH_ItemCondition=3&LH_BIN=1&rt=nc&LH_PrefLoc=1
White Cologne,https://www.ebay.com/sch/i.html?_from=R40&_nkw=White+Cologne&_sacat=26395&rt=nc&LH_ItemCondition=3&LH_BIN=1&rt=nc&LH_PrefLoc=1
Hot Water,https://www.ebay.com/sch/i.html?_from=R40&_nkw=Hot+Water&_sacat=26395&rt=nc&LH_ItemCondition=3&LH_BIN=1&rt=nc&LH_PrefLoc=1
Orchid Mist,https://www.ebay.com/sch/i.html?_from=R40&_nkw=Orchid+Mist&_sacat=26395&rt=nc&LH_ItemCondition=3&LH_BIN=1&rt=nc&LH_PrefLoc=1
Crystal Noir,https://www.ebay.com/sch/i.html?_from=R40&_nkw=Crystal+Noir&_sacat=26395&rt=nc&LH_ItemCondition=3&LH_BIN=1&rt=nc&LH_PrefLoc=1
Alien Toy,https://www.ebay.com/sch/i.html?_from=R40&_nkw=Alien+Toy&_sacat=26395&rt=nc&LH_ItemCondition=3&LH_BIN=1&rt=nc&LH_PrefLoc=1
Mini gift set,https://www.ebay.com/sch/i.html?_from=R40&_nkw=Mini+gift+set&_sacat=26395&rt=nc&LH_ItemCondition=3&LH_BIN=1&rt=nc&LH_PrefLoc=1
Sugar perfume,https://www.ebay.com/sch/i.html?_from=R40&_nkw=Sugar+perfume&_sacat=26395&rt=nc&LH_ItemCondition=3&LH_BIN=1&rt=nc&LH_PrefLoc=1
Juicy fragrance,https://www.ebay.com/sch/i.html?_from=R40&_nkw=Juicy+fragrance&_sacat=26395&rt=nc&LH_ItemCondition=3&LH_BIN=1&rt=nc&LH_PrefLoc=1
Spicy Vetiver,https://www.ebay.com/sch/i.html?_from=R40&_nkw=Spicy+Vetiver&_sacat=26395&rt=nc&LH_ItemCondition=3&LH_BIN=1&rt=nc&LH_PrefLoc=1
Tropical Wood,https://www.ebay.com/sch/i.html?_from=R40&_nkw=Tropical+Wood&_sacat=26395&rt=nc&LH_ItemCondition=3&LH_BIN=1&rt=nc&LH_PrefLoc=1
White Diamonds,https://www.ebay.com/sch/i.html?_from=R40&_nkw=White+Diamonds&_sacat=26395&rt=nc&LH_ItemCondition=3&LH_BIN=1&rt=nc&LH_PrefLoc=1
Joyous perfume,https://www.ebay.com/sch/i.html?_from=R40&_nkw=Joyous+perfume&_sacat=26395&rt=nc&LH_ItemCondition=3&LH_BIN=1&rt=nc&LH_PrefLoc=1
Mountain Fragrance,https://www.ebay.com/sch/i.html?_from=R40&_nkw=Mountain+Fragrance&_sacat=26395&rt=nc&LH_ItemCondition=3&LH_BIN=1&rt=nc&LH_PrefLoc=1
Santal Shampoo,https://www.ebay.com/sch/i.html?_from=R40&_nkw=Santal+Shampoo&_sacat=26395&rt=nc&LH_ItemCondition=3&LH_BIN=1&rt=nc&LH_PrefLoc=1
Gold Rush,https://www.ebay.com/sch/i.html?_from=R40&_nkw=Gold+Rush&_sacat=26395&rt=nc&LH_ItemCondition=3&LH_BIN=1&rt=nc&LH_PrefLoc=1
Veil Spray,https://www.ebay.com/sch/i.html?_from=R40&_nkw=Veil+Spray&_sacat=26395&rt=nc&LH_ItemCondition=3&LH_BIN=1&rt=nc&LH_PrefLoc=1
Extreme Story,https://www.ebay.com/sch/i.html?_from=R40&_nkw=Extreme+Story&_sacat=26395&rt=nc&LH_ItemCondition=3&LH_BIN=1&rt=nc&LH_PrefLoc=1
Rare Pearls,https://www.ebay.com/sch/i.html?_from=R40&_nkw=Rare+Pearls&_sacat=26395&rt=nc&LH_ItemCondition=3&LH_BIN=1&rt=nc&LH_PrefLoc=1
Beauty drink,https://www.ebay.com/sch/i.html?_from=R40&_nkw=Beauty+drink&_sacat=26395&rt=nc&LH_ItemCondition=3&LH_BIN=1&rt=nc&LH_PrefLoc=1
Set Sail,https://www.ebay.com/sch/i.html?_from=R40&_nkw=Set+Sail&_sacat=26395&rt=nc&LH_ItemCondition=3&LH_BIN=1&rt=nc&LH_PrefLoc=1
Red Door Perfume,https://www.ebay.com/sch/i.html?_from=R40&_nkw=Red+Door+Perfume&_sacat=26395&rt=nc&LH_ItemCondition=3&LH_BIN=1&rt=nc&LH_PrefLoc=1
Naked Fantasy,https://www.ebay.com/sch/i.html?_from=R40&_nkw=Naked+Fantasy&_sacat=26395&rt=nc&LH_ItemCondition=3&LH_BIN=1&rt=nc&LH_PrefLoc=1
Kids Cologne,https://www.ebay.com/sch/i.html?_from=R40&_nkw=Kids+Cologne&_sacat=26395&rt=nc&LH_ItemCondition=3&LH_BIN=1&rt=nc&LH_PrefLoc=1
Extreme fragrance,https://www.ebay.com/sch/i.html?_from=R40&_nkw=Extreme+fragrance&_sacat=26395&rt=nc&LH_ItemCondition=3&LH_BIN=1&rt=nc&LH_PrefLoc=1
Citrus fragrance,https://www.ebay.com/sch/i.html?_from=R40&_nkw=Citrus+fragrance&_sacat=26395&rt=nc&LH_ItemCondition=3&LH_BIN=1&rt=nc&LH_PrefLoc=1
Pure Musc,https://www.ebay.com/sch/i.html?_from=R40&_nkw=Pure+Musc&_sacat=26395&rt=nc&LH_ItemCondition=3&LH_BIN=1&rt=nc&LH_PrefLoc=1
Bubble Gum,https://www.ebay.com/sch/i.html?_from=R40&_nkw=Bubble+Gum&_sacat=26395&rt=nc&LH_ItemCondition=3&LH_BIN=1&rt=nc&LH_PrefLoc=1
Black bag,https://www.ebay.com/sch/i.html?_from=R40&_nkw=Black+bag&_sacat=26395&rt=nc&LH_ItemCondition=3&LH_BIN=1&rt=nc&LH_PrefLoc=1
fragrance perfume,https://www.ebay.com/sch/i.html?_from=R40&_nkw=fragrance+perfume&_sacat=26395&rt=nc&LH_ItemCondition=3&LH_BIN=1&rt=nc&LH_PrefLoc=1
