Keyword,Links
Ergonomic Dryer,https://www.ebay.com/sch/i.html?_from=R40&_nkw=Ergonomic+Dryer&_sacat=26395&rt=nc&LH_ItemCondition=3&LH_BIN=1&rt=nc&LH_PrefLoc=1
Unclipped Rod,https://www.ebay.com/sch/i.html?_from=R40&_nkw=Unclipped+Rod&_sacat=26395&rt=nc&LH_ItemCondition=3&LH_BIN=1&rt=nc&LH_PrefLoc=1
Storage Case,https://www.ebay.com/sch/i.html?_from=R40&_nkw=Storage+Case&_sacat=26395&rt=nc&LH_ItemCondition=3&LH_BIN=1&rt=nc&LH_PrefLoc=1
Neck Duster,https://www.ebay.com/sch/i.html?_from=R40&_nkw=Neck+Duster&_sacat=26395&rt=nc&LH_ItemCondition=3&LH_BIN=1&rt=nc&LH_PrefLoc=1
Clipper Oil,https://www.ebay.com/sch/i.html?_from=R40&_nkw=Clipper+Oil&_sacat=26395&rt=nc&LH_ItemCondition=3&LH_BIN=1&rt=nc&LH_PrefLoc=1
Hairstyling Iron,https://www.ebay.com/sch/i.html?_from=R40&_nkw=Hairstyling+Iron&_sacat=26395&rt=nc&LH_ItemCondition=3&LH_BIN=1&rt=nc&LH_PrefLoc=1
Graphene Curling Iron,https://www.ebay.com/sch/i.html?_from=R40&_nkw=Graphene+Curling+Iron&_sacat=26395&rt=nc&LH_ItemCondition=3&LH_BIN=1&rt=nc&LH_PrefLoc=1
Blowout Brush,https://www.ebay.com/sch/i.html?_from=R40&_nkw=Blowout+Brush&_sacat=26395&rt=nc&LH_ItemCondition=3&LH_BIN=1&rt=nc&LH_PrefLoc=1
Whipped Taffy,https://www.ebay.com/sch/i.html?_from=R40&_nkw=Whipped+Taffy&_sacat=26395&rt=nc&LH_ItemCondition=3&LH_BIN=1&rt=nc&LH_PrefLoc=1
Freeze spray,https://www.ebay.com/sch/i.html?_from=R40&_nkw=Freeze+spray&_sacat=26395&rt=nc&LH_ItemCondition=3&LH_BIN=1&rt=nc&LH_PrefLoc=1
Volume spray,https://www.ebay.com/sch/i.html?_from=R40&_nkw=Volume+spray&_sacat=26395&rt=nc&LH_ItemCondition=3&LH_BIN=1&rt=nc&LH_PrefLoc=1
Moisturizing Duo,https://www.ebay.com/sch/i.html?_from=R40&_nkw=Moisturizing+Duo&_sacat=26395&rt=nc&LH_ItemCondition=3&LH_BIN=1&rt=nc&LH_PrefLoc=1
Smoothing Serum,https://www.ebay.com/sch/i.html?_from=R40&_nkw=Smoothing+Serum&_sacat=26395&rt=nc&LH_ItemCondition=3&LH_BIN=1&rt=nc&LH_PrefLoc=1
Volume Mousse,https://www.ebay.com/sch/i.html?_from=R40&_nkw=Volume+Mousse&_sacat=26395&rt=nc&LH_ItemCondition=3&LH_BIN=1&rt=nc&LH_PrefLoc=1
Weatherproof spray,https://www.ebay.com/sch/i.html?_from=R40&_nkw=Weatherproof+spray&_sacat=26395&rt=nc&LH_ItemCondition=3&LH_BIN=1&rt=nc&LH_PrefLoc=1
Moisture Balance,https://www.ebay.com/sch/i.html?_from=R40&_nkw=Moisture+Balance&_sacat=26395&rt=nc&LH_ItemCondition=3&LH_BIN=1&rt=nc&LH_PrefLoc=1
Tea Tree Shampoo,https://www.ebay.com/sch/i.html?_from=R40&_nkw=Tea+Tree+Shampoo&_sacat=26395&rt=nc&LH_ItemCondition=3&LH_BIN=1&rt=nc&LH_PrefLoc=1
Cleanser Shampoo,https://www.ebay.com/sch/i.html?_from=R40&_nkw=Cleanser+Shampoo&_sacat=26395&rt=nc&LH_ItemCondition=3&LH_BIN=1&rt=nc&LH_PrefLoc=1
Extra-Body Conditioner,https://www.ebay.com/sch/i.html?_from=R40&_nkw=Extra-Body+Conditioner&_sacat=26395&rt=nc&LH_ItemCondition=3&LH_BIN=1&rt=nc&LH_PrefLoc=1
Curling Creme,https://www.ebay.com/sch/i.html?_from=R40&_nkw=Curling+Creme&_sacat=26395&rt=nc&LH_ItemCondition=3&LH_BIN=1&rt=nc&LH_PrefLoc=1
Daily provision,https://www.ebay.com/sch/i.html?_from=R40&_nkw=Daily+provision&_sacat=26395&rt=nc&LH_ItemCondition=3&LH_BIN=1&rt=nc&LH_PrefLoc=1
Fresh Start,https://www.ebay.com/sch/i.html?_from=R40&_nkw=Fresh+Start&_sacat=26395&rt=nc&LH_ItemCondition=3&LH_BIN=1&rt=nc&LH_PrefLoc=1
Scalp Drops,https://www.ebay.com/sch/i.html?_from=R40&_nkw=Scalp+Drops&_sacat=26395&rt=nc&LH_ItemCondition=3&LH_BIN=1&rt=nc&LH_PrefLoc=1
Color Lock,https://www.ebay.com/sch/i.html?_from=R40&_nkw=Color+Lock&_sacat=26395&rt=nc&LH_ItemCondition=3&LH_BIN=1&rt=nc&LH_PrefLoc=1
Volume Dry Shampoo,https://www.ebay.com/sch/i.html?_from=R40&_nkw=Volume+Dry+Shampoo&_sacat=26395&rt=nc&LH_ItemCondition=3&LH_BIN=1&rt=nc&LH_PrefLoc=1
Curl butter,https://www.ebay.com/sch/i.html?_from=R40&_nkw=Curl+butter&_sacat=26395&rt=nc&LH_ItemCondition=3&LH_BIN=1&rt=nc&LH_PrefLoc=1
Braid balm,https://www.ebay.com/sch/i.html?_from=R40&_nkw=Braid+balm&_sacat=26395&rt=nc&LH_ItemCondition=3&LH_BIN=1&rt=nc&LH_PrefLoc=1
Moisturizing Conditioner,https://www.ebay.com/sch/i.html?_from=R40&_nkw=Moisturizing+Conditioner&_sacat=26395&rt=nc&LH_ItemCondition=3&LH_BIN=1&rt=nc&LH_PrefLoc=1
Blowdry volumizer,https://www.ebay.com/sch/i.html?_from=R40&_nkw=Blowdry+volumizer&_sacat=26395&rt=nc&LH_ItemCondition=3&LH_BIN=1&rt=nc&LH_PrefLoc=1
Volumizing Gel,https://www.ebay.com/sch/i.html?_from=R40&_nkw=Volumizing+Gel&_sacat=26395&rt=nc&LH_ItemCondition=3&LH_BIN=1&rt=nc&LH_PrefLoc=1
Blonde Leave-In,https://www.ebay.com/sch/i.html?_from=R40&_nkw=Blonde+Leave-In&_sacat=26395&rt=nc&LH_ItemCondition=3&LH_BIN=1&rt=nc&LH_PrefLoc=1
High Gloss,https://www.ebay.com/sch/i.html?_from=R40&_nkw=High+Gloss&_sacat=26395&rt=nc&LH_ItemCondition=3&LH_BIN=1&rt=nc&LH_PrefLoc=1
Clarifying shampoo,https://www.ebay.com/sch/i.html?_from=R40&_nkw=Clarifying+shampoo&_sacat=26395&rt=nc&LH_ItemCondition=3&LH_BIN=1&rt=nc&LH_PrefLoc=1
Strong treatment,https://www.ebay.com/sch/i.html?_from=R40&_nkw=Strong+treatment&_sacat=26395&rt=nc&LH_ItemCondition=3&LH_BIN=1&rt=nc&LH_PrefLoc=1
Skinny Conditioner,https://www.ebay.com/sch/i.html?_from=R40&_nkw=Skinny+Conditioner&_sacat=26395&rt=nc&LH_ItemCondition=3&LH_BIN=1&rt=nc&LH_PrefLoc=1
De-Brassing Shampoo,https://www.ebay.com/sch/i.html?_from=R40&_nkw=De-Brassing+Shampoo&_sacat=26395&rt=nc&LH_ItemCondition=3&LH_BIN=1&rt=nc&LH_PrefLoc=1
Brunette Dry Shampoo,https://www.ebay.com/sch/i.html?_from=R40&_nkw=Brunette+Dry+Shampoo&_sacat=26395&rt=nc&LH_ItemCondition=3&LH_BIN=1&rt=nc&LH_PrefLoc=1
Weightless hairspray,https://www.ebay.com/sch/i.html?_from=R40&_nkw=Weightless+hairspray&_sacat=26395&rt=nc&LH_ItemCondition=3&LH_BIN=1&rt=nc&LH_PrefLoc=1
Blow-Dry Mist,https://www.ebay.com/sch/i.html?_from=R40&_nkw=Blow-Dry+Mist&_sacat=26395&rt=nc&LH_ItemCondition=3&LH_BIN=1&rt=nc&LH_PrefLoc=1
Humidity gel,https://www.ebay.com/sch/i.html?_from=R40&_nkw=Humidity+gel&_sacat=26395&rt=nc&LH_ItemCondition=3&LH_BIN=1&rt=nc&LH_PrefLoc=1
Sea Salt Spray,https://www.ebay.com/sch/i.html?_from=R40&_nkw=Sea+Salt+Spray&_sacat=26395&rt=nc&LH_ItemCondition=3&LH_BIN=1&rt=nc&LH_PrefLoc=1
Root cover,https://www.ebay.com/sch/i.html?_from=R40&_nkw=Root+cover&_sacat=26395&rt=nc&LH_ItemCondition=3&LH_BIN=1&rt=nc&LH_PrefLoc=1
Hair lotion,https://www.ebay.com/sch/i.html?_from=R40&_nkw=Hair+lotion&_sacat=26395&rt=nc&LH_ItemCondition=3&LH_BIN=1&rt=nc&LH_PrefLoc=1
Sea Salt Scrub,https://www.ebay.com/sch/i.html?_from=R40&_nkw=Sea+Salt+Scrub&_sacat=26395&rt=nc&LH_ItemCondition=3&LH_BIN=1&rt=nc&LH_PrefLoc=1
Detangler Spray,https://www.ebay.com/sch/i.html?_from=R40&_nkw=Detangler+Spray&_sacat=26395&rt=nc&LH_ItemCondition=3&LH_BIN=1&rt=nc&LH_PrefLoc=1
Gentle Cleansing,https://www.ebay.com/sch/i.html?_from=R40&_nkw=Gentle+Cleansing&_sacat=26395&rt=nc&LH_ItemCondition=3&LH_BIN=1&rt=nc&LH_PrefLoc=1
Hair Recovery,https://www.ebay.com/sch/i.html?_from=R40&_nkw=Hair+Recovery&_sacat=26395&rt=nc&LH_ItemCondition=3&LH_BIN=1&rt=nc&LH_PrefLoc=1
Rejuvenating Masque,https://www.ebay.com/sch/i.html?_from=R40&_nkw=Rejuvenating+Masque&_sacat=26395&rt=nc&LH_ItemCondition=3&LH_BIN=1&rt=nc&LH_PrefLoc=1
Miracle Conditioner,https://www.ebay.com/sch/i.html?_from=R40&_nkw=Miracle+Conditioner&_sacat=26395&rt=nc&LH_ItemCondition=3&LH_BIN=1&rt=nc&LH_PrefLoc=1
Hairspray Hold,https://www.ebay.com/sch/i.html?_from=R40&_nkw=Hairspray+Hold&_sacat=26395&rt=nc&LH_ItemCondition=3&LH_BIN=1&rt=nc&LH_PrefLoc=1
