Keyword,Links
Curl mixture,https://www.amazon.com/s?k=Curl+mixture&i=beauty&s=exact-aware-popularity-rank&ref=sr_st_exact-aware-popularity-rank
Honey Leave-in,https://www.amazon.com/s?k=Honey+Leave-in&i=beauty&s=exact-aware-popularity-rank&ref=sr_st_exact-aware-popularity-rank
Coconut Leave-in,https://www.amazon.com/s?k=Coconut+Leave-in&i=beauty&s=exact-aware-popularity-rank&ref=sr_st_exact-aware-popularity-rank
Hydrating Hair Wash,https://www.amazon.com/s?k=Hydrating+Hair+Wash&i=beauty&s=exact-aware-popularity-rank&ref=sr_st_exact-aware-popularity-rank
Shampoo vinegar,https://www.amazon.com/s?k=Shampoo+vinegar&i=beauty&s=exact-aware-popularity-rank&ref=sr_st_exact-aware-popularity-rank
Shampoo Citrus,https://www.amazon.com/s?k=Shampoo+Citrus&i=beauty&s=exact-aware-popularity-rank&ref=sr_st_exact-aware-popularity-rank
Cranberry Conditioner,https://www.amazon.com/s?k=Cranberry+Conditioner&i=beauty&s=exact-aware-popularity-rank&ref=sr_st_exact-aware-popularity-rank
Restore Shampoo,https://www.amazon.com/s?k=Restore+Shampoo&i=beauty&s=exact-aware-popularity-rank&ref=sr_st_exact-aware-popularity-rank
Anti-Frizz Kit,https://www.amazon.com/s?k=Anti-Frizz+Kit&i=beauty&s=exact-aware-popularity-rank&ref=sr_st_exact-aware-popularity-rank
Hemp Shampoo,https://www.amazon.com/s?k=Hemp+Shampoo&i=beauty&s=exact-aware-popularity-rank&ref=sr_st_exact-aware-popularity-rank
Shea Butter Shampoo,https://www.amazon.com/s?k=Shea+Butter+Shampoo&i=beauty&s=exact-aware-popularity-rank&ref=sr_st_exact-aware-popularity-rank
Coconut Co-Wash,https://www.amazon.com/s?k=Coconut+Co-Wash&i=beauty&s=exact-aware-popularity-rank&ref=sr_st_exact-aware-popularity-rank
Waves Shampoo,https://www.amazon.com/s?k=Waves+Shampoo&i=beauty&s=exact-aware-popularity-rank&ref=sr_st_exact-aware-popularity-rank
Conditioner Beard,https://www.amazon.com/s?k=Conditioner+Beard&i=beauty&s=exact-aware-popularity-rank&ref=sr_st_exact-aware-popularity-rank
Dandruff Treatment,https://www.amazon.com/s?k=Dandruff+Treatment&i=beauty&s=exact-aware-popularity-rank&ref=sr_st_exact-aware-popularity-rank
Anti Dandruff Shampoo,https://www.amazon.com/s?k=Anti+Dandruff+Shampoo&i=beauty&s=exact-aware-popularity-rank&ref=sr_st_exact-aware-popularity-rank
Curls Moisturizer,https://www.amazon.com/s?k=Curls+Moisturizer&i=beauty&s=exact-aware-popularity-rank&ref=sr_st_exact-aware-popularity-rank
Strengthen Shampoo,https://www.amazon.com/s?k=Strengthen+Shampoo&i=beauty&s=exact-aware-popularity-rank&ref=sr_st_exact-aware-popularity-rank
Swim Shampoo,https://www.amazon.com/s?k=Swim+Shampoo&i=beauty&s=exact-aware-popularity-rank&ref=sr_st_exact-aware-popularity-rank
Detangler Conditioner,https://www.amazon.com/s?k=Detangler+Conditioner&i=beauty&s=exact-aware-popularity-rank&ref=sr_st_exact-aware-popularity-rank
Leave-On Conditioner,https://www.amazon.com/s?k=Leave-On+Conditioner&i=beauty&s=exact-aware-popularity-rank&ref=sr_st_exact-aware-popularity-rank
light shampoo,https://www.amazon.com/s?k=light+shampoo&i=beauty&s=exact-aware-popularity-rank&ref=sr_st_exact-aware-popularity-rank
Curl Bundle,https://www.amazon.com/s?k=Curl+Bundle&i=beauty&s=exact-aware-popularity-rank&ref=sr_st_exact-aware-popularity-rank
Detangling therapy,https://www.amazon.com/s?k=Detangling+therapy&i=beauty&s=exact-aware-popularity-rank&ref=sr_st_exact-aware-popularity-rank
Anti-Frizz Bundle,https://www.amazon.com/s?k=Anti-Frizz+Bundle&i=beauty&s=exact-aware-popularity-rank&ref=sr_st_exact-aware-popularity-rank
Colorcare Shampoo,https://www.amazon.com/s?k=Colorcare+Shampoo&i=beauty&s=exact-aware-popularity-rank&ref=sr_st_exact-aware-popularity-rank
Strength shampoo,https://www.amazon.com/s?k=Strength+shampoo&i=beauty&s=exact-aware-popularity-rank&ref=sr_st_exact-aware-popularity-rank
Delicate Shampoo,https://www.amazon.com/s?k=Delicate+Shampoo&i=beauty&s=exact-aware-popularity-rank&ref=sr_st_exact-aware-popularity-rank
DHT Shampoo,https://www.amazon.com/s?k=DHT+Shampoo&i=beauty&s=exact-aware-popularity-rank&ref=sr_st_exact-aware-popularity-rank
Fortifying Shampoo,https://www.amazon.com/s?k=Fortifying+Shampoo&i=beauty&s=exact-aware-popularity-rank&ref=sr_st_exact-aware-popularity-rank
Moisture Control,https://www.amazon.com/s?k=Moisture+Control&i=beauty&s=exact-aware-popularity-rank&ref=sr_st_exact-aware-popularity-rank
Seaweed Shampoo,https://www.amazon.com/s?k=Seaweed+Shampoo&i=beauty&s=exact-aware-popularity-rank&ref=sr_st_exact-aware-popularity-rank
Strength Cure,https://www.amazon.com/s?k=Strength+Cure&i=beauty&s=exact-aware-popularity-rank&ref=sr_st_exact-aware-popularity-rank
Smoothing Curl,https://www.amazon.com/s?k=Smoothing+Curl&i=beauty&s=exact-aware-popularity-rank&ref=sr_st_exact-aware-popularity-rank
Moisture Duo,https://www.amazon.com/s?k=Moisture+Duo&i=beauty&s=exact-aware-popularity-rank&ref=sr_st_exact-aware-popularity-rank
Shine Bundle,https://www.amazon.com/s?k=Shine+Bundle&i=beauty&s=exact-aware-popularity-rank&ref=sr_st_exact-aware-popularity-rank
Color care,https://www.amazon.com/s?k=Color+care&i=beauty&s=exact-aware-popularity-rank&ref=sr_st_exact-aware-popularity-rank
Volume Amplifier,https://www.amazon.com/s?k=Volume+Amplifier&i=beauty&s=exact-aware-popularity-rank&ref=sr_st_exact-aware-popularity-rank
Hair cleanser,https://www.amazon.com/s?k=Hair+cleanser&i=beauty&s=exact-aware-popularity-rank&ref=sr_st_exact-aware-popularity-rank
Coal Tar Shampoo,https://www.amazon.com/s?k=Coal+Tar+Shampoo&i=beauty&s=exact-aware-popularity-rank&ref=sr_st_exact-aware-popularity-rank
Tingle Shampoo,https://www.amazon.com/s?k=Tingle+Shampoo&i=beauty&s=exact-aware-popularity-rank&ref=sr_st_exact-aware-popularity-rank
Curls Conditioner,https://www.amazon.com/s?k=Curls+Conditioner&i=beauty&s=exact-aware-popularity-rank&ref=sr_st_exact-aware-popularity-rank
Thirst Quenching,https://www.amazon.com/s?k=Thirst+Quenching&i=beauty&s=exact-aware-popularity-rank&ref=sr_st_exact-aware-popularity-rank
Shampoo Bars,https://www.amazon.com/s?k=Shampoo+Bars&i=beauty&s=exact-aware-popularity-rank&ref=sr_st_exact-aware-popularity-rank
Wig Shampoo,https://www.amazon.com/s?k=Wig+Shampoo&i=beauty&s=exact-aware-popularity-rank&ref=sr_st_exact-aware-popularity-rank
Protein Shampoo,https://www.amazon.com/s?k=Protein+Shampoo&i=beauty&s=exact-aware-popularity-rank&ref=sr_st_exact-aware-popularity-rank
Ultimate Repair,https://www.amazon.com/s?k=Ultimate+Repair&i=beauty&s=exact-aware-popularity-rank&ref=sr_st_exact-aware-popularity-rank
Manuka Honey Shampoo,https://www.amazon.com/s?k=Manuka+Honey+Shampoo&i=beauty&s=exact-aware-popularity-rank&ref=sr_st_exact-aware-popularity-rank
Green Tea Conditioner,https://www.amazon.com/s?k=Green+Tea+Conditioner&i=beauty&s=exact-aware-popularity-rank&ref=sr_st_exact-aware-popularity-rank
Odor Free Shampoo,https://www.amazon.com/s?k=Odor+Free+Shampoo&i=beauty&s=exact-aware-popularity-rank&ref=sr_st_exact-aware-popularity-rank
