Keyword,Links
Butterfly Nails,https://www.ebay.com/sch/i.html?_from=R40&_nkw=Butterfly+Nails&_sacat=26395&rt=nc&LH_ItemCondition=3&LH_BIN=1&rt=nc&LH_PrefLoc=1
Princess Nail,https://www.ebay.com/sch/i.html?_from=R40&_nkw=Princess+Nail&_sacat=26395&rt=nc&LH_ItemCondition=3&LH_BIN=1&rt=nc&LH_PrefLoc=1
Black Cherry,https://www.ebay.com/sch/i.html?_from=R40&_nkw=Black+Cherry&_sacat=26395&rt=nc&LH_ItemCondition=3&LH_BIN=1&rt=nc&LH_PrefLoc=1
Holographic Nail Polish,https://www.ebay.com/sch/i.html?_from=R40&_nkw=Holographic+Nail+Polish&_sacat=26395&rt=nc&LH_ItemCondition=3&LH_BIN=1&rt=nc&LH_PrefLoc=1
Crackle Nail Polish,https://www.ebay.com/sch/i.html?_from=R40&_nkw=Crackle+Nail+Polish&_sacat=26395&rt=nc&LH_ItemCondition=3&LH_BIN=1&rt=nc&LH_PrefLoc=1
Heart manicure,https://www.ebay.com/sch/i.html?_from=R40&_nkw=Heart+manicure&_sacat=26395&rt=nc&LH_ItemCondition=3&LH_BIN=1&rt=nc&LH_PrefLoc=1
Peacock Plume,https://www.ebay.com/sch/i.html?_from=R40&_nkw=Peacock+Plume&_sacat=26395&rt=nc&LH_ItemCondition=3&LH_BIN=1&rt=nc&LH_PrefLoc=1
Gel topcoat,https://www.ebay.com/sch/i.html?_from=R40&_nkw=Gel+topcoat&_sacat=26395&rt=nc&LH_ItemCondition=3&LH_BIN=1&rt=nc&LH_PrefLoc=1
Manicure Set,https://www.ebay.com/sch/i.html?_from=R40&_nkw=Manicure+Set&_sacat=26395&rt=nc&LH_ItemCondition=3&LH_BIN=1&rt=nc&LH_PrefLoc=1
Acrylic French Nails,https://www.ebay.com/sch/i.html?_from=R40&_nkw=Acrylic+French+Nails&_sacat=26395&rt=nc&LH_ItemCondition=3&LH_BIN=1&rt=nc&LH_PrefLoc=1
Pink Nail Polish,https://www.ebay.com/sch/i.html?_from=R40&_nkw=Pink+Nail+Polish&_sacat=26395&rt=nc&LH_ItemCondition=3&LH_BIN=1&rt=nc&LH_PrefLoc=1
Teal Nail Polish,https://www.ebay.com/sch/i.html?_from=R40&_nkw=Teal+Nail+Polish&_sacat=26395&rt=nc&LH_ItemCondition=3&LH_BIN=1&rt=nc&LH_PrefLoc=1
Glossy Nails,https://www.ebay.com/sch/i.html?_from=R40&_nkw=Glossy+Nails&_sacat=26395&rt=nc&LH_ItemCondition=3&LH_BIN=1&rt=nc&LH_PrefLoc=1
Toe Nail Clipper,https://www.ebay.com/sch/i.html?_from=R40&_nkw=Toe+Nail+Clipper&_sacat=26395&rt=nc&LH_ItemCondition=3&LH_BIN=1&rt=nc&LH_PrefLoc=1
Sea polish,https://www.ebay.com/sch/i.html?_from=R40&_nkw=Sea+polish&_sacat=26395&rt=nc&LH_ItemCondition=3&LH_BIN=1&rt=nc&LH_PrefLoc=1
Chameleon Nails,https://www.ebay.com/sch/i.html?_from=R40&_nkw=Chameleon+Nails&_sacat=26395&rt=nc&LH_ItemCondition=3&LH_BIN=1&rt=nc&LH_PrefLoc=1
Coffin Nails,https://www.ebay.com/sch/i.html?_from=R40&_nkw=Coffin+Nails&_sacat=26395&rt=nc&LH_ItemCondition=3&LH_BIN=1&rt=nc&LH_PrefLoc=1
Pink Polish,https://www.ebay.com/sch/i.html?_from=R40&_nkw=Pink+Polish&_sacat=26395&rt=nc&LH_ItemCondition=3&LH_BIN=1&rt=nc&LH_PrefLoc=1
Teal Gel,https://www.ebay.com/sch/i.html?_from=R40&_nkw=Teal+Gel&_sacat=26395&rt=nc&LH_ItemCondition=3&LH_BIN=1&rt=nc&LH_PrefLoc=1
Jeweled Nails,https://www.ebay.com/sch/i.html?_from=R40&_nkw=Jeweled+Nails&_sacat=26395&rt=nc&LH_ItemCondition=3&LH_BIN=1&rt=nc&LH_PrefLoc=1
Hawaiian Orchid,https://www.ebay.com/sch/i.html?_from=R40&_nkw=Hawaiian+Orchid&_sacat=26395&rt=nc&LH_ItemCondition=3&LH_BIN=1&rt=nc&LH_PrefLoc=1
Nordic Shellac,https://www.ebay.com/sch/i.html?_from=R40&_nkw=Nordic+Shellac&_sacat=26395&rt=nc&LH_ItemCondition=3&LH_BIN=1&rt=nc&LH_PrefLoc=1
Cuticle scissors,https://www.ebay.com/sch/i.html?_from=R40&_nkw=Cuticle+scissors&_sacat=26395&rt=nc&LH_ItemCondition=3&LH_BIN=1&rt=nc&LH_PrefLoc=1
Water park shellac,https://www.ebay.com/sch/i.html?_from=R40&_nkw=Water+park+shellac&_sacat=26395&rt=nc&LH_ItemCondition=3&LH_BIN=1&rt=nc&LH_PrefLoc=1
Cuticle cream,https://www.ebay.com/sch/i.html?_from=R40&_nkw=Cuticle+cream&_sacat=26395&rt=nc&LH_ItemCondition=3&LH_BIN=1&rt=nc&LH_PrefLoc=1
Baby Nail Clippers,https://www.ebay.com/sch/i.html?_from=R40&_nkw=Baby+Nail+Clippers&_sacat=26395&rt=nc&LH_ItemCondition=3&LH_BIN=1&rt=nc&LH_PrefLoc=1
Champagne Nail Polish,https://www.ebay.com/sch/i.html?_from=R40&_nkw=Champagne+Nail+Polish&_sacat=26395&rt=nc&LH_ItemCondition=3&LH_BIN=1&rt=nc&LH_PrefLoc=1
Amethyst Gel,https://www.ebay.com/sch/i.html?_from=R40&_nkw=Amethyst+Gel&_sacat=26395&rt=nc&LH_ItemCondition=3&LH_BIN=1&rt=nc&LH_PrefLoc=1
Matte Topcoat,https://www.ebay.com/sch/i.html?_from=R40&_nkw=Matte+Topcoat&_sacat=26395&rt=nc&LH_ItemCondition=3&LH_BIN=1&rt=nc&LH_PrefLoc=1
Encanto Nails,https://www.ebay.com/sch/i.html?_from=R40&_nkw=Encanto+Nails&_sacat=26395&rt=nc&LH_ItemCondition=3&LH_BIN=1&rt=nc&LH_PrefLoc=1
Color gel,https://www.ebay.com/sch/i.html?_from=R40&_nkw=Color+gel&_sacat=26395&rt=nc&LH_ItemCondition=3&LH_BIN=1&rt=nc&LH_PrefLoc=1
Silver Canvas,https://www.ebay.com/sch/i.html?_from=R40&_nkw=Silver+Canvas&_sacat=26395&rt=nc&LH_ItemCondition=3&LH_BIN=1&rt=nc&LH_PrefLoc=1
Shimmering Nail Polish,https://www.ebay.com/sch/i.html?_from=R40&_nkw=Shimmering+Nail+Polish&_sacat=26395&rt=nc&LH_ItemCondition=3&LH_BIN=1&rt=nc&LH_PrefLoc=1
Nude Polish,https://www.ebay.com/sch/i.html?_from=R40&_nkw=Nude+Polish&_sacat=26395&rt=nc&LH_ItemCondition=3&LH_BIN=1&rt=nc&LH_PrefLoc=1
Silver nails,https://www.ebay.com/sch/i.html?_from=R40&_nkw=Silver+nails&_sacat=26395&rt=nc&LH_ItemCondition=3&LH_BIN=1&rt=nc&LH_PrefLoc=1
Orange nail polish,https://www.ebay.com/sch/i.html?_from=R40&_nkw=Orange+nail+polish&_sacat=26395&rt=nc&LH_ItemCondition=3&LH_BIN=1&rt=nc&LH_PrefLoc=1
Periwinkle Shimmer,https://www.ebay.com/sch/i.html?_from=R40&_nkw=Periwinkle+Shimmer&_sacat=26395&rt=nc&LH_ItemCondition=3&LH_BIN=1&rt=nc&LH_PrefLoc=1
Tropical Nail Polish,https://www.ebay.com/sch/i.html?_from=R40&_nkw=Tropical+Nail+Polish&_sacat=26395&rt=nc&LH_ItemCondition=3&LH_BIN=1&rt=nc&LH_PrefLoc=1
Amethyst Nail,https://www.ebay.com/sch/i.html?_from=R40&_nkw=Amethyst+Nail&_sacat=26395&rt=nc&LH_ItemCondition=3&LH_BIN=1&rt=nc&LH_PrefLoc=1
Glow Nails,https://www.ebay.com/sch/i.html?_from=R40&_nkw=Glow+Nails&_sacat=26395&rt=nc&LH_ItemCondition=3&LH_BIN=1&rt=nc&LH_PrefLoc=1
Gel Press Nails,https://www.ebay.com/sch/i.html?_from=R40&_nkw=Gel+Press+Nails&_sacat=26395&rt=nc&LH_ItemCondition=3&LH_BIN=1&rt=nc&LH_PrefLoc=1
Nail remover,https://www.ebay.com/sch/i.html?_from=R40&_nkw=Nail+remover&_sacat=26395&rt=nc&LH_ItemCondition=3&LH_BIN=1&rt=nc&LH_PrefLoc=1
Cute nail polish,https://www.ebay.com/sch/i.html?_from=R40&_nkw=Cute+nail+polish&_sacat=26395&rt=nc&LH_ItemCondition=3&LH_BIN=1&rt=nc&LH_PrefLoc=1
Dazzling Nail,https://www.ebay.com/sch/i.html?_from=R40&_nkw=Dazzling+Nail&_sacat=26395&rt=nc&LH_ItemCondition=3&LH_BIN=1&rt=nc&LH_PrefLoc=1
Base Coat,https://www.ebay.com/sch/i.html?_from=R40&_nkw=Base+Coat&_sacat=26395&rt=nc&LH_ItemCondition=3&LH_BIN=1&rt=nc&LH_PrefLoc=1
Gel Press,https://www.ebay.com/sch/i.html?_from=R40&_nkw=Gel+Press&_sacat=26395&rt=nc&LH_ItemCondition=3&LH_BIN=1&rt=nc&LH_PrefLoc=1
Nail Hardener,https://www.ebay.com/sch/i.html?_from=R40&_nkw=Nail+Hardener&_sacat=26395&rt=nc&LH_ItemCondition=3&LH_BIN=1&rt=nc&LH_PrefLoc=1
Nail Base,https://www.ebay.com/sch/i.html?_from=R40&_nkw=Nail+Base&_sacat=26395&rt=nc&LH_ItemCondition=3&LH_BIN=1&rt=nc&LH_PrefLoc=1
Mini Cracker,https://www.ebay.com/sch/i.html?_from=R40&_nkw=Mini+Cracker&_sacat=26395&rt=nc&LH_ItemCondition=3&LH_BIN=1&rt=nc&LH_PrefLoc=1
Nail Primer,https://www.ebay.com/sch/i.html?_from=R40&_nkw=Nail+Primer&_sacat=26395&rt=nc&LH_ItemCondition=3&LH_BIN=1&rt=nc&LH_PrefLoc=1
