Keyword,Links
High Protection Spray,https://www.amazon.com/s?k=High+Protection+Spray&i=beauty&s=exact-aware-popularity-rank&ref=sr_st_exact-aware-popularity-rank
Tattoo Sunscreen,https://www.amazon.com/s?k=Tattoo+Sunscreen&i=beauty&s=exact-aware-popularity-rank&ref=sr_st_exact-aware-popularity-rank
Anti-Redness Sunscreen,https://www.amazon.com/s?k=Anti-Redness+Sunscreen&i=beauty&s=exact-aware-popularity-rank&ref=sr_st_exact-aware-popularity-rank
Sunscreen Mousse,https://www.amazon.com/s?k=Sunscreen+Mousse&i=beauty&s=exact-aware-popularity-rank&ref=sr_st_exact-aware-popularity-rank
Reef Sunscreen,https://www.amazon.com/s?k=Reef+Sunscreen&i=beauty&s=exact-aware-popularity-rank&ref=sr_st_exact-aware-popularity-rank
Sunscreen Antioxidant,https://www.amazon.com/s?k=Sunscreen+Antioxidant&i=beauty&s=exact-aware-popularity-rank&ref=sr_st_exact-aware-popularity-rank
Sun relief,https://www.amazon.com/s?k=Sun+relief&i=beauty&s=exact-aware-popularity-rank&ref=sr_st_exact-aware-popularity-rank
Anti-Aging Sunscreen,https://www.amazon.com/s?k=Anti-Aging+Sunscreen&i=beauty&s=exact-aware-popularity-rank&ref=sr_st_exact-aware-popularity-rank
Clear sunscreen,https://www.amazon.com/s?k=Clear+sunscreen&i=beauty&s=exact-aware-popularity-rank&ref=sr_st_exact-aware-popularity-rank
Sun essence,https://www.amazon.com/s?k=Sun+essence&i=beauty&s=exact-aware-popularity-rank&ref=sr_st_exact-aware-popularity-rank
Daily SPF,https://www.amazon.com/s?k=Daily+SPF&i=beauty&s=exact-aware-popularity-rank&ref=sr_st_exact-aware-popularity-rank
Body Sunscreen,https://www.amazon.com/s?k=Body+Sunscreen&i=beauty&s=exact-aware-popularity-rank&ref=sr_st_exact-aware-popularity-rank
Exotic Sunscreen,https://www.amazon.com/s?k=Exotic+Sunscreen&i=beauty&s=exact-aware-popularity-rank&ref=sr_st_exact-aware-popularity-rank
Vegan Sunscreen,https://www.amazon.com/s?k=Vegan+Sunscreen&i=beauty&s=exact-aware-popularity-rank&ref=sr_st_exact-aware-popularity-rank
Plant sunscreen,https://www.amazon.com/s?k=Plant+sunscreen&i=beauty&s=exact-aware-popularity-rank&ref=sr_st_exact-aware-popularity-rank
Sun fluid,https://www.amazon.com/s?k=Sun+fluid&i=beauty&s=exact-aware-popularity-rank&ref=sr_st_exact-aware-popularity-rank
Mosquito Spray,https://www.amazon.com/s?k=Mosquito+Spray&i=beauty&s=exact-aware-popularity-rank&ref=sr_st_exact-aware-popularity-rank
Sunscreen SPF 50,https://www.amazon.com/s?k=Sunscreen+SPF+50&i=beauty&s=exact-aware-popularity-rank&ref=sr_st_exact-aware-popularity-rank
Anti-brown spot,https://www.amazon.com/s?k=Anti-brown+spot&i=beauty&s=exact-aware-popularity-rank&ref=sr_st_exact-aware-popularity-rank
Sunscreen Liquid,https://www.amazon.com/s?k=Sunscreen+Liquid&i=beauty&s=exact-aware-popularity-rank&ref=sr_st_exact-aware-popularity-rank
Tan lotion,https://www.amazon.com/s?k=Tan+lotion&i=beauty&s=exact-aware-popularity-rank&ref=sr_st_exact-aware-popularity-rank
Shimmering Sunscreen,https://www.amazon.com/s?k=Shimmering+Sunscreen&i=beauty&s=exact-aware-popularity-rank&ref=sr_st_exact-aware-popularity-rank
Hydrating Sun,https://www.amazon.com/s?k=Hydrating+Sun&i=beauty&s=exact-aware-popularity-rank&ref=sr_st_exact-aware-popularity-rank
Emollient Sunscreen,https://www.amazon.com/s?k=Emollient+Sunscreen&i=beauty&s=exact-aware-popularity-rank&ref=sr_st_exact-aware-popularity-rank
Face shield,https://www.amazon.com/s?k=Face+shield&i=beauty&s=exact-aware-popularity-rank&ref=sr_st_exact-aware-popularity-rank
Sunscreen Pack,https://www.amazon.com/s?k=Sunscreen+Pack&i=beauty&s=exact-aware-popularity-rank&ref=sr_st_exact-aware-popularity-rank
Sun Spray,https://www.amazon.com/s?k=Sun+Spray&i=beauty&s=exact-aware-popularity-rank&ref=sr_st_exact-aware-popularity-rank
Anti-Age Sunscreen,https://www.amazon.com/s?k=Anti-Age+Sunscreen&i=beauty&s=exact-aware-popularity-rank&ref=sr_st_exact-aware-popularity-rank
UV protection,https://www.amazon.com/s?k=UV+protection&i=beauty&s=exact-aware-popularity-rank&ref=sr_st_exact-aware-popularity-rank
Sunscreen Protection,https://www.amazon.com/s?k=Sunscreen+Protection&i=beauty&s=exact-aware-popularity-rank&ref=sr_st_exact-aware-popularity-rank
Anti-Spot Sunscreen,https://www.amazon.com/s?k=Anti-Spot+Sunscreen&i=beauty&s=exact-aware-popularity-rank&ref=sr_st_exact-aware-popularity-rank
Sport Stick,https://www.amazon.com/s?k=Sport+Stick&i=beauty&s=exact-aware-popularity-rank&ref=sr_st_exact-aware-popularity-rank
Sun protective,https://www.amazon.com/s?k=Sun+protective&i=beauty&s=exact-aware-popularity-rank&ref=sr_st_exact-aware-popularity-rank
Fast Tan,https://www.amazon.com/s?k=Fast+Tan&i=beauty&s=exact-aware-popularity-rank&ref=sr_st_exact-aware-popularity-rank
Sunscreen Milk,https://www.amazon.com/s?k=Sunscreen+Milk&i=beauty&s=exact-aware-popularity-rank&ref=sr_st_exact-aware-popularity-rank
Sunscreen Brush,https://www.amazon.com/s?k=Sunscreen+Brush&i=beauty&s=exact-aware-popularity-rank&ref=sr_st_exact-aware-popularity-rank
Sun mist,https://www.amazon.com/s?k=Sun+mist&i=beauty&s=exact-aware-popularity-rank&ref=sr_st_exact-aware-popularity-rank
Mattifying BB,https://www.amazon.com/s?k=Mattifying+BB&i=beauty&s=exact-aware-popularity-rank&ref=sr_st_exact-aware-popularity-rank
Golden Sunscreen,https://www.amazon.com/s?k=Golden+Sunscreen&i=beauty&s=exact-aware-popularity-rank&ref=sr_st_exact-aware-popularity-rank
Aloe Vera Gel,https://www.amazon.com/s?k=Aloe+Vera+Gel&i=beauty&s=exact-aware-popularity-rank&ref=sr_st_exact-aware-popularity-rank
Organic Sunscreen,https://www.amazon.com/s?k=Organic+Sunscreen&i=beauty&s=exact-aware-popularity-rank&ref=sr_st_exact-aware-popularity-rank
Sunscreen Moisturizer,https://www.amazon.com/s?k=Sunscreen+Moisturizer&i=beauty&s=exact-aware-popularity-rank&ref=sr_st_exact-aware-popularity-rank
Sunscreen SPF50,https://www.amazon.com/s?k=Sunscreen+SPF50&i=beauty&s=exact-aware-popularity-rank&ref=sr_st_exact-aware-popularity-rank
Sunscreen SPF30,https://www.amazon.com/s?k=Sunscreen+SPF30&i=beauty&s=exact-aware-popularity-rank&ref=sr_st_exact-aware-popularity-rank
City Skin Defense,https://www.amazon.com/s?k=City+Skin+Defense&i=beauty&s=exact-aware-popularity-rank&ref=sr_st_exact-aware-popularity-rank
Reef Friendly Sunscreen,https://www.amazon.com/s?k=Reef+Friendly+Sunscreen&i=beauty&s=exact-aware-popularity-rank&ref=sr_st_exact-aware-popularity-rank
Physical Defense,https://www.amazon.com/s?k=Physical+Defense&i=beauty&s=exact-aware-popularity-rank&ref=sr_st_exact-aware-popularity-rank
Sublime Sun,https://www.amazon.com/s?k=Sublime+Sun&i=beauty&s=exact-aware-popularity-rank&ref=sr_st_exact-aware-popularity-rank
Moisture Sun Cream,https://www.amazon.com/s?k=Moisture+Sun+Cream&i=beauty&s=exact-aware-popularity-rank&ref=sr_st_exact-aware-popularity-rank
Spanish rice,https://www.amazon.com/s?k=Spanish+rice&i=beauty&s=exact-aware-popularity-rank&ref=sr_st_exact-aware-popularity-rank
