Keyword,Links
French Quarter,https://www.amazon.com/s?k=French+Quarter&i=beauty&s=exact-aware-popularity-rank&ref=sr_st_exact-aware-popularity-rank
Hydrating Concealer,https://www.amazon.com/s?k=Hydrating+Concealer&i=beauty&s=exact-aware-popularity-rank&ref=sr_st_exact-aware-popularity-rank
Sky High Mascara,https://www.amazon.com/s?k=Sky+High+Mascara&i=beauty&s=exact-aware-popularity-rank&ref=sr_st_exact-aware-popularity-rank
Strawberry Lip Balm,https://www.amazon.com/s?k=Strawberry+Lip+Balm&i=beauty&s=exact-aware-popularity-rank&ref=sr_st_exact-aware-popularity-rank
Powder Blush,https://www.amazon.com/s?k=Powder+Blush&i=beauty&s=exact-aware-popularity-rank&ref=sr_st_exact-aware-popularity-rank
Color Mascara,https://www.amazon.com/s?k=Color+Mascara&i=beauty&s=exact-aware-popularity-rank&ref=sr_st_exact-aware-popularity-rank
Lip Glow,https://www.amazon.com/s?k=Lip+Glow&i=beauty&s=exact-aware-popularity-rank&ref=sr_st_exact-aware-popularity-rank
Dark Wine,https://www.amazon.com/s?k=Dark+Wine&i=beauty&s=exact-aware-popularity-rank&ref=sr_st_exact-aware-popularity-rank
Radiant Primer,https://www.amazon.com/s?k=Radiant+Primer&i=beauty&s=exact-aware-popularity-rank&ref=sr_st_exact-aware-popularity-rank
Active Bronzer,https://www.amazon.com/s?k=Active+Bronzer&i=beauty&s=exact-aware-popularity-rank&ref=sr_st_exact-aware-popularity-rank
Lip Kit,https://www.amazon.com/s?k=Lip+Kit&i=beauty&s=exact-aware-popularity-rank&ref=sr_st_exact-aware-popularity-rank
HD Foundation,https://www.amazon.com/s?k=HD+Foundation&i=beauty&s=exact-aware-popularity-rank&ref=sr_st_exact-aware-popularity-rank
Chubby Lip,https://www.amazon.com/s?k=Chubby+Lip&i=beauty&s=exact-aware-popularity-rank&ref=sr_st_exact-aware-popularity-rank
Cream Lipstick,https://www.amazon.com/s?k=Cream+Lipstick&i=beauty&s=exact-aware-popularity-rank&ref=sr_st_exact-aware-popularity-rank
Concealer Stick,https://www.amazon.com/s?k=Concealer+Stick&i=beauty&s=exact-aware-popularity-rank&ref=sr_st_exact-aware-popularity-rank
Cheek Flush,https://www.amazon.com/s?k=Cheek+Flush&i=beauty&s=exact-aware-popularity-rank&ref=sr_st_exact-aware-popularity-rank
Powder Compact,https://www.amazon.com/s?k=Powder+Compact&i=beauty&s=exact-aware-popularity-rank&ref=sr_st_exact-aware-popularity-rank
Brown makeup,https://www.amazon.com/s?k=Brown+makeup&i=beauty&s=exact-aware-popularity-rank&ref=sr_st_exact-aware-popularity-rank
Illuminating Spray,https://www.amazon.com/s?k=Illuminating+Spray&i=beauty&s=exact-aware-popularity-rank&ref=sr_st_exact-aware-popularity-rank
Nail Set,https://www.amazon.com/s?k=Nail+Set&i=beauty&s=exact-aware-popularity-rank&ref=sr_st_exact-aware-popularity-rank
Light-Up Mirror,https://www.amazon.com/s?k=Light-Up+Mirror&i=beauty&s=exact-aware-popularity-rank&ref=sr_st_exact-aware-popularity-rank
Glitter Eyeliner,https://www.amazon.com/s?k=Glitter+Eyeliner&i=beauty&s=exact-aware-popularity-rank&ref=sr_st_exact-aware-popularity-rank
Face Primer,https://www.amazon.com/s?k=Face+Primer&i=beauty&s=exact-aware-popularity-rank&ref=sr_st_exact-aware-popularity-rank
Contour Trio,https://www.amazon.com/s?k=Contour+Trio&i=beauty&s=exact-aware-popularity-rank&ref=sr_st_exact-aware-popularity-rank
Underlash Extensions,https://www.amazon.com/s?k=Underlash+Extensions&i=beauty&s=exact-aware-popularity-rank&ref=sr_st_exact-aware-popularity-rank
Skin tint,https://www.amazon.com/s?k=Skin+tint&i=beauty&s=exact-aware-popularity-rank&ref=sr_st_exact-aware-popularity-rank
3D Correction,https://www.amazon.com/s?k=3D+Correction&i=beauty&s=exact-aware-popularity-rank&ref=sr_st_exact-aware-popularity-rank
Lipstick Sunset,https://www.amazon.com/s?k=Lipstick+Sunset&i=beauty&s=exact-aware-popularity-rank&ref=sr_st_exact-aware-popularity-rank
Lash Liner,https://www.amazon.com/s?k=Lash+Liner&i=beauty&s=exact-aware-popularity-rank&ref=sr_st_exact-aware-popularity-rank
Liquid Lipstick,https://www.amazon.com/s?k=Liquid+Lipstick&i=beauty&s=exact-aware-popularity-rank&ref=sr_st_exact-aware-popularity-rank
Flawless Bronzer,https://www.amazon.com/s?k=Flawless+Bronzer&i=beauty&s=exact-aware-popularity-rank&ref=sr_st_exact-aware-popularity-rank
Smoothing Primer,https://www.amazon.com/s?k=Smoothing+Primer&i=beauty&s=exact-aware-popularity-rank&ref=sr_st_exact-aware-popularity-rank
Oil Control Powder,https://www.amazon.com/s?k=Oil+Control+Powder&i=beauty&s=exact-aware-popularity-rank&ref=sr_st_exact-aware-popularity-rank
Green Eyeshadow,https://www.amazon.com/s?k=Green+Eyeshadow&i=beauty&s=exact-aware-popularity-rank&ref=sr_st_exact-aware-popularity-rank
Eyeshadow Palette,https://www.amazon.com/s?k=Eyeshadow+Palette&i=beauty&s=exact-aware-popularity-rank&ref=sr_st_exact-aware-popularity-rank
Glitter Lip,https://www.amazon.com/s?k=Glitter+Lip&i=beauty&s=exact-aware-popularity-rank&ref=sr_st_exact-aware-popularity-rank
Jelly Blush,https://www.amazon.com/s?k=Jelly+Blush&i=beauty&s=exact-aware-popularity-rank&ref=sr_st_exact-aware-popularity-rank
Makeup Remover,https://www.amazon.com/s?k=Makeup+Remover&i=beauty&s=exact-aware-popularity-rank&ref=sr_st_exact-aware-popularity-rank
Kids Makeup,https://www.amazon.com/s?k=Kids+Makeup&i=beauty&s=exact-aware-popularity-rank&ref=sr_st_exact-aware-popularity-rank
Glow stick,https://www.amazon.com/s?k=Glow+stick&i=beauty&s=exact-aware-popularity-rank&ref=sr_st_exact-aware-popularity-rank
Primer Serum,https://www.amazon.com/s?k=Primer+Serum&i=beauty&s=exact-aware-popularity-rank&ref=sr_st_exact-aware-popularity-rank
Fruit Lip Gloss,https://www.amazon.com/s?k=Fruit+Lip+Gloss&i=beauty&s=exact-aware-popularity-rank&ref=sr_st_exact-aware-popularity-rank
Lipstick Honey,https://www.amazon.com/s?k=Lipstick+Honey&i=beauty&s=exact-aware-popularity-rank&ref=sr_st_exact-aware-popularity-rank
Blurring Primer,https://www.amazon.com/s?k=Blurring+Primer&i=beauty&s=exact-aware-popularity-rank&ref=sr_st_exact-aware-popularity-rank
Lip color,https://www.amazon.com/s?k=Lip+color&i=beauty&s=exact-aware-popularity-rank&ref=sr_st_exact-aware-popularity-rank
Liquid Eyeshadow,https://www.amazon.com/s?k=Liquid+Eyeshadow&i=beauty&s=exact-aware-popularity-rank&ref=sr_st_exact-aware-popularity-rank
Eyeliner Set,https://www.amazon.com/s?k=Eyeliner+Set&i=beauty&s=exact-aware-popularity-rank&ref=sr_st_exact-aware-popularity-rank
Nail Decals,https://www.amazon.com/s?k=Nail+Decals&i=beauty&s=exact-aware-popularity-rank&ref=sr_st_exact-aware-popularity-rank
Multi Stick,https://www.amazon.com/s?k=Multi+Stick&i=beauty&s=exact-aware-popularity-rank&ref=sr_st_exact-aware-popularity-rank
Kawaii Palette,https://www.amazon.com/s?k=Kawaii+Palette&i=beauty&s=exact-aware-popularity-rank&ref=sr_st_exact-aware-popularity-rank
