Keyword,Links
Pre-Workout Mango,https://www.ebay.com/sch/i.html?_from=R40&_nkw=Pre-Workout+Mango&_sacat=26395&rt=nc&LH_ItemCondition=3&LH_BIN=1&rt=nc&LH_PrefLoc=1
Pre-Workout Shred,https://www.ebay.com/sch/i.html?_from=R40&_nkw=Pre-Workout+Shred&_sacat=26395&rt=nc&LH_ItemCondition=3&LH_BIN=1&rt=nc&LH_PrefLoc=1
Cardio Preworkout,https://www.ebay.com/sch/i.html?_from=R40&_nkw=Cardio+Preworkout&_sacat=26395&rt=nc&LH_ItemCondition=3&LH_BIN=1&rt=nc&LH_PrefLoc=1
Pre-workout Splash,https://www.ebay.com/sch/i.html?_from=R40&_nkw=Pre-workout+Splash&_sacat=26395&rt=nc&LH_ItemCondition=3&LH_BIN=1&rt=nc&LH_PrefLoc=1
Thermogenic Pre-Workout,https://www.ebay.com/sch/i.html?_from=R40&_nkw=Thermogenic+Pre-Workout&_sacat=26395&rt=nc&LH_ItemCondition=3&LH_BIN=1&rt=nc&LH_PrefLoc=1
Pre-Workout Drink,https://www.ebay.com/sch/i.html?_from=R40&_nkw=Pre-Workout+Drink&_sacat=26395&rt=nc&LH_ItemCondition=3&LH_BIN=1&rt=nc&LH_PrefLoc=1
Energy drink,https://www.ebay.com/sch/i.html?_from=R40&_nkw=Energy+drink&_sacat=26395&rt=nc&LH_ItemCondition=3&LH_BIN=1&rt=nc&LH_PrefLoc=1
Total War,https://www.ebay.com/sch/i.html?_from=R40&_nkw=Total+War&_sacat=26395&rt=nc&LH_ItemCondition=3&LH_BIN=1&rt=nc&LH_PrefLoc=1
Energy booster,https://www.ebay.com/sch/i.html?_from=R40&_nkw=Energy+booster&_sacat=26395&rt=nc&LH_ItemCondition=3&LH_BIN=1&rt=nc&LH_PrefLoc=1
High Stim,https://www.ebay.com/sch/i.html?_from=R40&_nkw=High+Stim&_sacat=26395&rt=nc&LH_ItemCondition=3&LH_BIN=1&rt=nc&LH_PrefLoc=1
Pre-Workout Grape,https://www.ebay.com/sch/i.html?_from=R40&_nkw=Pre-Workout+Grape&_sacat=26395&rt=nc&LH_ItemCondition=3&LH_BIN=1&rt=nc&LH_PrefLoc=1
L-Arginine Powder,https://www.ebay.com/sch/i.html?_from=R40&_nkw=L-Arginine+Powder&_sacat=26395&rt=nc&LH_ItemCondition=3&LH_BIN=1&rt=nc&LH_PrefLoc=1
Pre-workout Apple Cider,https://www.ebay.com/sch/i.html?_from=R40&_nkw=Pre-workout+Apple+Cider&_sacat=26395&rt=nc&LH_ItemCondition=3&LH_BIN=1&rt=nc&LH_PrefLoc=1
Pre-Workout Pineapple,https://www.ebay.com/sch/i.html?_from=R40&_nkw=Pre-Workout+Pineapple&_sacat=26395&rt=nc&LH_ItemCondition=3&LH_BIN=1&rt=nc&LH_PrefLoc=1
Preworkout Enhancer,https://www.ebay.com/sch/i.html?_from=R40&_nkw=Preworkout+Enhancer&_sacat=26395&rt=nc&LH_ItemCondition=3&LH_BIN=1&rt=nc&LH_PrefLoc=1
Icy Blue Razz,https://www.ebay.com/sch/i.html?_from=R40&_nkw=Icy+Blue+Razz&_sacat=26395&rt=nc&LH_ItemCondition=3&LH_BIN=1&rt=nc&LH_PrefLoc=1
Pre-Workout Gummies,https://www.ebay.com/sch/i.html?_from=R40&_nkw=Pre-Workout+Gummies&_sacat=26395&rt=nc&LH_ItemCondition=3&LH_BIN=1&rt=nc&LH_PrefLoc=1
Amino Gainer,https://www.ebay.com/sch/i.html?_from=R40&_nkw=Amino+Gainer&_sacat=26395&rt=nc&LH_ItemCondition=3&LH_BIN=1&rt=nc&LH_PrefLoc=1
Hawaiian Punch,https://www.ebay.com/sch/i.html?_from=R40&_nkw=Hawaiian+Punch&_sacat=26395&rt=nc&LH_ItemCondition=3&LH_BIN=1&rt=nc&LH_PrefLoc=1
Preworkout Fat Burner,https://www.ebay.com/sch/i.html?_from=R40&_nkw=Preworkout+Fat+Burner&_sacat=26395&rt=nc&LH_ItemCondition=3&LH_BIN=1&rt=nc&LH_PrefLoc=1
Pump Powder,https://www.ebay.com/sch/i.html?_from=R40&_nkw=Pump+Powder&_sacat=26395&rt=nc&LH_ItemCondition=3&LH_BIN=1&rt=nc&LH_PrefLoc=1
Pre-workout Strawberry Kiwi,https://www.ebay.com/sch/i.html?_from=R40&_nkw=Pre-workout+Strawberry+Kiwi&_sacat=26395&rt=nc&LH_ItemCondition=3&LH_BIN=1&rt=nc&LH_PrefLoc=1
Pre-Workout Pack,https://www.ebay.com/sch/i.html?_from=R40&_nkw=Pre-Workout+Pack&_sacat=26395&rt=nc&LH_ItemCondition=3&LH_BIN=1&rt=nc&LH_PrefLoc=1
Creatine Pills,https://www.ebay.com/sch/i.html?_from=R40&_nkw=Creatine+Pills&_sacat=26395&rt=nc&LH_ItemCondition=3&LH_BIN=1&rt=nc&LH_PrefLoc=1
Pre-Workout Amplifier,https://www.ebay.com/sch/i.html?_from=R40&_nkw=Pre-Workout+Amplifier&_sacat=26395&rt=nc&LH_ItemCondition=3&LH_BIN=1&rt=nc&LH_PrefLoc=1
Mushroom Pre-Workout,https://www.ebay.com/sch/i.html?_from=R40&_nkw=Mushroom+Pre-Workout&_sacat=26395&rt=nc&LH_ItemCondition=3&LH_BIN=1&rt=nc&LH_PrefLoc=1
Pre-workout Watermelon,https://www.ebay.com/sch/i.html?_from=R40&_nkw=Pre-workout+Watermelon&_sacat=26395&rt=nc&LH_ItemCondition=3&LH_BIN=1&rt=nc&LH_PrefLoc=1
Fat Burn,https://www.ebay.com/sch/i.html?_from=R40&_nkw=Fat+Burn&_sacat=26395&rt=nc&LH_ItemCondition=3&LH_BIN=1&rt=nc&LH_PrefLoc=1
Pre-Workout Peach,https://www.ebay.com/sch/i.html?_from=R40&_nkw=Pre-Workout+Peach&_sacat=26395&rt=nc&LH_ItemCondition=3&LH_BIN=1&rt=nc&LH_PrefLoc=1
Pre-Workout Slush,https://www.ebay.com/sch/i.html?_from=R40&_nkw=Pre-Workout+Slush&_sacat=26395&rt=nc&LH_ItemCondition=3&LH_BIN=1&rt=nc&LH_PrefLoc=1
Pregame Punch,https://www.ebay.com/sch/i.html?_from=R40&_nkw=Pregame+Punch&_sacat=26395&rt=nc&LH_ItemCondition=3&LH_BIN=1&rt=nc&LH_PrefLoc=1
Vegan Amino,https://www.ebay.com/sch/i.html?_from=R40&_nkw=Vegan+Amino&_sacat=26395&rt=nc&LH_ItemCondition=3&LH_BIN=1&rt=nc&LH_PrefLoc=1
Pre-Workout Lemonade,https://www.ebay.com/sch/i.html?_from=R40&_nkw=Pre-Workout+Lemonade&_sacat=26395&rt=nc&LH_ItemCondition=3&LH_BIN=1&rt=nc&LH_PrefLoc=1
Creatine Supplement,https://www.ebay.com/sch/i.html?_from=R40&_nkw=Creatine+Supplement&_sacat=26395&rt=nc&LH_ItemCondition=3&LH_BIN=1&rt=nc&LH_PrefLoc=1
Pre-Workout Orange,https://www.ebay.com/sch/i.html?_from=R40&_nkw=Pre-Workout+Orange&_sacat=26395&rt=nc&LH_ItemCondition=3&LH_BIN=1&rt=nc&LH_PrefLoc=1
Cocoa Flavanols,https://www.ebay.com/sch/i.html?_from=R40&_nkw=Cocoa+Flavanols&_sacat=26395&rt=nc&LH_ItemCondition=3&LH_BIN=1&rt=nc&LH_PrefLoc=1
Organic Pre-Workout,https://www.ebay.com/sch/i.html?_from=R40&_nkw=Organic+Pre-Workout&_sacat=26395&rt=nc&LH_ItemCondition=3&LH_BIN=1&rt=nc&LH_PrefLoc=1
Pre-Workout Cherry,https://www.ebay.com/sch/i.html?_from=R40&_nkw=Pre-Workout+Cherry&_sacat=26395&rt=nc&LH_ItemCondition=3&LH_BIN=1&rt=nc&LH_PrefLoc=1
Beet Pre-Workout,https://www.ebay.com/sch/i.html?_from=R40&_nkw=Beet+Pre-Workout&_sacat=26395&rt=nc&LH_ItemCondition=3&LH_BIN=1&rt=nc&LH_PrefLoc=1
Bodybuilding Supplements,https://www.ebay.com/sch/i.html?_from=R40&_nkw=Bodybuilding+Supplements&_sacat=26395&rt=nc&LH_ItemCondition=3&LH_BIN=1&rt=nc&LH_PrefLoc=1
Stimulant Free,https://www.ebay.com/sch/i.html?_from=R40&_nkw=Stimulant+Free&_sacat=26395&rt=nc&LH_ItemCondition=3&LH_BIN=1&rt=nc&LH_PrefLoc=1
Real Carbs,https://www.ebay.com/sch/i.html?_from=R40&_nkw=Real+Carbs&_sacat=26395&rt=nc&LH_ItemCondition=3&LH_BIN=1&rt=nc&LH_PrefLoc=1
Pre-Workout Fuel,https://www.ebay.com/sch/i.html?_from=R40&_nkw=Pre-Workout+Fuel&_sacat=26395&rt=nc&LH_ItemCondition=3&LH_BIN=1&rt=nc&LH_PrefLoc=1
Non Stimulant Pre Workout,https://www.ebay.com/sch/i.html?_from=R40&_nkw=Non+Stimulant+Pre+Workout&_sacat=26395&rt=nc&LH_ItemCondition=3&LH_BIN=1&rt=nc&LH_PrefLoc=1
Thermogenic Preworkout,https://www.ebay.com/sch/i.html?_from=R40&_nkw=Thermogenic+Preworkout&_sacat=26395&rt=nc&LH_ItemCondition=3&LH_BIN=1&rt=nc&LH_PrefLoc=1
Pre-Workout Strawberry,https://www.ebay.com/sch/i.html?_from=R40&_nkw=Pre-Workout+Strawberry&_sacat=26395&rt=nc&LH_ItemCondition=3&LH_BIN=1&rt=nc&LH_PrefLoc=1
Pre-Workout Blend,https://www.ebay.com/sch/i.html?_from=R40&_nkw=Pre-Workout+Blend&_sacat=26395&rt=nc&LH_ItemCondition=3&LH_BIN=1&rt=nc&LH_PrefLoc=1
Energy Stimulant,https://www.ebay.com/sch/i.html?_from=R40&_nkw=Energy+Stimulant&_sacat=26395&rt=nc&LH_ItemCondition=3&LH_BIN=1&rt=nc&LH_PrefLoc=1
Stim-Free Pre-Workout,https://www.ebay.com/sch/i.html?_from=R40&_nkw=Stim-Free+Pre-Workout&_sacat=26395&rt=nc&LH_ItemCondition=3&LH_BIN=1&rt=nc&LH_PrefLoc=1
Shred Gummies,https://www.ebay.com/sch/i.html?_from=R40&_nkw=Shred+Gummies&_sacat=26395&rt=nc&LH_ItemCondition=3&LH_BIN=1&rt=nc&LH_PrefLoc=1
