Keyword,Links
Nail Balm,https://www.amazon.com/s?k=Nail+Balm&i=beauty&s=exact-aware-popularity-rank&ref=sr_st_exact-aware-popularity-rank
Skin Repair,https://www.amazon.com/s?k=Skin+Repair&i=beauty&s=exact-aware-popularity-rank&ref=sr_st_exact-aware-popularity-rank
Eye Repair,https://www.amazon.com/s?k=Eye+Repair&i=beauty&s=exact-aware-popularity-rank&ref=sr_st_exact-aware-popularity-rank
Enzyme Peeling,https://www.amazon.com/s?k=Enzyme+Peeling&i=beauty&s=exact-aware-popularity-rank&ref=sr_st_exact-aware-popularity-rank
Hydrating Serum,https://www.amazon.com/s?k=Hydrating+Serum&i=beauty&s=exact-aware-popularity-rank&ref=sr_st_exact-aware-popularity-rank
Tanning mitt,https://www.amazon.com/s?k=Tanning+mitt&i=beauty&s=exact-aware-popularity-rank&ref=sr_st_exact-aware-popularity-rank
Gradual Tanning,https://www.amazon.com/s?k=Gradual+Tanning&i=beauty&s=exact-aware-popularity-rank&ref=sr_st_exact-aware-popularity-rank
Lip butter,https://www.amazon.com/s?k=Lip+butter&i=beauty&s=exact-aware-popularity-rank&ref=sr_st_exact-aware-popularity-rank
Vitamin E Lip Balm,https://www.amazon.com/s?k=Vitamin+E+Lip+Balm&i=beauty&s=exact-aware-popularity-rank&ref=sr_st_exact-aware-popularity-rank
Recovery Concentrate,https://www.amazon.com/s?k=Recovery+Concentrate&i=beauty&s=exact-aware-popularity-rank&ref=sr_st_exact-aware-popularity-rank
Lip cream,https://www.amazon.com/s?k=Lip+cream&i=beauty&s=exact-aware-popularity-rank&ref=sr_st_exact-aware-popularity-rank
Hydration Gel,https://www.amazon.com/s?k=Hydration+Gel&i=beauty&s=exact-aware-popularity-rank&ref=sr_st_exact-aware-popularity-rank
Face Oil,https://www.amazon.com/s?k=Face+Oil&i=beauty&s=exact-aware-popularity-rank&ref=sr_st_exact-aware-popularity-rank
Bronzing Spray,https://www.amazon.com/s?k=Bronzing+Spray&i=beauty&s=exact-aware-popularity-rank&ref=sr_st_exact-aware-popularity-rank
Marine Cream,https://www.amazon.com/s?k=Marine+Cream&i=beauty&s=exact-aware-popularity-rank&ref=sr_st_exact-aware-popularity-rank
Healing Ointment,https://www.amazon.com/s?k=Healing+Ointment&i=beauty&s=exact-aware-popularity-rank&ref=sr_st_exact-aware-popularity-rank
Tint Balm,https://www.amazon.com/s?k=Tint+Balm&i=beauty&s=exact-aware-popularity-rank&ref=sr_st_exact-aware-popularity-rank
Tanning Applicator,https://www.amazon.com/s?k=Tanning+Applicator&i=beauty&s=exact-aware-popularity-rank&ref=sr_st_exact-aware-popularity-rank
aftersun lotion,https://www.amazon.com/s?k=aftersun+lotion&i=beauty&s=exact-aware-popularity-rank&ref=sr_st_exact-aware-popularity-rank
Daily hydration,https://www.amazon.com/s?k=Daily+hydration&i=beauty&s=exact-aware-popularity-rank&ref=sr_st_exact-aware-popularity-rank
Cocoa Lotion,https://www.amazon.com/s?k=Cocoa+Lotion&i=beauty&s=exact-aware-popularity-rank&ref=sr_st_exact-aware-popularity-rank
Blackberry Lip Mask,https://www.amazon.com/s?k=Blackberry+Lip+Mask&i=beauty&s=exact-aware-popularity-rank&ref=sr_st_exact-aware-popularity-rank
Acne Solutions,https://www.amazon.com/s?k=Acne+Solutions&i=beauty&s=exact-aware-popularity-rank&ref=sr_st_exact-aware-popularity-rank
Wrinkle Serum,https://www.amazon.com/s?k=Wrinkle+Serum&i=beauty&s=exact-aware-popularity-rank&ref=sr_st_exact-aware-popularity-rank
Matrix Support,https://www.amazon.com/s?k=Matrix+Support&i=beauty&s=exact-aware-popularity-rank&ref=sr_st_exact-aware-popularity-rank
Facial Gel,https://www.amazon.com/s?k=Facial+Gel&i=beauty&s=exact-aware-popularity-rank&ref=sr_st_exact-aware-popularity-rank
Night therapy,https://www.amazon.com/s?k=Night+therapy&i=beauty&s=exact-aware-popularity-rank&ref=sr_st_exact-aware-popularity-rank
active serum,https://www.amazon.com/s?k=active+serum&i=beauty&s=exact-aware-popularity-rank&ref=sr_st_exact-aware-popularity-rank
Papaya Mask,https://www.amazon.com/s?k=Papaya+Mask&i=beauty&s=exact-aware-popularity-rank&ref=sr_st_exact-aware-popularity-rank
Bota Peptides,https://www.amazon.com/s?k=Bota+Peptides&i=beauty&s=exact-aware-popularity-rank&ref=sr_st_exact-aware-popularity-rank
Anti-Aging Treatment,https://www.amazon.com/s?k=Anti-Aging+Treatment&i=beauty&s=exact-aware-popularity-rank&ref=sr_st_exact-aware-popularity-rank
Miracle Essence,https://www.amazon.com/s?k=Miracle+Essence&i=beauty&s=exact-aware-popularity-rank&ref=sr_st_exact-aware-popularity-rank
Preventative Skin Care,https://www.amazon.com/s?k=Preventative+Skin+Care&i=beauty&s=exact-aware-popularity-rank&ref=sr_st_exact-aware-popularity-rank
Spot Essence,https://www.amazon.com/s?k=Spot+Essence&i=beauty&s=exact-aware-popularity-rank&ref=sr_st_exact-aware-popularity-rank
Moisturizing Concentrate,https://www.amazon.com/s?k=Moisturizing+Concentrate&i=beauty&s=exact-aware-popularity-rank&ref=sr_st_exact-aware-popularity-rank
Stem Cell Cream,https://www.amazon.com/s?k=Stem+Cell+Cream&i=beauty&s=exact-aware-popularity-rank&ref=sr_st_exact-aware-popularity-rank
Moisturizer Creme,https://www.amazon.com/s?k=Moisturizer+Creme&i=beauty&s=exact-aware-popularity-rank&ref=sr_st_exact-aware-popularity-rank
Carrot Oil,https://www.amazon.com/s?k=Carrot+Oil&i=beauty&s=exact-aware-popularity-rank&ref=sr_st_exact-aware-popularity-rank
Age Science,https://www.amazon.com/s?k=Age+Science&i=beauty&s=exact-aware-popularity-rank&ref=sr_st_exact-aware-popularity-rank
Gold cream,https://www.amazon.com/s?k=Gold+cream&i=beauty&s=exact-aware-popularity-rank&ref=sr_st_exact-aware-popularity-rank
Antibacterial Wash,https://www.amazon.com/s?k=Antibacterial+Wash&i=beauty&s=exact-aware-popularity-rank&ref=sr_st_exact-aware-popularity-rank
Strawberry Rhubarb Exfoliant,https://www.amazon.com/s?k=Strawberry+Rhubarb+Exfoliant&i=beauty&s=exact-aware-popularity-rank&ref=sr_st_exact-aware-popularity-rank
Collagen Lip Patch,https://www.amazon.com/s?k=Collagen+Lip+Patch&i=beauty&s=exact-aware-popularity-rank&ref=sr_st_exact-aware-popularity-rank
Night Creme,https://www.amazon.com/s?k=Night+Creme&i=beauty&s=exact-aware-popularity-rank&ref=sr_st_exact-aware-popularity-rank
Hydro-Gel Moisturizer,https://www.amazon.com/s?k=Hydro-Gel+Moisturizer&i=beauty&s=exact-aware-popularity-rank&ref=sr_st_exact-aware-popularity-rank
Anti Aging Set,https://www.amazon.com/s?k=Anti+Aging+Set&i=beauty&s=exact-aware-popularity-rank&ref=sr_st_exact-aware-popularity-rank
Rose Balm,https://www.amazon.com/s?k=Rose+Balm&i=beauty&s=exact-aware-popularity-rank&ref=sr_st_exact-aware-popularity-rank
AHA Exfoliator,https://www.amazon.com/s?k=AHA+Exfoliator&i=beauty&s=exact-aware-popularity-rank&ref=sr_st_exact-aware-popularity-rank
Witch Hazel,https://www.amazon.com/s?k=Witch+Hazel&i=beauty&s=exact-aware-popularity-rank&ref=sr_st_exact-aware-popularity-rank
Vitamin C Balm,https://www.amazon.com/s?k=Vitamin+C+Balm&i=beauty&s=exact-aware-popularity-rank&ref=sr_st_exact-aware-popularity-rank
