Keyword,Links
Sensoril Capsules,https://www.amazon.com/s?k=Sensoril+Capsules&i=hpc&s=exact-aware-popularity-rank&ref=sr_st_exact-aware-popularity-rank
Ashwagandha Glycerite,https://www.amazon.com/s?k=Ashwagandha+Glycerite&i=hpc&s=exact-aware-popularity-rank&ref=sr_st_exact-aware-popularity-rank
Calcium wafers,https://www.amazon.com/s?k=Calcium+wafers&i=hpc&s=exact-aware-popularity-rank&ref=sr_st_exact-aware-popularity-rank
Buffered Magnesium,https://www.amazon.com/s?k=Buffered+Magnesium&i=hpc&s=exact-aware-popularity-rank&ref=sr_st_exact-aware-popularity-rank
Thermogenic Metabolism,https://www.amazon.com/s?k=Thermogenic+Metabolism&i=hpc&s=exact-aware-popularity-rank&ref=sr_st_exact-aware-popularity-rank
MultiMineral Supplement,https://www.amazon.com/s?k=MultiMineral+Supplement&i=hpc&s=exact-aware-popularity-rank&ref=sr_st_exact-aware-popularity-rank
Muscle Relaxation,https://www.amazon.com/s?k=Muscle+Relaxation&i=hpc&s=exact-aware-popularity-rank&ref=sr_st_exact-aware-popularity-rank
Immunity Liquid,https://www.amazon.com/s?k=Immunity+Liquid&i=hpc&s=exact-aware-popularity-rank&ref=sr_st_exact-aware-popularity-rank
Ashwagandha Chews,https://www.amazon.com/s?k=Ashwagandha+Chews&i=hpc&s=exact-aware-popularity-rank&ref=sr_st_exact-aware-popularity-rank
Vegetable Capsules,https://www.amazon.com/s?k=Vegetable+Capsules&i=hpc&s=exact-aware-popularity-rank&ref=sr_st_exact-aware-popularity-rank
Magnesium Chewables,https://www.amazon.com/s?k=Magnesium+Chewables&i=hpc&s=exact-aware-popularity-rank&ref=sr_st_exact-aware-popularity-rank
Ginseng Ashwagandha,https://www.amazon.com/s?k=Ginseng+Ashwagandha&i=hpc&s=exact-aware-popularity-rank&ref=sr_st_exact-aware-popularity-rank
Sexual Health,https://www.amazon.com/s?k=Sexual+Health&i=hpc&s=exact-aware-popularity-rank&ref=sr_st_exact-aware-popularity-rank
Magnesium Concentrate,https://www.amazon.com/s?k=Magnesium+Concentrate&i=hpc&s=exact-aware-popularity-rank&ref=sr_st_exact-aware-popularity-rank
Ashwagandha Patch,https://www.amazon.com/s?k=Ashwagandha+Patch&i=hpc&s=exact-aware-popularity-rank&ref=sr_st_exact-aware-popularity-rank
Magnesium Relaxation,https://www.amazon.com/s?k=Magnesium+Relaxation&i=hpc&s=exact-aware-popularity-rank&ref=sr_st_exact-aware-popularity-rank
Ayurvedic Jam,https://www.amazon.com/s?k=Ayurvedic+Jam&i=hpc&s=exact-aware-popularity-rank&ref=sr_st_exact-aware-popularity-rank
Energy supplement,https://www.amazon.com/s?k=Energy+supplement&i=hpc&s=exact-aware-popularity-rank&ref=sr_st_exact-aware-popularity-rank
Blood Pressure,https://www.amazon.com/s?k=Blood+Pressure&i=hpc&s=exact-aware-popularity-rank&ref=sr_st_exact-aware-popularity-rank
Adaptogen Blend,https://www.amazon.com/s?k=Adaptogen+Blend&i=hpc&s=exact-aware-popularity-rank&ref=sr_st_exact-aware-popularity-rank
Men's health,https://www.amazon.com/s?k=Men's+health&i=hpc&s=exact-aware-popularity-rank&ref=sr_st_exact-aware-popularity-rank
Extra Strength Ashwagandha,https://www.amazon.com/s?k=Extra+Strength+Ashwagandha&i=hpc&s=exact-aware-popularity-rank&ref=sr_st_exact-aware-popularity-rank
Selenium Capsules,https://www.amazon.com/s?k=Selenium+Capsules&i=hpc&s=exact-aware-popularity-rank&ref=sr_st_exact-aware-popularity-rank
Fatigue Formula,https://www.amazon.com/s?k=Fatigue+Formula&i=hpc&s=exact-aware-popularity-rank&ref=sr_st_exact-aware-popularity-rank
Ionic Chromium,https://www.amazon.com/s?k=Ionic+Chromium&i=hpc&s=exact-aware-popularity-rank&ref=sr_st_exact-aware-popularity-rank
Women’s supplement,https://www.amazon.com/s?k=Women’s+supplement&i=hpc&s=exact-aware-popularity-rank&ref=sr_st_exact-aware-popularity-rank
Natural Relief,https://www.amazon.com/s?k=Natural+Relief&i=hpc&s=exact-aware-popularity-rank&ref=sr_st_exact-aware-popularity-rank
Magnesium Spray,https://www.amazon.com/s?k=Magnesium+Spray&i=hpc&s=exact-aware-popularity-rank&ref=sr_st_exact-aware-popularity-rank
Heart health,https://www.amazon.com/s?k=Heart+health&i=hpc&s=exact-aware-popularity-rank&ref=sr_st_exact-aware-popularity-rank
Dimagnesium Malate,https://www.amazon.com/s?k=Dimagnesium+Malate&i=hpc&s=exact-aware-popularity-rank&ref=sr_st_exact-aware-popularity-rank
Zinc Magnesium,https://www.amazon.com/s?k=Zinc+Magnesium&i=hpc&s=exact-aware-popularity-rank&ref=sr_st_exact-aware-popularity-rank
Thermo Capsules,https://www.amazon.com/s?k=Thermo+Capsules&i=hpc&s=exact-aware-popularity-rank&ref=sr_st_exact-aware-popularity-rank
Ginseng Complex,https://www.amazon.com/s?k=Ginseng+Complex&i=hpc&s=exact-aware-popularity-rank&ref=sr_st_exact-aware-popularity-rank
Ashwagandha Latte,https://www.amazon.com/s?k=Ashwagandha+Latte&i=hpc&s=exact-aware-popularity-rank&ref=sr_st_exact-aware-popularity-rank
Adrenal Supplement,https://www.amazon.com/s?k=Adrenal+Supplement&i=hpc&s=exact-aware-popularity-rank&ref=sr_st_exact-aware-popularity-rank
Calcium Complex,https://www.amazon.com/s?k=Calcium+Complex&i=hpc&s=exact-aware-popularity-rank&ref=sr_st_exact-aware-popularity-rank
Prenatal Vitamins,https://www.amazon.com/s?k=Prenatal+Vitamins&i=hpc&s=exact-aware-popularity-rank&ref=sr_st_exact-aware-popularity-rank
Wellness Capsules,https://www.amazon.com/s?k=Wellness+Capsules&i=hpc&s=exact-aware-popularity-rank&ref=sr_st_exact-aware-popularity-rank
Horny Goat Weed,https://www.amazon.com/s?k=Horny+Goat+Weed&i=hpc&s=exact-aware-popularity-rank&ref=sr_st_exact-aware-popularity-rank
Magnesium Flakes,https://www.amazon.com/s?k=Magnesium+Flakes&i=hpc&s=exact-aware-popularity-rank&ref=sr_st_exact-aware-popularity-rank
Ashwagandha VegCaps,https://www.amazon.com/s?k=Ashwagandha+VegCaps&i=hpc&s=exact-aware-popularity-rank&ref=sr_st_exact-aware-popularity-rank
Magnesium Aspartate,https://www.amazon.com/s?k=Magnesium+Aspartate&i=hpc&s=exact-aware-popularity-rank&ref=sr_st_exact-aware-popularity-rank
Tribulus Capsules,https://www.amazon.com/s?k=Tribulus+Capsules&i=hpc&s=exact-aware-popularity-rank&ref=sr_st_exact-aware-popularity-rank
Cortisol Supplement,https://www.amazon.com/s?k=Cortisol+Supplement&i=hpc&s=exact-aware-popularity-rank&ref=sr_st_exact-aware-popularity-rank
Circulation Support,https://www.amazon.com/s?k=Circulation+Support&i=hpc&s=exact-aware-popularity-rank&ref=sr_st_exact-aware-popularity-rank
Mushroom Stress,https://www.amazon.com/s?k=Mushroom+Stress&i=hpc&s=exact-aware-popularity-rank&ref=sr_st_exact-aware-popularity-rank
Nootropic Capsules,https://www.amazon.com/s?k=Nootropic+Capsules&i=hpc&s=exact-aware-popularity-rank&ref=sr_st_exact-aware-popularity-rank
Wellness Drops,https://www.amazon.com/s?k=Wellness+Drops&i=hpc&s=exact-aware-popularity-rank&ref=sr_st_exact-aware-popularity-rank
Magnesia tablets,https://www.amazon.com/s?k=Magnesia+tablets&i=hpc&s=exact-aware-popularity-rank&ref=sr_st_exact-aware-popularity-rank
Vegetarian Calcium,https://www.amazon.com/s?k=Vegetarian+Calcium&i=hpc&s=exact-aware-popularity-rank&ref=sr_st_exact-aware-popularity-rank
