Keyword,Links
Sun block,https://www.amazon.com/s?k=Sun+block&i=beauty&s=exact-aware-popularity-rank&ref=sr_st_exact-aware-popularity-rank
Bronzer Spray,https://www.amazon.com/s?k=Bronzer+Spray&i=beauty&s=exact-aware-popularity-rank&ref=sr_st_exact-aware-popularity-rank
Lightweight Sunscreen,https://www.amazon.com/s?k=Lightweight+Sunscreen&i=beauty&s=exact-aware-popularity-rank&ref=sr_st_exact-aware-popularity-rank
Kids Sun Lotion,https://www.amazon.com/s?k=Kids+Sun+Lotion&i=beauty&s=exact-aware-popularity-rank&ref=sr_st_exact-aware-popularity-rank
Sunstick SPF,https://www.amazon.com/s?k=Sunstick+SPF&i=beauty&s=exact-aware-popularity-rank&ref=sr_st_exact-aware-popularity-rank
Hydration Mist,https://www.amazon.com/s?k=Hydration+Mist&i=beauty&s=exact-aware-popularity-rank&ref=sr_st_exact-aware-popularity-rank
Age Defense,https://www.amazon.com/s?k=Age+Defense&i=beauty&s=exact-aware-popularity-rank&ref=sr_st_exact-aware-popularity-rank
Sunblock SPF,https://www.amazon.com/s?k=Sunblock+SPF&i=beauty&s=exact-aware-popularity-rank&ref=sr_st_exact-aware-popularity-rank
Sunscreen Pouch,https://www.amazon.com/s?k=Sunscreen+Pouch&i=beauty&s=exact-aware-popularity-rank&ref=sr_st_exact-aware-popularity-rank
Sensitive lotion,https://www.amazon.com/s?k=Sensitive+lotion&i=beauty&s=exact-aware-popularity-rank&ref=sr_st_exact-aware-popularity-rank
Clear Spray Sunscreen,https://www.amazon.com/s?k=Clear+Spray+Sunscreen&i=beauty&s=exact-aware-popularity-rank&ref=sr_st_exact-aware-popularity-rank
Aqua Sunscreen,https://www.amazon.com/s?k=Aqua+Sunscreen&i=beauty&s=exact-aware-popularity-rank&ref=sr_st_exact-aware-popularity-rank
Sunscreen Value Pack,https://www.amazon.com/s?k=Sunscreen+Value+Pack&i=beauty&s=exact-aware-popularity-rank&ref=sr_st_exact-aware-popularity-rank
Bright moisturizer,https://www.amazon.com/s?k=Bright+moisturizer&i=beauty&s=exact-aware-popularity-rank&ref=sr_st_exact-aware-popularity-rank
Broad Spectrum Sunscreen,https://www.amazon.com/s?k=Broad+Spectrum+Sunscreen&i=beauty&s=exact-aware-popularity-rank&ref=sr_st_exact-aware-popularity-rank
Facial Moisturizer,https://www.amazon.com/s?k=Facial+Moisturizer&i=beauty&s=exact-aware-popularity-rank&ref=sr_st_exact-aware-popularity-rank
AVO Sunscreen,https://www.amazon.com/s?k=AVO+Sunscreen&i=beauty&s=exact-aware-popularity-rank&ref=sr_st_exact-aware-popularity-rank
Plant Based Sunscreen,https://www.amazon.com/s?k=Plant+Based+Sunscreen&i=beauty&s=exact-aware-popularity-rank&ref=sr_st_exact-aware-popularity-rank
Sunscreen Repair,https://www.amazon.com/s?k=Sunscreen+Repair&i=beauty&s=exact-aware-popularity-rank&ref=sr_st_exact-aware-popularity-rank
Redness base,https://www.amazon.com/s?k=Redness+base&i=beauty&s=exact-aware-popularity-rank&ref=sr_st_exact-aware-popularity-rank
UV Block,https://www.amazon.com/s?k=UV+Block&i=beauty&s=exact-aware-popularity-rank&ref=sr_st_exact-aware-popularity-rank
UV lotion,https://www.amazon.com/s?k=UV+lotion&i=beauty&s=exact-aware-popularity-rank&ref=sr_st_exact-aware-popularity-rank
Solar Defense,https://www.amazon.com/s?k=Solar+Defense&i=beauty&s=exact-aware-popularity-rank&ref=sr_st_exact-aware-popularity-rank
Tan optimizer,https://www.amazon.com/s?k=Tan+optimizer&i=beauty&s=exact-aware-popularity-rank&ref=sr_st_exact-aware-popularity-rank
Sun allergy,https://www.amazon.com/s?k=Sun+allergy&i=beauty&s=exact-aware-popularity-rank&ref=sr_st_exact-aware-popularity-rank
Dry Oil Sunscreen,https://www.amazon.com/s?k=Dry+Oil+Sunscreen&i=beauty&s=exact-aware-popularity-rank&ref=sr_st_exact-aware-popularity-rank
Sun cream,https://www.amazon.com/s?k=Sun+cream&i=beauty&s=exact-aware-popularity-rank&ref=sr_st_exact-aware-popularity-rank
sunscreen SPF55,https://www.amazon.com/s?k=sunscreen+SPF55&i=beauty&s=exact-aware-popularity-rank&ref=sr_st_exact-aware-popularity-rank
Eczema Sunscreen,https://www.amazon.com/s?k=Eczema+Sunscreen&i=beauty&s=exact-aware-popularity-rank&ref=sr_st_exact-aware-popularity-rank
Sunscreen Bug Spray,https://www.amazon.com/s?k=Sunscreen+Bug+Spray&i=beauty&s=exact-aware-popularity-rank&ref=sr_st_exact-aware-popularity-rank
cannabis sunscreen,https://www.amazon.com/s?k=cannabis+sunscreen&i=beauty&s=exact-aware-popularity-rank&ref=sr_st_exact-aware-popularity-rank
Sunscreen Sensitive,https://www.amazon.com/s?k=Sunscreen+Sensitive&i=beauty&s=exact-aware-popularity-rank&ref=sr_st_exact-aware-popularity-rank
Hydration Lotion,https://www.amazon.com/s?k=Hydration+Lotion&i=beauty&s=exact-aware-popularity-rank&ref=sr_st_exact-aware-popularity-rank
Moisturizer Sunscreen,https://www.amazon.com/s?k=Moisturizer+Sunscreen&i=beauty&s=exact-aware-popularity-rank&ref=sr_st_exact-aware-popularity-rank
Sunscreen Tinted,https://www.amazon.com/s?k=Sunscreen+Tinted&i=beauty&s=exact-aware-popularity-rank&ref=sr_st_exact-aware-popularity-rank
Brush-On Sunscreen,https://www.amazon.com/s?k=Brush-On+Sunscreen&i=beauty&s=exact-aware-popularity-rank&ref=sr_st_exact-aware-popularity-rank
Skin protection,https://www.amazon.com/s?k=Skin+protection&i=beauty&s=exact-aware-popularity-rank&ref=sr_st_exact-aware-popularity-rank
Kids Sunblock,https://www.amazon.com/s?k=Kids+Sunblock&i=beauty&s=exact-aware-popularity-rank&ref=sr_st_exact-aware-popularity-rank
Reef-Safe Sunscreen,https://www.amazon.com/s?k=Reef-Safe+Sunscreen&i=beauty&s=exact-aware-popularity-rank&ref=sr_st_exact-aware-popularity-rank
Propolis Sunscreen,https://www.amazon.com/s?k=Propolis+Sunscreen&i=beauty&s=exact-aware-popularity-rank&ref=sr_st_exact-aware-popularity-rank
Sunscreen Packets,https://www.amazon.com/s?k=Sunscreen+Packets&i=beauty&s=exact-aware-popularity-rank&ref=sr_st_exact-aware-popularity-rank
Sunscreen Tint,https://www.amazon.com/s?k=Sunscreen+Tint&i=beauty&s=exact-aware-popularity-rank&ref=sr_st_exact-aware-popularity-rank
Sun guard,https://www.amazon.com/s?k=Sun+guard&i=beauty&s=exact-aware-popularity-rank&ref=sr_st_exact-aware-popularity-rank
Sun Care,https://www.amazon.com/s?k=Sun+Care&i=beauty&s=exact-aware-popularity-rank&ref=sr_st_exact-aware-popularity-rank
Vitamin C Sunscreen,https://www.amazon.com/s?k=Vitamin+C+Sunscreen&i=beauty&s=exact-aware-popularity-rank&ref=sr_st_exact-aware-popularity-rank
Waterproof Sunscreen,https://www.amazon.com/s?k=Waterproof+Sunscreen&i=beauty&s=exact-aware-popularity-rank&ref=sr_st_exact-aware-popularity-rank
Clear Face,https://www.amazon.com/s?k=Clear+Face&i=beauty&s=exact-aware-popularity-rank&ref=sr_st_exact-aware-popularity-rank
Oil-Free Sunscreen,https://www.amazon.com/s?k=Oil-Free+Sunscreen&i=beauty&s=exact-aware-popularity-rank&ref=sr_st_exact-aware-popularity-rank
Clear face sunscreen,https://www.amazon.com/s?k=Clear+face+sunscreen&i=beauty&s=exact-aware-popularity-rank&ref=sr_st_exact-aware-popularity-rank
Dark Spot Corrector,https://www.amazon.com/s?k=Dark+Spot+Corrector&i=beauty&s=exact-aware-popularity-rank&ref=sr_st_exact-aware-popularity-rank
