Keyword,Links
Sun block,https://www.ebay.com/sch/i.html?_from=R40&_nkw=Sun+block&_sacat=26395&rt=nc&LH_ItemCondition=3&LH_BIN=1&rt=nc&LH_PrefLoc=1
Bronzer Spray,https://www.ebay.com/sch/i.html?_from=R40&_nkw=Bronzer+Spray&_sacat=26395&rt=nc&LH_ItemCondition=3&LH_BIN=1&rt=nc&LH_PrefLoc=1
Lightweight Sunscreen,https://www.ebay.com/sch/i.html?_from=R40&_nkw=Lightweight+Sunscreen&_sacat=26395&rt=nc&LH_ItemCondition=3&LH_BIN=1&rt=nc&LH_PrefLoc=1
Kids Sun Lotion,https://www.ebay.com/sch/i.html?_from=R40&_nkw=Kids+Sun+Lotion&_sacat=26395&rt=nc&LH_ItemCondition=3&LH_BIN=1&rt=nc&LH_PrefLoc=1
Sunstick SPF,https://www.ebay.com/sch/i.html?_from=R40&_nkw=Sunstick+SPF&_sacat=26395&rt=nc&LH_ItemCondition=3&LH_BIN=1&rt=nc&LH_PrefLoc=1
Hydration Mist,https://www.ebay.com/sch/i.html?_from=R40&_nkw=Hydration+Mist&_sacat=26395&rt=nc&LH_ItemCondition=3&LH_BIN=1&rt=nc&LH_PrefLoc=1
Age Defense,https://www.ebay.com/sch/i.html?_from=R40&_nkw=Age+Defense&_sacat=26395&rt=nc&LH_ItemCondition=3&LH_BIN=1&rt=nc&LH_PrefLoc=1
Sunblock SPF,https://www.ebay.com/sch/i.html?_from=R40&_nkw=Sunblock+SPF&_sacat=26395&rt=nc&LH_ItemCondition=3&LH_BIN=1&rt=nc&LH_PrefLoc=1
Sunscreen Pouch,https://www.ebay.com/sch/i.html?_from=R40&_nkw=Sunscreen+Pouch&_sacat=26395&rt=nc&LH_ItemCondition=3&LH_BIN=1&rt=nc&LH_PrefLoc=1
Sensitive lotion,https://www.ebay.com/sch/i.html?_from=R40&_nkw=Sensitive+lotion&_sacat=26395&rt=nc&LH_ItemCondition=3&LH_BIN=1&rt=nc&LH_PrefLoc=1
Clear Spray Sunscreen,https://www.ebay.com/sch/i.html?_from=R40&_nkw=Clear+Spray+Sunscreen&_sacat=26395&rt=nc&LH_ItemCondition=3&LH_BIN=1&rt=nc&LH_PrefLoc=1
Aqua Sunscreen,https://www.ebay.com/sch/i.html?_from=R40&_nkw=Aqua+Sunscreen&_sacat=26395&rt=nc&LH_ItemCondition=3&LH_BIN=1&rt=nc&LH_PrefLoc=1
Sunscreen Value Pack,https://www.ebay.com/sch/i.html?_from=R40&_nkw=Sunscreen+Value+Pack&_sacat=26395&rt=nc&LH_ItemCondition=3&LH_BIN=1&rt=nc&LH_PrefLoc=1
Bright moisturizer,https://www.ebay.com/sch/i.html?_from=R40&_nkw=Bright+moisturizer&_sacat=26395&rt=nc&LH_ItemCondition=3&LH_BIN=1&rt=nc&LH_PrefLoc=1
Broad Spectrum Sunscreen,https://www.ebay.com/sch/i.html?_from=R40&_nkw=Broad+Spectrum+Sunscreen&_sacat=26395&rt=nc&LH_ItemCondition=3&LH_BIN=1&rt=nc&LH_PrefLoc=1
Facial Moisturizer,https://www.ebay.com/sch/i.html?_from=R40&_nkw=Facial+Moisturizer&_sacat=26395&rt=nc&LH_ItemCondition=3&LH_BIN=1&rt=nc&LH_PrefLoc=1
AVO Sunscreen,https://www.ebay.com/sch/i.html?_from=R40&_nkw=AVO+Sunscreen&_sacat=26395&rt=nc&LH_ItemCondition=3&LH_BIN=1&rt=nc&LH_PrefLoc=1
Plant Based Sunscreen,https://www.ebay.com/sch/i.html?_from=R40&_nkw=Plant+Based+Sunscreen&_sacat=26395&rt=nc&LH_ItemCondition=3&LH_BIN=1&rt=nc&LH_PrefLoc=1
Sunscreen Repair,https://www.ebay.com/sch/i.html?_from=R40&_nkw=Sunscreen+Repair&_sacat=26395&rt=nc&LH_ItemCondition=3&LH_BIN=1&rt=nc&LH_PrefLoc=1
Redness base,https://www.ebay.com/sch/i.html?_from=R40&_nkw=Redness+base&_sacat=26395&rt=nc&LH_ItemCondition=3&LH_BIN=1&rt=nc&LH_PrefLoc=1
UV Block,https://www.ebay.com/sch/i.html?_from=R40&_nkw=UV+Block&_sacat=26395&rt=nc&LH_ItemCondition=3&LH_BIN=1&rt=nc&LH_PrefLoc=1
UV lotion,https://www.ebay.com/sch/i.html?_from=R40&_nkw=UV+lotion&_sacat=26395&rt=nc&LH_ItemCondition=3&LH_BIN=1&rt=nc&LH_PrefLoc=1
Solar Defense,https://www.ebay.com/sch/i.html?_from=R40&_nkw=Solar+Defense&_sacat=26395&rt=nc&LH_ItemCondition=3&LH_BIN=1&rt=nc&LH_PrefLoc=1
Tan optimizer,https://www.ebay.com/sch/i.html?_from=R40&_nkw=Tan+optimizer&_sacat=26395&rt=nc&LH_ItemCondition=3&LH_BIN=1&rt=nc&LH_PrefLoc=1
Sun allergy,https://www.ebay.com/sch/i.html?_from=R40&_nkw=Sun+allergy&_sacat=26395&rt=nc&LH_ItemCondition=3&LH_BIN=1&rt=nc&LH_PrefLoc=1
Dry Oil Sunscreen,https://www.ebay.com/sch/i.html?_from=R40&_nkw=Dry+Oil+Sunscreen&_sacat=26395&rt=nc&LH_ItemCondition=3&LH_BIN=1&rt=nc&LH_PrefLoc=1
Sun cream,https://www.ebay.com/sch/i.html?_from=R40&_nkw=Sun+cream&_sacat=26395&rt=nc&LH_ItemCondition=3&LH_BIN=1&rt=nc&LH_PrefLoc=1
sunscreen SPF55,https://www.ebay.com/sch/i.html?_from=R40&_nkw=sunscreen+SPF55&_sacat=26395&rt=nc&LH_ItemCondition=3&LH_BIN=1&rt=nc&LH_PrefLoc=1
Eczema Sunscreen,https://www.ebay.com/sch/i.html?_from=R40&_nkw=Eczema+Sunscreen&_sacat=26395&rt=nc&LH_ItemCondition=3&LH_BIN=1&rt=nc&LH_PrefLoc=1
Sunscreen Bug Spray,https://www.ebay.com/sch/i.html?_from=R40&_nkw=Sunscreen+Bug+Spray&_sacat=26395&rt=nc&LH_ItemCondition=3&LH_BIN=1&rt=nc&LH_PrefLoc=1
cannabis sunscreen,https://www.ebay.com/sch/i.html?_from=R40&_nkw=cannabis+sunscreen&_sacat=26395&rt=nc&LH_ItemCondition=3&LH_BIN=1&rt=nc&LH_PrefLoc=1
Sunscreen Sensitive,https://www.ebay.com/sch/i.html?_from=R40&_nkw=Sunscreen+Sensitive&_sacat=26395&rt=nc&LH_ItemCondition=3&LH_BIN=1&rt=nc&LH_PrefLoc=1
Hydration Lotion,https://www.ebay.com/sch/i.html?_from=R40&_nkw=Hydration+Lotion&_sacat=26395&rt=nc&LH_ItemCondition=3&LH_BIN=1&rt=nc&LH_PrefLoc=1
Moisturizer Sunscreen,https://www.ebay.com/sch/i.html?_from=R40&_nkw=Moisturizer+Sunscreen&_sacat=26395&rt=nc&LH_ItemCondition=3&LH_BIN=1&rt=nc&LH_PrefLoc=1
Sunscreen Tinted,https://www.ebay.com/sch/i.html?_from=R40&_nkw=Sunscreen+Tinted&_sacat=26395&rt=nc&LH_ItemCondition=3&LH_BIN=1&rt=nc&LH_PrefLoc=1
Brush-On Sunscreen,https://www.ebay.com/sch/i.html?_from=R40&_nkw=Brush-On+Sunscreen&_sacat=26395&rt=nc&LH_ItemCondition=3&LH_BIN=1&rt=nc&LH_PrefLoc=1
Skin protection,https://www.ebay.com/sch/i.html?_from=R40&_nkw=Skin+protection&_sacat=26395&rt=nc&LH_ItemCondition=3&LH_BIN=1&rt=nc&LH_PrefLoc=1
Kids Sunblock,https://www.ebay.com/sch/i.html?_from=R40&_nkw=Kids+Sunblock&_sacat=26395&rt=nc&LH_ItemCondition=3&LH_BIN=1&rt=nc&LH_PrefLoc=1
Reef-Safe Sunscreen,https://www.ebay.com/sch/i.html?_from=R40&_nkw=Reef-Safe+Sunscreen&_sacat=26395&rt=nc&LH_ItemCondition=3&LH_BIN=1&rt=nc&LH_PrefLoc=1
Propolis Sunscreen,https://www.ebay.com/sch/i.html?_from=R40&_nkw=Propolis+Sunscreen&_sacat=26395&rt=nc&LH_ItemCondition=3&LH_BIN=1&rt=nc&LH_PrefLoc=1
Sunscreen Packets,https://www.ebay.com/sch/i.html?_from=R40&_nkw=Sunscreen+Packets&_sacat=26395&rt=nc&LH_ItemCondition=3&LH_BIN=1&rt=nc&LH_PrefLoc=1
Sunscreen Tint,https://www.ebay.com/sch/i.html?_from=R40&_nkw=Sunscreen+Tint&_sacat=26395&rt=nc&LH_ItemCondition=3&LH_BIN=1&rt=nc&LH_PrefLoc=1
Sun guard,https://www.ebay.com/sch/i.html?_from=R40&_nkw=Sun+guard&_sacat=26395&rt=nc&LH_ItemCondition=3&LH_BIN=1&rt=nc&LH_PrefLoc=1
Sun Care,https://www.ebay.com/sch/i.html?_from=R40&_nkw=Sun+Care&_sacat=26395&rt=nc&LH_ItemCondition=3&LH_BIN=1&rt=nc&LH_PrefLoc=1
Vitamin C Sunscreen,https://www.ebay.com/sch/i.html?_from=R40&_nkw=Vitamin+C+Sunscreen&_sacat=26395&rt=nc&LH_ItemCondition=3&LH_BIN=1&rt=nc&LH_PrefLoc=1
Waterproof Sunscreen,https://www.ebay.com/sch/i.html?_from=R40&_nkw=Waterproof+Sunscreen&_sacat=26395&rt=nc&LH_ItemCondition=3&LH_BIN=1&rt=nc&LH_PrefLoc=1
Clear Face,https://www.ebay.com/sch/i.html?_from=R40&_nkw=Clear+Face&_sacat=26395&rt=nc&LH_ItemCondition=3&LH_BIN=1&rt=nc&LH_PrefLoc=1
Oil-Free Sunscreen,https://www.ebay.com/sch/i.html?_from=R40&_nkw=Oil-Free+Sunscreen&_sacat=26395&rt=nc&LH_ItemCondition=3&LH_BIN=1&rt=nc&LH_PrefLoc=1
Clear face sunscreen,https://www.ebay.com/sch/i.html?_from=R40&_nkw=Clear+face+sunscreen&_sacat=26395&rt=nc&LH_ItemCondition=3&LH_BIN=1&rt=nc&LH_PrefLoc=1
Dark Spot Corrector,https://www.ebay.com/sch/i.html?_from=R40&_nkw=Dark+Spot+Corrector&_sacat=26395&rt=nc&LH_ItemCondition=3&LH_BIN=1&rt=nc&LH_PrefLoc=1
