Keyword,Links
Herbal Omega,https://www.ebay.com/sch/i.html?_from=R40&_nkw=Herbal+Omega&_sacat=26395&rt=nc&LH_ItemCondition=3&LH_BIN=1&rt=nc&LH_PrefLoc=1
CoQ-10 Gummies,https://www.ebay.com/sch/i.html?_from=R40&_nkw=CoQ-10+Gummies&_sacat=26395&rt=nc&LH_ItemCondition=3&LH_BIN=1&rt=nc&LH_PrefLoc=1
Bitter Melon,https://www.ebay.com/sch/i.html?_from=R40&_nkw=Bitter+Melon&_sacat=26395&rt=nc&LH_ItemCondition=3&LH_BIN=1&rt=nc&LH_PrefLoc=1
Cranberry Chewables,https://www.ebay.com/sch/i.html?_from=R40&_nkw=Cranberry+Chewables&_sacat=26395&rt=nc&LH_ItemCondition=3&LH_BIN=1&rt=nc&LH_PrefLoc=1
Blueberry Snacks,https://www.ebay.com/sch/i.html?_from=R40&_nkw=Blueberry+Snacks&_sacat=26395&rt=nc&LH_ItemCondition=3&LH_BIN=1&rt=nc&LH_PrefLoc=1
Sea Buckthorn Oil,https://www.ebay.com/sch/i.html?_from=R40&_nkw=Sea+Buckthorn+Oil&_sacat=26395&rt=nc&LH_ItemCondition=3&LH_BIN=1&rt=nc&LH_PrefLoc=1
Wrist Blood Pressure,https://www.ebay.com/sch/i.html?_from=R40&_nkw=Wrist+Blood+Pressure&_sacat=26395&rt=nc&LH_ItemCondition=3&LH_BIN=1&rt=nc&LH_PrefLoc=1
Omega-3 Krill,https://www.ebay.com/sch/i.html?_from=R40&_nkw=Omega-3+Krill&_sacat=26395&rt=nc&LH_ItemCondition=3&LH_BIN=1&rt=nc&LH_PrefLoc=1
Children's gummies,https://www.ebay.com/sch/i.html?_from=R40&_nkw=Children's+gummies&_sacat=26395&rt=nc&LH_ItemCondition=3&LH_BIN=1&rt=nc&LH_PrefLoc=1
Omega CoQ10,https://www.ebay.com/sch/i.html?_from=R40&_nkw=Omega+CoQ10&_sacat=26395&rt=nc&LH_ItemCondition=3&LH_BIN=1&rt=nc&LH_PrefLoc=1
EPA softgels,https://www.ebay.com/sch/i.html?_from=R40&_nkw=EPA+softgels&_sacat=26395&rt=nc&LH_ItemCondition=3&LH_BIN=1&rt=nc&LH_PrefLoc=1
Baby DHA,https://www.ebay.com/sch/i.html?_from=R40&_nkw=Baby+DHA&_sacat=26395&rt=nc&LH_ItemCondition=3&LH_BIN=1&rt=nc&LH_PrefLoc=1
Omega-3 Capsules,https://www.ebay.com/sch/i.html?_from=R40&_nkw=Omega-3+Capsules&_sacat=26395&rt=nc&LH_ItemCondition=3&LH_BIN=1&rt=nc&LH_PrefLoc=1
Children's DHA,https://www.ebay.com/sch/i.html?_from=R40&_nkw=Children's+DHA&_sacat=26395&rt=nc&LH_ItemCondition=3&LH_BIN=1&rt=nc&LH_PrefLoc=1
Teen multivitamin,https://www.ebay.com/sch/i.html?_from=R40&_nkw=Teen+multivitamin&_sacat=26395&rt=nc&LH_ItemCondition=3&LH_BIN=1&rt=nc&LH_PrefLoc=1
Omega-3 Liquid,https://www.ebay.com/sch/i.html?_from=R40&_nkw=Omega-3+Liquid&_sacat=26395&rt=nc&LH_ItemCondition=3&LH_BIN=1&rt=nc&LH_PrefLoc=1
Multi Gummies,https://www.ebay.com/sch/i.html?_from=R40&_nkw=Multi+Gummies&_sacat=26395&rt=nc&LH_ItemCondition=3&LH_BIN=1&rt=nc&LH_PrefLoc=1
Vegan Omega,https://www.ebay.com/sch/i.html?_from=R40&_nkw=Vegan+Omega&_sacat=26395&rt=nc&LH_ItemCondition=3&LH_BIN=1&rt=nc&LH_PrefLoc=1
Feel Great,https://www.ebay.com/sch/i.html?_from=R40&_nkw=Feel+Great&_sacat=26395&rt=nc&LH_ItemCondition=3&LH_BIN=1&rt=nc&LH_PrefLoc=1
Olive Leaf,https://www.ebay.com/sch/i.html?_from=R40&_nkw=Olive+Leaf&_sacat=26395&rt=nc&LH_ItemCondition=3&LH_BIN=1&rt=nc&LH_PrefLoc=1
Pumpkin Seed,https://www.ebay.com/sch/i.html?_from=R40&_nkw=Pumpkin+Seed&_sacat=26395&rt=nc&LH_ItemCondition=3&LH_BIN=1&rt=nc&LH_PrefLoc=1
Kids Omega,https://www.ebay.com/sch/i.html?_from=R40&_nkw=Kids+Omega&_sacat=26395&rt=nc&LH_ItemCondition=3&LH_BIN=1&rt=nc&LH_PrefLoc=1
Omega 3 Fish Oil,https://www.ebay.com/sch/i.html?_from=R40&_nkw=Omega+3+Fish+Oil&_sacat=26395&rt=nc&LH_ItemCondition=3&LH_BIN=1&rt=nc&LH_PrefLoc=1
Citrus Bergamot,https://www.ebay.com/sch/i.html?_from=R40&_nkw=Citrus+Bergamot&_sacat=26395&rt=nc&LH_ItemCondition=3&LH_BIN=1&rt=nc&LH_PrefLoc=1
Garlic Oil,https://www.ebay.com/sch/i.html?_from=R40&_nkw=Garlic+Oil&_sacat=26395&rt=nc&LH_ItemCondition=3&LH_BIN=1&rt=nc&LH_PrefLoc=1
Omega capsules,https://www.ebay.com/sch/i.html?_from=R40&_nkw=Omega+capsules&_sacat=26395&rt=nc&LH_ItemCondition=3&LH_BIN=1&rt=nc&LH_PrefLoc=1
Kidney Multivitamin,https://www.ebay.com/sch/i.html?_from=R40&_nkw=Kidney+Multivitamin&_sacat=26395&rt=nc&LH_ItemCondition=3&LH_BIN=1&rt=nc&LH_PrefLoc=1
Berberine Powder,https://www.ebay.com/sch/i.html?_from=R40&_nkw=Berberine+Powder&_sacat=26395&rt=nc&LH_ItemCondition=3&LH_BIN=1&rt=nc&LH_PrefLoc=1
Golden Milk,https://www.ebay.com/sch/i.html?_from=R40&_nkw=Golden+Milk&_sacat=26395&rt=nc&LH_ItemCondition=3&LH_BIN=1&rt=nc&LH_PrefLoc=1
flax chia,https://www.ebay.com/sch/i.html?_from=R40&_nkw=flax+chia&_sacat=26395&rt=nc&LH_ItemCondition=3&LH_BIN=1&rt=nc&LH_PrefLoc=1
Herbal Concentrate,https://www.ebay.com/sch/i.html?_from=R40&_nkw=Herbal+Concentrate&_sacat=26395&rt=nc&LH_ItemCondition=3&LH_BIN=1&rt=nc&LH_PrefLoc=1
Brain Gummies,https://www.ebay.com/sch/i.html?_from=R40&_nkw=Brain+Gummies&_sacat=26395&rt=nc&LH_ItemCondition=3&LH_BIN=1&rt=nc&LH_PrefLoc=1
White Mulberry,https://www.ebay.com/sch/i.html?_from=R40&_nkw=White+Mulberry&_sacat=26395&rt=nc&LH_ItemCondition=3&LH_BIN=1&rt=nc&LH_PrefLoc=1
Omega-3 Drops,https://www.ebay.com/sch/i.html?_from=R40&_nkw=Omega-3+Drops&_sacat=26395&rt=nc&LH_ItemCondition=3&LH_BIN=1&rt=nc&LH_PrefLoc=1
Aged Black Garlic,https://www.ebay.com/sch/i.html?_from=R40&_nkw=Aged+Black+Garlic&_sacat=26395&rt=nc&LH_ItemCondition=3&LH_BIN=1&rt=nc&LH_PrefLoc=1
Colon Detox,https://www.ebay.com/sch/i.html?_from=R40&_nkw=Colon+Detox&_sacat=26395&rt=nc&LH_ItemCondition=3&LH_BIN=1&rt=nc&LH_PrefLoc=1
Omega-3 Softgel,https://www.ebay.com/sch/i.html?_from=R40&_nkw=Omega-3+Softgel&_sacat=26395&rt=nc&LH_ItemCondition=3&LH_BIN=1&rt=nc&LH_PrefLoc=1
Omega Curcumin,https://www.ebay.com/sch/i.html?_from=R40&_nkw=Omega+Curcumin&_sacat=26395&rt=nc&LH_ItemCondition=3&LH_BIN=1&rt=nc&LH_PrefLoc=1
Omega-7 supplement,https://www.ebay.com/sch/i.html?_from=R40&_nkw=Omega-7+supplement&_sacat=26395&rt=nc&LH_ItemCondition=3&LH_BIN=1&rt=nc&LH_PrefLoc=1
Ubiquinol CoQ10,https://www.ebay.com/sch/i.html?_from=R40&_nkw=Ubiquinol+CoQ10&_sacat=26395&rt=nc&LH_ItemCondition=3&LH_BIN=1&rt=nc&LH_PrefLoc=1
Cholesterol Formula,https://www.ebay.com/sch/i.html?_from=R40&_nkw=Cholesterol+Formula&_sacat=26395&rt=nc&LH_ItemCondition=3&LH_BIN=1&rt=nc&LH_PrefLoc=1
Chia Powder,https://www.ebay.com/sch/i.html?_from=R40&_nkw=Chia+Powder&_sacat=26395&rt=nc&LH_ItemCondition=3&LH_BIN=1&rt=nc&LH_PrefLoc=1
Kidney Support,https://www.ebay.com/sch/i.html?_from=R40&_nkw=Kidney+Support&_sacat=26395&rt=nc&LH_ItemCondition=3&LH_BIN=1&rt=nc&LH_PrefLoc=1
Organic Garlic,https://www.ebay.com/sch/i.html?_from=R40&_nkw=Organic+Garlic&_sacat=26395&rt=nc&LH_ItemCondition=3&LH_BIN=1&rt=nc&LH_PrefLoc=1
Garlic Caplets,https://www.ebay.com/sch/i.html?_from=R40&_nkw=Garlic+Caplets&_sacat=26395&rt=nc&LH_ItemCondition=3&LH_BIN=1&rt=nc&LH_PrefLoc=1
Men's multivitamin,https://www.ebay.com/sch/i.html?_from=R40&_nkw=Men's+multivitamin&_sacat=26395&rt=nc&LH_ItemCondition=3&LH_BIN=1&rt=nc&LH_PrefLoc=1
Omega 3 Supplement,https://www.ebay.com/sch/i.html?_from=R40&_nkw=Omega+3+Supplement&_sacat=26395&rt=nc&LH_ItemCondition=3&LH_BIN=1&rt=nc&LH_PrefLoc=1
Tocotrienols Supplement,https://www.ebay.com/sch/i.html?_from=R40&_nkw=Tocotrienols+Supplement&_sacat=26395&rt=nc&LH_ItemCondition=3&LH_BIN=1&rt=nc&LH_PrefLoc=1
Cod Liver Oil,https://www.ebay.com/sch/i.html?_from=R40&_nkw=Cod+Liver+Oil&_sacat=26395&rt=nc&LH_ItemCondition=3&LH_BIN=1&rt=nc&LH_PrefLoc=1
Chitosan Tablets,https://www.ebay.com/sch/i.html?_from=R40&_nkw=Chitosan+Tablets&_sacat=26395&rt=nc&LH_ItemCondition=3&LH_BIN=1&rt=nc&LH_PrefLoc=1
