Keyword,Links
Vegan D3,https://www.ebay.com/sch/i.html?_from=R40&_nkw=Vegan+D3&_sacat=26395&rt=nc&LH_ItemCondition=3&LH_BIN=1&rt=nc&LH_PrefLoc=1
Hydrolyzed Collagen,https://www.ebay.com/sch/i.html?_from=R40&_nkw=Hydrolyzed+Collagen&_sacat=26395&rt=nc&LH_ItemCondition=3&LH_BIN=1&rt=nc&LH_PrefLoc=1
B-12 Lozenges,https://www.ebay.com/sch/i.html?_from=R40&_nkw=B-12+Lozenges&_sacat=26395&rt=nc&LH_ItemCondition=3&LH_BIN=1&rt=nc&LH_PrefLoc=1
Hydration Powder,https://www.ebay.com/sch/i.html?_from=R40&_nkw=Hydration+Powder&_sacat=26395&rt=nc&LH_ItemCondition=3&LH_BIN=1&rt=nc&LH_PrefLoc=1
Vein Health,https://www.ebay.com/sch/i.html?_from=R40&_nkw=Vein+Health&_sacat=26395&rt=nc&LH_ItemCondition=3&LH_BIN=1&rt=nc&LH_PrefLoc=1
Biotin Softgels,https://www.ebay.com/sch/i.html?_from=R40&_nkw=Biotin+Softgels&_sacat=26395&rt=nc&LH_ItemCondition=3&LH_BIN=1&rt=nc&LH_PrefLoc=1
Collagen Gummies,https://www.ebay.com/sch/i.html?_from=R40&_nkw=Collagen+Gummies&_sacat=26395&rt=nc&LH_ItemCondition=3&LH_BIN=1&rt=nc&LH_PrefLoc=1
Vegan B12,https://www.ebay.com/sch/i.html?_from=R40&_nkw=Vegan+B12&_sacat=26395&rt=nc&LH_ItemCondition=3&LH_BIN=1&rt=nc&LH_PrefLoc=1
Energy Powder,https://www.ebay.com/sch/i.html?_from=R40&_nkw=Energy+Powder&_sacat=26395&rt=nc&LH_ItemCondition=3&LH_BIN=1&rt=nc&LH_PrefLoc=1
Energy shot,https://www.ebay.com/sch/i.html?_from=R40&_nkw=Energy+shot&_sacat=26395&rt=nc&LH_ItemCondition=3&LH_BIN=1&rt=nc&LH_PrefLoc=1
Postpartum Gummies,https://www.ebay.com/sch/i.html?_from=R40&_nkw=Postpartum+Gummies&_sacat=26395&rt=nc&LH_ItemCondition=3&LH_BIN=1&rt=nc&LH_PrefLoc=1
HMB Vitamin D3,https://www.ebay.com/sch/i.html?_from=R40&_nkw=HMB+Vitamin+D3&_sacat=26395&rt=nc&LH_ItemCondition=3&LH_BIN=1&rt=nc&LH_PrefLoc=1
Teen Gummies,https://www.ebay.com/sch/i.html?_from=R40&_nkw=Teen+Gummies&_sacat=26395&rt=nc&LH_ItemCondition=3&LH_BIN=1&rt=nc&LH_PrefLoc=1
Leg veins,https://www.ebay.com/sch/i.html?_from=R40&_nkw=Leg+veins&_sacat=26395&rt=nc&LH_ItemCondition=3&LH_BIN=1&rt=nc&LH_PrefLoc=1
Elderberry Zinc,https://www.ebay.com/sch/i.html?_from=R40&_nkw=Elderberry+Zinc&_sacat=26395&rt=nc&LH_ItemCondition=3&LH_BIN=1&rt=nc&LH_PrefLoc=1
Gummy supplement,https://www.ebay.com/sch/i.html?_from=R40&_nkw=Gummy+supplement&_sacat=26395&rt=nc&LH_ItemCondition=3&LH_BIN=1&rt=nc&LH_PrefLoc=1
Skin Radiance,https://www.ebay.com/sch/i.html?_from=R40&_nkw=Skin+Radiance&_sacat=26395&rt=nc&LH_ItemCondition=3&LH_BIN=1&rt=nc&LH_PrefLoc=1
Muscle Builder,https://www.ebay.com/sch/i.html?_from=R40&_nkw=Muscle+Builder&_sacat=26395&rt=nc&LH_ItemCondition=3&LH_BIN=1&rt=nc&LH_PrefLoc=1
Super B Complex,https://www.ebay.com/sch/i.html?_from=R40&_nkw=Super+B+Complex&_sacat=26395&rt=nc&LH_ItemCondition=3&LH_BIN=1&rt=nc&LH_PrefLoc=1
Blood Flow,https://www.ebay.com/sch/i.html?_from=R40&_nkw=Blood+Flow&_sacat=26395&rt=nc&LH_ItemCondition=3&LH_BIN=1&rt=nc&LH_PrefLoc=1
Collagen Multivitamins,https://www.ebay.com/sch/i.html?_from=R40&_nkw=Collagen+Multivitamins&_sacat=26395&rt=nc&LH_ItemCondition=3&LH_BIN=1&rt=nc&LH_PrefLoc=1
Eye Floaters,https://www.ebay.com/sch/i.html?_from=R40&_nkw=Eye+Floaters&_sacat=26395&rt=nc&LH_ItemCondition=3&LH_BIN=1&rt=nc&LH_PrefLoc=1
Fertility Pills,https://www.ebay.com/sch/i.html?_from=R40&_nkw=Fertility+Pills&_sacat=26395&rt=nc&LH_ItemCondition=3&LH_BIN=1&rt=nc&LH_PrefLoc=1
Male enhancement,https://www.ebay.com/sch/i.html?_from=R40&_nkw=Male+enhancement&_sacat=26395&rt=nc&LH_ItemCondition=3&LH_BIN=1&rt=nc&LH_PrefLoc=1
Hair Growth,https://www.ebay.com/sch/i.html?_from=R40&_nkw=Hair+Growth&_sacat=26395&rt=nc&LH_ItemCondition=3&LH_BIN=1&rt=nc&LH_PrefLoc=1
Astaxanthin Softgels,https://www.ebay.com/sch/i.html?_from=R40&_nkw=Astaxanthin+Softgels&_sacat=26395&rt=nc&LH_ItemCondition=3&LH_BIN=1&rt=nc&LH_PrefLoc=1
Nicotinamide Supplement,https://www.ebay.com/sch/i.html?_from=R40&_nkw=Nicotinamide+Supplement&_sacat=26395&rt=nc&LH_ItemCondition=3&LH_BIN=1&rt=nc&LH_PrefLoc=1
Halal Collagen,https://www.ebay.com/sch/i.html?_from=R40&_nkw=Halal+Collagen&_sacat=26395&rt=nc&LH_ItemCondition=3&LH_BIN=1&rt=nc&LH_PrefLoc=1
Non-Stimulant Pre-Workout,https://www.ebay.com/sch/i.html?_from=R40&_nkw=Non-Stimulant+Pre-Workout&_sacat=26395&rt=nc&LH_ItemCondition=3&LH_BIN=1&rt=nc&LH_PrefLoc=1
Pumpkin Seed Oil,https://www.ebay.com/sch/i.html?_from=R40&_nkw=Pumpkin+Seed+Oil&_sacat=26395&rt=nc&LH_ItemCondition=3&LH_BIN=1&rt=nc&LH_PrefLoc=1
Teeth health,https://www.ebay.com/sch/i.html?_from=R40&_nkw=Teeth+health&_sacat=26395&rt=nc&LH_ItemCondition=3&LH_BIN=1&rt=nc&LH_PrefLoc=1
Calcium Drops,https://www.ebay.com/sch/i.html?_from=R40&_nkw=Calcium+Drops&_sacat=26395&rt=nc&LH_ItemCondition=3&LH_BIN=1&rt=nc&LH_PrefLoc=1
ADK Vitamins,https://www.ebay.com/sch/i.html?_from=R40&_nkw=ADK+Vitamins&_sacat=26395&rt=nc&LH_ItemCondition=3&LH_BIN=1&rt=nc&LH_PrefLoc=1
Vitamin C Collagen,https://www.ebay.com/sch/i.html?_from=R40&_nkw=Vitamin+C+Collagen&_sacat=26395&rt=nc&LH_ItemCondition=3&LH_BIN=1&rt=nc&LH_PrefLoc=1
Rutin Supplement,https://www.ebay.com/sch/i.html?_from=R40&_nkw=Rutin+Supplement&_sacat=26395&rt=nc&LH_ItemCondition=3&LH_BIN=1&rt=nc&LH_PrefLoc=1
Biotin Collagen,https://www.ebay.com/sch/i.html?_from=R40&_nkw=Biotin+Collagen&_sacat=26395&rt=nc&LH_ItemCondition=3&LH_BIN=1&rt=nc&LH_PrefLoc=1
Methylcobalamin B12,https://www.ebay.com/sch/i.html?_from=R40&_nkw=Methylcobalamin+B12&_sacat=26395&rt=nc&LH_ItemCondition=3&LH_BIN=1&rt=nc&LH_PrefLoc=1
Immune Spray,https://www.ebay.com/sch/i.html?_from=R40&_nkw=Immune+Spray&_sacat=26395&rt=nc&LH_ItemCondition=3&LH_BIN=1&rt=nc&LH_PrefLoc=1
Raw B-12,https://www.ebay.com/sch/i.html?_from=R40&_nkw=Raw+B-12&_sacat=26395&rt=nc&LH_ItemCondition=3&LH_BIN=1&rt=nc&LH_PrefLoc=1
Inner Ear,https://www.ebay.com/sch/i.html?_from=R40&_nkw=Inner+Ear&_sacat=26395&rt=nc&LH_ItemCondition=3&LH_BIN=1&rt=nc&LH_PrefLoc=1
Collagen Vitamins,https://www.ebay.com/sch/i.html?_from=R40&_nkw=Collagen+Vitamins&_sacat=26395&rt=nc&LH_ItemCondition=3&LH_BIN=1&rt=nc&LH_PrefLoc=1
Vitamin B12 Patch,https://www.ebay.com/sch/i.html?_from=R40&_nkw=Vitamin+B12+Patch&_sacat=26395&rt=nc&LH_ItemCondition=3&LH_BIN=1&rt=nc&LH_PrefLoc=1
Baby Vitamin D,https://www.ebay.com/sch/i.html?_from=R40&_nkw=Baby+Vitamin+D&_sacat=26395&rt=nc&LH_ItemCondition=3&LH_BIN=1&rt=nc&LH_PrefLoc=1
Collagen Supplements,https://www.ebay.com/sch/i.html?_from=R40&_nkw=Collagen+Supplements&_sacat=26395&rt=nc&LH_ItemCondition=3&LH_BIN=1&rt=nc&LH_PrefLoc=1
Marine Collagen,https://www.ebay.com/sch/i.html?_from=R40&_nkw=Marine+Collagen&_sacat=26395&rt=nc&LH_ItemCondition=3&LH_BIN=1&rt=nc&LH_PrefLoc=1
Vitamin B-12,https://www.ebay.com/sch/i.html?_from=R40&_nkw=Vitamin+B-12&_sacat=26395&rt=nc&LH_ItemCondition=3&LH_BIN=1&rt=nc&LH_PrefLoc=1
Nail Complex,https://www.ebay.com/sch/i.html?_from=R40&_nkw=Nail+Complex&_sacat=26395&rt=nc&LH_ItemCondition=3&LH_BIN=1&rt=nc&LH_PrefLoc=1
Postnatal Gummies,https://www.ebay.com/sch/i.html?_from=R40&_nkw=Postnatal+Gummies&_sacat=26395&rt=nc&LH_ItemCondition=3&LH_BIN=1&rt=nc&LH_PrefLoc=1
Sublingual B12,https://www.ebay.com/sch/i.html?_from=R40&_nkw=Sublingual+B12&_sacat=26395&rt=nc&LH_ItemCondition=3&LH_BIN=1&rt=nc&LH_PrefLoc=1
Telomere support,https://www.ebay.com/sch/i.html?_from=R40&_nkw=Telomere+support&_sacat=26395&rt=nc&LH_ItemCondition=3&LH_BIN=1&rt=nc&LH_PrefLoc=1
