Keyword,Links
Selenium Tablets,https://www.amazon.com/s?k=Selenium+Tablets&i=hpc&s=exact-aware-popularity-rank&ref=sr_st_exact-aware-popularity-rank
Chelated Zinc,https://www.amazon.com/s?k=Chelated+Zinc&i=hpc&s=exact-aware-popularity-rank&ref=sr_st_exact-aware-popularity-rank
Vegan Zinc,https://www.amazon.com/s?k=Vegan+Zinc&i=hpc&s=exact-aware-popularity-rank&ref=sr_st_exact-aware-popularity-rank
Tonic Liquid,https://www.amazon.com/s?k=Tonic+Liquid&i=hpc&s=exact-aware-popularity-rank&ref=sr_st_exact-aware-popularity-rank
Multi Mineral,https://www.amazon.com/s?k=Multi+Mineral&i=hpc&s=exact-aware-popularity-rank&ref=sr_st_exact-aware-popularity-rank
Calcium Chewable,https://www.amazon.com/s?k=Calcium+Chewable&i=hpc&s=exact-aware-popularity-rank&ref=sr_st_exact-aware-popularity-rank
Glucosamine Tablets,https://www.amazon.com/s?k=Glucosamine+Tablets&i=hpc&s=exact-aware-popularity-rank&ref=sr_st_exact-aware-popularity-rank
Time-Release Magnesium,https://www.amazon.com/s?k=Time-Release+Magnesium&i=hpc&s=exact-aware-popularity-rank&ref=sr_st_exact-aware-popularity-rank
Potassium Citrate,https://www.amazon.com/s?k=Potassium+Citrate&i=hpc&s=exact-aware-popularity-rank&ref=sr_st_exact-aware-popularity-rank
Trace minerals,https://www.amazon.com/s?k=Trace+minerals&i=hpc&s=exact-aware-popularity-rank&ref=sr_st_exact-aware-popularity-rank
Iodine Solution,https://www.amazon.com/s?k=Iodine+Solution&i=hpc&s=exact-aware-popularity-rank&ref=sr_st_exact-aware-popularity-rank
Selenium Complex,https://www.amazon.com/s?k=Selenium+Complex&i=hpc&s=exact-aware-popularity-rank&ref=sr_st_exact-aware-popularity-rank
Osteoporosis supplement,https://www.amazon.com/s?k=Osteoporosis+supplement&i=hpc&s=exact-aware-popularity-rank&ref=sr_st_exact-aware-popularity-rank
Liposomal Magnesium,https://www.amazon.com/s?k=Liposomal+Magnesium&i=hpc&s=exact-aware-popularity-rank&ref=sr_st_exact-aware-popularity-rank
Fulvic minerals,https://www.amazon.com/s?k=Fulvic+minerals&i=hpc&s=exact-aware-popularity-rank&ref=sr_st_exact-aware-popularity-rank
Potassium Taurate,https://www.amazon.com/s?k=Potassium+Taurate&i=hpc&s=exact-aware-popularity-rank&ref=sr_st_exact-aware-popularity-rank
Slow Release Iron,https://www.amazon.com/s?k=Slow+Release+Iron&i=hpc&s=exact-aware-popularity-rank&ref=sr_st_exact-aware-popularity-rank
Phosphorus Drops,https://www.amazon.com/s?k=Phosphorus+Drops&i=hpc&s=exact-aware-popularity-rank&ref=sr_st_exact-aware-popularity-rank
Immunity Bundle,https://www.amazon.com/s?k=Immunity+Bundle&i=hpc&s=exact-aware-popularity-rank&ref=sr_st_exact-aware-popularity-rank
Mineral Drops,https://www.amazon.com/s?k=Mineral+Drops&i=hpc&s=exact-aware-popularity-rank&ref=sr_st_exact-aware-popularity-rank
Kelp Supplement,https://www.amazon.com/s?k=Kelp+Supplement&i=hpc&s=exact-aware-popularity-rank&ref=sr_st_exact-aware-popularity-rank
Calcium Softgels,https://www.amazon.com/s?k=Calcium+Softgels&i=hpc&s=exact-aware-popularity-rank&ref=sr_st_exact-aware-popularity-rank
Sexual Vitality,https://www.amazon.com/s?k=Sexual+Vitality&i=hpc&s=exact-aware-popularity-rank&ref=sr_st_exact-aware-popularity-rank
Prenatal Supplement,https://www.amazon.com/s?k=Prenatal+Supplement&i=hpc&s=exact-aware-popularity-rank&ref=sr_st_exact-aware-popularity-rank
High Potency Iron,https://www.amazon.com/s?k=High+Potency+Iron&i=hpc&s=exact-aware-popularity-rank&ref=sr_st_exact-aware-popularity-rank
Potassium Complex,https://www.amazon.com/s?k=Potassium+Complex&i=hpc&s=exact-aware-popularity-rank&ref=sr_st_exact-aware-popularity-rank
Essential Zinc,https://www.amazon.com/s?k=Essential+Zinc&i=hpc&s=exact-aware-popularity-rank&ref=sr_st_exact-aware-popularity-rank
Boron supplement,https://www.amazon.com/s?k=Boron+supplement&i=hpc&s=exact-aware-popularity-rank&ref=sr_st_exact-aware-popularity-rank
Iron supplements,https://www.amazon.com/s?k=Iron+supplements&i=hpc&s=exact-aware-popularity-rank&ref=sr_st_exact-aware-popularity-rank
Organic Iron,https://www.amazon.com/s?k=Organic+Iron&i=hpc&s=exact-aware-popularity-rank&ref=sr_st_exact-aware-popularity-rank
Cognition Support,https://www.amazon.com/s?k=Cognition+Support&i=hpc&s=exact-aware-popularity-rank&ref=sr_st_exact-aware-popularity-rank
Healthy Blood,https://www.amazon.com/s?k=Healthy+Blood&i=hpc&s=exact-aware-popularity-rank&ref=sr_st_exact-aware-popularity-rank
Body Detox,https://www.amazon.com/s?k=Body+Detox&i=hpc&s=exact-aware-popularity-rank&ref=sr_st_exact-aware-popularity-rank
Zinc Complex,https://www.amazon.com/s?k=Zinc+Complex&i=hpc&s=exact-aware-popularity-rank&ref=sr_st_exact-aware-popularity-rank
Potassium Capsules,https://www.amazon.com/s?k=Potassium+Capsules&i=hpc&s=exact-aware-popularity-rank&ref=sr_st_exact-aware-popularity-rank
Garcinia Cambogia,https://www.amazon.com/s?k=Garcinia+Cambogia&i=hpc&s=exact-aware-popularity-rank&ref=sr_st_exact-aware-popularity-rank
Anti-Stress Drink,https://www.amazon.com/s?k=Anti-Stress+Drink&i=hpc&s=exact-aware-popularity-rank&ref=sr_st_exact-aware-popularity-rank
EDTA capsules,https://www.amazon.com/s?k=EDTA+capsules&i=hpc&s=exact-aware-popularity-rank&ref=sr_st_exact-aware-popularity-rank
Prenatal Iron,https://www.amazon.com/s?k=Prenatal+Iron&i=hpc&s=exact-aware-popularity-rank&ref=sr_st_exact-aware-popularity-rank
Berry tablets,https://www.amazon.com/s?k=Berry+tablets&i=hpc&s=exact-aware-popularity-rank&ref=sr_st_exact-aware-popularity-rank
Liquid Iron,https://www.amazon.com/s?k=Liquid+Iron&i=hpc&s=exact-aware-popularity-rank&ref=sr_st_exact-aware-popularity-rank
Eye supplement,https://www.amazon.com/s?k=Eye+supplement&i=hpc&s=exact-aware-popularity-rank&ref=sr_st_exact-aware-popularity-rank
Liquid Calcium,https://www.amazon.com/s?k=Liquid+Calcium&i=hpc&s=exact-aware-popularity-rank&ref=sr_st_exact-aware-popularity-rank
Nutrient Powder,https://www.amazon.com/s?k=Nutrient+Powder&i=hpc&s=exact-aware-popularity-rank&ref=sr_st_exact-aware-popularity-rank
Multi vitamins,https://www.amazon.com/s?k=Multi+vitamins&i=hpc&s=exact-aware-popularity-rank&ref=sr_st_exact-aware-popularity-rank
Gut health,https://www.amazon.com/s?k=Gut+health&i=hpc&s=exact-aware-popularity-rank&ref=sr_st_exact-aware-popularity-rank
Vitamin supplement,https://www.amazon.com/s?k=Vitamin+supplement&i=hpc&s=exact-aware-popularity-rank&ref=sr_st_exact-aware-popularity-rank
Liquid Concentrate,https://www.amazon.com/s?k=Liquid+Concentrate&i=hpc&s=exact-aware-popularity-rank&ref=sr_st_exact-aware-popularity-rank
Calcium Zinc,https://www.amazon.com/s?k=Calcium+Zinc&i=hpc&s=exact-aware-popularity-rank&ref=sr_st_exact-aware-popularity-rank
Ionic Calcium,https://www.amazon.com/s?k=Ionic+Calcium&i=hpc&s=exact-aware-popularity-rank&ref=sr_st_exact-aware-popularity-rank
