Keyword,Links
Gloss Serum,https://www.amazon.com/s?k=Gloss+Serum&i=beauty&s=exact-aware-popularity-rank&ref=sr_st_exact-aware-popularity-rank
Thickening Mask,https://www.amazon.com/s?k=Thickening+Mask&i=beauty&s=exact-aware-popularity-rank&ref=sr_st_exact-aware-popularity-rank
Shampoo Two,https://www.amazon.com/s?k=Shampoo+Two&i=beauty&s=exact-aware-popularity-rank&ref=sr_st_exact-aware-popularity-rank
Blow Dry Shield,https://www.amazon.com/s?k=Blow+Dry+Shield&i=beauty&s=exact-aware-popularity-rank&ref=sr_st_exact-aware-popularity-rank
Miracle Wash,https://www.amazon.com/s?k=Miracle+Wash&i=beauty&s=exact-aware-popularity-rank&ref=sr_st_exact-aware-popularity-rank
Blowout Conditioner,https://www.amazon.com/s?k=Blowout+Conditioner&i=beauty&s=exact-aware-popularity-rank&ref=sr_st_exact-aware-popularity-rank
Defining Gel,https://www.amazon.com/s?k=Defining+Gel&i=beauty&s=exact-aware-popularity-rank&ref=sr_st_exact-aware-popularity-rank
Root primer,https://www.amazon.com/s?k=Root+primer&i=beauty&s=exact-aware-popularity-rank&ref=sr_st_exact-aware-popularity-rank
Dry oil,https://www.amazon.com/s?k=Dry+oil&i=beauty&s=exact-aware-popularity-rank&ref=sr_st_exact-aware-popularity-rank
Lavender Mint,https://www.amazon.com/s?k=Lavender+Mint&i=beauty&s=exact-aware-popularity-rank&ref=sr_st_exact-aware-popularity-rank
Lavender Conditioner,https://www.amazon.com/s?k=Lavender+Conditioner&i=beauty&s=exact-aware-popularity-rank&ref=sr_st_exact-aware-popularity-rank
Strong hold,https://www.amazon.com/s?k=Strong+hold&i=beauty&s=exact-aware-popularity-rank&ref=sr_st_exact-aware-popularity-rank
Coconut Cocktail,https://www.amazon.com/s?k=Coconut+Cocktail&i=beauty&s=exact-aware-popularity-rank&ref=sr_st_exact-aware-popularity-rank
Design spray,https://www.amazon.com/s?k=Design+spray&i=beauty&s=exact-aware-popularity-rank&ref=sr_st_exact-aware-popularity-rank
Sculpting Spray,https://www.amazon.com/s?k=Sculpting+Spray&i=beauty&s=exact-aware-popularity-rank&ref=sr_st_exact-aware-popularity-rank
Daily Boost,https://www.amazon.com/s?k=Daily+Boost&i=beauty&s=exact-aware-popularity-rank&ref=sr_st_exact-aware-popularity-rank
Sculpting Foam,https://www.amazon.com/s?k=Sculpting+Foam&i=beauty&s=exact-aware-popularity-rank&ref=sr_st_exact-aware-popularity-rank
Root pump,https://www.amazon.com/s?k=Root+pump&i=beauty&s=exact-aware-popularity-rank&ref=sr_st_exact-aware-popularity-rank
Scalp tonic,https://www.amazon.com/s?k=Scalp+tonic&i=beauty&s=exact-aware-popularity-rank&ref=sr_st_exact-aware-popularity-rank
Working Spray,https://www.amazon.com/s?k=Working+Spray&i=beauty&s=exact-aware-popularity-rank&ref=sr_st_exact-aware-popularity-rank
Finishing Spray,https://www.amazon.com/s?k=Finishing+Spray&i=beauty&s=exact-aware-popularity-rank&ref=sr_st_exact-aware-popularity-rank
Round Trip,https://www.amazon.com/s?k=Round+Trip&i=beauty&s=exact-aware-popularity-rank&ref=sr_st_exact-aware-popularity-rank
Blow Dry Balm,https://www.amazon.com/s?k=Blow+Dry+Balm&i=beauty&s=exact-aware-popularity-rank&ref=sr_st_exact-aware-popularity-rank
Nourishing Hair Oil,https://www.amazon.com/s?k=Nourishing+Hair+Oil&i=beauty&s=exact-aware-popularity-rank&ref=sr_st_exact-aware-popularity-rank
Clip set,https://www.amazon.com/s?k=Clip+set&i=beauty&s=exact-aware-popularity-rank&ref=sr_st_exact-aware-popularity-rank
Bodifying Mousse,https://www.amazon.com/s?k=Bodifying+Mousse&i=beauty&s=exact-aware-popularity-rank&ref=sr_st_exact-aware-popularity-rank
Blonde Mask,https://www.amazon.com/s?k=Blonde+Mask&i=beauty&s=exact-aware-popularity-rank&ref=sr_st_exact-aware-popularity-rank
Blow-Dry Spray,https://www.amazon.com/s?k=Blow-Dry+Spray&i=beauty&s=exact-aware-popularity-rank&ref=sr_st_exact-aware-popularity-rank
Hair Fiber,https://www.amazon.com/s?k=Hair+Fiber&i=beauty&s=exact-aware-popularity-rank&ref=sr_st_exact-aware-popularity-rank
Silkening Gloss,https://www.amazon.com/s?k=Silkening+Gloss&i=beauty&s=exact-aware-popularity-rank&ref=sr_st_exact-aware-popularity-rank
Clouds Set,https://www.amazon.com/s?k=Clouds+Set&i=beauty&s=exact-aware-popularity-rank&ref=sr_st_exact-aware-popularity-rank
Daily conditioner,https://www.amazon.com/s?k=Daily+conditioner&i=beauty&s=exact-aware-popularity-rank&ref=sr_st_exact-aware-popularity-rank
Scalp Booster,https://www.amazon.com/s?k=Scalp+Booster&i=beauty&s=exact-aware-popularity-rank&ref=sr_st_exact-aware-popularity-rank
Reparative Oil,https://www.amazon.com/s?k=Reparative+Oil&i=beauty&s=exact-aware-popularity-rank&ref=sr_st_exact-aware-popularity-rank
Volumizing Duo,https://www.amazon.com/s?k=Volumizing+Duo&i=beauty&s=exact-aware-popularity-rank&ref=sr_st_exact-aware-popularity-rank
Volumizing Leave-In,https://www.amazon.com/s?k=Volumizing+Leave-In&i=beauty&s=exact-aware-popularity-rank&ref=sr_st_exact-aware-popularity-rank
Detangling Mist,https://www.amazon.com/s?k=Detangling+Mist&i=beauty&s=exact-aware-popularity-rank&ref=sr_st_exact-aware-popularity-rank
Shampoo 16 oz,https://www.amazon.com/s?k=Shampoo+16+oz&i=beauty&s=exact-aware-popularity-rank&ref=sr_st_exact-aware-popularity-rank
Perfect Spray,https://www.amazon.com/s?k=Perfect+Spray&i=beauty&s=exact-aware-popularity-rank&ref=sr_st_exact-aware-popularity-rank
Colour Shield,https://www.amazon.com/s?k=Colour+Shield&i=beauty&s=exact-aware-popularity-rank&ref=sr_st_exact-aware-popularity-rank
Thickening Mousse,https://www.amazon.com/s?k=Thickening+Mousse&i=beauty&s=exact-aware-popularity-rank&ref=sr_st_exact-aware-popularity-rank
Brightening Shampoo,https://www.amazon.com/s?k=Brightening+Shampoo&i=beauty&s=exact-aware-popularity-rank&ref=sr_st_exact-aware-popularity-rank
Blowout Shampoo,https://www.amazon.com/s?k=Blowout+Shampoo&i=beauty&s=exact-aware-popularity-rank&ref=sr_st_exact-aware-popularity-rank
Toning Drops,https://www.amazon.com/s?k=Toning+Drops&i=beauty&s=exact-aware-popularity-rank&ref=sr_st_exact-aware-popularity-rank
Hair rework,https://www.amazon.com/s?k=Hair+rework&i=beauty&s=exact-aware-popularity-rank&ref=sr_st_exact-aware-popularity-rank
Blonde Toning,https://www.amazon.com/s?k=Blonde+Toning&i=beauty&s=exact-aware-popularity-rank&ref=sr_st_exact-aware-popularity-rank
Foaming Pommade,https://www.amazon.com/s?k=Foaming+Pommade&i=beauty&s=exact-aware-popularity-rank&ref=sr_st_exact-aware-popularity-rank
Replumping Mask,https://www.amazon.com/s?k=Replumping+Mask&i=beauty&s=exact-aware-popularity-rank&ref=sr_st_exact-aware-popularity-rank
Sculpting Gel,https://www.amazon.com/s?k=Sculpting+Gel&i=beauty&s=exact-aware-popularity-rank&ref=sr_st_exact-aware-popularity-rank
Bond Building,https://www.amazon.com/s?k=Bond+Building&i=beauty&s=exact-aware-popularity-rank&ref=sr_st_exact-aware-popularity-rank
