Keyword,Links
French Pink,https://www.amazon.com/s?k=French+Pink&i=beauty&s=exact-aware-popularity-rank&ref=sr_st_exact-aware-popularity-rank
Oil Control,https://www.amazon.com/s?k=Oil+Control&i=beauty&s=exact-aware-popularity-rank&ref=sr_st_exact-aware-popularity-rank
Curling Kit,https://www.amazon.com/s?k=Curling+Kit&i=beauty&s=exact-aware-popularity-rank&ref=sr_st_exact-aware-popularity-rank
Fit Me Blush,https://www.amazon.com/s?k=Fit+Me+Blush&i=beauty&s=exact-aware-popularity-rank&ref=sr_st_exact-aware-popularity-rank
Light-Up Spa,https://www.amazon.com/s?k=Light-Up+Spa&i=beauty&s=exact-aware-popularity-rank&ref=sr_st_exact-aware-popularity-rank
Magnetic Lashes,https://www.amazon.com/s?k=Magnetic+Lashes&i=beauty&s=exact-aware-popularity-rank&ref=sr_st_exact-aware-popularity-rank
Disney tattoos,https://www.amazon.com/s?k=Disney+tattoos&i=beauty&s=exact-aware-popularity-rank&ref=sr_st_exact-aware-popularity-rank
Blemish Foundation,https://www.amazon.com/s?k=Blemish+Foundation&i=beauty&s=exact-aware-popularity-rank&ref=sr_st_exact-aware-popularity-rank
Raspberry Lipstick,https://www.amazon.com/s?k=Raspberry+Lipstick&i=beauty&s=exact-aware-popularity-rank&ref=sr_st_exact-aware-popularity-rank
Mattifying Spray,https://www.amazon.com/s?k=Mattifying+Spray&i=beauty&s=exact-aware-popularity-rank&ref=sr_st_exact-aware-popularity-rank
Eyelid Wipes,https://www.amazon.com/s?k=Eyelid+Wipes&i=beauty&s=exact-aware-popularity-rank&ref=sr_st_exact-aware-popularity-rank
Lipstick Shimmer,https://www.amazon.com/s?k=Lipstick+Shimmer&i=beauty&s=exact-aware-popularity-rank&ref=sr_st_exact-aware-popularity-rank
Bath Brush,https://www.amazon.com/s?k=Bath+Brush&i=beauty&s=exact-aware-popularity-rank&ref=sr_st_exact-aware-popularity-rank
Blush Trio,https://www.amazon.com/s?k=Blush+Trio&i=beauty&s=exact-aware-popularity-rank&ref=sr_st_exact-aware-popularity-rank
Eyelid Primer,https://www.amazon.com/s?k=Eyelid+Primer&i=beauty&s=exact-aware-popularity-rank&ref=sr_st_exact-aware-popularity-rank
Tattoo care,https://www.amazon.com/s?k=Tattoo+care&i=beauty&s=exact-aware-popularity-rank&ref=sr_st_exact-aware-popularity-rank
Makeup Neutral,https://www.amazon.com/s?k=Makeup+Neutral&i=beauty&s=exact-aware-popularity-rank&ref=sr_st_exact-aware-popularity-rank
Natural Brows,https://www.amazon.com/s?k=Natural+Brows&i=beauty&s=exact-aware-popularity-rank&ref=sr_st_exact-aware-popularity-rank
Turmeric Soap,https://www.amazon.com/s?k=Turmeric+Soap&i=beauty&s=exact-aware-popularity-rank&ref=sr_st_exact-aware-popularity-rank
Vanilla Scrub,https://www.amazon.com/s?k=Vanilla+Scrub&i=beauty&s=exact-aware-popularity-rank&ref=sr_st_exact-aware-popularity-rank
Mint Lip Balm,https://www.amazon.com/s?k=Mint+Lip+Balm&i=beauty&s=exact-aware-popularity-rank&ref=sr_st_exact-aware-popularity-rank
Brightening Eye,https://www.amazon.com/s?k=Brightening+Eye&i=beauty&s=exact-aware-popularity-rank&ref=sr_st_exact-aware-popularity-rank
Exfoliating Wash,https://www.amazon.com/s?k=Exfoliating+Wash&i=beauty&s=exact-aware-popularity-rank&ref=sr_st_exact-aware-popularity-rank
Even tone,https://www.amazon.com/s?k=Even+tone&i=beauty&s=exact-aware-popularity-rank&ref=sr_st_exact-aware-popularity-rank
Peel Off Mask,https://www.amazon.com/s?k=Peel+Off+Mask&i=beauty&s=exact-aware-popularity-rank&ref=sr_st_exact-aware-popularity-rank
Forehead patches,https://www.amazon.com/s?k=Forehead+patches&i=beauty&s=exact-aware-popularity-rank&ref=sr_st_exact-aware-popularity-rank
Detox Cream,https://www.amazon.com/s?k=Detox+Cream&i=beauty&s=exact-aware-popularity-rank&ref=sr_st_exact-aware-popularity-rank
Anti Aging Serum,https://www.amazon.com/s?k=Anti+Aging+Serum&i=beauty&s=exact-aware-popularity-rank&ref=sr_st_exact-aware-popularity-rank
Brightening Gel,https://www.amazon.com/s?k=Brightening+Gel&i=beauty&s=exact-aware-popularity-rank&ref=sr_st_exact-aware-popularity-rank
Anti-Pollution Serum,https://www.amazon.com/s?k=Anti-Pollution+Serum&i=beauty&s=exact-aware-popularity-rank&ref=sr_st_exact-aware-popularity-rank
Snail Cream,https://www.amazon.com/s?k=Snail+Cream&i=beauty&s=exact-aware-popularity-rank&ref=sr_st_exact-aware-popularity-rank
Mattifying Serum,https://www.amazon.com/s?k=Mattifying+Serum&i=beauty&s=exact-aware-popularity-rank&ref=sr_st_exact-aware-popularity-rank
Night Repair,https://www.amazon.com/s?k=Night+Repair&i=beauty&s=exact-aware-popularity-rank&ref=sr_st_exact-aware-popularity-rank
Evening Serum,https://www.amazon.com/s?k=Evening+Serum&i=beauty&s=exact-aware-popularity-rank&ref=sr_st_exact-aware-popularity-rank
Charcoal Mask,https://www.amazon.com/s?k=Charcoal+Mask&i=beauty&s=exact-aware-popularity-rank&ref=sr_st_exact-aware-popularity-rank
Firming Neck,https://www.amazon.com/s?k=Firming+Neck&i=beauty&s=exact-aware-popularity-rank&ref=sr_st_exact-aware-popularity-rank
Scar treatment,https://www.amazon.com/s?k=Scar+treatment&i=beauty&s=exact-aware-popularity-rank&ref=sr_st_exact-aware-popularity-rank
Firming Cream,https://www.amazon.com/s?k=Firming+Cream&i=beauty&s=exact-aware-popularity-rank&ref=sr_st_exact-aware-popularity-rank
Skin Drops,https://www.amazon.com/s?k=Skin+Drops&i=beauty&s=exact-aware-popularity-rank&ref=sr_st_exact-aware-popularity-rank
Clarifying Toner,https://www.amazon.com/s?k=Clarifying+Toner&i=beauty&s=exact-aware-popularity-rank&ref=sr_st_exact-aware-popularity-rank
Eggplant Mask,https://www.amazon.com/s?k=Eggplant+Mask&i=beauty&s=exact-aware-popularity-rank&ref=sr_st_exact-aware-popularity-rank
Youth Activating,https://www.amazon.com/s?k=Youth+Activating&i=beauty&s=exact-aware-popularity-rank&ref=sr_st_exact-aware-popularity-rank
Cleansing Wipes,https://www.amazon.com/s?k=Cleansing+Wipes&i=beauty&s=exact-aware-popularity-rank&ref=sr_st_exact-aware-popularity-rank
Acne Patch,https://www.amazon.com/s?k=Acne+Patch&i=beauty&s=exact-aware-popularity-rank&ref=sr_st_exact-aware-popularity-rank
Facial Astringent,https://www.amazon.com/s?k=Facial+Astringent&i=beauty&s=exact-aware-popularity-rank&ref=sr_st_exact-aware-popularity-rank
Self-tanner mitt,https://www.amazon.com/s?k=Self-tanner+mitt&i=beauty&s=exact-aware-popularity-rank&ref=sr_st_exact-aware-popularity-rank
Sunscreen Lip Balm,https://www.amazon.com/s?k=Sunscreen+Lip+Balm&i=beauty&s=exact-aware-popularity-rank&ref=sr_st_exact-aware-popularity-rank
Anti-Itch Cream,https://www.amazon.com/s?k=Anti-Itch+Cream&i=beauty&s=exact-aware-popularity-rank&ref=sr_st_exact-aware-popularity-rank
Retinal Serum,https://www.amazon.com/s?k=Retinal+Serum&i=beauty&s=exact-aware-popularity-rank&ref=sr_st_exact-aware-popularity-rank
Bourbon Soap,https://www.amazon.com/s?k=Bourbon+Soap&i=beauty&s=exact-aware-popularity-rank&ref=sr_st_exact-aware-popularity-rank
