Keyword,Links
Trifold Mirror,https://www.ebay.com/sch/i.html?_from=R40&_nkw=Trifold+Mirror&_sacat=26395&rt=nc&LH_ItemCondition=3&LH_BIN=1&rt=nc&LH_PrefLoc=1
Dual Mirror,https://www.ebay.com/sch/i.html?_from=R40&_nkw=Dual+Mirror&_sacat=26395&rt=nc&LH_ItemCondition=3&LH_BIN=1&rt=nc&LH_PrefLoc=1
Exfoliating Rounds,https://www.ebay.com/sch/i.html?_from=R40&_nkw=Exfoliating+Rounds&_sacat=26395&rt=nc&LH_ItemCondition=3&LH_BIN=1&rt=nc&LH_PrefLoc=1
Styling Combs,https://www.ebay.com/sch/i.html?_from=R40&_nkw=Styling+Combs&_sacat=26395&rt=nc&LH_ItemCondition=3&LH_BIN=1&rt=nc&LH_PrefLoc=1
Washable Scrunchies,https://www.ebay.com/sch/i.html?_from=R40&_nkw=Washable+Scrunchies&_sacat=26395&rt=nc&LH_ItemCondition=3&LH_BIN=1&rt=nc&LH_PrefLoc=1
Makeup organizers,https://www.ebay.com/sch/i.html?_from=R40&_nkw=Makeup+organizers&_sacat=26395&rt=nc&LH_ItemCondition=3&LH_BIN=1&rt=nc&LH_PrefLoc=1
Multi-Style Dryer,https://www.ebay.com/sch/i.html?_from=R40&_nkw=Multi-Style+Dryer&_sacat=26395&rt=nc&LH_ItemCondition=3&LH_BIN=1&rt=nc&LH_PrefLoc=1
Cotton Ovals,https://www.ebay.com/sch/i.html?_from=R40&_nkw=Cotton+Ovals&_sacat=26395&rt=nc&LH_ItemCondition=3&LH_BIN=1&rt=nc&LH_PrefLoc=1
Curling Set,https://www.ebay.com/sch/i.html?_from=R40&_nkw=Curling+Set&_sacat=26395&rt=nc&LH_ItemCondition=3&LH_BIN=1&rt=nc&LH_PrefLoc=1
Detangler Kit,https://www.ebay.com/sch/i.html?_from=R40&_nkw=Detangler+Kit&_sacat=26395&rt=nc&LH_ItemCondition=3&LH_BIN=1&rt=nc&LH_PrefLoc=1
Exfoliating Sponges,https://www.ebay.com/sch/i.html?_from=R40&_nkw=Exfoliating+Sponges&_sacat=26395&rt=nc&LH_ItemCondition=3&LH_BIN=1&rt=nc&LH_PrefLoc=1
Makeup Cloth,https://www.ebay.com/sch/i.html?_from=R40&_nkw=Makeup+Cloth&_sacat=26395&rt=nc&LH_ItemCondition=3&LH_BIN=1&rt=nc&LH_PrefLoc=1
Wedge Sponge,https://www.ebay.com/sch/i.html?_from=R40&_nkw=Wedge+Sponge&_sacat=26395&rt=nc&LH_ItemCondition=3&LH_BIN=1&rt=nc&LH_PrefLoc=1
Straightener,https://www.ebay.com/sch/i.html?_from=R40&_nkw=Straightener&_sacat=26395&rt=nc&LH_ItemCondition=3&LH_BIN=1&rt=nc&LH_PrefLoc=1
Purple Sponge,https://www.ebay.com/sch/i.html?_from=R40&_nkw=Purple+Sponge&_sacat=26395&rt=nc&LH_ItemCondition=3&LH_BIN=1&rt=nc&LH_PrefLoc=1
Blackhead Mask,https://www.ebay.com/sch/i.html?_from=R40&_nkw=Blackhead+Mask&_sacat=26395&rt=nc&LH_ItemCondition=3&LH_BIN=1&rt=nc&LH_PrefLoc=1
Ceramic Comb,https://www.ebay.com/sch/i.html?_from=R40&_nkw=Ceramic+Comb&_sacat=26395&rt=nc&LH_ItemCondition=3&LH_BIN=1&rt=nc&LH_PrefLoc=1
Detangling Combs,https://www.ebay.com/sch/i.html?_from=R40&_nkw=Detangling+Combs&_sacat=26395&rt=nc&LH_ItemCondition=3&LH_BIN=1&rt=nc&LH_PrefLoc=1
Buffing Brush,https://www.ebay.com/sch/i.html?_from=R40&_nkw=Buffing+Brush&_sacat=26395&rt=nc&LH_ItemCondition=3&LH_BIN=1&rt=nc&LH_PrefLoc=1
Hot styling,https://www.ebay.com/sch/i.html?_from=R40&_nkw=Hot+styling&_sacat=26395&rt=nc&LH_ItemCondition=3&LH_BIN=1&rt=nc&LH_PrefLoc=1
Flexirods Curls,https://www.ebay.com/sch/i.html?_from=R40&_nkw=Flexirods+Curls&_sacat=26395&rt=nc&LH_ItemCondition=3&LH_BIN=1&rt=nc&LH_PrefLoc=1
Fast-Drying Blow Dryer,https://www.ebay.com/sch/i.html?_from=R40&_nkw=Fast-Drying+Blow+Dryer&_sacat=26395&rt=nc&LH_ItemCondition=3&LH_BIN=1&rt=nc&LH_PrefLoc=1
Velvet Shine Brush,https://www.ebay.com/sch/i.html?_from=R40&_nkw=Velvet+Shine+Brush&_sacat=26395&rt=nc&LH_ItemCondition=3&LH_BIN=1&rt=nc&LH_PrefLoc=1
Glass Soap Pump,https://www.ebay.com/sch/i.html?_from=R40&_nkw=Glass+Soap+Pump&_sacat=26395&rt=nc&LH_ItemCondition=3&LH_BIN=1&rt=nc&LH_PrefLoc=1
LED Compact Mirror,https://www.ebay.com/sch/i.html?_from=R40&_nkw=LED+Compact+Mirror&_sacat=26395&rt=nc&LH_ItemCondition=3&LH_BIN=1&rt=nc&LH_PrefLoc=1
Coconut Hair Dryer,https://www.ebay.com/sch/i.html?_from=R40&_nkw=Coconut+Hair+Dryer&_sacat=26395&rt=nc&LH_ItemCondition=3&LH_BIN=1&rt=nc&LH_PrefLoc=1
Heat Press,https://www.ebay.com/sch/i.html?_from=R40&_nkw=Heat+Press&_sacat=26395&rt=nc&LH_ItemCondition=3&LH_BIN=1&rt=nc&LH_PrefLoc=1
Liquid Blush,https://www.ebay.com/sch/i.html?_from=R40&_nkw=Liquid+Blush&_sacat=26395&rt=nc&LH_ItemCondition=3&LH_BIN=1&rt=nc&LH_PrefLoc=1
Frizz Free Flat Iron,https://www.ebay.com/sch/i.html?_from=R40&_nkw=Frizz+Free+Flat+Iron&_sacat=26395&rt=nc&LH_ItemCondition=3&LH_BIN=1&rt=nc&LH_PrefLoc=1
High Speed Hair Dryer,https://www.ebay.com/sch/i.html?_from=R40&_nkw=High+Speed+Hair+Dryer&_sacat=26395&rt=nc&LH_ItemCondition=3&LH_BIN=1&rt=nc&LH_PrefLoc=1
Makeup Vanity,https://www.ebay.com/sch/i.html?_from=R40&_nkw=Makeup+Vanity&_sacat=26395&rt=nc&LH_ItemCondition=3&LH_BIN=1&rt=nc&LH_PrefLoc=1
Baby swabs,https://www.ebay.com/sch/i.html?_from=R40&_nkw=Baby+swabs&_sacat=26395&rt=nc&LH_ItemCondition=3&LH_BIN=1&rt=nc&LH_PrefLoc=1
Volumizing Iron,https://www.ebay.com/sch/i.html?_from=R40&_nkw=Volumizing+Iron&_sacat=26395&rt=nc&LH_ItemCondition=3&LH_BIN=1&rt=nc&LH_PrefLoc=1
360 Mirror,https://www.ebay.com/sch/i.html?_from=R40&_nkw=360+Mirror&_sacat=26395&rt=nc&LH_ItemCondition=3&LH_BIN=1&rt=nc&LH_PrefLoc=1
Eau de Parfum,https://www.ebay.com/sch/i.html?_from=R40&_nkw=Eau+de+Parfum&_sacat=26395&rt=nc&LH_ItemCondition=3&LH_BIN=1&rt=nc&LH_PrefLoc=1
Perfume Mist,https://www.ebay.com/sch/i.html?_from=R40&_nkw=Perfume+Mist&_sacat=26395&rt=nc&LH_ItemCondition=3&LH_BIN=1&rt=nc&LH_PrefLoc=1
Women's perfume,https://www.ebay.com/sch/i.html?_from=R40&_nkw=Women's+perfume&_sacat=26395&rt=nc&LH_ItemCondition=3&LH_BIN=1&rt=nc&LH_PrefLoc=1
Sweet Tooth Perfume,https://www.ebay.com/sch/i.html?_from=R40&_nkw=Sweet+Tooth+Perfume&_sacat=26395&rt=nc&LH_ItemCondition=3&LH_BIN=1&rt=nc&LH_PrefLoc=1
Body Spray,https://www.ebay.com/sch/i.html?_from=R40&_nkw=Body+Spray&_sacat=26395&rt=nc&LH_ItemCondition=3&LH_BIN=1&rt=nc&LH_PrefLoc=1
Classic perfume,https://www.ebay.com/sch/i.html?_from=R40&_nkw=Classic+perfume&_sacat=26395&rt=nc&LH_ItemCondition=3&LH_BIN=1&rt=nc&LH_PrefLoc=1
Lost Cherry,https://www.ebay.com/sch/i.html?_from=R40&_nkw=Lost+Cherry&_sacat=26395&rt=nc&LH_ItemCondition=3&LH_BIN=1&rt=nc&LH_PrefLoc=1
Oud Perfume,https://www.ebay.com/sch/i.html?_from=R40&_nkw=Oud+Perfume&_sacat=26395&rt=nc&LH_ItemCondition=3&LH_BIN=1&rt=nc&LH_PrefLoc=1
Eau de Toilette,https://www.ebay.com/sch/i.html?_from=R40&_nkw=Eau+de+Toilette&_sacat=26395&rt=nc&LH_ItemCondition=3&LH_BIN=1&rt=nc&LH_PrefLoc=1
Cloud Perfume,https://www.ebay.com/sch/i.html?_from=R40&_nkw=Cloud+Perfume&_sacat=26395&rt=nc&LH_ItemCondition=3&LH_BIN=1&rt=nc&LH_PrefLoc=1
Iconic Blend,https://www.ebay.com/sch/i.html?_from=R40&_nkw=Iconic+Blend&_sacat=26395&rt=nc&LH_ItemCondition=3&LH_BIN=1&rt=nc&LH_PrefLoc=1
Baby cologne,https://www.ebay.com/sch/i.html?_from=R40&_nkw=Baby+cologne&_sacat=26395&rt=nc&LH_ItemCondition=3&LH_BIN=1&rt=nc&LH_PrefLoc=1
Eau Tendre,https://www.ebay.com/sch/i.html?_from=R40&_nkw=Eau+Tendre&_sacat=26395&rt=nc&LH_ItemCondition=3&LH_BIN=1&rt=nc&LH_PrefLoc=1
Hibiscus Cologne,https://www.ebay.com/sch/i.html?_from=R40&_nkw=Hibiscus+Cologne&_sacat=26395&rt=nc&LH_ItemCondition=3&LH_BIN=1&rt=nc&LH_PrefLoc=1
Lilac perfume,https://www.ebay.com/sch/i.html?_from=R40&_nkw=Lilac+perfume&_sacat=26395&rt=nc&LH_ItemCondition=3&LH_BIN=1&rt=nc&LH_PrefLoc=1
Vintage cologne,https://www.ebay.com/sch/i.html?_from=R40&_nkw=Vintage+cologne&_sacat=26395&rt=nc&LH_ItemCondition=3&LH_BIN=1&rt=nc&LH_PrefLoc=1
