Keyword,Links
Laxative Gummies,https://www.ebay.com/sch/i.html?_from=R40&_nkw=Laxative+Gummies&_sacat=26395&rt=nc&LH_ItemCondition=3&LH_BIN=1&rt=nc&LH_PrefLoc=1
Sodium Phosphates,https://www.ebay.com/sch/i.html?_from=R40&_nkw=Sodium+Phosphates&_sacat=26395&rt=nc&LH_ItemCondition=3&LH_BIN=1&rt=nc&LH_PrefLoc=1
Milk laxative,https://www.ebay.com/sch/i.html?_from=R40&_nkw=Milk+laxative&_sacat=26395&rt=nc&LH_ItemCondition=3&LH_BIN=1&rt=nc&LH_PrefLoc=1
Mineral Oil,https://www.ebay.com/sch/i.html?_from=R40&_nkw=Mineral+Oil&_sacat=26395&rt=nc&LH_ItemCondition=3&LH_BIN=1&rt=nc&LH_PrefLoc=1
Colace Capsules,https://www.ebay.com/sch/i.html?_from=R40&_nkw=Colace+Capsules&_sacat=26395&rt=nc&LH_ItemCondition=3&LH_BIN=1&rt=nc&LH_PrefLoc=1
Laxative Antacid,https://www.ebay.com/sch/i.html?_from=R40&_nkw=Laxative+Antacid&_sacat=26395&rt=nc&LH_ItemCondition=3&LH_BIN=1&rt=nc&LH_PrefLoc=1
Senna Gummies,https://www.ebay.com/sch/i.html?_from=R40&_nkw=Senna+Gummies&_sacat=26395&rt=nc&LH_ItemCondition=3&LH_BIN=1&rt=nc&LH_PrefLoc=1
Loperamide Tablets,https://www.ebay.com/sch/i.html?_from=R40&_nkw=Loperamide+Tablets&_sacat=26395&rt=nc&LH_ItemCondition=3&LH_BIN=1&rt=nc&LH_PrefLoc=1
Magnesium Laxative,https://www.ebay.com/sch/i.html?_from=R40&_nkw=Magnesium+Laxative&_sacat=26395&rt=nc&LH_ItemCondition=3&LH_BIN=1&rt=nc&LH_PrefLoc=1
Overnight Relief,https://www.ebay.com/sch/i.html?_from=R40&_nkw=Overnight+Relief&_sacat=26395&rt=nc&LH_ItemCondition=3&LH_BIN=1&rt=nc&LH_PrefLoc=1
Ear drops,https://www.ebay.com/sch/i.html?_from=R40&_nkw=Ear+drops&_sacat=26395&rt=nc&LH_ItemCondition=3&LH_BIN=1&rt=nc&LH_PrefLoc=1
Constipation Support,https://www.ebay.com/sch/i.html?_from=R40&_nkw=Constipation+Support&_sacat=26395&rt=nc&LH_ItemCondition=3&LH_BIN=1&rt=nc&LH_PrefLoc=1
Senna Syrup,https://www.ebay.com/sch/i.html?_from=R40&_nkw=Senna+Syrup&_sacat=26395&rt=nc&LH_ItemCondition=3&LH_BIN=1&rt=nc&LH_PrefLoc=1
Senna Tablets,https://www.ebay.com/sch/i.html?_from=R40&_nkw=Senna+Tablets&_sacat=26395&rt=nc&LH_ItemCondition=3&LH_BIN=1&rt=nc&LH_PrefLoc=1
Laxative Softener,https://www.ebay.com/sch/i.html?_from=R40&_nkw=Laxative+Softener&_sacat=26395&rt=nc&LH_ItemCondition=3&LH_BIN=1&rt=nc&LH_PrefLoc=1
Aloe Vera,https://www.ebay.com/sch/i.html?_from=R40&_nkw=Aloe+Vera&_sacat=26395&rt=nc&LH_ItemCondition=3&LH_BIN=1&rt=nc&LH_PrefLoc=1
Laxative Tablet,https://www.ebay.com/sch/i.html?_from=R40&_nkw=Laxative+Tablet&_sacat=26395&rt=nc&LH_ItemCondition=3&LH_BIN=1&rt=nc&LH_PrefLoc=1
Smooth Move,https://www.ebay.com/sch/i.html?_from=R40&_nkw=Smooth+Move&_sacat=26395&rt=nc&LH_ItemCondition=3&LH_BIN=1&rt=nc&LH_PrefLoc=1
Colostomy Cleaner,https://www.ebay.com/sch/i.html?_from=R40&_nkw=Colostomy+Cleaner&_sacat=26395&rt=nc&LH_ItemCondition=3&LH_BIN=1&rt=nc&LH_PrefLoc=1
Dried Plum,https://www.ebay.com/sch/i.html?_from=R40&_nkw=Dried+Plum&_sacat=26395&rt=nc&LH_ItemCondition=3&LH_BIN=1&rt=nc&LH_PrefLoc=1
Reusable Set,https://www.ebay.com/sch/i.html?_from=R40&_nkw=Reusable+Set&_sacat=26395&rt=nc&LH_ItemCondition=3&LH_BIN=1&rt=nc&LH_PrefLoc=1
Senna Capsules,https://www.ebay.com/sch/i.html?_from=R40&_nkw=Senna+Capsules&_sacat=26395&rt=nc&LH_ItemCondition=3&LH_BIN=1&rt=nc&LH_PrefLoc=1
Enema Bag,https://www.ebay.com/sch/i.html?_from=R40&_nkw=Enema+Bag&_sacat=26395&rt=nc&LH_ItemCondition=3&LH_BIN=1&rt=nc&LH_PrefLoc=1
herbal laxative,https://www.ebay.com/sch/i.html?_from=R40&_nkw=herbal+laxative&_sacat=26395&rt=nc&LH_ItemCondition=3&LH_BIN=1&rt=nc&LH_PrefLoc=1
Children's stool softener,https://www.ebay.com/sch/i.html?_from=R40&_nkw=Children's+stool+softener&_sacat=26395&rt=nc&LH_ItemCondition=3&LH_BIN=1&rt=nc&LH_PrefLoc=1
Soft gels,https://www.ebay.com/sch/i.html?_from=R40&_nkw=Soft+gels&_sacat=26395&rt=nc&LH_ItemCondition=3&LH_BIN=1&rt=nc&LH_PrefLoc=1
Herbal Magnesium,https://www.ebay.com/sch/i.html?_from=R40&_nkw=Herbal+Magnesium&_sacat=26395&rt=nc&LH_ItemCondition=3&LH_BIN=1&rt=nc&LH_PrefLoc=1
Sugar Free Fiber,https://www.ebay.com/sch/i.html?_from=R40&_nkw=Sugar+Free+Fiber&_sacat=26395&rt=nc&LH_ItemCondition=3&LH_BIN=1&rt=nc&LH_PrefLoc=1
Enema Kit,https://www.ebay.com/sch/i.html?_from=R40&_nkw=Enema+Kit&_sacat=26395&rt=nc&LH_ItemCondition=3&LH_BIN=1&rt=nc&LH_PrefLoc=1
Grape Laxative,https://www.ebay.com/sch/i.html?_from=R40&_nkw=Grape+Laxative&_sacat=26395&rt=nc&LH_ItemCondition=3&LH_BIN=1&rt=nc&LH_PrefLoc=1
Sweet oil,https://www.ebay.com/sch/i.html?_from=R40&_nkw=Sweet+oil&_sacat=26395&rt=nc&LH_ItemCondition=3&LH_BIN=1&rt=nc&LH_PrefLoc=1
Bowel Relief,https://www.ebay.com/sch/i.html?_from=R40&_nkw=Bowel+Relief&_sacat=26395&rt=nc&LH_ItemCondition=3&LH_BIN=1&rt=nc&LH_PrefLoc=1
Cool Mist,https://www.ebay.com/sch/i.html?_from=R40&_nkw=Cool+Mist&_sacat=26395&rt=nc&LH_ItemCondition=3&LH_BIN=1&rt=nc&LH_PrefLoc=1
Senna Laxative,https://www.ebay.com/sch/i.html?_from=R40&_nkw=Senna+Laxative&_sacat=26395&rt=nc&LH_ItemCondition=3&LH_BIN=1&rt=nc&LH_PrefLoc=1
Elevator Inspector,https://www.ebay.com/sch/i.html?_from=R40&_nkw=Elevator+Inspector&_sacat=26395&rt=nc&LH_ItemCondition=3&LH_BIN=1&rt=nc&LH_PrefLoc=1
Lab Girl,https://www.ebay.com/sch/i.html?_from=R40&_nkw=Lab+Girl&_sacat=26395&rt=nc&LH_ItemCondition=3&LH_BIN=1&rt=nc&LH_PrefLoc=1
Catch and Kill,https://www.ebay.com/sch/i.html?_from=R40&_nkw=Catch+and+Kill&_sacat=26395&rt=nc&LH_ItemCondition=3&LH_BIN=1&rt=nc&LH_PrefLoc=1
Burning Girl,https://www.ebay.com/sch/i.html?_from=R40&_nkw=Burning+Girl&_sacat=26395&rt=nc&LH_ItemCondition=3&LH_BIN=1&rt=nc&LH_PrefLoc=1
Love Ruin,https://www.ebay.com/sch/i.html?_from=R40&_nkw=Love+Ruin&_sacat=26395&rt=nc&LH_ItemCondition=3&LH_BIN=1&rt=nc&LH_PrefLoc=1
Survivors Paperback,https://www.ebay.com/sch/i.html?_from=R40&_nkw=Survivors+Paperback&_sacat=26395&rt=nc&LH_ItemCondition=3&LH_BIN=1&rt=nc&LH_PrefLoc=1
Catch & Kill,https://www.ebay.com/sch/i.html?_from=R40&_nkw=Catch+&+Kill&_sacat=26395&rt=nc&LH_ItemCondition=3&LH_BIN=1&rt=nc&LH_PrefLoc=1
Sedating Elaine,https://www.ebay.com/sch/i.html?_from=R40&_nkw=Sedating+Elaine&_sacat=26395&rt=nc&LH_ItemCondition=3&LH_BIN=1&rt=nc&LH_PrefLoc=1
Prairie Fires,https://www.ebay.com/sch/i.html?_from=R40&_nkw=Prairie+Fires&_sacat=26395&rt=nc&LH_ItemCondition=3&LH_BIN=1&rt=nc&LH_PrefLoc=1
Underground Railroad,https://www.ebay.com/sch/i.html?_from=R40&_nkw=Underground+Railroad&_sacat=26395&rt=nc&LH_ItemCondition=3&LH_BIN=1&rt=nc&LH_PrefLoc=1
Pre-Owned Paperback,https://www.ebay.com/sch/i.html?_from=R40&_nkw=Pre-Owned+Paperback&_sacat=26395&rt=nc&LH_ItemCondition=3&LH_BIN=1&rt=nc&LH_PrefLoc=1
Rules Apply,https://www.ebay.com/sch/i.html?_from=R40&_nkw=Rules+Apply&_sacat=26395&rt=nc&LH_ItemCondition=3&LH_BIN=1&rt=nc&LH_PrefLoc=1
Harlem Shuffle,https://www.ebay.com/sch/i.html?_from=R40&_nkw=Harlem+Shuffle&_sacat=26395&rt=nc&LH_ItemCondition=3&LH_BIN=1&rt=nc&LH_PrefLoc=1
Reds Blues,https://www.ebay.com/sch/i.html?_from=R40&_nkw=Reds+Blues&_sacat=26395&rt=nc&LH_ItemCondition=3&LH_BIN=1&rt=nc&LH_PrefLoc=1
Saints Occasions,https://www.ebay.com/sch/i.html?_from=R40&_nkw=Saints+Occasions&_sacat=26395&rt=nc&LH_ItemCondition=3&LH_BIN=1&rt=nc&LH_PrefLoc=1
At the Table,https://www.ebay.com/sch/i.html?_from=R40&_nkw=At+the+Table&_sacat=26395&rt=nc&LH_ItemCondition=3&LH_BIN=1&rt=nc&LH_PrefLoc=1
