Keyword,Links
Organic Silica,https://www.ebay.com/sch/i.html?_from=R40&_nkw=Organic+Silica&_sacat=26395&rt=nc&LH_ItemCondition=3&LH_BIN=1&rt=nc&LH_PrefLoc=1
Alkaline Drops,https://www.ebay.com/sch/i.html?_from=R40&_nkw=Alkaline+Drops&_sacat=26395&rt=nc&LH_ItemCondition=3&LH_BIN=1&rt=nc&LH_PrefLoc=1
Salt substitute,https://www.ebay.com/sch/i.html?_from=R40&_nkw=Salt+substitute&_sacat=26395&rt=nc&LH_ItemCondition=3&LH_BIN=1&rt=nc&LH_PrefLoc=1
Liquid food,https://www.ebay.com/sch/i.html?_from=R40&_nkw=Liquid+food&_sacat=26395&rt=nc&LH_ItemCondition=3&LH_BIN=1&rt=nc&LH_PrefLoc=1
Hydrogen Tablets,https://www.ebay.com/sch/i.html?_from=R40&_nkw=Hydrogen+Tablets&_sacat=26395&rt=nc&LH_ItemCondition=3&LH_BIN=1&rt=nc&LH_PrefLoc=1
Calcium Caplets,https://www.ebay.com/sch/i.html?_from=R40&_nkw=Calcium+Caplets&_sacat=26395&rt=nc&LH_ItemCondition=3&LH_BIN=1&rt=nc&LH_PrefLoc=1
Magnesium Zinc,https://www.ebay.com/sch/i.html?_from=R40&_nkw=Magnesium+Zinc&_sacat=26395&rt=nc&LH_ItemCondition=3&LH_BIN=1&rt=nc&LH_PrefLoc=1
Bariatric Iron,https://www.ebay.com/sch/i.html?_from=R40&_nkw=Bariatric+Iron&_sacat=26395&rt=nc&LH_ItemCondition=3&LH_BIN=1&rt=nc&LH_PrefLoc=1
Iron drops,https://www.ebay.com/sch/i.html?_from=R40&_nkw=Iron+drops&_sacat=26395&rt=nc&LH_ItemCondition=3&LH_BIN=1&rt=nc&LH_PrefLoc=1
Potassium Powder,https://www.ebay.com/sch/i.html?_from=R40&_nkw=Potassium+Powder&_sacat=26395&rt=nc&LH_ItemCondition=3&LH_BIN=1&rt=nc&LH_PrefLoc=1
Bone strength,https://www.ebay.com/sch/i.html?_from=R40&_nkw=Bone+strength&_sacat=26395&rt=nc&LH_ItemCondition=3&LH_BIN=1&rt=nc&LH_PrefLoc=1
Ferrex capsules,https://www.ebay.com/sch/i.html?_from=R40&_nkw=Ferrex+capsules&_sacat=26395&rt=nc&LH_ItemCondition=3&LH_BIN=1&rt=nc&LH_PrefLoc=1
Calcium Liquid,https://www.ebay.com/sch/i.html?_from=R40&_nkw=Calcium+Liquid&_sacat=26395&rt=nc&LH_ItemCondition=3&LH_BIN=1&rt=nc&LH_PrefLoc=1
Calcium D3,https://www.ebay.com/sch/i.html?_from=R40&_nkw=Calcium+D3&_sacat=26395&rt=nc&LH_ItemCondition=3&LH_BIN=1&rt=nc&LH_PrefLoc=1
Ferrous Gluconate,https://www.ebay.com/sch/i.html?_from=R40&_nkw=Ferrous+Gluconate&_sacat=26395&rt=nc&LH_ItemCondition=3&LH_BIN=1&rt=nc&LH_PrefLoc=1
Kidney supplement,https://www.ebay.com/sch/i.html?_from=R40&_nkw=Kidney+supplement&_sacat=26395&rt=nc&LH_ItemCondition=3&LH_BIN=1&rt=nc&LH_PrefLoc=1
Muscle Recovery,https://www.ebay.com/sch/i.html?_from=R40&_nkw=Muscle+Recovery&_sacat=26395&rt=nc&LH_ItemCondition=3&LH_BIN=1&rt=nc&LH_PrefLoc=1
Daily Minerals,https://www.ebay.com/sch/i.html?_from=R40&_nkw=Daily+Minerals&_sacat=26395&rt=nc&LH_ItemCondition=3&LH_BIN=1&rt=nc&LH_PrefLoc=1
Calcium Carbonate,https://www.ebay.com/sch/i.html?_from=R40&_nkw=Calcium+Carbonate&_sacat=26395&rt=nc&LH_ItemCondition=3&LH_BIN=1&rt=nc&LH_PrefLoc=1
Magnesium Oxide,https://www.ebay.com/sch/i.html?_from=R40&_nkw=Magnesium+Oxide&_sacat=26395&rt=nc&LH_ItemCondition=3&LH_BIN=1&rt=nc&LH_PrefLoc=1
Boron Complex,https://www.ebay.com/sch/i.html?_from=R40&_nkw=Boron+Complex&_sacat=26395&rt=nc&LH_ItemCondition=3&LH_BIN=1&rt=nc&LH_PrefLoc=1
Potassium Chloride,https://www.ebay.com/sch/i.html?_from=R40&_nkw=Potassium+Chloride&_sacat=26395&rt=nc&LH_ItemCondition=3&LH_BIN=1&rt=nc&LH_PrefLoc=1
Gummy supplements,https://www.ebay.com/sch/i.html?_from=R40&_nkw=Gummy+supplements&_sacat=26395&rt=nc&LH_ItemCondition=3&LH_BIN=1&rt=nc&LH_PrefLoc=1
Water Pill,https://www.ebay.com/sch/i.html?_from=R40&_nkw=Water+Pill&_sacat=26395&rt=nc&LH_ItemCondition=3&LH_BIN=1&rt=nc&LH_PrefLoc=1
Stomach Relief,https://www.ebay.com/sch/i.html?_from=R40&_nkw=Stomach+Relief&_sacat=26395&rt=nc&LH_ItemCondition=3&LH_BIN=1&rt=nc&LH_PrefLoc=1
Ox Bile,https://www.ebay.com/sch/i.html?_from=R40&_nkw=Ox+Bile&_sacat=26395&rt=nc&LH_ItemCondition=3&LH_BIN=1&rt=nc&LH_PrefLoc=1
Ferosul Tablets,https://www.ebay.com/sch/i.html?_from=R40&_nkw=Ferosul+Tablets&_sacat=26395&rt=nc&LH_ItemCondition=3&LH_BIN=1&rt=nc&LH_PrefLoc=1
Cortisol Detox,https://www.ebay.com/sch/i.html?_from=R40&_nkw=Cortisol+Detox&_sacat=26395&rt=nc&LH_ItemCondition=3&LH_BIN=1&rt=nc&LH_PrefLoc=1
Ferrous Sulfate,https://www.ebay.com/sch/i.html?_from=R40&_nkw=Ferrous+Sulfate&_sacat=26395&rt=nc&LH_ItemCondition=3&LH_BIN=1&rt=nc&LH_PrefLoc=1
Bone density,https://www.ebay.com/sch/i.html?_from=R40&_nkw=Bone+density&_sacat=26395&rt=nc&LH_ItemCondition=3&LH_BIN=1&rt=nc&LH_PrefLoc=1
Zinc Carnosine,https://www.ebay.com/sch/i.html?_from=R40&_nkw=Zinc+Carnosine&_sacat=26395&rt=nc&LH_ItemCondition=3&LH_BIN=1&rt=nc&LH_PrefLoc=1
Chewable Calcium,https://www.ebay.com/sch/i.html?_from=R40&_nkw=Chewable+Calcium&_sacat=26395&rt=nc&LH_ItemCondition=3&LH_BIN=1&rt=nc&LH_PrefLoc=1
Potassium Iodide,https://www.ebay.com/sch/i.html?_from=R40&_nkw=Potassium+Iodide&_sacat=26395&rt=nc&LH_ItemCondition=3&LH_BIN=1&rt=nc&LH_PrefLoc=1
Lithium Orotate,https://www.ebay.com/sch/i.html?_from=R40&_nkw=Lithium+Orotate&_sacat=26395&rt=nc&LH_ItemCondition=3&LH_BIN=1&rt=nc&LH_PrefLoc=1
Bioavailable Magnesium,https://www.ebay.com/sch/i.html?_from=R40&_nkw=Bioavailable+Magnesium&_sacat=26395&rt=nc&LH_ItemCondition=3&LH_BIN=1&rt=nc&LH_PrefLoc=1
Boron capsules,https://www.ebay.com/sch/i.html?_from=R40&_nkw=Boron+capsules&_sacat=26395&rt=nc&LH_ItemCondition=3&LH_BIN=1&rt=nc&LH_PrefLoc=1
Chewable Iron,https://www.ebay.com/sch/i.html?_from=R40&_nkw=Chewable+Iron&_sacat=26395&rt=nc&LH_ItemCondition=3&LH_BIN=1&rt=nc&LH_PrefLoc=1
Relax Magnesium,https://www.ebay.com/sch/i.html?_from=R40&_nkw=Relax+Magnesium&_sacat=26395&rt=nc&LH_ItemCondition=3&LH_BIN=1&rt=nc&LH_PrefLoc=1
Slow Iron,https://www.ebay.com/sch/i.html?_from=R40&_nkw=Slow+Iron&_sacat=26395&rt=nc&LH_ItemCondition=3&LH_BIN=1&rt=nc&LH_PrefLoc=1
Melatonin Tablets,https://www.ebay.com/sch/i.html?_from=R40&_nkw=Melatonin+Tablets&_sacat=26395&rt=nc&LH_ItemCondition=3&LH_BIN=1&rt=nc&LH_PrefLoc=1
Irish Sea Moss,https://www.ebay.com/sch/i.html?_from=R40&_nkw=Irish+Sea+Moss&_sacat=26395&rt=nc&LH_ItemCondition=3&LH_BIN=1&rt=nc&LH_PrefLoc=1
Calcium Fluoride,https://www.ebay.com/sch/i.html?_from=R40&_nkw=Calcium+Fluoride&_sacat=26395&rt=nc&LH_ItemCondition=3&LH_BIN=1&rt=nc&LH_PrefLoc=1
Zeolite Detox,https://www.ebay.com/sch/i.html?_from=R40&_nkw=Zeolite+Detox&_sacat=26395&rt=nc&LH_ItemCondition=3&LH_BIN=1&rt=nc&LH_PrefLoc=1
Ionic Zinc,https://www.ebay.com/sch/i.html?_from=R40&_nkw=Ionic+Zinc&_sacat=26395&rt=nc&LH_ItemCondition=3&LH_BIN=1&rt=nc&LH_PrefLoc=1
Protein Magnesium,https://www.ebay.com/sch/i.html?_from=R40&_nkw=Protein+Magnesium&_sacat=26395&rt=nc&LH_ItemCondition=3&LH_BIN=1&rt=nc&LH_PrefLoc=1
Magnesium Carbonate,https://www.ebay.com/sch/i.html?_from=R40&_nkw=Magnesium+Carbonate&_sacat=26395&rt=nc&LH_ItemCondition=3&LH_BIN=1&rt=nc&LH_PrefLoc=1
Glucosamine Chondroitin,https://www.ebay.com/sch/i.html?_from=R40&_nkw=Glucosamine+Chondroitin&_sacat=26395&rt=nc&LH_ItemCondition=3&LH_BIN=1&rt=nc&LH_PrefLoc=1
Iodine Tablets,https://www.ebay.com/sch/i.html?_from=R40&_nkw=Iodine+Tablets&_sacat=26395&rt=nc&LH_ItemCondition=3&LH_BIN=1&rt=nc&LH_PrefLoc=1
Chelated Manganese,https://www.ebay.com/sch/i.html?_from=R40&_nkw=Chelated+Manganese&_sacat=26395&rt=nc&LH_ItemCondition=3&LH_BIN=1&rt=nc&LH_PrefLoc=1
Chelated Copper,https://www.ebay.com/sch/i.html?_from=R40&_nkw=Chelated+Copper&_sacat=26395&rt=nc&LH_ItemCondition=3&LH_BIN=1&rt=nc&LH_PrefLoc=1
