Keyword,Links
Curly custard,https://www.amazon.com/s?k=Curly+custard&i=beauty&s=exact-aware-popularity-rank&ref=sr_st_exact-aware-popularity-rank
Bristle Brush,https://www.amazon.com/s?k=Bristle+Brush&i=beauty&s=exact-aware-popularity-rank&ref=sr_st_exact-aware-popularity-rank
Scar Sheets,https://www.amazon.com/s?k=Scar+Sheets&i=beauty&s=exact-aware-popularity-rank&ref=sr_st_exact-aware-popularity-rank
Boar Bristle,https://www.amazon.com/s?k=Boar+Bristle&i=beauty&s=exact-aware-popularity-rank&ref=sr_st_exact-aware-popularity-rank
Ponytail Control,https://www.amazon.com/s?k=Ponytail+Control&i=beauty&s=exact-aware-popularity-rank&ref=sr_st_exact-aware-popularity-rank
Curly Detangler,https://www.amazon.com/s?k=Curly+Detangler&i=beauty&s=exact-aware-popularity-rank&ref=sr_st_exact-aware-popularity-rank
Detangling Moisturizer,https://www.amazon.com/s?k=Detangling+Moisturizer&i=beauty&s=exact-aware-popularity-rank&ref=sr_st_exact-aware-popularity-rank
Leave In,https://www.amazon.com/s?k=Leave+In&i=beauty&s=exact-aware-popularity-rank&ref=sr_st_exact-aware-popularity-rank
Hairbrush Comb,https://www.amazon.com/s?k=Hairbrush+Comb&i=beauty&s=exact-aware-popularity-rank&ref=sr_st_exact-aware-popularity-rank
Travel Hair Brush,https://www.amazon.com/s?k=Travel+Hair+Brush&i=beauty&s=exact-aware-popularity-rank&ref=sr_st_exact-aware-popularity-rank
Moisturizer Detangler,https://www.amazon.com/s?k=Moisturizer+Detangler&i=beauty&s=exact-aware-popularity-rank&ref=sr_st_exact-aware-popularity-rank
Nourishing Duo,https://www.amazon.com/s?k=Nourishing+Duo&i=beauty&s=exact-aware-popularity-rank&ref=sr_st_exact-aware-popularity-rank
Conditioner Detangler,https://www.amazon.com/s?k=Conditioner+Detangler&i=beauty&s=exact-aware-popularity-rank&ref=sr_st_exact-aware-popularity-rank
Kids Hair Oil,https://www.amazon.com/s?k=Kids+Hair+Oil&i=beauty&s=exact-aware-popularity-rank&ref=sr_st_exact-aware-popularity-rank
Detangling Lotion,https://www.amazon.com/s?k=Detangling+Lotion&i=beauty&s=exact-aware-popularity-rank&ref=sr_st_exact-aware-popularity-rank
Curl-Defining Shampoo,https://www.amazon.com/s?k=Curl-Defining+Shampoo&i=beauty&s=exact-aware-popularity-rank&ref=sr_st_exact-aware-popularity-rank
Hair custard,https://www.amazon.com/s?k=Hair+custard&i=beauty&s=exact-aware-popularity-rank&ref=sr_st_exact-aware-popularity-rank
Curls Cream,https://www.amazon.com/s?k=Curls+Cream&i=beauty&s=exact-aware-popularity-rank&ref=sr_st_exact-aware-popularity-rank
Styling Custard,https://www.amazon.com/s?k=Styling+Custard&i=beauty&s=exact-aware-popularity-rank&ref=sr_st_exact-aware-popularity-rank
Honey Wash,https://www.amazon.com/s?k=Honey+Wash&i=beauty&s=exact-aware-popularity-rank&ref=sr_st_exact-aware-popularity-rank
Curl tonic,https://www.amazon.com/s?k=Curl+tonic&i=beauty&s=exact-aware-popularity-rank&ref=sr_st_exact-aware-popularity-rank
Kids Curl,https://www.amazon.com/s?k=Kids+Curl&i=beauty&s=exact-aware-popularity-rank&ref=sr_st_exact-aware-popularity-rank
Kids Hair Care,https://www.amazon.com/s?k=Kids+Hair+Care&i=beauty&s=exact-aware-popularity-rank&ref=sr_st_exact-aware-popularity-rank
Kids Mousse,https://www.amazon.com/s?k=Kids+Mousse&i=beauty&s=exact-aware-popularity-rank&ref=sr_st_exact-aware-popularity-rank
Cat Hairbrush,https://www.amazon.com/s?k=Cat+Hairbrush&i=beauty&s=exact-aware-popularity-rank&ref=sr_st_exact-aware-popularity-rank
Curly gel,https://www.amazon.com/s?k=Curly+gel&i=beauty&s=exact-aware-popularity-rank&ref=sr_st_exact-aware-popularity-rank
Curved Brush,https://www.amazon.com/s?k=Curved+Brush&i=beauty&s=exact-aware-popularity-rank&ref=sr_st_exact-aware-popularity-rank
Haircare Custard,https://www.amazon.com/s?k=Haircare+Custard&i=beauty&s=exact-aware-popularity-rank&ref=sr_st_exact-aware-popularity-rank
Vented Round Brush,https://www.amazon.com/s?k=Vented+Round+Brush&i=beauty&s=exact-aware-popularity-rank&ref=sr_st_exact-aware-popularity-rank
Kids' shampoo,https://www.amazon.com/s?k=Kids'+shampoo&i=beauty&s=exact-aware-popularity-rank&ref=sr_st_exact-aware-popularity-rank
Coconut Detangler,https://www.amazon.com/s?k=Coconut+Detangler&i=beauty&s=exact-aware-popularity-rank&ref=sr_st_exact-aware-popularity-rank
Anti-Reversion Shampoo,https://www.amazon.com/s?k=Anti-Reversion+Shampoo&i=beauty&s=exact-aware-popularity-rank&ref=sr_st_exact-aware-popularity-rank
Anti Dandruff,https://www.amazon.com/s?k=Anti+Dandruff&i=beauty&s=exact-aware-popularity-rank&ref=sr_st_exact-aware-popularity-rank
Avocado Shampoo,https://www.amazon.com/s?k=Avocado+Shampoo&i=beauty&s=exact-aware-popularity-rank&ref=sr_st_exact-aware-popularity-rank
Wooden Brush,https://www.amazon.com/s?k=Wooden+Brush&i=beauty&s=exact-aware-popularity-rank&ref=sr_st_exact-aware-popularity-rank
Glitter Brush,https://www.amazon.com/s?k=Glitter+Brush&i=beauty&s=exact-aware-popularity-rank&ref=sr_st_exact-aware-popularity-rank
Hair Sponge,https://www.amazon.com/s?k=Hair+Sponge&i=beauty&s=exact-aware-popularity-rank&ref=sr_st_exact-aware-popularity-rank
Rice Water,https://www.amazon.com/s?k=Rice+Water&i=beauty&s=exact-aware-popularity-rank&ref=sr_st_exact-aware-popularity-rank
Curly Comb,https://www.amazon.com/s?k=Curly+Comb&i=beauty&s=exact-aware-popularity-rank&ref=sr_st_exact-aware-popularity-rank
Ultra-soft Brush,https://www.amazon.com/s?k=Ultra-soft+Brush&i=beauty&s=exact-aware-popularity-rank&ref=sr_st_exact-aware-popularity-rank
Kids Custard,https://www.amazon.com/s?k=Kids+Custard&i=beauty&s=exact-aware-popularity-rank&ref=sr_st_exact-aware-popularity-rank
Teasing Brush,https://www.amazon.com/s?k=Teasing+Brush&i=beauty&s=exact-aware-popularity-rank&ref=sr_st_exact-aware-popularity-rank
Curl custard,https://www.amazon.com/s?k=Curl+custard&i=beauty&s=exact-aware-popularity-rank&ref=sr_st_exact-aware-popularity-rank
Punk Wigs,https://www.amazon.com/s?k=Punk+Wigs&i=beauty&s=exact-aware-popularity-rank&ref=sr_st_exact-aware-popularity-rank
Travel Hairbrush,https://www.amazon.com/s?k=Travel+Hairbrush&i=beauty&s=exact-aware-popularity-rank&ref=sr_st_exact-aware-popularity-rank
Tungsten Beads,https://www.amazon.com/s?k=Tungsten+Beads&i=beauty&s=exact-aware-popularity-rank&ref=sr_st_exact-aware-popularity-rank
Pore Shampoo,https://www.amazon.com/s?k=Pore+Shampoo&i=beauty&s=exact-aware-popularity-rank&ref=sr_st_exact-aware-popularity-rank
Collagen Patch,https://www.amazon.com/s?k=Collagen+Patch&i=beauty&s=exact-aware-popularity-rank&ref=sr_st_exact-aware-popularity-rank
Curl Moisturizer,https://www.amazon.com/s?k=Curl+Moisturizer&i=beauty&s=exact-aware-popularity-rank&ref=sr_st_exact-aware-popularity-rank
Shea Conditioner,https://www.amazon.com/s?k=Shea+Conditioner&i=beauty&s=exact-aware-popularity-rank&ref=sr_st_exact-aware-popularity-rank
