Keyword,Links
Curly custard,https://www.ebay.com/sch/i.html?_from=R40&_nkw=Curly+custard&_sacat=26395&rt=nc&LH_ItemCondition=3&LH_BIN=1&rt=nc&LH_PrefLoc=1
Bristle Brush,https://www.ebay.com/sch/i.html?_from=R40&_nkw=Bristle+Brush&_sacat=26395&rt=nc&LH_ItemCondition=3&LH_BIN=1&rt=nc&LH_PrefLoc=1
Scar Sheets,https://www.ebay.com/sch/i.html?_from=R40&_nkw=Scar+Sheets&_sacat=26395&rt=nc&LH_ItemCondition=3&LH_BIN=1&rt=nc&LH_PrefLoc=1
Boar Bristle,https://www.ebay.com/sch/i.html?_from=R40&_nkw=Boar+Bristle&_sacat=26395&rt=nc&LH_ItemCondition=3&LH_BIN=1&rt=nc&LH_PrefLoc=1
Ponytail Control,https://www.ebay.com/sch/i.html?_from=R40&_nkw=Ponytail+Control&_sacat=26395&rt=nc&LH_ItemCondition=3&LH_BIN=1&rt=nc&LH_PrefLoc=1
Curly Detangler,https://www.ebay.com/sch/i.html?_from=R40&_nkw=Curly+Detangler&_sacat=26395&rt=nc&LH_ItemCondition=3&LH_BIN=1&rt=nc&LH_PrefLoc=1
Detangling Moisturizer,https://www.ebay.com/sch/i.html?_from=R40&_nkw=Detangling+Moisturizer&_sacat=26395&rt=nc&LH_ItemCondition=3&LH_BIN=1&rt=nc&LH_PrefLoc=1
Leave In,https://www.ebay.com/sch/i.html?_from=R40&_nkw=Leave+In&_sacat=26395&rt=nc&LH_ItemCondition=3&LH_BIN=1&rt=nc&LH_PrefLoc=1
Hairbrush Comb,https://www.ebay.com/sch/i.html?_from=R40&_nkw=Hairbrush+Comb&_sacat=26395&rt=nc&LH_ItemCondition=3&LH_BIN=1&rt=nc&LH_PrefLoc=1
Travel Hair Brush,https://www.ebay.com/sch/i.html?_from=R40&_nkw=Travel+Hair+Brush&_sacat=26395&rt=nc&LH_ItemCondition=3&LH_BIN=1&rt=nc&LH_PrefLoc=1
Moisturizer Detangler,https://www.ebay.com/sch/i.html?_from=R40&_nkw=Moisturizer+Detangler&_sacat=26395&rt=nc&LH_ItemCondition=3&LH_BIN=1&rt=nc&LH_PrefLoc=1
Nourishing Duo,https://www.ebay.com/sch/i.html?_from=R40&_nkw=Nourishing+Duo&_sacat=26395&rt=nc&LH_ItemCondition=3&LH_BIN=1&rt=nc&LH_PrefLoc=1
Conditioner Detangler,https://www.ebay.com/sch/i.html?_from=R40&_nkw=Conditioner+Detangler&_sacat=26395&rt=nc&LH_ItemCondition=3&LH_BIN=1&rt=nc&LH_PrefLoc=1
Kids Hair Oil,https://www.ebay.com/sch/i.html?_from=R40&_nkw=Kids+Hair+Oil&_sacat=26395&rt=nc&LH_ItemCondition=3&LH_BIN=1&rt=nc&LH_PrefLoc=1
Detangling Lotion,https://www.ebay.com/sch/i.html?_from=R40&_nkw=Detangling+Lotion&_sacat=26395&rt=nc&LH_ItemCondition=3&LH_BIN=1&rt=nc&LH_PrefLoc=1
Curl-Defining Shampoo,https://www.ebay.com/sch/i.html?_from=R40&_nkw=Curl-Defining+Shampoo&_sacat=26395&rt=nc&LH_ItemCondition=3&LH_BIN=1&rt=nc&LH_PrefLoc=1
Hair custard,https://www.ebay.com/sch/i.html?_from=R40&_nkw=Hair+custard&_sacat=26395&rt=nc&LH_ItemCondition=3&LH_BIN=1&rt=nc&LH_PrefLoc=1
Curls Cream,https://www.ebay.com/sch/i.html?_from=R40&_nkw=Curls+Cream&_sacat=26395&rt=nc&LH_ItemCondition=3&LH_BIN=1&rt=nc&LH_PrefLoc=1
Styling Custard,https://www.ebay.com/sch/i.html?_from=R40&_nkw=Styling+Custard&_sacat=26395&rt=nc&LH_ItemCondition=3&LH_BIN=1&rt=nc&LH_PrefLoc=1
Honey Wash,https://www.ebay.com/sch/i.html?_from=R40&_nkw=Honey+Wash&_sacat=26395&rt=nc&LH_ItemCondition=3&LH_BIN=1&rt=nc&LH_PrefLoc=1
Curl tonic,https://www.ebay.com/sch/i.html?_from=R40&_nkw=Curl+tonic&_sacat=26395&rt=nc&LH_ItemCondition=3&LH_BIN=1&rt=nc&LH_PrefLoc=1
Kids Curl,https://www.ebay.com/sch/i.html?_from=R40&_nkw=Kids+Curl&_sacat=26395&rt=nc&LH_ItemCondition=3&LH_BIN=1&rt=nc&LH_PrefLoc=1
Kids Hair Care,https://www.ebay.com/sch/i.html?_from=R40&_nkw=Kids+Hair+Care&_sacat=26395&rt=nc&LH_ItemCondition=3&LH_BIN=1&rt=nc&LH_PrefLoc=1
Kids Mousse,https://www.ebay.com/sch/i.html?_from=R40&_nkw=Kids+Mousse&_sacat=26395&rt=nc&LH_ItemCondition=3&LH_BIN=1&rt=nc&LH_PrefLoc=1
Cat Hairbrush,https://www.ebay.com/sch/i.html?_from=R40&_nkw=Cat+Hairbrush&_sacat=26395&rt=nc&LH_ItemCondition=3&LH_BIN=1&rt=nc&LH_PrefLoc=1
Curly gel,https://www.ebay.com/sch/i.html?_from=R40&_nkw=Curly+gel&_sacat=26395&rt=nc&LH_ItemCondition=3&LH_BIN=1&rt=nc&LH_PrefLoc=1
Curved Brush,https://www.ebay.com/sch/i.html?_from=R40&_nkw=Curved+Brush&_sacat=26395&rt=nc&LH_ItemCondition=3&LH_BIN=1&rt=nc&LH_PrefLoc=1
Haircare Custard,https://www.ebay.com/sch/i.html?_from=R40&_nkw=Haircare+Custard&_sacat=26395&rt=nc&LH_ItemCondition=3&LH_BIN=1&rt=nc&LH_PrefLoc=1
Vented Round Brush,https://www.ebay.com/sch/i.html?_from=R40&_nkw=Vented+Round+Brush&_sacat=26395&rt=nc&LH_ItemCondition=3&LH_BIN=1&rt=nc&LH_PrefLoc=1
Kids' shampoo,https://www.ebay.com/sch/i.html?_from=R40&_nkw=Kids'+shampoo&_sacat=26395&rt=nc&LH_ItemCondition=3&LH_BIN=1&rt=nc&LH_PrefLoc=1
Coconut Detangler,https://www.ebay.com/sch/i.html?_from=R40&_nkw=Coconut+Detangler&_sacat=26395&rt=nc&LH_ItemCondition=3&LH_BIN=1&rt=nc&LH_PrefLoc=1
Anti-Reversion Shampoo,https://www.ebay.com/sch/i.html?_from=R40&_nkw=Anti-Reversion+Shampoo&_sacat=26395&rt=nc&LH_ItemCondition=3&LH_BIN=1&rt=nc&LH_PrefLoc=1
Anti Dandruff,https://www.ebay.com/sch/i.html?_from=R40&_nkw=Anti+Dandruff&_sacat=26395&rt=nc&LH_ItemCondition=3&LH_BIN=1&rt=nc&LH_PrefLoc=1
Avocado Shampoo,https://www.ebay.com/sch/i.html?_from=R40&_nkw=Avocado+Shampoo&_sacat=26395&rt=nc&LH_ItemCondition=3&LH_BIN=1&rt=nc&LH_PrefLoc=1
Wooden Brush,https://www.ebay.com/sch/i.html?_from=R40&_nkw=Wooden+Brush&_sacat=26395&rt=nc&LH_ItemCondition=3&LH_BIN=1&rt=nc&LH_PrefLoc=1
Glitter Brush,https://www.ebay.com/sch/i.html?_from=R40&_nkw=Glitter+Brush&_sacat=26395&rt=nc&LH_ItemCondition=3&LH_BIN=1&rt=nc&LH_PrefLoc=1
Hair Sponge,https://www.ebay.com/sch/i.html?_from=R40&_nkw=Hair+Sponge&_sacat=26395&rt=nc&LH_ItemCondition=3&LH_BIN=1&rt=nc&LH_PrefLoc=1
Rice Water,https://www.ebay.com/sch/i.html?_from=R40&_nkw=Rice+Water&_sacat=26395&rt=nc&LH_ItemCondition=3&LH_BIN=1&rt=nc&LH_PrefLoc=1
Curly Comb,https://www.ebay.com/sch/i.html?_from=R40&_nkw=Curly+Comb&_sacat=26395&rt=nc&LH_ItemCondition=3&LH_BIN=1&rt=nc&LH_PrefLoc=1
Ultra-soft Brush,https://www.ebay.com/sch/i.html?_from=R40&_nkw=Ultra-soft+Brush&_sacat=26395&rt=nc&LH_ItemCondition=3&LH_BIN=1&rt=nc&LH_PrefLoc=1
Kids Custard,https://www.ebay.com/sch/i.html?_from=R40&_nkw=Kids+Custard&_sacat=26395&rt=nc&LH_ItemCondition=3&LH_BIN=1&rt=nc&LH_PrefLoc=1
Teasing Brush,https://www.ebay.com/sch/i.html?_from=R40&_nkw=Teasing+Brush&_sacat=26395&rt=nc&LH_ItemCondition=3&LH_BIN=1&rt=nc&LH_PrefLoc=1
Curl custard,https://www.ebay.com/sch/i.html?_from=R40&_nkw=Curl+custard&_sacat=26395&rt=nc&LH_ItemCondition=3&LH_BIN=1&rt=nc&LH_PrefLoc=1
Punk Wigs,https://www.ebay.com/sch/i.html?_from=R40&_nkw=Punk+Wigs&_sacat=26395&rt=nc&LH_ItemCondition=3&LH_BIN=1&rt=nc&LH_PrefLoc=1
Travel Hairbrush,https://www.ebay.com/sch/i.html?_from=R40&_nkw=Travel+Hairbrush&_sacat=26395&rt=nc&LH_ItemCondition=3&LH_BIN=1&rt=nc&LH_PrefLoc=1
Tungsten Beads,https://www.ebay.com/sch/i.html?_from=R40&_nkw=Tungsten+Beads&_sacat=26395&rt=nc&LH_ItemCondition=3&LH_BIN=1&rt=nc&LH_PrefLoc=1
Pore Shampoo,https://www.ebay.com/sch/i.html?_from=R40&_nkw=Pore+Shampoo&_sacat=26395&rt=nc&LH_ItemCondition=3&LH_BIN=1&rt=nc&LH_PrefLoc=1
Collagen Patch,https://www.ebay.com/sch/i.html?_from=R40&_nkw=Collagen+Patch&_sacat=26395&rt=nc&LH_ItemCondition=3&LH_BIN=1&rt=nc&LH_PrefLoc=1
Curl Moisturizer,https://www.ebay.com/sch/i.html?_from=R40&_nkw=Curl+Moisturizer&_sacat=26395&rt=nc&LH_ItemCondition=3&LH_BIN=1&rt=nc&LH_PrefLoc=1
Shea Conditioner,https://www.ebay.com/sch/i.html?_from=R40&_nkw=Shea+Conditioner&_sacat=26395&rt=nc&LH_ItemCondition=3&LH_BIN=1&rt=nc&LH_PrefLoc=1
