Keyword,Links
Teen multivitamins,https://www.amazon.com/s?k=Teen+multivitamins&i=hpc&s=exact-aware-popularity-rank&ref=sr_st_exact-aware-popularity-rank
High-Potency Multivitamin,https://www.amazon.com/s?k=High-Potency+Multivitamin&i=hpc&s=exact-aware-popularity-rank&ref=sr_st_exact-aware-popularity-rank
Daily Vitamins,https://www.amazon.com/s?k=Daily+Vitamins&i=hpc&s=exact-aware-popularity-rank&ref=sr_st_exact-aware-popularity-rank
Grapefruit Extract,https://www.amazon.com/s?k=Grapefruit+Extract&i=hpc&s=exact-aware-popularity-rank&ref=sr_st_exact-aware-popularity-rank
Pancreatic Enzymes,https://www.amazon.com/s?k=Pancreatic+Enzymes&i=hpc&s=exact-aware-popularity-rank&ref=sr_st_exact-aware-popularity-rank
Vitamin C Mix,https://www.amazon.com/s?k=Vitamin+C+Mix&i=hpc&s=exact-aware-popularity-rank&ref=sr_st_exact-aware-popularity-rank
Multivitamin Capsules,https://www.amazon.com/s?k=Multivitamin+Capsules&i=hpc&s=exact-aware-popularity-rank&ref=sr_st_exact-aware-popularity-rank
Electrolyte Drink,https://www.amazon.com/s?k=Electrolyte+Drink&i=hpc&s=exact-aware-popularity-rank&ref=sr_st_exact-aware-popularity-rank
Senolytic Activator,https://www.amazon.com/s?k=Senolytic+Activator&i=hpc&s=exact-aware-popularity-rank&ref=sr_st_exact-aware-popularity-rank
Liposomal Colostrum,https://www.amazon.com/s?k=Liposomal+Colostrum&i=hpc&s=exact-aware-popularity-rank&ref=sr_st_exact-aware-popularity-rank
Acai Extract,https://www.amazon.com/s?k=Acai+Extract&i=hpc&s=exact-aware-popularity-rank&ref=sr_st_exact-aware-popularity-rank
L-Arginine Supplement,https://www.amazon.com/s?k=L-Arginine+Supplement&i=hpc&s=exact-aware-popularity-rank&ref=sr_st_exact-aware-popularity-rank
Turkesterone Extract,https://www.amazon.com/s?k=Turkesterone+Extract&i=hpc&s=exact-aware-popularity-rank&ref=sr_st_exact-aware-popularity-rank
Alpha-Lipoic Acid,https://www.amazon.com/s?k=Alpha-Lipoic+Acid&i=hpc&s=exact-aware-popularity-rank&ref=sr_st_exact-aware-popularity-rank
Probiotic Cranberry,https://www.amazon.com/s?k=Probiotic+Cranberry&i=hpc&s=exact-aware-popularity-rank&ref=sr_st_exact-aware-popularity-rank
Liquid B Complete,https://www.amazon.com/s?k=Liquid+B+Complete&i=hpc&s=exact-aware-popularity-rank&ref=sr_st_exact-aware-popularity-rank
B-Complex Supplements,https://www.amazon.com/s?k=B-Complex+Supplements&i=hpc&s=exact-aware-popularity-rank&ref=sr_st_exact-aware-popularity-rank
Zinc Immune,https://www.amazon.com/s?k=Zinc+Immune&i=hpc&s=exact-aware-popularity-rank&ref=sr_st_exact-aware-popularity-rank
Mushroom Coffee,https://www.amazon.com/s?k=Mushroom+Coffee&i=hpc&s=exact-aware-popularity-rank&ref=sr_st_exact-aware-popularity-rank
Lemon Gummies,https://www.amazon.com/s?k=Lemon+Gummies&i=hpc&s=exact-aware-popularity-rank&ref=sr_st_exact-aware-popularity-rank
L-Glutamine Powder,https://www.amazon.com/s?k=L-Glutamine+Powder&i=hpc&s=exact-aware-popularity-rank&ref=sr_st_exact-aware-popularity-rank
Organic Superfoods,https://www.amazon.com/s?k=Organic+Superfoods&i=hpc&s=exact-aware-popularity-rank&ref=sr_st_exact-aware-popularity-rank
Prenatal Gummies,https://www.amazon.com/s?k=Prenatal+Gummies&i=hpc&s=exact-aware-popularity-rank&ref=sr_st_exact-aware-popularity-rank
Calcium Vitamin D,https://www.amazon.com/s?k=Calcium+Vitamin+D&i=hpc&s=exact-aware-popularity-rank&ref=sr_st_exact-aware-popularity-rank
Mullein Extract,https://www.amazon.com/s?k=Mullein+Extract&i=hpc&s=exact-aware-popularity-rank&ref=sr_st_exact-aware-popularity-rank
Brain Health,https://www.amazon.com/s?k=Brain+Health&i=hpc&s=exact-aware-popularity-rank&ref=sr_st_exact-aware-popularity-rank
MultiVitamin Superfoods,https://www.amazon.com/s?k=MultiVitamin+Superfoods&i=hpc&s=exact-aware-popularity-rank&ref=sr_st_exact-aware-popularity-rank
Turkey Tail Extract,https://www.amazon.com/s?k=Turkey+Tail+Extract&i=hpc&s=exact-aware-popularity-rank&ref=sr_st_exact-aware-popularity-rank
Riboflavin Energy,https://www.amazon.com/s?k=Riboflavin+Energy&i=hpc&s=exact-aware-popularity-rank&ref=sr_st_exact-aware-popularity-rank
Men's gummies,https://www.amazon.com/s?k=Men's+gummies&i=hpc&s=exact-aware-popularity-rank&ref=sr_st_exact-aware-popularity-rank
Soursop Capsules,https://www.amazon.com/s?k=Soursop+Capsules&i=hpc&s=exact-aware-popularity-rank&ref=sr_st_exact-aware-popularity-rank
Probiotic Booster,https://www.amazon.com/s?k=Probiotic+Booster&i=hpc&s=exact-aware-popularity-rank&ref=sr_st_exact-aware-popularity-rank
Agarikon Capsules,https://www.amazon.com/s?k=Agarikon+Capsules&i=hpc&s=exact-aware-popularity-rank&ref=sr_st_exact-aware-popularity-rank
Iron Patch,https://www.amazon.com/s?k=Iron+Patch&i=hpc&s=exact-aware-popularity-rank&ref=sr_st_exact-aware-popularity-rank
Nerve Support,https://www.amazon.com/s?k=Nerve+Support&i=hpc&s=exact-aware-popularity-rank&ref=sr_st_exact-aware-popularity-rank
Fruits Veggies,https://www.amazon.com/s?k=Fruits+Veggies&i=hpc&s=exact-aware-popularity-rank&ref=sr_st_exact-aware-popularity-rank
Immune Chewables,https://www.amazon.com/s?k=Immune+Chewables&i=hpc&s=exact-aware-popularity-rank&ref=sr_st_exact-aware-popularity-rank
Mushroom Extract,https://www.amazon.com/s?k=Mushroom+Extract&i=hpc&s=exact-aware-popularity-rank&ref=sr_st_exact-aware-popularity-rank
Lions Mane,https://www.amazon.com/s?k=Lions+Mane&i=hpc&s=exact-aware-popularity-rank&ref=sr_st_exact-aware-popularity-rank
Royal Jelly,https://www.amazon.com/s?k=Royal+Jelly&i=hpc&s=exact-aware-popularity-rank&ref=sr_st_exact-aware-popularity-rank
Zinc Picolinate,https://www.amazon.com/s?k=Zinc+Picolinate&i=hpc&s=exact-aware-popularity-rank&ref=sr_st_exact-aware-popularity-rank
Vitamin B1,https://www.amazon.com/s?k=Vitamin+B1&i=hpc&s=exact-aware-popularity-rank&ref=sr_st_exact-aware-popularity-rank
Reishi Capsules,https://www.amazon.com/s?k=Reishi+Capsules&i=hpc&s=exact-aware-popularity-rank&ref=sr_st_exact-aware-popularity-rank
Zinc Citrate,https://www.amazon.com/s?k=Zinc+Citrate&i=hpc&s=exact-aware-popularity-rank&ref=sr_st_exact-aware-popularity-rank
Wellness Tablets,https://www.amazon.com/s?k=Wellness+Tablets&i=hpc&s=exact-aware-popularity-rank&ref=sr_st_exact-aware-popularity-rank
Hair vitamins,https://www.amazon.com/s?k=Hair+vitamins&i=hpc&s=exact-aware-popularity-rank&ref=sr_st_exact-aware-popularity-rank
Andrographis capsules,https://www.amazon.com/s?k=Andrographis+capsules&i=hpc&s=exact-aware-popularity-rank&ref=sr_st_exact-aware-popularity-rank
Preworkout Powder,https://www.amazon.com/s?k=Preworkout+Powder&i=hpc&s=exact-aware-popularity-rank&ref=sr_st_exact-aware-popularity-rank
Cold remedy,https://www.amazon.com/s?k=Cold+remedy&i=hpc&s=exact-aware-popularity-rank&ref=sr_st_exact-aware-popularity-rank
Immune Hydration,https://www.amazon.com/s?k=Immune+Hydration&i=hpc&s=exact-aware-popularity-rank&ref=sr_st_exact-aware-popularity-rank
