Keyword,Links
Nail Balm,https://www.ebay.com/sch/i.html?_from=R40&_nkw=Nail+Balm&_sacat=26395&rt=nc&LH_ItemCondition=3&LH_BIN=1&rt=nc&LH_PrefLoc=1
Skin Repair,https://www.ebay.com/sch/i.html?_from=R40&_nkw=Skin+Repair&_sacat=26395&rt=nc&LH_ItemCondition=3&LH_BIN=1&rt=nc&LH_PrefLoc=1
Eye Repair,https://www.ebay.com/sch/i.html?_from=R40&_nkw=Eye+Repair&_sacat=26395&rt=nc&LH_ItemCondition=3&LH_BIN=1&rt=nc&LH_PrefLoc=1
Enzyme Peeling,https://www.ebay.com/sch/i.html?_from=R40&_nkw=Enzyme+Peeling&_sacat=26395&rt=nc&LH_ItemCondition=3&LH_BIN=1&rt=nc&LH_PrefLoc=1
Hydrating Serum,https://www.ebay.com/sch/i.html?_from=R40&_nkw=Hydrating+Serum&_sacat=26395&rt=nc&LH_ItemCondition=3&LH_BIN=1&rt=nc&LH_PrefLoc=1
Tanning mitt,https://www.ebay.com/sch/i.html?_from=R40&_nkw=Tanning+mitt&_sacat=26395&rt=nc&LH_ItemCondition=3&LH_BIN=1&rt=nc&LH_PrefLoc=1
Gradual Tanning,https://www.ebay.com/sch/i.html?_from=R40&_nkw=Gradual+Tanning&_sacat=26395&rt=nc&LH_ItemCondition=3&LH_BIN=1&rt=nc&LH_PrefLoc=1
Lip butter,https://www.ebay.com/sch/i.html?_from=R40&_nkw=Lip+butter&_sacat=26395&rt=nc&LH_ItemCondition=3&LH_BIN=1&rt=nc&LH_PrefLoc=1
Vitamin E Lip Balm,https://www.ebay.com/sch/i.html?_from=R40&_nkw=Vitamin+E+Lip+Balm&_sacat=26395&rt=nc&LH_ItemCondition=3&LH_BIN=1&rt=nc&LH_PrefLoc=1
Recovery Concentrate,https://www.ebay.com/sch/i.html?_from=R40&_nkw=Recovery+Concentrate&_sacat=26395&rt=nc&LH_ItemCondition=3&LH_BIN=1&rt=nc&LH_PrefLoc=1
Lip cream,https://www.ebay.com/sch/i.html?_from=R40&_nkw=Lip+cream&_sacat=26395&rt=nc&LH_ItemCondition=3&LH_BIN=1&rt=nc&LH_PrefLoc=1
Hydration Gel,https://www.ebay.com/sch/i.html?_from=R40&_nkw=Hydration+Gel&_sacat=26395&rt=nc&LH_ItemCondition=3&LH_BIN=1&rt=nc&LH_PrefLoc=1
Face Oil,https://www.ebay.com/sch/i.html?_from=R40&_nkw=Face+Oil&_sacat=26395&rt=nc&LH_ItemCondition=3&LH_BIN=1&rt=nc&LH_PrefLoc=1
Bronzing Spray,https://www.ebay.com/sch/i.html?_from=R40&_nkw=Bronzing+Spray&_sacat=26395&rt=nc&LH_ItemCondition=3&LH_BIN=1&rt=nc&LH_PrefLoc=1
Marine Cream,https://www.ebay.com/sch/i.html?_from=R40&_nkw=Marine+Cream&_sacat=26395&rt=nc&LH_ItemCondition=3&LH_BIN=1&rt=nc&LH_PrefLoc=1
Healing Ointment,https://www.ebay.com/sch/i.html?_from=R40&_nkw=Healing+Ointment&_sacat=26395&rt=nc&LH_ItemCondition=3&LH_BIN=1&rt=nc&LH_PrefLoc=1
Tint Balm,https://www.ebay.com/sch/i.html?_from=R40&_nkw=Tint+Balm&_sacat=26395&rt=nc&LH_ItemCondition=3&LH_BIN=1&rt=nc&LH_PrefLoc=1
Tanning Applicator,https://www.ebay.com/sch/i.html?_from=R40&_nkw=Tanning+Applicator&_sacat=26395&rt=nc&LH_ItemCondition=3&LH_BIN=1&rt=nc&LH_PrefLoc=1
aftersun lotion,https://www.ebay.com/sch/i.html?_from=R40&_nkw=aftersun+lotion&_sacat=26395&rt=nc&LH_ItemCondition=3&LH_BIN=1&rt=nc&LH_PrefLoc=1
Daily hydration,https://www.ebay.com/sch/i.html?_from=R40&_nkw=Daily+hydration&_sacat=26395&rt=nc&LH_ItemCondition=3&LH_BIN=1&rt=nc&LH_PrefLoc=1
Cocoa Lotion,https://www.ebay.com/sch/i.html?_from=R40&_nkw=Cocoa+Lotion&_sacat=26395&rt=nc&LH_ItemCondition=3&LH_BIN=1&rt=nc&LH_PrefLoc=1
Blackberry Lip Mask,https://www.ebay.com/sch/i.html?_from=R40&_nkw=Blackberry+Lip+Mask&_sacat=26395&rt=nc&LH_ItemCondition=3&LH_BIN=1&rt=nc&LH_PrefLoc=1
Acne Solutions,https://www.ebay.com/sch/i.html?_from=R40&_nkw=Acne+Solutions&_sacat=26395&rt=nc&LH_ItemCondition=3&LH_BIN=1&rt=nc&LH_PrefLoc=1
Wrinkle Serum,https://www.ebay.com/sch/i.html?_from=R40&_nkw=Wrinkle+Serum&_sacat=26395&rt=nc&LH_ItemCondition=3&LH_BIN=1&rt=nc&LH_PrefLoc=1
Matrix Support,https://www.ebay.com/sch/i.html?_from=R40&_nkw=Matrix+Support&_sacat=26395&rt=nc&LH_ItemCondition=3&LH_BIN=1&rt=nc&LH_PrefLoc=1
Facial Gel,https://www.ebay.com/sch/i.html?_from=R40&_nkw=Facial+Gel&_sacat=26395&rt=nc&LH_ItemCondition=3&LH_BIN=1&rt=nc&LH_PrefLoc=1
Night therapy,https://www.ebay.com/sch/i.html?_from=R40&_nkw=Night+therapy&_sacat=26395&rt=nc&LH_ItemCondition=3&LH_BIN=1&rt=nc&LH_PrefLoc=1
active serum,https://www.ebay.com/sch/i.html?_from=R40&_nkw=active+serum&_sacat=26395&rt=nc&LH_ItemCondition=3&LH_BIN=1&rt=nc&LH_PrefLoc=1
Papaya Mask,https://www.ebay.com/sch/i.html?_from=R40&_nkw=Papaya+Mask&_sacat=26395&rt=nc&LH_ItemCondition=3&LH_BIN=1&rt=nc&LH_PrefLoc=1
Bota Peptides,https://www.ebay.com/sch/i.html?_from=R40&_nkw=Bota+Peptides&_sacat=26395&rt=nc&LH_ItemCondition=3&LH_BIN=1&rt=nc&LH_PrefLoc=1
Anti-Aging Treatment,https://www.ebay.com/sch/i.html?_from=R40&_nkw=Anti-Aging+Treatment&_sacat=26395&rt=nc&LH_ItemCondition=3&LH_BIN=1&rt=nc&LH_PrefLoc=1
Miracle Essence,https://www.ebay.com/sch/i.html?_from=R40&_nkw=Miracle+Essence&_sacat=26395&rt=nc&LH_ItemCondition=3&LH_BIN=1&rt=nc&LH_PrefLoc=1
Preventative Skin Care,https://www.ebay.com/sch/i.html?_from=R40&_nkw=Preventative+Skin+Care&_sacat=26395&rt=nc&LH_ItemCondition=3&LH_BIN=1&rt=nc&LH_PrefLoc=1
Spot Essence,https://www.ebay.com/sch/i.html?_from=R40&_nkw=Spot+Essence&_sacat=26395&rt=nc&LH_ItemCondition=3&LH_BIN=1&rt=nc&LH_PrefLoc=1
Moisturizing Concentrate,https://www.ebay.com/sch/i.html?_from=R40&_nkw=Moisturizing+Concentrate&_sacat=26395&rt=nc&LH_ItemCondition=3&LH_BIN=1&rt=nc&LH_PrefLoc=1
Stem Cell Cream,https://www.ebay.com/sch/i.html?_from=R40&_nkw=Stem+Cell+Cream&_sacat=26395&rt=nc&LH_ItemCondition=3&LH_BIN=1&rt=nc&LH_PrefLoc=1
Moisturizer Creme,https://www.ebay.com/sch/i.html?_from=R40&_nkw=Moisturizer+Creme&_sacat=26395&rt=nc&LH_ItemCondition=3&LH_BIN=1&rt=nc&LH_PrefLoc=1
Carrot Oil,https://www.ebay.com/sch/i.html?_from=R40&_nkw=Carrot+Oil&_sacat=26395&rt=nc&LH_ItemCondition=3&LH_BIN=1&rt=nc&LH_PrefLoc=1
Age Science,https://www.ebay.com/sch/i.html?_from=R40&_nkw=Age+Science&_sacat=26395&rt=nc&LH_ItemCondition=3&LH_BIN=1&rt=nc&LH_PrefLoc=1
Gold cream,https://www.ebay.com/sch/i.html?_from=R40&_nkw=Gold+cream&_sacat=26395&rt=nc&LH_ItemCondition=3&LH_BIN=1&rt=nc&LH_PrefLoc=1
Antibacterial Wash,https://www.ebay.com/sch/i.html?_from=R40&_nkw=Antibacterial+Wash&_sacat=26395&rt=nc&LH_ItemCondition=3&LH_BIN=1&rt=nc&LH_PrefLoc=1
Strawberry Rhubarb Exfoliant,https://www.ebay.com/sch/i.html?_from=R40&_nkw=Strawberry+Rhubarb+Exfoliant&_sacat=26395&rt=nc&LH_ItemCondition=3&LH_BIN=1&rt=nc&LH_PrefLoc=1
Collagen Lip Patch,https://www.ebay.com/sch/i.html?_from=R40&_nkw=Collagen+Lip+Patch&_sacat=26395&rt=nc&LH_ItemCondition=3&LH_BIN=1&rt=nc&LH_PrefLoc=1
Night Creme,https://www.ebay.com/sch/i.html?_from=R40&_nkw=Night+Creme&_sacat=26395&rt=nc&LH_ItemCondition=3&LH_BIN=1&rt=nc&LH_PrefLoc=1
Hydro-Gel Moisturizer,https://www.ebay.com/sch/i.html?_from=R40&_nkw=Hydro-Gel+Moisturizer&_sacat=26395&rt=nc&LH_ItemCondition=3&LH_BIN=1&rt=nc&LH_PrefLoc=1
Anti Aging Set,https://www.ebay.com/sch/i.html?_from=R40&_nkw=Anti+Aging+Set&_sacat=26395&rt=nc&LH_ItemCondition=3&LH_BIN=1&rt=nc&LH_PrefLoc=1
Rose Balm,https://www.ebay.com/sch/i.html?_from=R40&_nkw=Rose+Balm&_sacat=26395&rt=nc&LH_ItemCondition=3&LH_BIN=1&rt=nc&LH_PrefLoc=1
AHA Exfoliator,https://www.ebay.com/sch/i.html?_from=R40&_nkw=AHA+Exfoliator&_sacat=26395&rt=nc&LH_ItemCondition=3&LH_BIN=1&rt=nc&LH_PrefLoc=1
Witch Hazel,https://www.ebay.com/sch/i.html?_from=R40&_nkw=Witch+Hazel&_sacat=26395&rt=nc&LH_ItemCondition=3&LH_BIN=1&rt=nc&LH_PrefLoc=1
Vitamin C Balm,https://www.ebay.com/sch/i.html?_from=R40&_nkw=Vitamin+C+Balm&_sacat=26395&rt=nc&LH_ItemCondition=3&LH_BIN=1&rt=nc&LH_PrefLoc=1
