Keyword,Links
Chasteberry supplement,https://www.amazon.com/s?k=Chasteberry+supplement&i=hpc&s=exact-aware-popularity-rank&ref=sr_st_exact-aware-popularity-rank
Nootropic Sleep,https://www.amazon.com/s?k=Nootropic+Sleep&i=hpc&s=exact-aware-popularity-rank&ref=sr_st_exact-aware-popularity-rank
Calm powder,https://www.amazon.com/s?k=Calm+powder&i=hpc&s=exact-aware-popularity-rank&ref=sr_st_exact-aware-popularity-rank
Collagen Powder,https://www.amazon.com/s?k=Collagen+Powder&i=hpc&s=exact-aware-popularity-rank&ref=sr_st_exact-aware-popularity-rank
Rest Supplement,https://www.amazon.com/s?k=Rest+Supplement&i=hpc&s=exact-aware-popularity-rank&ref=sr_st_exact-aware-popularity-rank
Male Support,https://www.amazon.com/s?k=Male+Support&i=hpc&s=exact-aware-popularity-rank&ref=sr_st_exact-aware-popularity-rank
Sea Moss Protein,https://www.amazon.com/s?k=Sea+Moss+Protein&i=hpc&s=exact-aware-popularity-rank&ref=sr_st_exact-aware-popularity-rank
Ashwagandha Tincture,https://www.amazon.com/s?k=Ashwagandha+Tincture&i=hpc&s=exact-aware-popularity-rank&ref=sr_st_exact-aware-popularity-rank
Nootropic Support,https://www.amazon.com/s?k=Nootropic+Support&i=hpc&s=exact-aware-popularity-rank&ref=sr_st_exact-aware-popularity-rank
Magnesium Gum,https://www.amazon.com/s?k=Magnesium+Gum&i=hpc&s=exact-aware-popularity-rank&ref=sr_st_exact-aware-popularity-rank
Energy Focus,https://www.amazon.com/s?k=Energy+Focus&i=hpc&s=exact-aware-popularity-rank&ref=sr_st_exact-aware-popularity-rank
CoQ10 Supplement,https://www.amazon.com/s?k=CoQ10+Supplement&i=hpc&s=exact-aware-popularity-rank&ref=sr_st_exact-aware-popularity-rank
Chia Seeds,https://www.amazon.com/s?k=Chia+Seeds&i=hpc&s=exact-aware-popularity-rank&ref=sr_st_exact-aware-popularity-rank
Coconut Oil,https://www.amazon.com/s?k=Coconut+Oil&i=hpc&s=exact-aware-popularity-rank&ref=sr_st_exact-aware-popularity-rank
Fish Oil,https://www.amazon.com/s?k=Fish+Oil&i=hpc&s=exact-aware-popularity-rank&ref=sr_st_exact-aware-popularity-rank
Super seeds,https://www.amazon.com/s?k=Super+seeds&i=hpc&s=exact-aware-popularity-rank&ref=sr_st_exact-aware-popularity-rank
Vitamin B12,https://www.amazon.com/s?k=Vitamin+B12&i=hpc&s=exact-aware-popularity-rank&ref=sr_st_exact-aware-popularity-rank
Omega-3 Softgels,https://www.amazon.com/s?k=Omega-3+Softgels&i=hpc&s=exact-aware-popularity-rank&ref=sr_st_exact-aware-popularity-rank
CoQ10 Softgels,https://www.amazon.com/s?k=CoQ10+Softgels&i=hpc&s=exact-aware-popularity-rank&ref=sr_st_exact-aware-popularity-rank
Omega-3 Formula,https://www.amazon.com/s?k=Omega-3+Formula&i=hpc&s=exact-aware-popularity-rank&ref=sr_st_exact-aware-popularity-rank
Turmeric Supplement,https://www.amazon.com/s?k=Turmeric+Supplement&i=hpc&s=exact-aware-popularity-rank&ref=sr_st_exact-aware-popularity-rank
Vanadium supplement,https://www.amazon.com/s?k=Vanadium+supplement&i=hpc&s=exact-aware-popularity-rank&ref=sr_st_exact-aware-popularity-rank
CoQ10 Gummies,https://www.amazon.com/s?k=CoQ10+Gummies&i=hpc&s=exact-aware-popularity-rank&ref=sr_st_exact-aware-popularity-rank
Potassium Tablets,https://www.amazon.com/s?k=Potassium+Tablets&i=hpc&s=exact-aware-popularity-rank&ref=sr_st_exact-aware-popularity-rank
Garlic Softgels,https://www.amazon.com/s?k=Garlic+Softgels&i=hpc&s=exact-aware-popularity-rank&ref=sr_st_exact-aware-popularity-rank
Cod Liver,https://www.amazon.com/s?k=Cod+Liver&i=hpc&s=exact-aware-popularity-rank&ref=sr_st_exact-aware-popularity-rank
Beetroot Chews,https://www.amazon.com/s?k=Beetroot+Chews&i=hpc&s=exact-aware-popularity-rank&ref=sr_st_exact-aware-popularity-rank
B Complex,https://www.amazon.com/s?k=B+Complex&i=hpc&s=exact-aware-popularity-rank&ref=sr_st_exact-aware-popularity-rank
Hemp Oil,https://www.amazon.com/s?k=Hemp+Oil&i=hpc&s=exact-aware-popularity-rank&ref=sr_st_exact-aware-popularity-rank
Cholesterol Supplement,https://www.amazon.com/s?k=Cholesterol+Supplement&i=hpc&s=exact-aware-popularity-rank&ref=sr_st_exact-aware-popularity-rank
Beet Gummies,https://www.amazon.com/s?k=Beet+Gummies&i=hpc&s=exact-aware-popularity-rank&ref=sr_st_exact-aware-popularity-rank
Cholesterol Support,https://www.amazon.com/s?k=Cholesterol+Support&i=hpc&s=exact-aware-popularity-rank&ref=sr_st_exact-aware-popularity-rank
Omega supplement,https://www.amazon.com/s?k=Omega+supplement&i=hpc&s=exact-aware-popularity-rank&ref=sr_st_exact-aware-popularity-rank
Omega supplements,https://www.amazon.com/s?k=Omega+supplements&i=hpc&s=exact-aware-popularity-rank&ref=sr_st_exact-aware-popularity-rank
Folate Supplement,https://www.amazon.com/s?k=Folate+Supplement&i=hpc&s=exact-aware-popularity-rank&ref=sr_st_exact-aware-popularity-rank
Ocular Lutin,https://www.amazon.com/s?k=Ocular+Lutin&i=hpc&s=exact-aware-popularity-rank&ref=sr_st_exact-aware-popularity-rank
Milk Thistle,https://www.amazon.com/s?k=Milk+Thistle&i=hpc&s=exact-aware-popularity-rank&ref=sr_st_exact-aware-popularity-rank
Blood Pressure Monitor,https://www.amazon.com/s?k=Blood+Pressure+Monitor&i=hpc&s=exact-aware-popularity-rank&ref=sr_st_exact-aware-popularity-rank
Omega-3 Supplement,https://www.amazon.com/s?k=Omega-3+Supplement&i=hpc&s=exact-aware-popularity-rank&ref=sr_st_exact-aware-popularity-rank
Omega-3 Supplements,https://www.amazon.com/s?k=Omega-3+Supplements&i=hpc&s=exact-aware-popularity-rank&ref=sr_st_exact-aware-popularity-rank
Cranberry Concentrate,https://www.amazon.com/s?k=Cranberry+Concentrate&i=hpc&s=exact-aware-popularity-rank&ref=sr_st_exact-aware-popularity-rank
CoQ10 Softgel,https://www.amazon.com/s?k=CoQ10+Softgel&i=hpc&s=exact-aware-popularity-rank&ref=sr_st_exact-aware-popularity-rank
Krill Oil,https://www.amazon.com/s?k=Krill+Oil&i=hpc&s=exact-aware-popularity-rank&ref=sr_st_exact-aware-popularity-rank
Omega-3 Fish Oil,https://www.amazon.com/s?k=Omega-3+Fish+Oil&i=hpc&s=exact-aware-popularity-rank&ref=sr_st_exact-aware-popularity-rank
Hemp Seeds,https://www.amazon.com/s?k=Hemp+Seeds&i=hpc&s=exact-aware-popularity-rank&ref=sr_st_exact-aware-popularity-rank
Omega 3 Gummies,https://www.amazon.com/s?k=Omega+3+Gummies&i=hpc&s=exact-aware-popularity-rank&ref=sr_st_exact-aware-popularity-rank
CoQ10 Capsules,https://www.amazon.com/s?k=CoQ10+Capsules&i=hpc&s=exact-aware-popularity-rank&ref=sr_st_exact-aware-popularity-rank
Turmeric Tablets,https://www.amazon.com/s?k=Turmeric+Tablets&i=hpc&s=exact-aware-popularity-rank&ref=sr_st_exact-aware-popularity-rank
Garlic capsules,https://www.amazon.com/s?k=Garlic+capsules&i=hpc&s=exact-aware-popularity-rank&ref=sr_st_exact-aware-popularity-rank
Omega 2000,https://www.amazon.com/s?k=Omega+2000&i=hpc&s=exact-aware-popularity-rank&ref=sr_st_exact-aware-popularity-rank
