Keyword,Links
Chasteberry supplement,https://www.ebay.com/sch/i.html?_from=R40&_nkw=Chasteberry+supplement&_sacat=26395&rt=nc&LH_ItemCondition=3&LH_BIN=1&rt=nc&LH_PrefLoc=1
Nootropic Sleep,https://www.ebay.com/sch/i.html?_from=R40&_nkw=Nootropic+Sleep&_sacat=26395&rt=nc&LH_ItemCondition=3&LH_BIN=1&rt=nc&LH_PrefLoc=1
Calm powder,https://www.ebay.com/sch/i.html?_from=R40&_nkw=Calm+powder&_sacat=26395&rt=nc&LH_ItemCondition=3&LH_BIN=1&rt=nc&LH_PrefLoc=1
Collagen Powder,https://www.ebay.com/sch/i.html?_from=R40&_nkw=Collagen+Powder&_sacat=26395&rt=nc&LH_ItemCondition=3&LH_BIN=1&rt=nc&LH_PrefLoc=1
Rest Supplement,https://www.ebay.com/sch/i.html?_from=R40&_nkw=Rest+Supplement&_sacat=26395&rt=nc&LH_ItemCondition=3&LH_BIN=1&rt=nc&LH_PrefLoc=1
Male Support,https://www.ebay.com/sch/i.html?_from=R40&_nkw=Male+Support&_sacat=26395&rt=nc&LH_ItemCondition=3&LH_BIN=1&rt=nc&LH_PrefLoc=1
Sea Moss Protein,https://www.ebay.com/sch/i.html?_from=R40&_nkw=Sea+Moss+Protein&_sacat=26395&rt=nc&LH_ItemCondition=3&LH_BIN=1&rt=nc&LH_PrefLoc=1
Ashwagandha Tincture,https://www.ebay.com/sch/i.html?_from=R40&_nkw=Ashwagandha+Tincture&_sacat=26395&rt=nc&LH_ItemCondition=3&LH_BIN=1&rt=nc&LH_PrefLoc=1
Nootropic Support,https://www.ebay.com/sch/i.html?_from=R40&_nkw=Nootropic+Support&_sacat=26395&rt=nc&LH_ItemCondition=3&LH_BIN=1&rt=nc&LH_PrefLoc=1
Magnesium Gum,https://www.ebay.com/sch/i.html?_from=R40&_nkw=Magnesium+Gum&_sacat=26395&rt=nc&LH_ItemCondition=3&LH_BIN=1&rt=nc&LH_PrefLoc=1
Energy Focus,https://www.ebay.com/sch/i.html?_from=R40&_nkw=Energy+Focus&_sacat=26395&rt=nc&LH_ItemCondition=3&LH_BIN=1&rt=nc&LH_PrefLoc=1
CoQ10 Supplement,https://www.ebay.com/sch/i.html?_from=R40&_nkw=CoQ10+Supplement&_sacat=26395&rt=nc&LH_ItemCondition=3&LH_BIN=1&rt=nc&LH_PrefLoc=1
Chia Seeds,https://www.ebay.com/sch/i.html?_from=R40&_nkw=Chia+Seeds&_sacat=26395&rt=nc&LH_ItemCondition=3&LH_BIN=1&rt=nc&LH_PrefLoc=1
Coconut Oil,https://www.ebay.com/sch/i.html?_from=R40&_nkw=Coconut+Oil&_sacat=26395&rt=nc&LH_ItemCondition=3&LH_BIN=1&rt=nc&LH_PrefLoc=1
Fish Oil,https://www.ebay.com/sch/i.html?_from=R40&_nkw=Fish+Oil&_sacat=26395&rt=nc&LH_ItemCondition=3&LH_BIN=1&rt=nc&LH_PrefLoc=1
Super seeds,https://www.ebay.com/sch/i.html?_from=R40&_nkw=Super+seeds&_sacat=26395&rt=nc&LH_ItemCondition=3&LH_BIN=1&rt=nc&LH_PrefLoc=1
Vitamin B12,https://www.ebay.com/sch/i.html?_from=R40&_nkw=Vitamin+B12&_sacat=26395&rt=nc&LH_ItemCondition=3&LH_BIN=1&rt=nc&LH_PrefLoc=1
Omega-3 Softgels,https://www.ebay.com/sch/i.html?_from=R40&_nkw=Omega-3+Softgels&_sacat=26395&rt=nc&LH_ItemCondition=3&LH_BIN=1&rt=nc&LH_PrefLoc=1
CoQ10 Softgels,https://www.ebay.com/sch/i.html?_from=R40&_nkw=CoQ10+Softgels&_sacat=26395&rt=nc&LH_ItemCondition=3&LH_BIN=1&rt=nc&LH_PrefLoc=1
Omega-3 Formula,https://www.ebay.com/sch/i.html?_from=R40&_nkw=Omega-3+Formula&_sacat=26395&rt=nc&LH_ItemCondition=3&LH_BIN=1&rt=nc&LH_PrefLoc=1
Turmeric Supplement,https://www.ebay.com/sch/i.html?_from=R40&_nkw=Turmeric+Supplement&_sacat=26395&rt=nc&LH_ItemCondition=3&LH_BIN=1&rt=nc&LH_PrefLoc=1
Vanadium supplement,https://www.ebay.com/sch/i.html?_from=R40&_nkw=Vanadium+supplement&_sacat=26395&rt=nc&LH_ItemCondition=3&LH_BIN=1&rt=nc&LH_PrefLoc=1
CoQ10 Gummies,https://www.ebay.com/sch/i.html?_from=R40&_nkw=CoQ10+Gummies&_sacat=26395&rt=nc&LH_ItemCondition=3&LH_BIN=1&rt=nc&LH_PrefLoc=1
Potassium Tablets,https://www.ebay.com/sch/i.html?_from=R40&_nkw=Potassium+Tablets&_sacat=26395&rt=nc&LH_ItemCondition=3&LH_BIN=1&rt=nc&LH_PrefLoc=1
Garlic Softgels,https://www.ebay.com/sch/i.html?_from=R40&_nkw=Garlic+Softgels&_sacat=26395&rt=nc&LH_ItemCondition=3&LH_BIN=1&rt=nc&LH_PrefLoc=1
Cod Liver,https://www.ebay.com/sch/i.html?_from=R40&_nkw=Cod+Liver&_sacat=26395&rt=nc&LH_ItemCondition=3&LH_BIN=1&rt=nc&LH_PrefLoc=1
Beetroot Chews,https://www.ebay.com/sch/i.html?_from=R40&_nkw=Beetroot+Chews&_sacat=26395&rt=nc&LH_ItemCondition=3&LH_BIN=1&rt=nc&LH_PrefLoc=1
B Complex,https://www.ebay.com/sch/i.html?_from=R40&_nkw=B+Complex&_sacat=26395&rt=nc&LH_ItemCondition=3&LH_BIN=1&rt=nc&LH_PrefLoc=1
Hemp Oil,https://www.ebay.com/sch/i.html?_from=R40&_nkw=Hemp+Oil&_sacat=26395&rt=nc&LH_ItemCondition=3&LH_BIN=1&rt=nc&LH_PrefLoc=1
Cholesterol Supplement,https://www.ebay.com/sch/i.html?_from=R40&_nkw=Cholesterol+Supplement&_sacat=26395&rt=nc&LH_ItemCondition=3&LH_BIN=1&rt=nc&LH_PrefLoc=1
Beet Gummies,https://www.ebay.com/sch/i.html?_from=R40&_nkw=Beet+Gummies&_sacat=26395&rt=nc&LH_ItemCondition=3&LH_BIN=1&rt=nc&LH_PrefLoc=1
Cholesterol Support,https://www.ebay.com/sch/i.html?_from=R40&_nkw=Cholesterol+Support&_sacat=26395&rt=nc&LH_ItemCondition=3&LH_BIN=1&rt=nc&LH_PrefLoc=1
Omega supplement,https://www.ebay.com/sch/i.html?_from=R40&_nkw=Omega+supplement&_sacat=26395&rt=nc&LH_ItemCondition=3&LH_BIN=1&rt=nc&LH_PrefLoc=1
Omega supplements,https://www.ebay.com/sch/i.html?_from=R40&_nkw=Omega+supplements&_sacat=26395&rt=nc&LH_ItemCondition=3&LH_BIN=1&rt=nc&LH_PrefLoc=1
Folate Supplement,https://www.ebay.com/sch/i.html?_from=R40&_nkw=Folate+Supplement&_sacat=26395&rt=nc&LH_ItemCondition=3&LH_BIN=1&rt=nc&LH_PrefLoc=1
Ocular Lutin,https://www.ebay.com/sch/i.html?_from=R40&_nkw=Ocular+Lutin&_sacat=26395&rt=nc&LH_ItemCondition=3&LH_BIN=1&rt=nc&LH_PrefLoc=1
Milk Thistle,https://www.ebay.com/sch/i.html?_from=R40&_nkw=Milk+Thistle&_sacat=26395&rt=nc&LH_ItemCondition=3&LH_BIN=1&rt=nc&LH_PrefLoc=1
Blood Pressure Monitor,https://www.ebay.com/sch/i.html?_from=R40&_nkw=Blood+Pressure+Monitor&_sacat=26395&rt=nc&LH_ItemCondition=3&LH_BIN=1&rt=nc&LH_PrefLoc=1
Omega-3 Supplement,https://www.ebay.com/sch/i.html?_from=R40&_nkw=Omega-3+Supplement&_sacat=26395&rt=nc&LH_ItemCondition=3&LH_BIN=1&rt=nc&LH_PrefLoc=1
Omega-3 Supplements,https://www.ebay.com/sch/i.html?_from=R40&_nkw=Omega-3+Supplements&_sacat=26395&rt=nc&LH_ItemCondition=3&LH_BIN=1&rt=nc&LH_PrefLoc=1
Cranberry Concentrate,https://www.ebay.com/sch/i.html?_from=R40&_nkw=Cranberry+Concentrate&_sacat=26395&rt=nc&LH_ItemCondition=3&LH_BIN=1&rt=nc&LH_PrefLoc=1
CoQ10 Softgel,https://www.ebay.com/sch/i.html?_from=R40&_nkw=CoQ10+Softgel&_sacat=26395&rt=nc&LH_ItemCondition=3&LH_BIN=1&rt=nc&LH_PrefLoc=1
Krill Oil,https://www.ebay.com/sch/i.html?_from=R40&_nkw=Krill+Oil&_sacat=26395&rt=nc&LH_ItemCondition=3&LH_BIN=1&rt=nc&LH_PrefLoc=1
Omega-3 Fish Oil,https://www.ebay.com/sch/i.html?_from=R40&_nkw=Omega-3+Fish+Oil&_sacat=26395&rt=nc&LH_ItemCondition=3&LH_BIN=1&rt=nc&LH_PrefLoc=1
Hemp Seeds,https://www.ebay.com/sch/i.html?_from=R40&_nkw=Hemp+Seeds&_sacat=26395&rt=nc&LH_ItemCondition=3&LH_BIN=1&rt=nc&LH_PrefLoc=1
Omega 3 Gummies,https://www.ebay.com/sch/i.html?_from=R40&_nkw=Omega+3+Gummies&_sacat=26395&rt=nc&LH_ItemCondition=3&LH_BIN=1&rt=nc&LH_PrefLoc=1
CoQ10 Capsules,https://www.ebay.com/sch/i.html?_from=R40&_nkw=CoQ10+Capsules&_sacat=26395&rt=nc&LH_ItemCondition=3&LH_BIN=1&rt=nc&LH_PrefLoc=1
Turmeric Tablets,https://www.ebay.com/sch/i.html?_from=R40&_nkw=Turmeric+Tablets&_sacat=26395&rt=nc&LH_ItemCondition=3&LH_BIN=1&rt=nc&LH_PrefLoc=1
Garlic capsules,https://www.ebay.com/sch/i.html?_from=R40&_nkw=Garlic+capsules&_sacat=26395&rt=nc&LH_ItemCondition=3&LH_BIN=1&rt=nc&LH_PrefLoc=1
Omega 2000,https://www.ebay.com/sch/i.html?_from=R40&_nkw=Omega+2000&_sacat=26395&rt=nc&LH_ItemCondition=3&LH_BIN=1&rt=nc&LH_PrefLoc=1
