Keyword,Links
Ashwagandha Drops,https://www.amazon.com/s?k=Ashwagandha+Drops&i=hpc&s=exact-aware-popularity-rank&ref=sr_st_exact-aware-popularity-rank
GABA supplement,https://www.amazon.com/s?k=GABA+supplement&i=hpc&s=exact-aware-popularity-rank&ref=sr_st_exact-aware-popularity-rank
Nitric Oxide,https://www.amazon.com/s?k=Nitric+Oxide&i=hpc&s=exact-aware-popularity-rank&ref=sr_st_exact-aware-popularity-rank
Cortisol Support,https://www.amazon.com/s?k=Cortisol+Support&i=hpc&s=exact-aware-popularity-rank&ref=sr_st_exact-aware-popularity-rank
Maca Capsules,https://www.amazon.com/s?k=Maca+Capsules&i=hpc&s=exact-aware-popularity-rank&ref=sr_st_exact-aware-popularity-rank
Blueberry Extract,https://www.amazon.com/s?k=Blueberry+Extract&i=hpc&s=exact-aware-popularity-rank&ref=sr_st_exact-aware-popularity-rank
T-Booster Supplement,https://www.amazon.com/s?k=T-Booster+Supplement&i=hpc&s=exact-aware-popularity-rank&ref=sr_st_exact-aware-popularity-rank
Gaba Tablets,https://www.amazon.com/s?k=Gaba+Tablets&i=hpc&s=exact-aware-popularity-rank&ref=sr_st_exact-aware-popularity-rank
Ionic Boron,https://www.amazon.com/s?k=Ionic+Boron&i=hpc&s=exact-aware-popularity-rank&ref=sr_st_exact-aware-popularity-rank
Ashwagandha Supplements,https://www.amazon.com/s?k=Ashwagandha+Supplements&i=hpc&s=exact-aware-popularity-rank&ref=sr_st_exact-aware-popularity-rank
Neurotransmitter support,https://www.amazon.com/s?k=Neurotransmitter+support&i=hpc&s=exact-aware-popularity-rank&ref=sr_st_exact-aware-popularity-rank
Chelated Magnesium,https://www.amazon.com/s?k=Chelated+Magnesium&i=hpc&s=exact-aware-popularity-rank&ref=sr_st_exact-aware-popularity-rank
Hormone Support,https://www.amazon.com/s?k=Hormone+Support&i=hpc&s=exact-aware-popularity-rank&ref=sr_st_exact-aware-popularity-rank
Cortisol Manager,https://www.amazon.com/s?k=Cortisol+Manager&i=hpc&s=exact-aware-popularity-rank&ref=sr_st_exact-aware-popularity-rank
Ionic Iron,https://www.amazon.com/s?k=Ionic+Iron&i=hpc&s=exact-aware-popularity-rank&ref=sr_st_exact-aware-popularity-rank
Cardiovascular Support,https://www.amazon.com/s?k=Cardiovascular+Support&i=hpc&s=exact-aware-popularity-rank&ref=sr_st_exact-aware-popularity-rank
Magnesium chews,https://www.amazon.com/s?k=Magnesium+chews&i=hpc&s=exact-aware-popularity-rank&ref=sr_st_exact-aware-popularity-rank
St. John's Wort,https://www.amazon.com/s?k=St.+John's+Wort&i=hpc&s=exact-aware-popularity-rank&ref=sr_st_exact-aware-popularity-rank
Adrenal Support,https://www.amazon.com/s?k=Adrenal+Support&i=hpc&s=exact-aware-popularity-rank&ref=sr_st_exact-aware-popularity-rank
Magnesium Drops,https://www.amazon.com/s?k=Magnesium+Drops&i=hpc&s=exact-aware-popularity-rank&ref=sr_st_exact-aware-popularity-rank
Heart Support,https://www.amazon.com/s?k=Heart+Support&i=hpc&s=exact-aware-popularity-rank&ref=sr_st_exact-aware-popularity-rank
Potassium Magnesium,https://www.amazon.com/s?k=Potassium+Magnesium&i=hpc&s=exact-aware-popularity-rank&ref=sr_st_exact-aware-popularity-rank
Sleep Supplement,https://www.amazon.com/s?k=Sleep+Supplement&i=hpc&s=exact-aware-popularity-rank&ref=sr_st_exact-aware-popularity-rank
Liquid Magnesium,https://www.amazon.com/s?k=Liquid+Magnesium&i=hpc&s=exact-aware-popularity-rank&ref=sr_st_exact-aware-popularity-rank
Sleep magnesium,https://www.amazon.com/s?k=Sleep+magnesium&i=hpc&s=exact-aware-popularity-rank&ref=sr_st_exact-aware-popularity-rank
Melatonin Supplement,https://www.amazon.com/s?k=Melatonin+Supplement&i=hpc&s=exact-aware-popularity-rank&ref=sr_st_exact-aware-popularity-rank
Calcium Chewables,https://www.amazon.com/s?k=Calcium+Chewables&i=hpc&s=exact-aware-popularity-rank&ref=sr_st_exact-aware-popularity-rank
Menopause Relief,https://www.amazon.com/s?k=Menopause+Relief&i=hpc&s=exact-aware-popularity-rank&ref=sr_st_exact-aware-popularity-rank
Magnesium Taurate,https://www.amazon.com/s?k=Magnesium+Taurate&i=hpc&s=exact-aware-popularity-rank&ref=sr_st_exact-aware-popularity-rank
Ionic Minerals,https://www.amazon.com/s?k=Ionic+Minerals&i=hpc&s=exact-aware-popularity-rank&ref=sr_st_exact-aware-popularity-rank
Prostate Support,https://www.amazon.com/s?k=Prostate+Support&i=hpc&s=exact-aware-popularity-rank&ref=sr_st_exact-aware-popularity-rank
Calcium Gummies,https://www.amazon.com/s?k=Calcium+Gummies&i=hpc&s=exact-aware-popularity-rank&ref=sr_st_exact-aware-popularity-rank
Maca Drops,https://www.amazon.com/s?k=Maca+Drops&i=hpc&s=exact-aware-popularity-rank&ref=sr_st_exact-aware-popularity-rank
Shilajit Capsules,https://www.amazon.com/s?k=Shilajit+Capsules&i=hpc&s=exact-aware-popularity-rank&ref=sr_st_exact-aware-popularity-rank
Ashwagandha Powder,https://www.amazon.com/s?k=Ashwagandha+Powder&i=hpc&s=exact-aware-popularity-rank&ref=sr_st_exact-aware-popularity-rank
Ginseng Supplement,https://www.amazon.com/s?k=Ginseng+Supplement&i=hpc&s=exact-aware-popularity-rank&ref=sr_st_exact-aware-popularity-rank
Vision supplement,https://www.amazon.com/s?k=Vision+supplement&i=hpc&s=exact-aware-popularity-rank&ref=sr_st_exact-aware-popularity-rank
Vitamin patches,https://www.amazon.com/s?k=Vitamin+patches&i=hpc&s=exact-aware-popularity-rank&ref=sr_st_exact-aware-popularity-rank
De-Stress Chewables,https://www.amazon.com/s?k=De-Stress+Chewables&i=hpc&s=exact-aware-popularity-rank&ref=sr_st_exact-aware-popularity-rank
Passion Flower,https://www.amazon.com/s?k=Passion+Flower&i=hpc&s=exact-aware-popularity-rank&ref=sr_st_exact-aware-popularity-rank
Vitality Capsules,https://www.amazon.com/s?k=Vitality+Capsules&i=hpc&s=exact-aware-popularity-rank&ref=sr_st_exact-aware-popularity-rank
Shilajit Gummies,https://www.amazon.com/s?k=Shilajit+Gummies&i=hpc&s=exact-aware-popularity-rank&ref=sr_st_exact-aware-popularity-rank
GABA Capsules,https://www.amazon.com/s?k=GABA+Capsules&i=hpc&s=exact-aware-popularity-rank&ref=sr_st_exact-aware-popularity-rank
Magnesium Chloride,https://www.amazon.com/s?k=Magnesium+Chloride&i=hpc&s=exact-aware-popularity-rank&ref=sr_st_exact-aware-popularity-rank
Shilajit Ashwagandha,https://www.amazon.com/s?k=Shilajit+Ashwagandha&i=hpc&s=exact-aware-popularity-rank&ref=sr_st_exact-aware-popularity-rank
DHEA Complex,https://www.amazon.com/s?k=DHEA+Complex&i=hpc&s=exact-aware-popularity-rank&ref=sr_st_exact-aware-popularity-rank
Valerian Root,https://www.amazon.com/s?k=Valerian+Root&i=hpc&s=exact-aware-popularity-rank&ref=sr_st_exact-aware-popularity-rank
Electrolyte Support,https://www.amazon.com/s?k=Electrolyte+Support&i=hpc&s=exact-aware-popularity-rank&ref=sr_st_exact-aware-popularity-rank
Calcium Powder,https://www.amazon.com/s?k=Calcium+Powder&i=hpc&s=exact-aware-popularity-rank&ref=sr_st_exact-aware-popularity-rank
Magnesium B6,https://www.amazon.com/s?k=Magnesium+B6&i=hpc&s=exact-aware-popularity-rank&ref=sr_st_exact-aware-popularity-rank
