Keyword,Links
Curl iron,https://www.amazon.com/s?k=Curl+iron&i=beauty&s=exact-aware-popularity-rank&ref=sr_st_exact-aware-popularity-rank
Smoothing Comb,https://www.amazon.com/s?k=Smoothing+Comb&i=beauty&s=exact-aware-popularity-rank&ref=sr_st_exact-aware-popularity-rank
Waver Iron,https://www.amazon.com/s?k=Waver+Iron&i=beauty&s=exact-aware-popularity-rank&ref=sr_st_exact-aware-popularity-rank
Smart Flat Iron,https://www.amazon.com/s?k=Smart+Flat+Iron&i=beauty&s=exact-aware-popularity-rank&ref=sr_st_exact-aware-popularity-rank
Replacement Blade,https://www.amazon.com/s?k=Replacement+Blade&i=beauty&s=exact-aware-popularity-rank&ref=sr_st_exact-aware-popularity-rank
Thermal Brush,https://www.amazon.com/s?k=Thermal+Brush&i=beauty&s=exact-aware-popularity-rank&ref=sr_st_exact-aware-popularity-rank
Detangling Comb,https://www.amazon.com/s?k=Detangling+Comb&i=beauty&s=exact-aware-popularity-rank&ref=sr_st_exact-aware-popularity-rank
Ion clipper,https://www.amazon.com/s?k=Ion+clipper&i=beauty&s=exact-aware-popularity-rank&ref=sr_st_exact-aware-popularity-rank
Hair trimmer,https://www.amazon.com/s?k=Hair+trimmer&i=beauty&s=exact-aware-popularity-rank&ref=sr_st_exact-aware-popularity-rank
Clipper Guards,https://www.amazon.com/s?k=Clipper+Guards&i=beauty&s=exact-aware-popularity-rank&ref=sr_st_exact-aware-popularity-rank
Styling Wand,https://www.amazon.com/s?k=Styling+Wand&i=beauty&s=exact-aware-popularity-rank&ref=sr_st_exact-aware-popularity-rank
T-Blade Replacement,https://www.amazon.com/s?k=T-Blade+Replacement&i=beauty&s=exact-aware-popularity-rank&ref=sr_st_exact-aware-popularity-rank
Trimmer attachments,https://www.amazon.com/s?k=Trimmer+attachments&i=beauty&s=exact-aware-popularity-rank&ref=sr_st_exact-aware-popularity-rank
Replacement power cable,https://www.amazon.com/s?k=Replacement+power+cable&i=beauty&s=exact-aware-popularity-rank&ref=sr_st_exact-aware-popularity-rank
Professional hair dryer,https://www.amazon.com/s?k=Professional+hair+dryer&i=beauty&s=exact-aware-popularity-rank&ref=sr_st_exact-aware-popularity-rank
Barber Cape,https://www.amazon.com/s?k=Barber+Cape&i=beauty&s=exact-aware-popularity-rank&ref=sr_st_exact-aware-popularity-rank
Foil Shaver,https://www.amazon.com/s?k=Foil+Shaver&i=beauty&s=exact-aware-popularity-rank&ref=sr_st_exact-aware-popularity-rank
Styling Cone,https://www.amazon.com/s?k=Styling+Cone&i=beauty&s=exact-aware-popularity-rank&ref=sr_st_exact-aware-popularity-rank
Magic Clipper,https://www.amazon.com/s?k=Magic+Clipper&i=beauty&s=exact-aware-popularity-rank&ref=sr_st_exact-aware-popularity-rank
Travel Trimmer,https://www.amazon.com/s?k=Travel+Trimmer&i=beauty&s=exact-aware-popularity-rank&ref=sr_st_exact-aware-popularity-rank
Cordless Detailer,https://www.amazon.com/s?k=Cordless+Detailer&i=beauty&s=exact-aware-popularity-rank&ref=sr_st_exact-aware-popularity-rank
Hi-Viz Trimmer,https://www.amazon.com/s?k=Hi-Viz+Trimmer&i=beauty&s=exact-aware-popularity-rank&ref=sr_st_exact-aware-popularity-rank
Detangle Brush,https://www.amazon.com/s?k=Detangle+Brush&i=beauty&s=exact-aware-popularity-rank&ref=sr_st_exact-aware-popularity-rank
Thermal Hair Brush,https://www.amazon.com/s?k=Thermal+Hair+Brush&i=beauty&s=exact-aware-popularity-rank&ref=sr_st_exact-aware-popularity-rank
Ionic dryer,https://www.amazon.com/s?k=Ionic+dryer&i=beauty&s=exact-aware-popularity-rank&ref=sr_st_exact-aware-popularity-rank
Barber Combo,https://www.amazon.com/s?k=Barber+Combo&i=beauty&s=exact-aware-popularity-rank&ref=sr_st_exact-aware-popularity-rank
Ultra Thin Straightener,https://www.amazon.com/s?k=Ultra+Thin+Straightener&i=beauty&s=exact-aware-popularity-rank&ref=sr_st_exact-aware-popularity-rank
Cordless Clipper,https://www.amazon.com/s?k=Cordless+Clipper&i=beauty&s=exact-aware-popularity-rank&ref=sr_st_exact-aware-popularity-rank
Titanium Dryer,https://www.amazon.com/s?k=Titanium+Dryer&i=beauty&s=exact-aware-popularity-rank&ref=sr_st_exact-aware-popularity-rank
Shaver Shaper,https://www.amazon.com/s?k=Shaver+Shaper&i=beauty&s=exact-aware-popularity-rank&ref=sr_st_exact-aware-popularity-rank
Vanish Shaver,https://www.amazon.com/s?k=Vanish+Shaver&i=beauty&s=exact-aware-popularity-rank&ref=sr_st_exact-aware-popularity-rank
Hair Clipper,https://www.amazon.com/s?k=Hair+Clipper&i=beauty&s=exact-aware-popularity-rank&ref=sr_st_exact-aware-popularity-rank
Gold Trimmer,https://www.amazon.com/s?k=Gold+Trimmer&i=beauty&s=exact-aware-popularity-rank&ref=sr_st_exact-aware-popularity-rank
Vapor Clipper,https://www.amazon.com/s?k=Vapor+Clipper&i=beauty&s=exact-aware-popularity-rank&ref=sr_st_exact-aware-popularity-rank
Cordless Trimmer,https://www.amazon.com/s?k=Cordless+Trimmer&i=beauty&s=exact-aware-popularity-rank&ref=sr_st_exact-aware-popularity-rank
Diffuser Attachment,https://www.amazon.com/s?k=Diffuser+Attachment&i=beauty&s=exact-aware-popularity-rank&ref=sr_st_exact-aware-popularity-rank
Stagger Tooth Clipper,https://www.amazon.com/s?k=Stagger+Tooth+Clipper&i=beauty&s=exact-aware-popularity-rank&ref=sr_st_exact-aware-popularity-rank
Trimmer Cordless,https://www.amazon.com/s?k=Trimmer+Cordless&i=beauty&s=exact-aware-popularity-rank&ref=sr_st_exact-aware-popularity-rank
Ergonomic Trimmer,https://www.amazon.com/s?k=Ergonomic+Trimmer&i=beauty&s=exact-aware-popularity-rank&ref=sr_st_exact-aware-popularity-rank
Straightening Iron,https://www.amazon.com/s?k=Straightening+Iron&i=beauty&s=exact-aware-popularity-rank&ref=sr_st_exact-aware-popularity-rank
Premium Clipper,https://www.amazon.com/s?k=Premium+Clipper&i=beauty&s=exact-aware-popularity-rank&ref=sr_st_exact-aware-popularity-rank
Senior Clipper,https://www.amazon.com/s?k=Senior+Clipper&i=beauty&s=exact-aware-popularity-rank&ref=sr_st_exact-aware-popularity-rank
Clipper Blade,https://www.amazon.com/s?k=Clipper+Blade&i=beauty&s=exact-aware-popularity-rank&ref=sr_st_exact-aware-popularity-rank
Thermal Hairbrush,https://www.amazon.com/s?k=Thermal+Hairbrush&i=beauty&s=exact-aware-popularity-rank&ref=sr_st_exact-aware-popularity-rank
Detailer Trimmer,https://www.amazon.com/s?k=Detailer+Trimmer&i=beauty&s=exact-aware-popularity-rank&ref=sr_st_exact-aware-popularity-rank
Lather Machine,https://www.amazon.com/s?k=Lather+Machine&i=beauty&s=exact-aware-popularity-rank&ref=sr_st_exact-aware-popularity-rank
Travel Hair Dryer,https://www.amazon.com/s?k=Travel+Hair+Dryer&i=beauty&s=exact-aware-popularity-rank&ref=sr_st_exact-aware-popularity-rank
Drying Tool,https://www.amazon.com/s?k=Drying+Tool&i=beauty&s=exact-aware-popularity-rank&ref=sr_st_exact-aware-popularity-rank
Trimmer Blade,https://www.amazon.com/s?k=Trimmer+Blade&i=beauty&s=exact-aware-popularity-rank&ref=sr_st_exact-aware-popularity-rank
Razor Edger,https://www.amazon.com/s?k=Razor+Edger&i=beauty&s=exact-aware-popularity-rank&ref=sr_st_exact-aware-popularity-rank
