Keyword,Links
Berry smoothie,https://www.amazon.com/s?k=Berry+smoothie&i=hpc&s=exact-aware-popularity-rank&ref=sr_st_exact-aware-popularity-rank
Methyl Salicylate,https://www.amazon.com/s?k=Methyl+Salicylate&i=hpc&s=exact-aware-popularity-rank&ref=sr_st_exact-aware-popularity-rank
Prune Senna,https://www.amazon.com/s?k=Prune+Senna&i=hpc&s=exact-aware-popularity-rank&ref=sr_st_exact-aware-popularity-rank
Enema Bottle,https://www.amazon.com/s?k=Enema+Bottle&i=hpc&s=exact-aware-popularity-rank&ref=sr_st_exact-aware-popularity-rank
Glycerin Ointment,https://www.amazon.com/s?k=Glycerin+Ointment&i=hpc&s=exact-aware-popularity-rank&ref=sr_st_exact-aware-popularity-rank
Anise Oil,https://www.amazon.com/s?k=Anise+Oil&i=hpc&s=exact-aware-popularity-rank&ref=sr_st_exact-aware-popularity-rank
Apple Fiber,https://www.amazon.com/s?k=Apple+Fiber&i=hpc&s=exact-aware-popularity-rank&ref=sr_st_exact-aware-popularity-rank
Omeprazole Tablets,https://www.amazon.com/s?k=Omeprazole+Tablets&i=hpc&s=exact-aware-popularity-rank&ref=sr_st_exact-aware-popularity-rank
Acid Reducer,https://www.amazon.com/s?k=Acid+Reducer&i=hpc&s=exact-aware-popularity-rank&ref=sr_st_exact-aware-popularity-rank
Heartburn Medicine,https://www.amazon.com/s?k=Heartburn+Medicine&i=hpc&s=exact-aware-popularity-rank&ref=sr_st_exact-aware-popularity-rank
Heartburn Chews,https://www.amazon.com/s?k=Heartburn+Chews&i=hpc&s=exact-aware-popularity-rank&ref=sr_st_exact-aware-popularity-rank
Antacid Tablets,https://www.amazon.com/s?k=Antacid+Tablets&i=hpc&s=exact-aware-popularity-rank&ref=sr_st_exact-aware-popularity-rank
Heartburn Antacid,https://www.amazon.com/s?k=Heartburn+Antacid&i=hpc&s=exact-aware-popularity-rank&ref=sr_st_exact-aware-popularity-rank
Famotidine Tablets,https://www.amazon.com/s?k=Famotidine+Tablets&i=hpc&s=exact-aware-popularity-rank&ref=sr_st_exact-aware-popularity-rank
Lansoprazole Capsules,https://www.amazon.com/s?k=Lansoprazole+Capsules&i=hpc&s=exact-aware-popularity-rank&ref=sr_st_exact-aware-popularity-rank
Sugar-Free Antacid,https://www.amazon.com/s?k=Sugar-Free+Antacid&i=hpc&s=exact-aware-popularity-rank&ref=sr_st_exact-aware-popularity-rank
Calcium Antacid,https://www.amazon.com/s?k=Calcium+Antacid&i=hpc&s=exact-aware-popularity-rank&ref=sr_st_exact-aware-popularity-rank
Antacid Relief,https://www.amazon.com/s?k=Antacid+Relief&i=hpc&s=exact-aware-popularity-rank&ref=sr_st_exact-aware-popularity-rank
Antacid Chews,https://www.amazon.com/s?k=Antacid+Chews&i=hpc&s=exact-aware-popularity-rank&ref=sr_st_exact-aware-popularity-rank
Effervescent Antacid,https://www.amazon.com/s?k=Effervescent+Antacid&i=hpc&s=exact-aware-popularity-rank&ref=sr_st_exact-aware-popularity-rank
Chewable Antacid,https://www.amazon.com/s?k=Chewable+Antacid&i=hpc&s=exact-aware-popularity-rank&ref=sr_st_exact-aware-popularity-rank
Liquid antacid,https://www.amazon.com/s?k=Liquid+antacid&i=hpc&s=exact-aware-popularity-rank&ref=sr_st_exact-aware-popularity-rank
Antacid Liquid,https://www.amazon.com/s?k=Antacid+Liquid&i=hpc&s=exact-aware-popularity-rank&ref=sr_st_exact-aware-popularity-rank
Maximum Strength Antacid,https://www.amazon.com/s?k=Maximum+Strength+Antacid&i=hpc&s=exact-aware-popularity-rank&ref=sr_st_exact-aware-popularity-rank
Cimetidine Tablets,https://www.amazon.com/s?k=Cimetidine+Tablets&i=hpc&s=exact-aware-popularity-rank&ref=sr_st_exact-aware-popularity-rank
Ginger Supplement,https://www.amazon.com/s?k=Ginger+Supplement&i=hpc&s=exact-aware-popularity-rank&ref=sr_st_exact-aware-popularity-rank
Strawberry Softchews,https://www.amazon.com/s?k=Strawberry+Softchews&i=hpc&s=exact-aware-popularity-rank&ref=sr_st_exact-aware-popularity-rank
Ginger Gummy,https://www.amazon.com/s?k=Ginger+Gummy&i=hpc&s=exact-aware-popularity-rank&ref=sr_st_exact-aware-popularity-rank
Acid Chewables,https://www.amazon.com/s?k=Acid+Chewables&i=hpc&s=exact-aware-popularity-rank&ref=sr_st_exact-aware-popularity-rank
Wildberry Antacid,https://www.amazon.com/s?k=Wildberry+Antacid&i=hpc&s=exact-aware-popularity-rank&ref=sr_st_exact-aware-popularity-rank
Regular Antacid,https://www.amazon.com/s?k=Regular+Antacid&i=hpc&s=exact-aware-popularity-rank&ref=sr_st_exact-aware-popularity-rank
Chewy Antacid,https://www.amazon.com/s?k=Chewy+Antacid&i=hpc&s=exact-aware-popularity-rank&ref=sr_st_exact-aware-popularity-rank
Heartburn Tablets,https://www.amazon.com/s?k=Heartburn+Tablets&i=hpc&s=exact-aware-popularity-rank&ref=sr_st_exact-aware-popularity-rank
Antacid Softchews,https://www.amazon.com/s?k=Antacid+Softchews&i=hpc&s=exact-aware-popularity-rank&ref=sr_st_exact-aware-popularity-rank
Acid indigestion,https://www.amazon.com/s?k=Acid+indigestion&i=hpc&s=exact-aware-popularity-rank&ref=sr_st_exact-aware-popularity-rank
Symptom Relief,https://www.amazon.com/s?k=Symptom+Relief&i=hpc&s=exact-aware-popularity-rank&ref=sr_st_exact-aware-popularity-rank
Assorted Berries,https://www.amazon.com/s?k=Assorted+Berries&i=hpc&s=exact-aware-popularity-rank&ref=sr_st_exact-aware-popularity-rank
Indigestion Relief,https://www.amazon.com/s?k=Indigestion+Relief&i=hpc&s=exact-aware-popularity-rank&ref=sr_st_exact-aware-popularity-rank
Peppermint Tablets,https://www.amazon.com/s?k=Peppermint+Tablets&i=hpc&s=exact-aware-popularity-rank&ref=sr_st_exact-aware-popularity-rank
Antacid Chewables,https://www.amazon.com/s?k=Antacid+Chewables&i=hpc&s=exact-aware-popularity-rank&ref=sr_st_exact-aware-popularity-rank
Anti-Diarrheal Relief,https://www.amazon.com/s?k=Anti-Diarrheal+Relief&i=hpc&s=exact-aware-popularity-rank&ref=sr_st_exact-aware-popularity-rank
Reflux Remedy,https://www.amazon.com/s?k=Reflux+Remedy&i=hpc&s=exact-aware-popularity-rank&ref=sr_st_exact-aware-popularity-rank
Acid relief,https://www.amazon.com/s?k=Acid+relief&i=hpc&s=exact-aware-popularity-rank&ref=sr_st_exact-aware-popularity-rank
Antacid Gummies,https://www.amazon.com/s?k=Antacid+Gummies&i=hpc&s=exact-aware-popularity-rank&ref=sr_st_exact-aware-popularity-rank
Hangover Relief,https://www.amazon.com/s?k=Hangover+Relief&i=hpc&s=exact-aware-popularity-rank&ref=sr_st_exact-aware-popularity-rank
Sodium Bicarbonate,https://www.amazon.com/s?k=Sodium+Bicarbonate&i=hpc&s=exact-aware-popularity-rank&ref=sr_st_exact-aware-popularity-rank
Berry Antacid,https://www.amazon.com/s?k=Berry+Antacid&i=hpc&s=exact-aware-popularity-rank&ref=sr_st_exact-aware-popularity-rank
Antacid Chewy,https://www.amazon.com/s?k=Antacid+Chewy&i=hpc&s=exact-aware-popularity-rank&ref=sr_st_exact-aware-popularity-rank
Energy effervescent,https://www.amazon.com/s?k=Energy+effervescent&i=hpc&s=exact-aware-popularity-rank&ref=sr_st_exact-aware-popularity-rank
Heartburn Gummies,https://www.amazon.com/s?k=Heartburn+Gummies&i=hpc&s=exact-aware-popularity-rank&ref=sr_st_exact-aware-popularity-rank
