Keyword,Links
Blueberry Protein,https://www.ebay.com/sch/i.html?_from=R40&_nkw=Blueberry+Protein&_sacat=26395&rt=nc&LH_ItemCondition=3&LH_BIN=1&rt=nc&LH_PrefLoc=1
Beatles CD,https://www.ebay.com/sch/i.html?_from=R40&_nkw=Beatles+CD&_sacat=26395&rt=nc&LH_ItemCondition=3&LH_BIN=1&rt=nc&LH_PrefLoc=1
Weight-Loss Program,https://www.ebay.com/sch/i.html?_from=R40&_nkw=Weight-Loss+Program&_sacat=26395&rt=nc&LH_ItemCondition=3&LH_BIN=1&rt=nc&LH_PrefLoc=1
Gluten Free Bites,https://www.ebay.com/sch/i.html?_from=R40&_nkw=Gluten+Free+Bites&_sacat=26395&rt=nc&LH_ItemCondition=3&LH_BIN=1&rt=nc&LH_PrefLoc=1
Horchata Drink,https://www.ebay.com/sch/i.html?_from=R40&_nkw=Horchata+Drink&_sacat=26395&rt=nc&LH_ItemCondition=3&LH_BIN=1&rt=nc&LH_PrefLoc=1
Healthy meals,https://www.ebay.com/sch/i.html?_from=R40&_nkw=Healthy+meals&_sacat=26395&rt=nc&LH_ItemCondition=3&LH_BIN=1&rt=nc&LH_PrefLoc=1
Superfood Guide,https://www.ebay.com/sch/i.html?_from=R40&_nkw=Superfood+Guide&_sacat=26395&rt=nc&LH_ItemCondition=3&LH_BIN=1&rt=nc&LH_PrefLoc=1
Hermit Volume,https://www.ebay.com/sch/i.html?_from=R40&_nkw=Hermit+Volume&_sacat=26395&rt=nc&LH_ItemCondition=3&LH_BIN=1&rt=nc&LH_PrefLoc=1
Fingerstyle Guitar,https://www.ebay.com/sch/i.html?_from=R40&_nkw=Fingerstyle+Guitar&_sacat=26395&rt=nc&LH_ItemCondition=3&LH_BIN=1&rt=nc&LH_PrefLoc=1
Simplicial Complexes,https://www.ebay.com/sch/i.html?_from=R40&_nkw=Simplicial+Complexes&_sacat=26395&rt=nc&LH_ItemCondition=3&LH_BIN=1&rt=nc&LH_PrefLoc=1
Atkins diet,https://www.ebay.com/sch/i.html?_from=R40&_nkw=Atkins+diet&_sacat=26395&rt=nc&LH_ItemCondition=3&LH_BIN=1&rt=nc&LH_PrefLoc=1
Strawberry Meal,https://www.ebay.com/sch/i.html?_from=R40&_nkw=Strawberry+Meal&_sacat=26395&rt=nc&LH_ItemCondition=3&LH_BIN=1&rt=nc&LH_PrefLoc=1
Breakfast drink,https://www.ebay.com/sch/i.html?_from=R40&_nkw=Breakfast+drink&_sacat=26395&rt=nc&LH_ItemCondition=3&LH_BIN=1&rt=nc&LH_PrefLoc=1
Coconut Chocolate,https://www.ebay.com/sch/i.html?_from=R40&_nkw=Coconut+Chocolate&_sacat=26395&rt=nc&LH_ItemCondition=3&LH_BIN=1&rt=nc&LH_PrefLoc=1
Matcha Shake,https://www.ebay.com/sch/i.html?_from=R40&_nkw=Matcha+Shake&_sacat=26395&rt=nc&LH_ItemCondition=3&LH_BIN=1&rt=nc&LH_PrefLoc=1
Diuretic Supplements,https://www.ebay.com/sch/i.html?_from=R40&_nkw=Diuretic+Supplements&_sacat=26395&rt=nc&LH_ItemCondition=3&LH_BIN=1&rt=nc&LH_PrefLoc=1
Organic waffle,https://www.ebay.com/sch/i.html?_from=R40&_nkw=Organic+waffle&_sacat=26395&rt=nc&LH_ItemCondition=3&LH_BIN=1&rt=nc&LH_PrefLoc=1
Creamy Chocolate,https://www.ebay.com/sch/i.html?_from=R40&_nkw=Creamy+Chocolate&_sacat=26395&rt=nc&LH_ItemCondition=3&LH_BIN=1&rt=nc&LH_PrefLoc=1
Glucose Control,https://www.ebay.com/sch/i.html?_from=R40&_nkw=Glucose+Control&_sacat=26395&rt=nc&LH_ItemCondition=3&LH_BIN=1&rt=nc&LH_PrefLoc=1
Keto Cups,https://www.ebay.com/sch/i.html?_from=R40&_nkw=Keto+Cups&_sacat=26395&rt=nc&LH_ItemCondition=3&LH_BIN=1&rt=nc&LH_PrefLoc=1
Coconut Protein,https://www.ebay.com/sch/i.html?_from=R40&_nkw=Coconut+Protein&_sacat=26395&rt=nc&LH_ItemCondition=3&LH_BIN=1&rt=nc&LH_PrefLoc=1
Garcinia Extract,https://www.ebay.com/sch/i.html?_from=R40&_nkw=Garcinia+Extract&_sacat=26395&rt=nc&LH_ItemCondition=3&LH_BIN=1&rt=nc&LH_PrefLoc=1
Keto Treats,https://www.ebay.com/sch/i.html?_from=R40&_nkw=Keto+Treats&_sacat=26395&rt=nc&LH_ItemCondition=3&LH_BIN=1&rt=nc&LH_PrefLoc=1
Cookie crunch,https://www.ebay.com/sch/i.html?_from=R40&_nkw=Cookie+crunch&_sacat=26395&rt=nc&LH_ItemCondition=3&LH_BIN=1&rt=nc&LH_PrefLoc=1
Appetite Control,https://www.ebay.com/sch/i.html?_from=R40&_nkw=Appetite+Control&_sacat=26395&rt=nc&LH_ItemCondition=3&LH_BIN=1&rt=nc&LH_PrefLoc=1
Waffle Snack,https://www.ebay.com/sch/i.html?_from=R40&_nkw=Waffle+Snack&_sacat=26395&rt=nc&LH_ItemCondition=3&LH_BIN=1&rt=nc&LH_PrefLoc=1
Breakfast sandwiches,https://www.ebay.com/sch/i.html?_from=R40&_nkw=Breakfast+sandwiches&_sacat=26395&rt=nc&LH_ItemCondition=3&LH_BIN=1&rt=nc&LH_PrefLoc=1
Chocolate fudge,https://www.ebay.com/sch/i.html?_from=R40&_nkw=Chocolate+fudge&_sacat=26395&rt=nc&LH_ItemCondition=3&LH_BIN=1&rt=nc&LH_PrefLoc=1
Non Stimulant,https://www.ebay.com/sch/i.html?_from=R40&_nkw=Non+Stimulant&_sacat=26395&rt=nc&LH_ItemCondition=3&LH_BIN=1&rt=nc&LH_PrefLoc=1
Fat Loss,https://www.ebay.com/sch/i.html?_from=R40&_nkw=Fat+Loss&_sacat=26395&rt=nc&LH_ItemCondition=3&LH_BIN=1&rt=nc&LH_PrefLoc=1
Chocolate Snack,https://www.ebay.com/sch/i.html?_from=R40&_nkw=Chocolate+Snack&_sacat=26395&rt=nc&LH_ItemCondition=3&LH_BIN=1&rt=nc&LH_PrefLoc=1
Cappuccino Shakes,https://www.ebay.com/sch/i.html?_from=R40&_nkw=Cappuccino+Shakes&_sacat=26395&rt=nc&LH_ItemCondition=3&LH_BIN=1&rt=nc&LH_PrefLoc=1
Slimming Jelly,https://www.ebay.com/sch/i.html?_from=R40&_nkw=Slimming+Jelly&_sacat=26395&rt=nc&LH_ItemCondition=3&LH_BIN=1&rt=nc&LH_PrefLoc=1
Appetite syrup,https://www.ebay.com/sch/i.html?_from=R40&_nkw=Appetite+syrup&_sacat=26395&rt=nc&LH_ItemCondition=3&LH_BIN=1&rt=nc&LH_PrefLoc=1
Venison Bars,https://www.ebay.com/sch/i.html?_from=R40&_nkw=Venison+Bars&_sacat=26395&rt=nc&LH_ItemCondition=3&LH_BIN=1&rt=nc&LH_PrefLoc=1
Shake mix,https://www.ebay.com/sch/i.html?_from=R40&_nkw=Shake+mix&_sacat=26395&rt=nc&LH_ItemCondition=3&LH_BIN=1&rt=nc&LH_PrefLoc=1
Natural Energy,https://www.ebay.com/sch/i.html?_from=R40&_nkw=Natural+Energy&_sacat=26395&rt=nc&LH_ItemCondition=3&LH_BIN=1&rt=nc&LH_PrefLoc=1
Pre-Workout Pump,https://www.ebay.com/sch/i.html?_from=R40&_nkw=Pre-Workout+Pump&_sacat=26395&rt=nc&LH_ItemCondition=3&LH_BIN=1&rt=nc&LH_PrefLoc=1
Pre-Workout Supplement,https://www.ebay.com/sch/i.html?_from=R40&_nkw=Pre-Workout+Supplement&_sacat=26395&rt=nc&LH_ItemCondition=3&LH_BIN=1&rt=nc&LH_PrefLoc=1
Preworkout Energy,https://www.ebay.com/sch/i.html?_from=R40&_nkw=Preworkout+Energy&_sacat=26395&rt=nc&LH_ItemCondition=3&LH_BIN=1&rt=nc&LH_PrefLoc=1
BCAA Fat Burner,https://www.ebay.com/sch/i.html?_from=R40&_nkw=BCAA+Fat+Burner&_sacat=26395&rt=nc&LH_ItemCondition=3&LH_BIN=1&rt=nc&LH_PrefLoc=1
Pre-Workout Electrolyte,https://www.ebay.com/sch/i.html?_from=R40&_nkw=Pre-Workout+Electrolyte&_sacat=26395&rt=nc&LH_ItemCondition=3&LH_BIN=1&rt=nc&LH_PrefLoc=1
High-Stimulant Nootropic,https://www.ebay.com/sch/i.html?_from=R40&_nkw=High-Stimulant+Nootropic&_sacat=26395&rt=nc&LH_ItemCondition=3&LH_BIN=1&rt=nc&LH_PrefLoc=1
Pre-Workout Complex,https://www.ebay.com/sch/i.html?_from=R40&_nkw=Pre-Workout+Complex&_sacat=26395&rt=nc&LH_ItemCondition=3&LH_BIN=1&rt=nc&LH_PrefLoc=1
Pre-Workout Raspberry,https://www.ebay.com/sch/i.html?_from=R40&_nkw=Pre-Workout+Raspberry&_sacat=26395&rt=nc&LH_ItemCondition=3&LH_BIN=1&rt=nc&LH_PrefLoc=1
PreWorkout Supplement,https://www.ebay.com/sch/i.html?_from=R40&_nkw=PreWorkout+Supplement&_sacat=26395&rt=nc&LH_ItemCondition=3&LH_BIN=1&rt=nc&LH_PrefLoc=1
Non-Stim Pre-Workout,https://www.ebay.com/sch/i.html?_from=R40&_nkw=Non-Stim+Pre-Workout&_sacat=26395&rt=nc&LH_ItemCondition=3&LH_BIN=1&rt=nc&LH_PrefLoc=1
Pre-Workout Ripped,https://www.ebay.com/sch/i.html?_from=R40&_nkw=Pre-Workout+Ripped&_sacat=26395&rt=nc&LH_ItemCondition=3&LH_BIN=1&rt=nc&LH_PrefLoc=1
Pre-workout candy,https://www.ebay.com/sch/i.html?_from=R40&_nkw=Pre-workout+candy&_sacat=26395&rt=nc&LH_ItemCondition=3&LH_BIN=1&rt=nc&LH_PrefLoc=1
Pre-Workout Punch,https://www.ebay.com/sch/i.html?_from=R40&_nkw=Pre-Workout+Punch&_sacat=26395&rt=nc&LH_ItemCondition=3&LH_BIN=1&rt=nc&LH_PrefLoc=1
