Keyword,Links
Detangling Set,https://www.amazon.com/s?k=Detangling+Set&i=beauty&s=exact-aware-popularity-rank&ref=sr_st_exact-aware-popularity-rank
Holiday Hair Care,https://www.amazon.com/s?k=Holiday+Hair+Care&i=beauty&s=exact-aware-popularity-rank&ref=sr_st_exact-aware-popularity-rank
Gloss simulator,https://www.amazon.com/s?k=Gloss+simulator&i=beauty&s=exact-aware-popularity-rank&ref=sr_st_exact-aware-popularity-rank
Perfect Hair,https://www.amazon.com/s?k=Perfect+Hair&i=beauty&s=exact-aware-popularity-rank&ref=sr_st_exact-aware-popularity-rank
Detoxifying Shampoo,https://www.amazon.com/s?k=Detoxifying+Shampoo&i=beauty&s=exact-aware-popularity-rank&ref=sr_st_exact-aware-popularity-rank
Neutralizing Shampoo,https://www.amazon.com/s?k=Neutralizing+Shampoo&i=beauty&s=exact-aware-popularity-rank&ref=sr_st_exact-aware-popularity-rank
Dreadlock Conditioner,https://www.amazon.com/s?k=Dreadlock+Conditioner&i=beauty&s=exact-aware-popularity-rank&ref=sr_st_exact-aware-popularity-rank
Hypoallergenic Shampoo,https://www.amazon.com/s?k=Hypoallergenic+Shampoo&i=beauty&s=exact-aware-popularity-rank&ref=sr_st_exact-aware-popularity-rank
Shea shampoo,https://www.amazon.com/s?k=Shea+shampoo&i=beauty&s=exact-aware-popularity-rank&ref=sr_st_exact-aware-popularity-rank
Basil Mint,https://www.amazon.com/s?k=Basil+Mint&i=beauty&s=exact-aware-popularity-rank&ref=sr_st_exact-aware-popularity-rank
Detangler Avocado,https://www.amazon.com/s?k=Detangler+Avocado&i=beauty&s=exact-aware-popularity-rank&ref=sr_st_exact-aware-popularity-rank
Rugby Shampoo,https://www.amazon.com/s?k=Rugby+Shampoo&i=beauty&s=exact-aware-popularity-rank&ref=sr_st_exact-aware-popularity-rank
Anti-Brassiness Shampoo,https://www.amazon.com/s?k=Anti-Brassiness+Shampoo&i=beauty&s=exact-aware-popularity-rank&ref=sr_st_exact-aware-popularity-rank
Gentle Cleanse,https://www.amazon.com/s?k=Gentle+Cleanse&i=beauty&s=exact-aware-popularity-rank&ref=sr_st_exact-aware-popularity-rank
Keratin Treatment,https://www.amazon.com/s?k=Keratin+Treatment&i=beauty&s=exact-aware-popularity-rank&ref=sr_st_exact-aware-popularity-rank
Zinc Shampoo,https://www.amazon.com/s?k=Zinc+Shampoo&i=beauty&s=exact-aware-popularity-rank&ref=sr_st_exact-aware-popularity-rank
Hair Reconstruction,https://www.amazon.com/s?k=Hair+Reconstruction&i=beauty&s=exact-aware-popularity-rank&ref=sr_st_exact-aware-popularity-rank
Clean Shampoo,https://www.amazon.com/s?k=Clean+Shampoo&i=beauty&s=exact-aware-popularity-rank&ref=sr_st_exact-aware-popularity-rank
Weightless Shampoo,https://www.amazon.com/s?k=Weightless+Shampoo&i=beauty&s=exact-aware-popularity-rank&ref=sr_st_exact-aware-popularity-rank
Sulfate Free Shampoo,https://www.amazon.com/s?k=Sulfate+Free+Shampoo&i=beauty&s=exact-aware-popularity-rank&ref=sr_st_exact-aware-popularity-rank
Herbal Shampoo,https://www.amazon.com/s?k=Herbal+Shampoo&i=beauty&s=exact-aware-popularity-rank&ref=sr_st_exact-aware-popularity-rank
Brunette shampoo,https://www.amazon.com/s?k=Brunette+shampoo&i=beauty&s=exact-aware-popularity-rank&ref=sr_st_exact-aware-popularity-rank
Shampoo body wash,https://www.amazon.com/s?k=Shampoo+body+wash&i=beauty&s=exact-aware-popularity-rank&ref=sr_st_exact-aware-popularity-rank
Pure Shampoo,https://www.amazon.com/s?k=Pure+Shampoo&i=beauty&s=exact-aware-popularity-rank&ref=sr_st_exact-aware-popularity-rank
Olive shampoo,https://www.amazon.com/s?k=Olive+shampoo&i=beauty&s=exact-aware-popularity-rank&ref=sr_st_exact-aware-popularity-rank
Shampoo Pack,https://www.amazon.com/s?k=Shampoo+Pack&i=beauty&s=exact-aware-popularity-rank&ref=sr_st_exact-aware-popularity-rank
Rice Soap,https://www.amazon.com/s?k=Rice+Soap&i=beauty&s=exact-aware-popularity-rank&ref=sr_st_exact-aware-popularity-rank
DHS Shampoo,https://www.amazon.com/s?k=DHS+Shampoo&i=beauty&s=exact-aware-popularity-rank&ref=sr_st_exact-aware-popularity-rank
Curl ritual,https://www.amazon.com/s?k=Curl+ritual&i=beauty&s=exact-aware-popularity-rank&ref=sr_st_exact-aware-popularity-rank
Grey hair shampoo,https://www.amazon.com/s?k=Grey+hair+shampoo&i=beauty&s=exact-aware-popularity-rank&ref=sr_st_exact-aware-popularity-rank
Resurrection Shampoo,https://www.amazon.com/s?k=Resurrection+Shampoo&i=beauty&s=exact-aware-popularity-rank&ref=sr_st_exact-aware-popularity-rank
Thick Growth,https://www.amazon.com/s?k=Thick+Growth&i=beauty&s=exact-aware-popularity-rank&ref=sr_st_exact-aware-popularity-rank
Dandruff Control,https://www.amazon.com/s?k=Dandruff+Control&i=beauty&s=exact-aware-popularity-rank&ref=sr_st_exact-aware-popularity-rank
Watercolor Shampoo,https://www.amazon.com/s?k=Watercolor+Shampoo&i=beauty&s=exact-aware-popularity-rank&ref=sr_st_exact-aware-popularity-rank
Kosher Shampoo,https://www.amazon.com/s?k=Kosher+Shampoo&i=beauty&s=exact-aware-popularity-rank&ref=sr_st_exact-aware-popularity-rank
Argan Oil Shampoo,https://www.amazon.com/s?k=Argan+Oil+Shampoo&i=beauty&s=exact-aware-popularity-rank&ref=sr_st_exact-aware-popularity-rank
Growth shampoo,https://www.amazon.com/s?k=Growth+shampoo&i=beauty&s=exact-aware-popularity-rank&ref=sr_st_exact-aware-popularity-rank
Cleane Shampoo,https://www.amazon.com/s?k=Cleane+Shampoo&i=beauty&s=exact-aware-popularity-rank&ref=sr_st_exact-aware-popularity-rank
Wavy Curly,https://www.amazon.com/s?k=Wavy+Curly&i=beauty&s=exact-aware-popularity-rank&ref=sr_st_exact-aware-popularity-rank
Hydrating Duo,https://www.amazon.com/s?k=Hydrating+Duo&i=beauty&s=exact-aware-popularity-rank&ref=sr_st_exact-aware-popularity-rank
Moroccan shampoo,https://www.amazon.com/s?k=Moroccan+shampoo&i=beauty&s=exact-aware-popularity-rank&ref=sr_st_exact-aware-popularity-rank
Shikakai Shampoo,https://www.amazon.com/s?k=Shikakai+Shampoo&i=beauty&s=exact-aware-popularity-rank&ref=sr_st_exact-aware-popularity-rank
Solid Shampoo,https://www.amazon.com/s?k=Solid+Shampoo&i=beauty&s=exact-aware-popularity-rank&ref=sr_st_exact-aware-popularity-rank
Health Shampoo,https://www.amazon.com/s?k=Health+Shampoo&i=beauty&s=exact-aware-popularity-rank&ref=sr_st_exact-aware-popularity-rank
Hair Bath,https://www.amazon.com/s?k=Hair+Bath&i=beauty&s=exact-aware-popularity-rank&ref=sr_st_exact-aware-popularity-rank
Ultimate Care,https://www.amazon.com/s?k=Ultimate+Care&i=beauty&s=exact-aware-popularity-rank&ref=sr_st_exact-aware-popularity-rank
Peach Shampoo,https://www.amazon.com/s?k=Peach+Shampoo&i=beauty&s=exact-aware-popularity-rank&ref=sr_st_exact-aware-popularity-rank
Surf duo,https://www.amazon.com/s?k=Surf+duo&i=beauty&s=exact-aware-popularity-rank&ref=sr_st_exact-aware-popularity-rank
Romero Quina,https://www.amazon.com/s?k=Romero+Quina&i=beauty&s=exact-aware-popularity-rank&ref=sr_st_exact-aware-popularity-rank
Total Body Shampoo,https://www.amazon.com/s?k=Total+Body+Shampoo&i=beauty&s=exact-aware-popularity-rank&ref=sr_st_exact-aware-popularity-rank
