Keyword,Links
Omega 7,https://www.amazon.com/s?k=Omega+7&i=hpc&s=exact-aware-popularity-rank&ref=sr_st_exact-aware-popularity-rank
Blood circulation,https://www.amazon.com/s?k=Blood+circulation&i=hpc&s=exact-aware-popularity-rank&ref=sr_st_exact-aware-popularity-rank
Black Seed Oil,https://www.amazon.com/s?k=Black+Seed+Oil&i=hpc&s=exact-aware-popularity-rank&ref=sr_st_exact-aware-popularity-rank
Sterol Capsules,https://www.amazon.com/s?k=Sterol+Capsules&i=hpc&s=exact-aware-popularity-rank&ref=sr_st_exact-aware-popularity-rank
Krill Omega-3,https://www.amazon.com/s?k=Krill+Omega-3&i=hpc&s=exact-aware-popularity-rank&ref=sr_st_exact-aware-popularity-rank
Soursop Bitters,https://www.amazon.com/s?k=Soursop+Bitters&i=hpc&s=exact-aware-popularity-rank&ref=sr_st_exact-aware-popularity-rank
Men's Force,https://www.amazon.com/s?k=Men's+Force&i=hpc&s=exact-aware-popularity-rank&ref=sr_st_exact-aware-popularity-rank
Omega-3 Gelatin,https://www.amazon.com/s?k=Omega-3+Gelatin&i=hpc&s=exact-aware-popularity-rank&ref=sr_st_exact-aware-popularity-rank
Omega support,https://www.amazon.com/s?k=Omega+support&i=hpc&s=exact-aware-popularity-rank&ref=sr_st_exact-aware-popularity-rank
Omega-3 Chewables,https://www.amazon.com/s?k=Omega-3+Chewables&i=hpc&s=exact-aware-popularity-rank&ref=sr_st_exact-aware-popularity-rank
Time-release Niacin,https://www.amazon.com/s?k=Time-release+Niacin&i=hpc&s=exact-aware-popularity-rank&ref=sr_st_exact-aware-popularity-rank
Plant sterols,https://www.amazon.com/s?k=Plant+sterols&i=hpc&s=exact-aware-popularity-rank&ref=sr_st_exact-aware-popularity-rank
Super Greens,https://www.amazon.com/s?k=Super+Greens&i=hpc&s=exact-aware-popularity-rank&ref=sr_st_exact-aware-popularity-rank
Relaxation Capsules,https://www.amazon.com/s?k=Relaxation+Capsules&i=hpc&s=exact-aware-popularity-rank&ref=sr_st_exact-aware-popularity-rank
Berberine Capsules,https://www.amazon.com/s?k=Berberine+Capsules&i=hpc&s=exact-aware-popularity-rank&ref=sr_st_exact-aware-popularity-rank
Omega Fish Oil,https://www.amazon.com/s?k=Omega+Fish+Oil&i=hpc&s=exact-aware-popularity-rank&ref=sr_st_exact-aware-popularity-rank
Omega-3 Sgels,https://www.amazon.com/s?k=Omega-3+Sgels&i=hpc&s=exact-aware-popularity-rank&ref=sr_st_exact-aware-popularity-rank
Policosanol Capsules,https://www.amazon.com/s?k=Policosanol+Capsules&i=hpc&s=exact-aware-popularity-rank&ref=sr_st_exact-aware-popularity-rank
Quercetin Capsules,https://www.amazon.com/s?k=Quercetin+Capsules&i=hpc&s=exact-aware-popularity-rank&ref=sr_st_exact-aware-popularity-rank
Prenatal Omega-3,https://www.amazon.com/s?k=Prenatal+Omega-3&i=hpc&s=exact-aware-popularity-rank&ref=sr_st_exact-aware-popularity-rank
Chromium Picolinate,https://www.amazon.com/s?k=Chromium+Picolinate&i=hpc&s=exact-aware-popularity-rank&ref=sr_st_exact-aware-popularity-rank
Fish oil gummies,https://www.amazon.com/s?k=Fish+oil+gummies&i=hpc&s=exact-aware-popularity-rank&ref=sr_st_exact-aware-popularity-rank
Metabolism Booster,https://www.amazon.com/s?k=Metabolism+Booster&i=hpc&s=exact-aware-popularity-rank&ref=sr_st_exact-aware-popularity-rank
Green Lipped Mussel,https://www.amazon.com/s?k=Green+Lipped+Mussel&i=hpc&s=exact-aware-popularity-rank&ref=sr_st_exact-aware-popularity-rank
Omega blend,https://www.amazon.com/s?k=Omega+blend&i=hpc&s=exact-aware-popularity-rank&ref=sr_st_exact-aware-popularity-rank
Algae Omega-3,https://www.amazon.com/s?k=Algae+Omega-3&i=hpc&s=exact-aware-popularity-rank&ref=sr_st_exact-aware-popularity-rank
Konjac Capsules,https://www.amazon.com/s?k=Konjac+Capsules&i=hpc&s=exact-aware-popularity-rank&ref=sr_st_exact-aware-popularity-rank
Liquid Turmeric,https://www.amazon.com/s?k=Liquid+Turmeric&i=hpc&s=exact-aware-popularity-rank&ref=sr_st_exact-aware-popularity-rank
Prenatal Multivitamin,https://www.amazon.com/s?k=Prenatal+Multivitamin&i=hpc&s=exact-aware-popularity-rank&ref=sr_st_exact-aware-popularity-rank
Prenatal DHA,https://www.amazon.com/s?k=Prenatal+DHA&i=hpc&s=exact-aware-popularity-rank&ref=sr_st_exact-aware-popularity-rank
Yeast Rice,https://www.amazon.com/s?k=Yeast+Rice&i=hpc&s=exact-aware-popularity-rank&ref=sr_st_exact-aware-popularity-rank
Metabolic Supplement,https://www.amazon.com/s?k=Metabolic+Supplement&i=hpc&s=exact-aware-popularity-rank&ref=sr_st_exact-aware-popularity-rank
Flax Oil,https://www.amazon.com/s?k=Flax+Oil&i=hpc&s=exact-aware-popularity-rank&ref=sr_st_exact-aware-popularity-rank
Chaga Superdrink,https://www.amazon.com/s?k=Chaga+Superdrink&i=hpc&s=exact-aware-popularity-rank&ref=sr_st_exact-aware-popularity-rank
Antioxidant support,https://www.amazon.com/s?k=Antioxidant+support&i=hpc&s=exact-aware-popularity-rank&ref=sr_st_exact-aware-popularity-rank
Flaxseed supplement,https://www.amazon.com/s?k=Flaxseed+supplement&i=hpc&s=exact-aware-popularity-rank&ref=sr_st_exact-aware-popularity-rank
Metabolism Support,https://www.amazon.com/s?k=Metabolism+Support&i=hpc&s=exact-aware-popularity-rank&ref=sr_st_exact-aware-popularity-rank
Joint Care,https://www.amazon.com/s?k=Joint+Care&i=hpc&s=exact-aware-popularity-rank&ref=sr_st_exact-aware-popularity-rank
Bergamot Extract,https://www.amazon.com/s?k=Bergamot+Extract&i=hpc&s=exact-aware-popularity-rank&ref=sr_st_exact-aware-popularity-rank
Muscle Relief,https://www.amazon.com/s?k=Muscle+Relief&i=hpc&s=exact-aware-popularity-rank&ref=sr_st_exact-aware-popularity-rank
Smart Value,https://www.amazon.com/s?k=Smart+Value&i=hpc&s=exact-aware-popularity-rank&ref=sr_st_exact-aware-popularity-rank
Turmeric Powder,https://www.amazon.com/s?k=Turmeric+Powder&i=hpc&s=exact-aware-popularity-rank&ref=sr_st_exact-aware-popularity-rank
Organic Chia,https://www.amazon.com/s?k=Organic+Chia&i=hpc&s=exact-aware-popularity-rank&ref=sr_st_exact-aware-popularity-rank
Chia Seed,https://www.amazon.com/s?k=Chia+Seed&i=hpc&s=exact-aware-popularity-rank&ref=sr_st_exact-aware-popularity-rank
Konjac Root,https://www.amazon.com/s?k=Konjac+Root&i=hpc&s=exact-aware-popularity-rank&ref=sr_st_exact-aware-popularity-rank
Calcium D-Glucarate,https://www.amazon.com/s?k=Calcium+D-Glucarate&i=hpc&s=exact-aware-popularity-rank&ref=sr_st_exact-aware-popularity-rank
Bloat relief,https://www.amazon.com/s?k=Bloat+relief&i=hpc&s=exact-aware-popularity-rank&ref=sr_st_exact-aware-popularity-rank
Green Tea,https://www.amazon.com/s?k=Green+Tea&i=hpc&s=exact-aware-popularity-rank&ref=sr_st_exact-aware-popularity-rank
Cholesterol Lecithin,https://www.amazon.com/s?k=Cholesterol+Lecithin&i=hpc&s=exact-aware-popularity-rank&ref=sr_st_exact-aware-popularity-rank
Mitochondria Growth,https://www.amazon.com/s?k=Mitochondria+Growth&i=hpc&s=exact-aware-popularity-rank&ref=sr_st_exact-aware-popularity-rank
