Keyword,Links
Omega 7,https://www.ebay.com/sch/i.html?_from=R40&_nkw=Omega+7&_sacat=26395&rt=nc&LH_ItemCondition=3&LH_BIN=1&rt=nc&LH_PrefLoc=1
Blood circulation,https://www.ebay.com/sch/i.html?_from=R40&_nkw=Blood+circulation&_sacat=26395&rt=nc&LH_ItemCondition=3&LH_BIN=1&rt=nc&LH_PrefLoc=1
Black Seed Oil,https://www.ebay.com/sch/i.html?_from=R40&_nkw=Black+Seed+Oil&_sacat=26395&rt=nc&LH_ItemCondition=3&LH_BIN=1&rt=nc&LH_PrefLoc=1
Sterol Capsules,https://www.ebay.com/sch/i.html?_from=R40&_nkw=Sterol+Capsules&_sacat=26395&rt=nc&LH_ItemCondition=3&LH_BIN=1&rt=nc&LH_PrefLoc=1
Krill Omega-3,https://www.ebay.com/sch/i.html?_from=R40&_nkw=Krill+Omega-3&_sacat=26395&rt=nc&LH_ItemCondition=3&LH_BIN=1&rt=nc&LH_PrefLoc=1
Soursop Bitters,https://www.ebay.com/sch/i.html?_from=R40&_nkw=Soursop+Bitters&_sacat=26395&rt=nc&LH_ItemCondition=3&LH_BIN=1&rt=nc&LH_PrefLoc=1
Men's Force,https://www.ebay.com/sch/i.html?_from=R40&_nkw=Men's+Force&_sacat=26395&rt=nc&LH_ItemCondition=3&LH_BIN=1&rt=nc&LH_PrefLoc=1
Omega-3 Gelatin,https://www.ebay.com/sch/i.html?_from=R40&_nkw=Omega-3+Gelatin&_sacat=26395&rt=nc&LH_ItemCondition=3&LH_BIN=1&rt=nc&LH_PrefLoc=1
Omega support,https://www.ebay.com/sch/i.html?_from=R40&_nkw=Omega+support&_sacat=26395&rt=nc&LH_ItemCondition=3&LH_BIN=1&rt=nc&LH_PrefLoc=1
Omega-3 Chewables,https://www.ebay.com/sch/i.html?_from=R40&_nkw=Omega-3+Chewables&_sacat=26395&rt=nc&LH_ItemCondition=3&LH_BIN=1&rt=nc&LH_PrefLoc=1
Time-release Niacin,https://www.ebay.com/sch/i.html?_from=R40&_nkw=Time-release+Niacin&_sacat=26395&rt=nc&LH_ItemCondition=3&LH_BIN=1&rt=nc&LH_PrefLoc=1
Plant sterols,https://www.ebay.com/sch/i.html?_from=R40&_nkw=Plant+sterols&_sacat=26395&rt=nc&LH_ItemCondition=3&LH_BIN=1&rt=nc&LH_PrefLoc=1
Super Greens,https://www.ebay.com/sch/i.html?_from=R40&_nkw=Super+Greens&_sacat=26395&rt=nc&LH_ItemCondition=3&LH_BIN=1&rt=nc&LH_PrefLoc=1
Relaxation Capsules,https://www.ebay.com/sch/i.html?_from=R40&_nkw=Relaxation+Capsules&_sacat=26395&rt=nc&LH_ItemCondition=3&LH_BIN=1&rt=nc&LH_PrefLoc=1
Berberine Capsules,https://www.ebay.com/sch/i.html?_from=R40&_nkw=Berberine+Capsules&_sacat=26395&rt=nc&LH_ItemCondition=3&LH_BIN=1&rt=nc&LH_PrefLoc=1
Omega Fish Oil,https://www.ebay.com/sch/i.html?_from=R40&_nkw=Omega+Fish+Oil&_sacat=26395&rt=nc&LH_ItemCondition=3&LH_BIN=1&rt=nc&LH_PrefLoc=1
Omega-3 Sgels,https://www.ebay.com/sch/i.html?_from=R40&_nkw=Omega-3+Sgels&_sacat=26395&rt=nc&LH_ItemCondition=3&LH_BIN=1&rt=nc&LH_PrefLoc=1
Policosanol Capsules,https://www.ebay.com/sch/i.html?_from=R40&_nkw=Policosanol+Capsules&_sacat=26395&rt=nc&LH_ItemCondition=3&LH_BIN=1&rt=nc&LH_PrefLoc=1
Quercetin Capsules,https://www.ebay.com/sch/i.html?_from=R40&_nkw=Quercetin+Capsules&_sacat=26395&rt=nc&LH_ItemCondition=3&LH_BIN=1&rt=nc&LH_PrefLoc=1
Prenatal Omega-3,https://www.ebay.com/sch/i.html?_from=R40&_nkw=Prenatal+Omega-3&_sacat=26395&rt=nc&LH_ItemCondition=3&LH_BIN=1&rt=nc&LH_PrefLoc=1
Chromium Picolinate,https://www.ebay.com/sch/i.html?_from=R40&_nkw=Chromium+Picolinate&_sacat=26395&rt=nc&LH_ItemCondition=3&LH_BIN=1&rt=nc&LH_PrefLoc=1
Fish oil gummies,https://www.ebay.com/sch/i.html?_from=R40&_nkw=Fish+oil+gummies&_sacat=26395&rt=nc&LH_ItemCondition=3&LH_BIN=1&rt=nc&LH_PrefLoc=1
Metabolism Booster,https://www.ebay.com/sch/i.html?_from=R40&_nkw=Metabolism+Booster&_sacat=26395&rt=nc&LH_ItemCondition=3&LH_BIN=1&rt=nc&LH_PrefLoc=1
Green Lipped Mussel,https://www.ebay.com/sch/i.html?_from=R40&_nkw=Green+Lipped+Mussel&_sacat=26395&rt=nc&LH_ItemCondition=3&LH_BIN=1&rt=nc&LH_PrefLoc=1
Omega blend,https://www.ebay.com/sch/i.html?_from=R40&_nkw=Omega+blend&_sacat=26395&rt=nc&LH_ItemCondition=3&LH_BIN=1&rt=nc&LH_PrefLoc=1
Algae Omega-3,https://www.ebay.com/sch/i.html?_from=R40&_nkw=Algae+Omega-3&_sacat=26395&rt=nc&LH_ItemCondition=3&LH_BIN=1&rt=nc&LH_PrefLoc=1
Konjac Capsules,https://www.ebay.com/sch/i.html?_from=R40&_nkw=Konjac+Capsules&_sacat=26395&rt=nc&LH_ItemCondition=3&LH_BIN=1&rt=nc&LH_PrefLoc=1
Liquid Turmeric,https://www.ebay.com/sch/i.html?_from=R40&_nkw=Liquid+Turmeric&_sacat=26395&rt=nc&LH_ItemCondition=3&LH_BIN=1&rt=nc&LH_PrefLoc=1
Prenatal Multivitamin,https://www.ebay.com/sch/i.html?_from=R40&_nkw=Prenatal+Multivitamin&_sacat=26395&rt=nc&LH_ItemCondition=3&LH_BIN=1&rt=nc&LH_PrefLoc=1
Prenatal DHA,https://www.ebay.com/sch/i.html?_from=R40&_nkw=Prenatal+DHA&_sacat=26395&rt=nc&LH_ItemCondition=3&LH_BIN=1&rt=nc&LH_PrefLoc=1
Yeast Rice,https://www.ebay.com/sch/i.html?_from=R40&_nkw=Yeast+Rice&_sacat=26395&rt=nc&LH_ItemCondition=3&LH_BIN=1&rt=nc&LH_PrefLoc=1
Metabolic Supplement,https://www.ebay.com/sch/i.html?_from=R40&_nkw=Metabolic+Supplement&_sacat=26395&rt=nc&LH_ItemCondition=3&LH_BIN=1&rt=nc&LH_PrefLoc=1
Flax Oil,https://www.ebay.com/sch/i.html?_from=R40&_nkw=Flax+Oil&_sacat=26395&rt=nc&LH_ItemCondition=3&LH_BIN=1&rt=nc&LH_PrefLoc=1
Chaga Superdrink,https://www.ebay.com/sch/i.html?_from=R40&_nkw=Chaga+Superdrink&_sacat=26395&rt=nc&LH_ItemCondition=3&LH_BIN=1&rt=nc&LH_PrefLoc=1
Antioxidant support,https://www.ebay.com/sch/i.html?_from=R40&_nkw=Antioxidant+support&_sacat=26395&rt=nc&LH_ItemCondition=3&LH_BIN=1&rt=nc&LH_PrefLoc=1
Flaxseed supplement,https://www.ebay.com/sch/i.html?_from=R40&_nkw=Flaxseed+supplement&_sacat=26395&rt=nc&LH_ItemCondition=3&LH_BIN=1&rt=nc&LH_PrefLoc=1
Metabolism Support,https://www.ebay.com/sch/i.html?_from=R40&_nkw=Metabolism+Support&_sacat=26395&rt=nc&LH_ItemCondition=3&LH_BIN=1&rt=nc&LH_PrefLoc=1
Joint Care,https://www.ebay.com/sch/i.html?_from=R40&_nkw=Joint+Care&_sacat=26395&rt=nc&LH_ItemCondition=3&LH_BIN=1&rt=nc&LH_PrefLoc=1
Bergamot Extract,https://www.ebay.com/sch/i.html?_from=R40&_nkw=Bergamot+Extract&_sacat=26395&rt=nc&LH_ItemCondition=3&LH_BIN=1&rt=nc&LH_PrefLoc=1
Muscle Relief,https://www.ebay.com/sch/i.html?_from=R40&_nkw=Muscle+Relief&_sacat=26395&rt=nc&LH_ItemCondition=3&LH_BIN=1&rt=nc&LH_PrefLoc=1
Smart Value,https://www.ebay.com/sch/i.html?_from=R40&_nkw=Smart+Value&_sacat=26395&rt=nc&LH_ItemCondition=3&LH_BIN=1&rt=nc&LH_PrefLoc=1
Turmeric Powder,https://www.ebay.com/sch/i.html?_from=R40&_nkw=Turmeric+Powder&_sacat=26395&rt=nc&LH_ItemCondition=3&LH_BIN=1&rt=nc&LH_PrefLoc=1
Organic Chia,https://www.ebay.com/sch/i.html?_from=R40&_nkw=Organic+Chia&_sacat=26395&rt=nc&LH_ItemCondition=3&LH_BIN=1&rt=nc&LH_PrefLoc=1
Chia Seed,https://www.ebay.com/sch/i.html?_from=R40&_nkw=Chia+Seed&_sacat=26395&rt=nc&LH_ItemCondition=3&LH_BIN=1&rt=nc&LH_PrefLoc=1
Konjac Root,https://www.ebay.com/sch/i.html?_from=R40&_nkw=Konjac+Root&_sacat=26395&rt=nc&LH_ItemCondition=3&LH_BIN=1&rt=nc&LH_PrefLoc=1
Calcium D-Glucarate,https://www.ebay.com/sch/i.html?_from=R40&_nkw=Calcium+D-Glucarate&_sacat=26395&rt=nc&LH_ItemCondition=3&LH_BIN=1&rt=nc&LH_PrefLoc=1
Bloat relief,https://www.ebay.com/sch/i.html?_from=R40&_nkw=Bloat+relief&_sacat=26395&rt=nc&LH_ItemCondition=3&LH_BIN=1&rt=nc&LH_PrefLoc=1
Green Tea,https://www.ebay.com/sch/i.html?_from=R40&_nkw=Green+Tea&_sacat=26395&rt=nc&LH_ItemCondition=3&LH_BIN=1&rt=nc&LH_PrefLoc=1
Cholesterol Lecithin,https://www.ebay.com/sch/i.html?_from=R40&_nkw=Cholesterol+Lecithin&_sacat=26395&rt=nc&LH_ItemCondition=3&LH_BIN=1&rt=nc&LH_PrefLoc=1
Mitochondria Growth,https://www.ebay.com/sch/i.html?_from=R40&_nkw=Mitochondria+Growth&_sacat=26395&rt=nc&LH_ItemCondition=3&LH_BIN=1&rt=nc&LH_PrefLoc=1
