Keyword,Links
Braid Gel,https://www.amazon.com/s?k=Braid+Gel&i=beauty&s=exact-aware-popularity-rank&ref=sr_st_exact-aware-popularity-rank
Coconut Shine,https://www.amazon.com/s?k=Coconut+Shine&i=beauty&s=exact-aware-popularity-rank&ref=sr_st_exact-aware-popularity-rank
Cachorro Tratamento,https://www.amazon.com/s?k=Cachorro+Tratamento&i=beauty&s=exact-aware-popularity-rank&ref=sr_st_exact-aware-popularity-rank
Curl kicker,https://www.amazon.com/s?k=Curl+kicker&i=beauty&s=exact-aware-popularity-rank&ref=sr_st_exact-aware-popularity-rank
Hairspray Control,https://www.amazon.com/s?k=Hairspray+Control&i=beauty&s=exact-aware-popularity-rank&ref=sr_st_exact-aware-popularity-rank
Curly Pudding,https://www.amazon.com/s?k=Curly+Pudding&i=beauty&s=exact-aware-popularity-rank&ref=sr_st_exact-aware-popularity-rank
Elongating Cream,https://www.amazon.com/s?k=Elongating+Cream&i=beauty&s=exact-aware-popularity-rank&ref=sr_st_exact-aware-popularity-rank
Hair refresher,https://www.amazon.com/s?k=Hair+refresher&i=beauty&s=exact-aware-popularity-rank&ref=sr_st_exact-aware-popularity-rank
Hair Crème,https://www.amazon.com/s?k=Hair+Crème&i=beauty&s=exact-aware-popularity-rank&ref=sr_st_exact-aware-popularity-rank
Hair Polisher,https://www.amazon.com/s?k=Hair+Polisher&i=beauty&s=exact-aware-popularity-rank&ref=sr_st_exact-aware-popularity-rank
Shining Gel,https://www.amazon.com/s?k=Shining+Gel&i=beauty&s=exact-aware-popularity-rank&ref=sr_st_exact-aware-popularity-rank
Curl elongating,https://www.amazon.com/s?k=Curl+elongating&i=beauty&s=exact-aware-popularity-rank&ref=sr_st_exact-aware-popularity-rank
Curl gloss,https://www.amazon.com/s?k=Curl+gloss&i=beauty&s=exact-aware-popularity-rank&ref=sr_st_exact-aware-popularity-rank
Botanical Gel,https://www.amazon.com/s?k=Botanical+Gel&i=beauty&s=exact-aware-popularity-rank&ref=sr_st_exact-aware-popularity-rank
Pattern pudding,https://www.amazon.com/s?k=Pattern+pudding&i=beauty&s=exact-aware-popularity-rank&ref=sr_st_exact-aware-popularity-rank
Shine Gel,https://www.amazon.com/s?k=Shine+Gel&i=beauty&s=exact-aware-popularity-rank&ref=sr_st_exact-aware-popularity-rank
Styling Treatment,https://www.amazon.com/s?k=Styling+Treatment&i=beauty&s=exact-aware-popularity-rank&ref=sr_st_exact-aware-popularity-rank
Hair Ribbons,https://www.amazon.com/s?k=Hair+Ribbons&i=beauty&s=exact-aware-popularity-rank&ref=sr_st_exact-aware-popularity-rank
Dry Texture,https://www.amazon.com/s?k=Dry+Texture&i=beauty&s=exact-aware-popularity-rank&ref=sr_st_exact-aware-popularity-rank
Styling Creme,https://www.amazon.com/s?k=Styling+Creme&i=beauty&s=exact-aware-popularity-rank&ref=sr_st_exact-aware-popularity-rank
Curls Crème,https://www.amazon.com/s?k=Curls+Crème&i=beauty&s=exact-aware-popularity-rank&ref=sr_st_exact-aware-popularity-rank
Frizz remedy,https://www.amazon.com/s?k=Frizz+remedy&i=beauty&s=exact-aware-popularity-rank&ref=sr_st_exact-aware-popularity-rank
Braid refresher,https://www.amazon.com/s?k=Braid+refresher&i=beauty&s=exact-aware-popularity-rank&ref=sr_st_exact-aware-popularity-rank
Curl defining cream,https://www.amazon.com/s?k=Curl+defining+cream&i=beauty&s=exact-aware-popularity-rank&ref=sr_st_exact-aware-popularity-rank
Butter cream,https://www.amazon.com/s?k=Butter+cream&i=beauty&s=exact-aware-popularity-rank&ref=sr_st_exact-aware-popularity-rank
Coconut Gel,https://www.amazon.com/s?k=Coconut+Gel&i=beauty&s=exact-aware-popularity-rank&ref=sr_st_exact-aware-popularity-rank
Anti-Frizz Lotion,https://www.amazon.com/s?k=Anti-Frizz+Lotion&i=beauty&s=exact-aware-popularity-rank&ref=sr_st_exact-aware-popularity-rank
Hair filler,https://www.amazon.com/s?k=Hair+filler&i=beauty&s=exact-aware-popularity-rank&ref=sr_st_exact-aware-popularity-rank
Anti-Frizz Cream,https://www.amazon.com/s?k=Anti-Frizz+Cream&i=beauty&s=exact-aware-popularity-rank&ref=sr_st_exact-aware-popularity-rank
Cleansing Rinse,https://www.amazon.com/s?k=Cleansing+Rinse&i=beauty&s=exact-aware-popularity-rank&ref=sr_st_exact-aware-popularity-rank
Flexible Hair Spray,https://www.amazon.com/s?k=Flexible+Hair+Spray&i=beauty&s=exact-aware-popularity-rank&ref=sr_st_exact-aware-popularity-rank
Setting mousse,https://www.amazon.com/s?k=Setting+mousse&i=beauty&s=exact-aware-popularity-rank&ref=sr_st_exact-aware-popularity-rank
Foaming Mousse,https://www.amazon.com/s?k=Foaming+Mousse&i=beauty&s=exact-aware-popularity-rank&ref=sr_st_exact-aware-popularity-rank
Frizz spray,https://www.amazon.com/s?k=Frizz+spray&i=beauty&s=exact-aware-popularity-rank&ref=sr_st_exact-aware-popularity-rank
Activator Moisturizer,https://www.amazon.com/s?k=Activator+Moisturizer&i=beauty&s=exact-aware-popularity-rank&ref=sr_st_exact-aware-popularity-rank
Matte Pomade,https://www.amazon.com/s?k=Matte+Pomade&i=beauty&s=exact-aware-popularity-rank&ref=sr_st_exact-aware-popularity-rank
Wig Grip,https://www.amazon.com/s?k=Wig+Grip&i=beauty&s=exact-aware-popularity-rank&ref=sr_st_exact-aware-popularity-rank
Itch relief,https://www.amazon.com/s?k=Itch+relief&i=beauty&s=exact-aware-popularity-rank&ref=sr_st_exact-aware-popularity-rank
Lace Melt,https://www.amazon.com/s?k=Lace+Melt&i=beauty&s=exact-aware-popularity-rank&ref=sr_st_exact-aware-popularity-rank
Braid Sheen,https://www.amazon.com/s?k=Braid+Sheen&i=beauty&s=exact-aware-popularity-rank&ref=sr_st_exact-aware-popularity-rank
Coil Gel,https://www.amazon.com/s?k=Coil+Gel&i=beauty&s=exact-aware-popularity-rank&ref=sr_st_exact-aware-popularity-rank
Moisturizing Spray,https://www.amazon.com/s?k=Moisturizing+Spray&i=beauty&s=exact-aware-popularity-rank&ref=sr_st_exact-aware-popularity-rank
Wave control,https://www.amazon.com/s?k=Wave+control&i=beauty&s=exact-aware-popularity-rank&ref=sr_st_exact-aware-popularity-rank
Superhold Pomade,https://www.amazon.com/s?k=Superhold+Pomade&i=beauty&s=exact-aware-popularity-rank&ref=sr_st_exact-aware-popularity-rank
Anti-humidity spritz,https://www.amazon.com/s?k=Anti-humidity+spritz&i=beauty&s=exact-aware-popularity-rank&ref=sr_st_exact-aware-popularity-rank
Root Boost,https://www.amazon.com/s?k=Root+Boost&i=beauty&s=exact-aware-popularity-rank&ref=sr_st_exact-aware-popularity-rank
Miracle Cream,https://www.amazon.com/s?k=Miracle+Cream&i=beauty&s=exact-aware-popularity-rank&ref=sr_st_exact-aware-popularity-rank
Surf Creme,https://www.amazon.com/s?k=Surf+Creme&i=beauty&s=exact-aware-popularity-rank&ref=sr_st_exact-aware-popularity-rank
Curly Styling,https://www.amazon.com/s?k=Curly+Styling&i=beauty&s=exact-aware-popularity-rank&ref=sr_st_exact-aware-popularity-rank
Hydrating Butter-Creme,https://www.amazon.com/s?k=Hydrating+Butter-Creme&i=beauty&s=exact-aware-popularity-rank&ref=sr_st_exact-aware-popularity-rank
