Keyword,Links
Probiotic Fat Burner,https://www.amazon.com/s?k=Probiotic+Fat+Burner&i=hpc&s=exact-aware-popularity-rank&ref=sr_st_exact-aware-popularity-rank
Prebiotic Probiotic,https://www.amazon.com/s?k=Prebiotic+Probiotic&i=hpc&s=exact-aware-popularity-rank&ref=sr_st_exact-aware-popularity-rank
Probiotics Men,https://www.amazon.com/s?k=Probiotics+Men&i=hpc&s=exact-aware-popularity-rank&ref=sr_st_exact-aware-popularity-rank
Feminine Probiotic,https://www.amazon.com/s?k=Feminine+Probiotic&i=hpc&s=exact-aware-popularity-rank&ref=sr_st_exact-aware-popularity-rank
Women's Probiotics,https://www.amazon.com/s?k=Women's+Probiotics&i=hpc&s=exact-aware-popularity-rank&ref=sr_st_exact-aware-popularity-rank
Probiotics Digestive,https://www.amazon.com/s?k=Probiotics+Digestive&i=hpc&s=exact-aware-popularity-rank&ref=sr_st_exact-aware-popularity-rank
Probiotic Gummy,https://www.amazon.com/s?k=Probiotic+Gummy&i=hpc&s=exact-aware-popularity-rank&ref=sr_st_exact-aware-popularity-rank
Advanced Probiotic,https://www.amazon.com/s?k=Advanced+Probiotic&i=hpc&s=exact-aware-popularity-rank&ref=sr_st_exact-aware-popularity-rank
Womens Probiotic,https://www.amazon.com/s?k=Womens+Probiotic&i=hpc&s=exact-aware-popularity-rank&ref=sr_st_exact-aware-popularity-rank
Toddler Probiotic,https://www.amazon.com/s?k=Toddler+Probiotic&i=hpc&s=exact-aware-popularity-rank&ref=sr_st_exact-aware-popularity-rank
Probiotics Supplement,https://www.amazon.com/s?k=Probiotics+Supplement&i=hpc&s=exact-aware-popularity-rank&ref=sr_st_exact-aware-popularity-rank
Vegan Superfood,https://www.amazon.com/s?k=Vegan+Superfood&i=hpc&s=exact-aware-popularity-rank&ref=sr_st_exact-aware-popularity-rank
Synbiotic Probiotic,https://www.amazon.com/s?k=Synbiotic+Probiotic&i=hpc&s=exact-aware-popularity-rank&ref=sr_st_exact-aware-popularity-rank
Cranberry Probiotic,https://www.amazon.com/s?k=Cranberry+Probiotic&i=hpc&s=exact-aware-popularity-rank&ref=sr_st_exact-aware-popularity-rank
Detox Strategy,https://www.amazon.com/s?k=Detox+Strategy&i=hpc&s=exact-aware-popularity-rank&ref=sr_st_exact-aware-popularity-rank
Probiotic Supplements,https://www.amazon.com/s?k=Probiotic+Supplements&i=hpc&s=exact-aware-popularity-rank&ref=sr_st_exact-aware-popularity-rank
Probiotic Apricots,https://www.amazon.com/s?k=Probiotic+Apricots&i=hpc&s=exact-aware-popularity-rank&ref=sr_st_exact-aware-popularity-rank
Digestive Comfort,https://www.amazon.com/s?k=Digestive+Comfort&i=hpc&s=exact-aware-popularity-rank&ref=sr_st_exact-aware-popularity-rank
Probiotics Women,https://www.amazon.com/s?k=Probiotics+Women&i=hpc&s=exact-aware-popularity-rank&ref=sr_st_exact-aware-popularity-rank
Postnatal Probiotic,https://www.amazon.com/s?k=Postnatal+Probiotic&i=hpc&s=exact-aware-popularity-rank&ref=sr_st_exact-aware-popularity-rank
Soil Probiotic,https://www.amazon.com/s?k=Soil+Probiotic&i=hpc&s=exact-aware-popularity-rank&ref=sr_st_exact-aware-popularity-rank
Soil Probiotics,https://www.amazon.com/s?k=Soil+Probiotics&i=hpc&s=exact-aware-popularity-rank&ref=sr_st_exact-aware-popularity-rank
Vegetarian Probiotics,https://www.amazon.com/s?k=Vegetarian+Probiotics&i=hpc&s=exact-aware-popularity-rank&ref=sr_st_exact-aware-popularity-rank
Gut Support,https://www.amazon.com/s?k=Gut+Support&i=hpc&s=exact-aware-popularity-rank&ref=sr_st_exact-aware-popularity-rank
Digestive Immunity,https://www.amazon.com/s?k=Digestive+Immunity&i=hpc&s=exact-aware-popularity-rank&ref=sr_st_exact-aware-popularity-rank
Dual Action Probiotic,https://www.amazon.com/s?k=Dual+Action+Probiotic&i=hpc&s=exact-aware-popularity-rank&ref=sr_st_exact-aware-popularity-rank
Bromelain Supplements,https://www.amazon.com/s?k=Bromelain+Supplements&i=hpc&s=exact-aware-popularity-rank&ref=sr_st_exact-aware-popularity-rank
Candida Complex,https://www.amazon.com/s?k=Candida+Complex&i=hpc&s=exact-aware-popularity-rank&ref=sr_st_exact-aware-popularity-rank
Probiotics Care,https://www.amazon.com/s?k=Probiotics+Care&i=hpc&s=exact-aware-popularity-rank&ref=sr_st_exact-aware-popularity-rank
Immune Boosters,https://www.amazon.com/s?k=Immune+Boosters&i=hpc&s=exact-aware-popularity-rank&ref=sr_st_exact-aware-popularity-rank
Lactose Probiotic,https://www.amazon.com/s?k=Lactose+Probiotic&i=hpc&s=exact-aware-popularity-rank&ref=sr_st_exact-aware-popularity-rank
Infant Probiotics,https://www.amazon.com/s?k=Infant+Probiotics&i=hpc&s=exact-aware-popularity-rank&ref=sr_st_exact-aware-popularity-rank
Cleanse capsules,https://www.amazon.com/s?k=Cleanse+capsules&i=hpc&s=exact-aware-popularity-rank&ref=sr_st_exact-aware-popularity-rank
Infant Probiotic,https://www.amazon.com/s?k=Infant+Probiotic&i=hpc&s=exact-aware-popularity-rank&ref=sr_st_exact-aware-popularity-rank
Probiotic Suppositories,https://www.amazon.com/s?k=Probiotic+Suppositories&i=hpc&s=exact-aware-popularity-rank&ref=sr_st_exact-aware-popularity-rank
Kids Probiotics,https://www.amazon.com/s?k=Kids+Probiotics&i=hpc&s=exact-aware-popularity-rank&ref=sr_st_exact-aware-popularity-rank
Probiotic Mango,https://www.amazon.com/s?k=Probiotic+Mango&i=hpc&s=exact-aware-popularity-rank&ref=sr_st_exact-aware-popularity-rank
Probiotic Turmeric,https://www.amazon.com/s?k=Probiotic+Turmeric&i=hpc&s=exact-aware-popularity-rank&ref=sr_st_exact-aware-popularity-rank
Liver Probiotic,https://www.amazon.com/s?k=Liver+Probiotic&i=hpc&s=exact-aware-popularity-rank&ref=sr_st_exact-aware-popularity-rank
ParaGone formula,https://www.amazon.com/s?k=ParaGone+formula&i=hpc&s=exact-aware-popularity-rank&ref=sr_st_exact-aware-popularity-rank
Probiotic Health,https://www.amazon.com/s?k=Probiotic+Health&i=hpc&s=exact-aware-popularity-rank&ref=sr_st_exact-aware-popularity-rank
Probiotic Drops,https://www.amazon.com/s?k=Probiotic+Drops&i=hpc&s=exact-aware-popularity-rank&ref=sr_st_exact-aware-popularity-rank
Probiotic Beauty,https://www.amazon.com/s?k=Probiotic+Beauty&i=hpc&s=exact-aware-popularity-rank&ref=sr_st_exact-aware-popularity-rank
Heart Probiotic,https://www.amazon.com/s?k=Heart+Probiotic&i=hpc&s=exact-aware-popularity-rank&ref=sr_st_exact-aware-popularity-rank
Chewable Probiotics,https://www.amazon.com/s?k=Chewable+Probiotics&i=hpc&s=exact-aware-popularity-rank&ref=sr_st_exact-aware-popularity-rank
Vaginal Balm,https://www.amazon.com/s?k=Vaginal+Balm&i=hpc&s=exact-aware-popularity-rank&ref=sr_st_exact-aware-popularity-rank
Hemorrhoid Relief,https://www.amazon.com/s?k=Hemorrhoid+Relief&i=hpc&s=exact-aware-popularity-rank&ref=sr_st_exact-aware-popularity-rank
Irritable Bowel,https://www.amazon.com/s?k=Irritable+Bowel&i=hpc&s=exact-aware-popularity-rank&ref=sr_st_exact-aware-popularity-rank
Colon Cleanser,https://www.amazon.com/s?k=Colon+Cleanser&i=hpc&s=exact-aware-popularity-rank&ref=sr_st_exact-aware-popularity-rank
Prebiotic Fiber,https://www.amazon.com/s?k=Prebiotic+Fiber&i=hpc&s=exact-aware-popularity-rank&ref=sr_st_exact-aware-popularity-rank
