Keyword,Links
Hand Massager,https://www.ebay.com/sch/i.html?_from=R40&_nkw=Hand+Massager&_sacat=26395&rt=nc&LH_ItemCondition=3&LH_BIN=1&rt=nc&LH_PrefLoc=1
Titanium Flat Iron,https://www.ebay.com/sch/i.html?_from=R40&_nkw=Titanium+Flat+Iron&_sacat=26395&rt=nc&LH_ItemCondition=3&LH_BIN=1&rt=nc&LH_PrefLoc=1
Ceramic Flat Iron,https://www.ebay.com/sch/i.html?_from=R40&_nkw=Ceramic+Flat+Iron&_sacat=26395&rt=nc&LH_ItemCondition=3&LH_BIN=1&rt=nc&LH_PrefLoc=1
Compact Dryer,https://www.ebay.com/sch/i.html?_from=R40&_nkw=Compact+Dryer&_sacat=26395&rt=nc&LH_ItemCondition=3&LH_BIN=1&rt=nc&LH_PrefLoc=1
Curling Iron,https://www.ebay.com/sch/i.html?_from=R40&_nkw=Curling+Iron&_sacat=26395&rt=nc&LH_ItemCondition=3&LH_BIN=1&rt=nc&LH_PrefLoc=1
Multi-Styler,https://www.ebay.com/sch/i.html?_from=R40&_nkw=Multi-Styler&_sacat=26395&rt=nc&LH_ItemCondition=3&LH_BIN=1&rt=nc&LH_PrefLoc=1
Hair styling,https://www.ebay.com/sch/i.html?_from=R40&_nkw=Hair+styling&_sacat=26395&rt=nc&LH_ItemCondition=3&LH_BIN=1&rt=nc&LH_PrefLoc=1
Flat Iron,https://www.ebay.com/sch/i.html?_from=R40&_nkw=Flat+Iron&_sacat=26395&rt=nc&LH_ItemCondition=3&LH_BIN=1&rt=nc&LH_PrefLoc=1
Luxury Hair Dryer,https://www.ebay.com/sch/i.html?_from=R40&_nkw=Luxury+Hair+Dryer&_sacat=26395&rt=nc&LH_ItemCondition=3&LH_BIN=1&rt=nc&LH_PrefLoc=1
Hair Curler,https://www.ebay.com/sch/i.html?_from=R40&_nkw=Hair+Curler&_sacat=26395&rt=nc&LH_ItemCondition=3&LH_BIN=1&rt=nc&LH_PrefLoc=1
Hot Comb,https://www.ebay.com/sch/i.html?_from=R40&_nkw=Hot+Comb&_sacat=26395&rt=nc&LH_ItemCondition=3&LH_BIN=1&rt=nc&LH_PrefLoc=1
Folding Hair Dryer,https://www.ebay.com/sch/i.html?_from=R40&_nkw=Folding+Hair+Dryer&_sacat=26395&rt=nc&LH_ItemCondition=3&LH_BIN=1&rt=nc&LH_PrefLoc=1
Ionic Paddle Brush,https://www.ebay.com/sch/i.html?_from=R40&_nkw=Ionic+Paddle+Brush&_sacat=26395&rt=nc&LH_ItemCondition=3&LH_BIN=1&rt=nc&LH_PrefLoc=1
Mini Straightener,https://www.ebay.com/sch/i.html?_from=R40&_nkw=Mini+Straightener&_sacat=26395&rt=nc&LH_ItemCondition=3&LH_BIN=1&rt=nc&LH_PrefLoc=1
Straightening Brush,https://www.ebay.com/sch/i.html?_from=R40&_nkw=Straightening+Brush&_sacat=26395&rt=nc&LH_ItemCondition=3&LH_BIN=1&rt=nc&LH_PrefLoc=1
Thermal Round Brush,https://www.ebay.com/sch/i.html?_from=R40&_nkw=Thermal+Round+Brush&_sacat=26395&rt=nc&LH_ItemCondition=3&LH_BIN=1&rt=nc&LH_PrefLoc=1
Blow Dry Brush,https://www.ebay.com/sch/i.html?_from=R40&_nkw=Blow+Dry+Brush&_sacat=26395&rt=nc&LH_ItemCondition=3&LH_BIN=1&rt=nc&LH_PrefLoc=1
Ion Smooth,https://www.ebay.com/sch/i.html?_from=R40&_nkw=Ion+Smooth&_sacat=26395&rt=nc&LH_ItemCondition=3&LH_BIN=1&rt=nc&LH_PrefLoc=1
Ionic Straightener,https://www.ebay.com/sch/i.html?_from=R40&_nkw=Ionic+Straightener&_sacat=26395&rt=nc&LH_ItemCondition=3&LH_BIN=1&rt=nc&LH_PrefLoc=1
Conditioning Brush,https://www.ebay.com/sch/i.html?_from=R40&_nkw=Conditioning+Brush&_sacat=26395&rt=nc&LH_ItemCondition=3&LH_BIN=1&rt=nc&LH_PrefLoc=1
Fast Drying,https://www.ebay.com/sch/i.html?_from=R40&_nkw=Fast+Drying&_sacat=26395&rt=nc&LH_ItemCondition=3&LH_BIN=1&rt=nc&LH_PrefLoc=1
Hairstyling Giftset,https://www.ebay.com/sch/i.html?_from=R40&_nkw=Hairstyling+Giftset&_sacat=26395&rt=nc&LH_ItemCondition=3&LH_BIN=1&rt=nc&LH_PrefLoc=1
Paddle Brush,https://www.ebay.com/sch/i.html?_from=R40&_nkw=Paddle+Brush&_sacat=26395&rt=nc&LH_ItemCondition=3&LH_BIN=1&rt=nc&LH_PrefLoc=1
Styling Brush,https://www.ebay.com/sch/i.html?_from=R40&_nkw=Styling+Brush&_sacat=26395&rt=nc&LH_ItemCondition=3&LH_BIN=1&rt=nc&LH_PrefLoc=1
Styling Iron,https://www.ebay.com/sch/i.html?_from=R40&_nkw=Styling+Iron&_sacat=26395&rt=nc&LH_ItemCondition=3&LH_BIN=1&rt=nc&LH_PrefLoc=1
Gold hair dryer,https://www.ebay.com/sch/i.html?_from=R40&_nkw=Gold+hair+dryer&_sacat=26395&rt=nc&LH_ItemCondition=3&LH_BIN=1&rt=nc&LH_PrefLoc=1
Professional Trimmer,https://www.ebay.com/sch/i.html?_from=R40&_nkw=Professional+Trimmer&_sacat=26395&rt=nc&LH_ItemCondition=3&LH_BIN=1&rt=nc&LH_PrefLoc=1
Compact Hair Dryer,https://www.ebay.com/sch/i.html?_from=R40&_nkw=Compact+Hair+Dryer&_sacat=26395&rt=nc&LH_ItemCondition=3&LH_BIN=1&rt=nc&LH_PrefLoc=1
Ionic Flat Iron,https://www.ebay.com/sch/i.html?_from=R40&_nkw=Ionic+Flat+Iron&_sacat=26395&rt=nc&LH_ItemCondition=3&LH_BIN=1&rt=nc&LH_PrefLoc=1
Diffuser SoftTouch,https://www.ebay.com/sch/i.html?_from=R40&_nkw=Diffuser+SoftTouch&_sacat=26395&rt=nc&LH_ItemCondition=3&LH_BIN=1&rt=nc&LH_PrefLoc=1
Metal Trimmer,https://www.ebay.com/sch/i.html?_from=R40&_nkw=Metal+Trimmer&_sacat=26395&rt=nc&LH_ItemCondition=3&LH_BIN=1&rt=nc&LH_PrefLoc=1
Rotating Curling Iron,https://www.ebay.com/sch/i.html?_from=R40&_nkw=Rotating+Curling+Iron&_sacat=26395&rt=nc&LH_ItemCondition=3&LH_BIN=1&rt=nc&LH_PrefLoc=1
Ion Dryer,https://www.ebay.com/sch/i.html?_from=R40&_nkw=Ion+Dryer&_sacat=26395&rt=nc&LH_ItemCondition=3&LH_BIN=1&rt=nc&LH_PrefLoc=1
Detangler Comb,https://www.ebay.com/sch/i.html?_from=R40&_nkw=Detangler+Comb&_sacat=26395&rt=nc&LH_ItemCondition=3&LH_BIN=1&rt=nc&LH_PrefLoc=1
Miracle Brush,https://www.ebay.com/sch/i.html?_from=R40&_nkw=Miracle+Brush&_sacat=26395&rt=nc&LH_ItemCondition=3&LH_BIN=1&rt=nc&LH_PrefLoc=1
Fade blade,https://www.ebay.com/sch/i.html?_from=R40&_nkw=Fade+blade&_sacat=26395&rt=nc&LH_ItemCondition=3&LH_BIN=1&rt=nc&LH_PrefLoc=1
Curling Rollers,https://www.ebay.com/sch/i.html?_from=R40&_nkw=Curling+Rollers&_sacat=26395&rt=nc&LH_ItemCondition=3&LH_BIN=1&rt=nc&LH_PrefLoc=1
Turbo Dryer,https://www.ebay.com/sch/i.html?_from=R40&_nkw=Turbo+Dryer&_sacat=26395&rt=nc&LH_ItemCondition=3&LH_BIN=1&rt=nc&LH_PrefLoc=1
Tourmaline Dryer,https://www.ebay.com/sch/i.html?_from=R40&_nkw=Tourmaline+Dryer&_sacat=26395&rt=nc&LH_ItemCondition=3&LH_BIN=1&rt=nc&LH_PrefLoc=1
Hair Kit,https://www.ebay.com/sch/i.html?_from=R40&_nkw=Hair+Kit&_sacat=26395&rt=nc&LH_ItemCondition=3&LH_BIN=1&rt=nc&LH_PrefLoc=1
Hair dryer set,https://www.ebay.com/sch/i.html?_from=R40&_nkw=Hair+dryer+set&_sacat=26395&rt=nc&LH_ItemCondition=3&LH_BIN=1&rt=nc&LH_PrefLoc=1
Hair diffuser,https://www.ebay.com/sch/i.html?_from=R40&_nkw=Hair+diffuser&_sacat=26395&rt=nc&LH_ItemCondition=3&LH_BIN=1&rt=nc&LH_PrefLoc=1
Volumizing Rollers,https://www.ebay.com/sch/i.html?_from=R40&_nkw=Volumizing+Rollers&_sacat=26395&rt=nc&LH_ItemCondition=3&LH_BIN=1&rt=nc&LH_PrefLoc=1
Metal Comb,https://www.ebay.com/sch/i.html?_from=R40&_nkw=Metal+Comb&_sacat=26395&rt=nc&LH_ItemCondition=3&LH_BIN=1&rt=nc&LH_PrefLoc=1
Drying Brush,https://www.ebay.com/sch/i.html?_from=R40&_nkw=Drying+Brush&_sacat=26395&rt=nc&LH_ItemCondition=3&LH_BIN=1&rt=nc&LH_PrefLoc=1
Bendable Curling Iron,https://www.ebay.com/sch/i.html?_from=R40&_nkw=Bendable+Curling+Iron&_sacat=26395&rt=nc&LH_ItemCondition=3&LH_BIN=1&rt=nc&LH_PrefLoc=1
Battery clipper,https://www.ebay.com/sch/i.html?_from=R40&_nkw=Battery+clipper&_sacat=26395&rt=nc&LH_ItemCondition=3&LH_BIN=1&rt=nc&LH_PrefLoc=1
Hair Rollers,https://www.ebay.com/sch/i.html?_from=R40&_nkw=Hair+Rollers&_sacat=26395&rt=nc&LH_ItemCondition=3&LH_BIN=1&rt=nc&LH_PrefLoc=1
Hair Styling Tools,https://www.ebay.com/sch/i.html?_from=R40&_nkw=Hair+Styling+Tools&_sacat=26395&rt=nc&LH_ItemCondition=3&LH_BIN=1&rt=nc&LH_PrefLoc=1
Ionic Hair Dryer,https://www.ebay.com/sch/i.html?_from=R40&_nkw=Ionic+Hair+Dryer&_sacat=26395&rt=nc&LH_ItemCondition=3&LH_BIN=1&rt=nc&LH_PrefLoc=1
