Keyword,Links
Hair Bonnet,https://www.ebay.com/sch/i.html?_from=R40&_nkw=Hair+Bonnet&_sacat=26395&rt=nc&LH_ItemCondition=3&LH_BIN=1&rt=nc&LH_PrefLoc=1
Macadamia Oil,https://www.ebay.com/sch/i.html?_from=R40&_nkw=Macadamia+Oil&_sacat=26395&rt=nc&LH_ItemCondition=3&LH_BIN=1&rt=nc&LH_PrefLoc=1
Hydrating Jelly,https://www.ebay.com/sch/i.html?_from=R40&_nkw=Hydrating+Jelly&_sacat=26395&rt=nc&LH_ItemCondition=3&LH_BIN=1&rt=nc&LH_PrefLoc=1
Curl smoothie,https://www.ebay.com/sch/i.html?_from=R40&_nkw=Curl+smoothie&_sacat=26395&rt=nc&LH_ItemCondition=3&LH_BIN=1&rt=nc&LH_PrefLoc=1
Vibrating Straightener,https://www.ebay.com/sch/i.html?_from=R40&_nkw=Vibrating+Straightener&_sacat=26395&rt=nc&LH_ItemCondition=3&LH_BIN=1&rt=nc&LH_PrefLoc=1
Papaya Oil,https://www.ebay.com/sch/i.html?_from=R40&_nkw=Papaya+Oil&_sacat=26395&rt=nc&LH_ItemCondition=3&LH_BIN=1&rt=nc&LH_PrefLoc=1
Moisturizer Oil,https://www.ebay.com/sch/i.html?_from=R40&_nkw=Moisturizer+Oil&_sacat=26395&rt=nc&LH_ItemCondition=3&LH_BIN=1&rt=nc&LH_PrefLoc=1
Max Hold,https://www.ebay.com/sch/i.html?_from=R40&_nkw=Max+Hold&_sacat=26395&rt=nc&LH_ItemCondition=3&LH_BIN=1&rt=nc&LH_PrefLoc=1
Olive Oil Gel,https://www.ebay.com/sch/i.html?_from=R40&_nkw=Olive+Oil+Gel&_sacat=26395&rt=nc&LH_ItemCondition=3&LH_BIN=1&rt=nc&LH_PrefLoc=1
Curling Mousse,https://www.ebay.com/sch/i.html?_from=R40&_nkw=Curling+Mousse&_sacat=26395&rt=nc&LH_ItemCondition=3&LH_BIN=1&rt=nc&LH_PrefLoc=1
Curls Amplifier,https://www.ebay.com/sch/i.html?_from=R40&_nkw=Curls+Amplifier&_sacat=26395&rt=nc&LH_ItemCondition=3&LH_BIN=1&rt=nc&LH_PrefLoc=1
Curl creator,https://www.ebay.com/sch/i.html?_from=R40&_nkw=Curl+creator&_sacat=26395&rt=nc&LH_ItemCondition=3&LH_BIN=1&rt=nc&LH_PrefLoc=1
Define Custard,https://www.ebay.com/sch/i.html?_from=R40&_nkw=Define+Custard&_sacat=26395&rt=nc&LH_ItemCondition=3&LH_BIN=1&rt=nc&LH_PrefLoc=1
Retexturing Gel,https://www.ebay.com/sch/i.html?_from=R40&_nkw=Retexturing+Gel&_sacat=26395&rt=nc&LH_ItemCondition=3&LH_BIN=1&rt=nc&LH_PrefLoc=1
Curl pudding,https://www.ebay.com/sch/i.html?_from=R40&_nkw=Curl+pudding&_sacat=26395&rt=nc&LH_ItemCondition=3&LH_BIN=1&rt=nc&LH_PrefLoc=1
Defining Cream,https://www.ebay.com/sch/i.html?_from=R40&_nkw=Defining+Cream&_sacat=26395&rt=nc&LH_ItemCondition=3&LH_BIN=1&rt=nc&LH_PrefLoc=1
Twist Gel,https://www.ebay.com/sch/i.html?_from=R40&_nkw=Twist+Gel&_sacat=26395&rt=nc&LH_ItemCondition=3&LH_BIN=1&rt=nc&LH_PrefLoc=1
Curl revitalizer,https://www.ebay.com/sch/i.html?_from=R40&_nkw=Curl+revitalizer&_sacat=26395&rt=nc&LH_ItemCondition=3&LH_BIN=1&rt=nc&LH_PrefLoc=1
Men's pomade,https://www.ebay.com/sch/i.html?_from=R40&_nkw=Men's+pomade&_sacat=26395&rt=nc&LH_ItemCondition=3&LH_BIN=1&rt=nc&LH_PrefLoc=1
Tinted Lace Spray,https://www.ebay.com/sch/i.html?_from=R40&_nkw=Tinted+Lace+Spray&_sacat=26395&rt=nc&LH_ItemCondition=3&LH_BIN=1&rt=nc&LH_PrefLoc=1
Twist Cream,https://www.ebay.com/sch/i.html?_from=R40&_nkw=Twist+Cream&_sacat=26395&rt=nc&LH_ItemCondition=3&LH_BIN=1&rt=nc&LH_PrefLoc=1
Waves Pomade,https://www.ebay.com/sch/i.html?_from=R40&_nkw=Waves+Pomade&_sacat=26395&rt=nc&LH_ItemCondition=3&LH_BIN=1&rt=nc&LH_PrefLoc=1
Wave Butter,https://www.ebay.com/sch/i.html?_from=R40&_nkw=Wave+Butter&_sacat=26395&rt=nc&LH_ItemCondition=3&LH_BIN=1&rt=nc&LH_PrefLoc=1
Peach Cobbler,https://www.ebay.com/sch/i.html?_from=R40&_nkw=Peach+Cobbler&_sacat=26395&rt=nc&LH_ItemCondition=3&LH_BIN=1&rt=nc&LH_PrefLoc=1
Curly Foam,https://www.ebay.com/sch/i.html?_from=R40&_nkw=Curly+Foam&_sacat=26395&rt=nc&LH_ItemCondition=3&LH_BIN=1&rt=nc&LH_PrefLoc=1
Curling Wax,https://www.ebay.com/sch/i.html?_from=R40&_nkw=Curling+Wax&_sacat=26395&rt=nc&LH_ItemCondition=3&LH_BIN=1&rt=nc&LH_PrefLoc=1
Curls Mousse,https://www.ebay.com/sch/i.html?_from=R40&_nkw=Curls+Mousse&_sacat=26395&rt=nc&LH_ItemCondition=3&LH_BIN=1&rt=nc&LH_PrefLoc=1
Irish moss cream,https://www.ebay.com/sch/i.html?_from=R40&_nkw=Irish+moss+cream&_sacat=26395&rt=nc&LH_ItemCondition=3&LH_BIN=1&rt=nc&LH_PrefLoc=1
Frizz-Free Mist,https://www.ebay.com/sch/i.html?_from=R40&_nkw=Frizz-Free+Mist&_sacat=26395&rt=nc&LH_ItemCondition=3&LH_BIN=1&rt=nc&LH_PrefLoc=1
Hairstyling Gel,https://www.ebay.com/sch/i.html?_from=R40&_nkw=Hairstyling+Gel&_sacat=26395&rt=nc&LH_ItemCondition=3&LH_BIN=1&rt=nc&LH_PrefLoc=1
Polish Balm,https://www.ebay.com/sch/i.html?_from=R40&_nkw=Polish+Balm&_sacat=26395&rt=nc&LH_ItemCondition=3&LH_BIN=1&rt=nc&LH_PrefLoc=1
Microweb Fiber,https://www.ebay.com/sch/i.html?_from=R40&_nkw=Microweb+Fiber&_sacat=26395&rt=nc&LH_ItemCondition=3&LH_BIN=1&rt=nc&LH_PrefLoc=1
Edge fixer,https://www.ebay.com/sch/i.html?_from=R40&_nkw=Edge+fixer&_sacat=26395&rt=nc&LH_ItemCondition=3&LH_BIN=1&rt=nc&LH_PrefLoc=1
Curl repair,https://www.ebay.com/sch/i.html?_from=R40&_nkw=Curl+repair&_sacat=26395&rt=nc&LH_ItemCondition=3&LH_BIN=1&rt=nc&LH_PrefLoc=1
Coconut spray,https://www.ebay.com/sch/i.html?_from=R40&_nkw=Coconut+spray&_sacat=26395&rt=nc&LH_ItemCondition=3&LH_BIN=1&rt=nc&LH_PrefLoc=1
Nourishing Spray,https://www.ebay.com/sch/i.html?_from=R40&_nkw=Nourishing+Spray&_sacat=26395&rt=nc&LH_ItemCondition=3&LH_BIN=1&rt=nc&LH_PrefLoc=1
Rosemary Spray,https://www.ebay.com/sch/i.html?_from=R40&_nkw=Rosemary+Spray&_sacat=26395&rt=nc&LH_ItemCondition=3&LH_BIN=1&rt=nc&LH_PrefLoc=1
Curl spray,https://www.ebay.com/sch/i.html?_from=R40&_nkw=Curl+spray&_sacat=26395&rt=nc&LH_ItemCondition=3&LH_BIN=1&rt=nc&LH_PrefLoc=1
Edge gel,https://www.ebay.com/sch/i.html?_from=R40&_nkw=Edge+gel&_sacat=26395&rt=nc&LH_ItemCondition=3&LH_BIN=1&rt=nc&LH_PrefLoc=1
Wave mousse,https://www.ebay.com/sch/i.html?_from=R40&_nkw=Wave+mousse&_sacat=26395&rt=nc&LH_ItemCondition=3&LH_BIN=1&rt=nc&LH_PrefLoc=1
Curly cream,https://www.ebay.com/sch/i.html?_from=R40&_nkw=Curly+cream&_sacat=26395&rt=nc&LH_ItemCondition=3&LH_BIN=1&rt=nc&LH_PrefLoc=1
Hair Texture,https://www.ebay.com/sch/i.html?_from=R40&_nkw=Hair+Texture&_sacat=26395&rt=nc&LH_ItemCondition=3&LH_BIN=1&rt=nc&LH_PrefLoc=1
Twisting Paste,https://www.ebay.com/sch/i.html?_from=R40&_nkw=Twisting+Paste&_sacat=26395&rt=nc&LH_ItemCondition=3&LH_BIN=1&rt=nc&LH_PrefLoc=1
Nourishing Mousse,https://www.ebay.com/sch/i.html?_from=R40&_nkw=Nourishing+Mousse&_sacat=26395&rt=nc&LH_ItemCondition=3&LH_BIN=1&rt=nc&LH_PrefLoc=1
Curl Locking,https://www.ebay.com/sch/i.html?_from=R40&_nkw=Curl+Locking&_sacat=26395&rt=nc&LH_ItemCondition=3&LH_BIN=1&rt=nc&LH_PrefLoc=1
Silky Edges,https://www.ebay.com/sch/i.html?_from=R40&_nkw=Silky+Edges&_sacat=26395&rt=nc&LH_ItemCondition=3&LH_BIN=1&rt=nc&LH_PrefLoc=1
Braid Spray,https://www.ebay.com/sch/i.html?_from=R40&_nkw=Braid+Spray&_sacat=26395&rt=nc&LH_ItemCondition=3&LH_BIN=1&rt=nc&LH_PrefLoc=1
Coconut Curls,https://www.ebay.com/sch/i.html?_from=R40&_nkw=Coconut+Curls&_sacat=26395&rt=nc&LH_ItemCondition=3&LH_BIN=1&rt=nc&LH_PrefLoc=1
Multi Curls,https://www.ebay.com/sch/i.html?_from=R40&_nkw=Multi+Curls&_sacat=26395&rt=nc&LH_ItemCondition=3&LH_BIN=1&rt=nc&LH_PrefLoc=1
Curl Crème,https://www.ebay.com/sch/i.html?_from=R40&_nkw=Curl+Crème&_sacat=26395&rt=nc&LH_ItemCondition=3&LH_BIN=1&rt=nc&LH_PrefLoc=1
