Keyword,Links
Type II Collagen,https://www.amazon.com/s?k=Type+II+Collagen&i=hpc&s=exact-aware-popularity-rank&ref=sr_st_exact-aware-popularity-rank
Collagen Creamer,https://www.amazon.com/s?k=Collagen+Creamer&i=hpc&s=exact-aware-popularity-rank&ref=sr_st_exact-aware-popularity-rank
Collagen drink,https://www.amazon.com/s?k=Collagen+drink&i=hpc&s=exact-aware-popularity-rank&ref=sr_st_exact-aware-popularity-rank
Hyaluronic Capsules,https://www.amazon.com/s?k=Hyaluronic+Capsules&i=hpc&s=exact-aware-popularity-rank&ref=sr_st_exact-aware-popularity-rank
Hair supplement,https://www.amazon.com/s?k=Hair+supplement&i=hpc&s=exact-aware-popularity-rank&ref=sr_st_exact-aware-popularity-rank
Biotin Melts,https://www.amazon.com/s?k=Biotin+Melts&i=hpc&s=exact-aware-popularity-rank&ref=sr_st_exact-aware-popularity-rank
Joint Collagen,https://www.amazon.com/s?k=Joint+Collagen&i=hpc&s=exact-aware-popularity-rank&ref=sr_st_exact-aware-popularity-rank
DHT Blocker,https://www.amazon.com/s?k=DHT+Blocker&i=hpc&s=exact-aware-popularity-rank&ref=sr_st_exact-aware-popularity-rank
Natural Biotin,https://www.amazon.com/s?k=Natural+Biotin&i=hpc&s=exact-aware-popularity-rank&ref=sr_st_exact-aware-popularity-rank
Beard Growth,https://www.amazon.com/s?k=Beard+Growth&i=hpc&s=exact-aware-popularity-rank&ref=sr_st_exact-aware-popularity-rank
Biotin Lozenges,https://www.amazon.com/s?k=Biotin+Lozenges&i=hpc&s=exact-aware-popularity-rank&ref=sr_st_exact-aware-popularity-rank
Collagen packets,https://www.amazon.com/s?k=Collagen+packets&i=hpc&s=exact-aware-popularity-rank&ref=sr_st_exact-aware-popularity-rank
Pumpkin Gummies,https://www.amazon.com/s?k=Pumpkin+Gummies&i=hpc&s=exact-aware-popularity-rank&ref=sr_st_exact-aware-popularity-rank
Keratin Support,https://www.amazon.com/s?k=Keratin+Support&i=hpc&s=exact-aware-popularity-rank&ref=sr_st_exact-aware-popularity-rank
Cartilage Collagen,https://www.amazon.com/s?k=Cartilage+Collagen&i=hpc&s=exact-aware-popularity-rank&ref=sr_st_exact-aware-popularity-rank
Collagen shots,https://www.amazon.com/s?k=Collagen+shots&i=hpc&s=exact-aware-popularity-rank&ref=sr_st_exact-aware-popularity-rank
Collagen Kit,https://www.amazon.com/s?k=Collagen+Kit&i=hpc&s=exact-aware-popularity-rank&ref=sr_st_exact-aware-popularity-rank
Collagen Shield,https://www.amazon.com/s?k=Collagen+Shield&i=hpc&s=exact-aware-popularity-rank&ref=sr_st_exact-aware-popularity-rank
Collagen Boost,https://www.amazon.com/s?k=Collagen+Boost&i=hpc&s=exact-aware-popularity-rank&ref=sr_st_exact-aware-popularity-rank
Candida Support,https://www.amazon.com/s?k=Candida+Support&i=hpc&s=exact-aware-popularity-rank&ref=sr_st_exact-aware-popularity-rank
Thicker Hair,https://www.amazon.com/s?k=Thicker+Hair&i=hpc&s=exact-aware-popularity-rank&ref=sr_st_exact-aware-popularity-rank
Collagen Greens,https://www.amazon.com/s?k=Collagen+Greens&i=hpc&s=exact-aware-popularity-rank&ref=sr_st_exact-aware-popularity-rank
Collagen Strawberry,https://www.amazon.com/s?k=Collagen+Strawberry&i=hpc&s=exact-aware-popularity-rank&ref=sr_st_exact-aware-popularity-rank
Hyaluronic Collagen,https://www.amazon.com/s?k=Hyaluronic+Collagen&i=hpc&s=exact-aware-popularity-rank&ref=sr_st_exact-aware-popularity-rank
Collagen formula,https://www.amazon.com/s?k=Collagen+formula&i=hpc&s=exact-aware-popularity-rank&ref=sr_st_exact-aware-popularity-rank
Leaky Gut,https://www.amazon.com/s?k=Leaky+Gut&i=hpc&s=exact-aware-popularity-rank&ref=sr_st_exact-aware-popularity-rank
Collagen support,https://www.amazon.com/s?k=Collagen+support&i=hpc&s=exact-aware-popularity-rank&ref=sr_st_exact-aware-popularity-rank
Beauty Capsules,https://www.amazon.com/s?k=Beauty+Capsules&i=hpc&s=exact-aware-popularity-rank&ref=sr_st_exact-aware-popularity-rank
Collagen Glow,https://www.amazon.com/s?k=Collagen+Glow&i=hpc&s=exact-aware-popularity-rank&ref=sr_st_exact-aware-popularity-rank
Beauty drink,https://www.amazon.com/s?k=Beauty+drink&i=hpc&s=exact-aware-popularity-rank&ref=sr_st_exact-aware-popularity-rank
Biotin Keratin,https://www.amazon.com/s?k=Biotin+Keratin&i=hpc&s=exact-aware-popularity-rank&ref=sr_st_exact-aware-popularity-rank
Collagen Liquid,https://www.amazon.com/s?k=Collagen+Liquid&i=hpc&s=exact-aware-popularity-rank&ref=sr_st_exact-aware-popularity-rank
Collagen Vanilla,https://www.amazon.com/s?k=Collagen+Vanilla&i=hpc&s=exact-aware-popularity-rank&ref=sr_st_exact-aware-popularity-rank
Collagen Probiotics,https://www.amazon.com/s?k=Collagen+Probiotics&i=hpc&s=exact-aware-popularity-rank&ref=sr_st_exact-aware-popularity-rank
Fish Collagen,https://www.amazon.com/s?k=Fish+Collagen&i=hpc&s=exact-aware-popularity-rank&ref=sr_st_exact-aware-popularity-rank
Beauty Burn,https://www.amazon.com/s?k=Beauty+Burn&i=hpc&s=exact-aware-popularity-rank&ref=sr_st_exact-aware-popularity-rank
Alpha Lipoic,https://www.amazon.com/s?k=Alpha+Lipoic&i=hpc&s=exact-aware-popularity-rank&ref=sr_st_exact-aware-popularity-rank
Beauty powder,https://www.amazon.com/s?k=Beauty+powder&i=hpc&s=exact-aware-popularity-rank&ref=sr_st_exact-aware-popularity-rank
Biotin Vitamins,https://www.amazon.com/s?k=Biotin+Vitamins&i=hpc&s=exact-aware-popularity-rank&ref=sr_st_exact-aware-popularity-rank
Kids Biotin,https://www.amazon.com/s?k=Kids+Biotin&i=hpc&s=exact-aware-popularity-rank&ref=sr_st_exact-aware-popularity-rank
Glutathione Capsules,https://www.amazon.com/s?k=Glutathione+Capsules&i=hpc&s=exact-aware-popularity-rank&ref=sr_st_exact-aware-popularity-rank
Creatine Gummies,https://www.amazon.com/s?k=Creatine+Gummies&i=hpc&s=exact-aware-popularity-rank&ref=sr_st_exact-aware-popularity-rank
Bone Broth,https://www.amazon.com/s?k=Bone+Broth&i=hpc&s=exact-aware-popularity-rank&ref=sr_st_exact-aware-popularity-rank
Wellness Bundle,https://www.amazon.com/s?k=Wellness+Bundle&i=hpc&s=exact-aware-popularity-rank&ref=sr_st_exact-aware-popularity-rank
Saw Palmetto,https://www.amazon.com/s?k=Saw+Palmetto&i=hpc&s=exact-aware-popularity-rank&ref=sr_st_exact-aware-popularity-rank
Chicken Collagen,https://www.amazon.com/s?k=Chicken+Collagen&i=hpc&s=exact-aware-popularity-rank&ref=sr_st_exact-aware-popularity-rank
Collagen Biotin,https://www.amazon.com/s?k=Collagen+Biotin&i=hpc&s=exact-aware-popularity-rank&ref=sr_st_exact-aware-popularity-rank
Beauty supplement,https://www.amazon.com/s?k=Beauty+supplement&i=hpc&s=exact-aware-popularity-rank&ref=sr_st_exact-aware-popularity-rank
MSM Supplement,https://www.amazon.com/s?k=MSM+Supplement&i=hpc&s=exact-aware-popularity-rank&ref=sr_st_exact-aware-popularity-rank
Vitamin B2,https://www.amazon.com/s?k=Vitamin+B2&i=hpc&s=exact-aware-popularity-rank&ref=sr_st_exact-aware-popularity-rank
