Keyword,Links
Type II Collagen,https://www.ebay.com/sch/i.html?_from=R40&_nkw=Type+II+Collagen&_sacat=26395&rt=nc&LH_ItemCondition=3&LH_BIN=1&rt=nc&LH_PrefLoc=1
Collagen Creamer,https://www.ebay.com/sch/i.html?_from=R40&_nkw=Collagen+Creamer&_sacat=26395&rt=nc&LH_ItemCondition=3&LH_BIN=1&rt=nc&LH_PrefLoc=1
Collagen drink,https://www.ebay.com/sch/i.html?_from=R40&_nkw=Collagen+drink&_sacat=26395&rt=nc&LH_ItemCondition=3&LH_BIN=1&rt=nc&LH_PrefLoc=1
Hyaluronic Capsules,https://www.ebay.com/sch/i.html?_from=R40&_nkw=Hyaluronic+Capsules&_sacat=26395&rt=nc&LH_ItemCondition=3&LH_BIN=1&rt=nc&LH_PrefLoc=1
Hair supplement,https://www.ebay.com/sch/i.html?_from=R40&_nkw=Hair+supplement&_sacat=26395&rt=nc&LH_ItemCondition=3&LH_BIN=1&rt=nc&LH_PrefLoc=1
Biotin Melts,https://www.ebay.com/sch/i.html?_from=R40&_nkw=Biotin+Melts&_sacat=26395&rt=nc&LH_ItemCondition=3&LH_BIN=1&rt=nc&LH_PrefLoc=1
Joint Collagen,https://www.ebay.com/sch/i.html?_from=R40&_nkw=Joint+Collagen&_sacat=26395&rt=nc&LH_ItemCondition=3&LH_BIN=1&rt=nc&LH_PrefLoc=1
DHT Blocker,https://www.ebay.com/sch/i.html?_from=R40&_nkw=DHT+Blocker&_sacat=26395&rt=nc&LH_ItemCondition=3&LH_BIN=1&rt=nc&LH_PrefLoc=1
Natural Biotin,https://www.ebay.com/sch/i.html?_from=R40&_nkw=Natural+Biotin&_sacat=26395&rt=nc&LH_ItemCondition=3&LH_BIN=1&rt=nc&LH_PrefLoc=1
Beard Growth,https://www.ebay.com/sch/i.html?_from=R40&_nkw=Beard+Growth&_sacat=26395&rt=nc&LH_ItemCondition=3&LH_BIN=1&rt=nc&LH_PrefLoc=1
Biotin Lozenges,https://www.ebay.com/sch/i.html?_from=R40&_nkw=Biotin+Lozenges&_sacat=26395&rt=nc&LH_ItemCondition=3&LH_BIN=1&rt=nc&LH_PrefLoc=1
Collagen packets,https://www.ebay.com/sch/i.html?_from=R40&_nkw=Collagen+packets&_sacat=26395&rt=nc&LH_ItemCondition=3&LH_BIN=1&rt=nc&LH_PrefLoc=1
Pumpkin Gummies,https://www.ebay.com/sch/i.html?_from=R40&_nkw=Pumpkin+Gummies&_sacat=26395&rt=nc&LH_ItemCondition=3&LH_BIN=1&rt=nc&LH_PrefLoc=1
Keratin Support,https://www.ebay.com/sch/i.html?_from=R40&_nkw=Keratin+Support&_sacat=26395&rt=nc&LH_ItemCondition=3&LH_BIN=1&rt=nc&LH_PrefLoc=1
Cartilage Collagen,https://www.ebay.com/sch/i.html?_from=R40&_nkw=Cartilage+Collagen&_sacat=26395&rt=nc&LH_ItemCondition=3&LH_BIN=1&rt=nc&LH_PrefLoc=1
Collagen shots,https://www.ebay.com/sch/i.html?_from=R40&_nkw=Collagen+shots&_sacat=26395&rt=nc&LH_ItemCondition=3&LH_BIN=1&rt=nc&LH_PrefLoc=1
Collagen Kit,https://www.ebay.com/sch/i.html?_from=R40&_nkw=Collagen+Kit&_sacat=26395&rt=nc&LH_ItemCondition=3&LH_BIN=1&rt=nc&LH_PrefLoc=1
Collagen Shield,https://www.ebay.com/sch/i.html?_from=R40&_nkw=Collagen+Shield&_sacat=26395&rt=nc&LH_ItemCondition=3&LH_BIN=1&rt=nc&LH_PrefLoc=1
Collagen Boost,https://www.ebay.com/sch/i.html?_from=R40&_nkw=Collagen+Boost&_sacat=26395&rt=nc&LH_ItemCondition=3&LH_BIN=1&rt=nc&LH_PrefLoc=1
Candida Support,https://www.ebay.com/sch/i.html?_from=R40&_nkw=Candida+Support&_sacat=26395&rt=nc&LH_ItemCondition=3&LH_BIN=1&rt=nc&LH_PrefLoc=1
Thicker Hair,https://www.ebay.com/sch/i.html?_from=R40&_nkw=Thicker+Hair&_sacat=26395&rt=nc&LH_ItemCondition=3&LH_BIN=1&rt=nc&LH_PrefLoc=1
Collagen Greens,https://www.ebay.com/sch/i.html?_from=R40&_nkw=Collagen+Greens&_sacat=26395&rt=nc&LH_ItemCondition=3&LH_BIN=1&rt=nc&LH_PrefLoc=1
Collagen Strawberry,https://www.ebay.com/sch/i.html?_from=R40&_nkw=Collagen+Strawberry&_sacat=26395&rt=nc&LH_ItemCondition=3&LH_BIN=1&rt=nc&LH_PrefLoc=1
Hyaluronic Collagen,https://www.ebay.com/sch/i.html?_from=R40&_nkw=Hyaluronic+Collagen&_sacat=26395&rt=nc&LH_ItemCondition=3&LH_BIN=1&rt=nc&LH_PrefLoc=1
Collagen formula,https://www.ebay.com/sch/i.html?_from=R40&_nkw=Collagen+formula&_sacat=26395&rt=nc&LH_ItemCondition=3&LH_BIN=1&rt=nc&LH_PrefLoc=1
Leaky Gut,https://www.ebay.com/sch/i.html?_from=R40&_nkw=Leaky+Gut&_sacat=26395&rt=nc&LH_ItemCondition=3&LH_BIN=1&rt=nc&LH_PrefLoc=1
Collagen support,https://www.ebay.com/sch/i.html?_from=R40&_nkw=Collagen+support&_sacat=26395&rt=nc&LH_ItemCondition=3&LH_BIN=1&rt=nc&LH_PrefLoc=1
Beauty Capsules,https://www.ebay.com/sch/i.html?_from=R40&_nkw=Beauty+Capsules&_sacat=26395&rt=nc&LH_ItemCondition=3&LH_BIN=1&rt=nc&LH_PrefLoc=1
Collagen Glow,https://www.ebay.com/sch/i.html?_from=R40&_nkw=Collagen+Glow&_sacat=26395&rt=nc&LH_ItemCondition=3&LH_BIN=1&rt=nc&LH_PrefLoc=1
Beauty drink,https://www.ebay.com/sch/i.html?_from=R40&_nkw=Beauty+drink&_sacat=26395&rt=nc&LH_ItemCondition=3&LH_BIN=1&rt=nc&LH_PrefLoc=1
Biotin Keratin,https://www.ebay.com/sch/i.html?_from=R40&_nkw=Biotin+Keratin&_sacat=26395&rt=nc&LH_ItemCondition=3&LH_BIN=1&rt=nc&LH_PrefLoc=1
Collagen Liquid,https://www.ebay.com/sch/i.html?_from=R40&_nkw=Collagen+Liquid&_sacat=26395&rt=nc&LH_ItemCondition=3&LH_BIN=1&rt=nc&LH_PrefLoc=1
Collagen Vanilla,https://www.ebay.com/sch/i.html?_from=R40&_nkw=Collagen+Vanilla&_sacat=26395&rt=nc&LH_ItemCondition=3&LH_BIN=1&rt=nc&LH_PrefLoc=1
Collagen Probiotics,https://www.ebay.com/sch/i.html?_from=R40&_nkw=Collagen+Probiotics&_sacat=26395&rt=nc&LH_ItemCondition=3&LH_BIN=1&rt=nc&LH_PrefLoc=1
Fish Collagen,https://www.ebay.com/sch/i.html?_from=R40&_nkw=Fish+Collagen&_sacat=26395&rt=nc&LH_ItemCondition=3&LH_BIN=1&rt=nc&LH_PrefLoc=1
Beauty Burn,https://www.ebay.com/sch/i.html?_from=R40&_nkw=Beauty+Burn&_sacat=26395&rt=nc&LH_ItemCondition=3&LH_BIN=1&rt=nc&LH_PrefLoc=1
Alpha Lipoic,https://www.ebay.com/sch/i.html?_from=R40&_nkw=Alpha+Lipoic&_sacat=26395&rt=nc&LH_ItemCondition=3&LH_BIN=1&rt=nc&LH_PrefLoc=1
Beauty powder,https://www.ebay.com/sch/i.html?_from=R40&_nkw=Beauty+powder&_sacat=26395&rt=nc&LH_ItemCondition=3&LH_BIN=1&rt=nc&LH_PrefLoc=1
Biotin Vitamins,https://www.ebay.com/sch/i.html?_from=R40&_nkw=Biotin+Vitamins&_sacat=26395&rt=nc&LH_ItemCondition=3&LH_BIN=1&rt=nc&LH_PrefLoc=1
Kids Biotin,https://www.ebay.com/sch/i.html?_from=R40&_nkw=Kids+Biotin&_sacat=26395&rt=nc&LH_ItemCondition=3&LH_BIN=1&rt=nc&LH_PrefLoc=1
Glutathione Capsules,https://www.ebay.com/sch/i.html?_from=R40&_nkw=Glutathione+Capsules&_sacat=26395&rt=nc&LH_ItemCondition=3&LH_BIN=1&rt=nc&LH_PrefLoc=1
Creatine Gummies,https://www.ebay.com/sch/i.html?_from=R40&_nkw=Creatine+Gummies&_sacat=26395&rt=nc&LH_ItemCondition=3&LH_BIN=1&rt=nc&LH_PrefLoc=1
Bone Broth,https://www.ebay.com/sch/i.html?_from=R40&_nkw=Bone+Broth&_sacat=26395&rt=nc&LH_ItemCondition=3&LH_BIN=1&rt=nc&LH_PrefLoc=1
Wellness Bundle,https://www.ebay.com/sch/i.html?_from=R40&_nkw=Wellness+Bundle&_sacat=26395&rt=nc&LH_ItemCondition=3&LH_BIN=1&rt=nc&LH_PrefLoc=1
Saw Palmetto,https://www.ebay.com/sch/i.html?_from=R40&_nkw=Saw+Palmetto&_sacat=26395&rt=nc&LH_ItemCondition=3&LH_BIN=1&rt=nc&LH_PrefLoc=1
Chicken Collagen,https://www.ebay.com/sch/i.html?_from=R40&_nkw=Chicken+Collagen&_sacat=26395&rt=nc&LH_ItemCondition=3&LH_BIN=1&rt=nc&LH_PrefLoc=1
Collagen Biotin,https://www.ebay.com/sch/i.html?_from=R40&_nkw=Collagen+Biotin&_sacat=26395&rt=nc&LH_ItemCondition=3&LH_BIN=1&rt=nc&LH_PrefLoc=1
Beauty supplement,https://www.ebay.com/sch/i.html?_from=R40&_nkw=Beauty+supplement&_sacat=26395&rt=nc&LH_ItemCondition=3&LH_BIN=1&rt=nc&LH_PrefLoc=1
MSM Supplement,https://www.ebay.com/sch/i.html?_from=R40&_nkw=MSM+Supplement&_sacat=26395&rt=nc&LH_ItemCondition=3&LH_BIN=1&rt=nc&LH_PrefLoc=1
Vitamin B2,https://www.ebay.com/sch/i.html?_from=R40&_nkw=Vitamin+B2&_sacat=26395&rt=nc&LH_ItemCondition=3&LH_BIN=1&rt=nc&LH_PrefLoc=1
