Keyword,Links
Skincare Kit,https://www.ebay.com/sch/i.html?_from=R40&_nkw=Skincare+Kit&_sacat=26395&rt=nc&LH_ItemCondition=3&LH_BIN=1&rt=nc&LH_PrefLoc=1
Bronzing Drops,https://www.ebay.com/sch/i.html?_from=R40&_nkw=Bronzing+Drops&_sacat=26395&rt=nc&LH_ItemCondition=3&LH_BIN=1&rt=nc&LH_PrefLoc=1
Weightless Sunscreen,https://www.ebay.com/sch/i.html?_from=R40&_nkw=Weightless+Sunscreen&_sacat=26395&rt=nc&LH_ItemCondition=3&LH_BIN=1&rt=nc&LH_PrefLoc=1
Facial Moisturiser,https://www.ebay.com/sch/i.html?_from=R40&_nkw=Facial+Moisturiser&_sacat=26395&rt=nc&LH_ItemCondition=3&LH_BIN=1&rt=nc&LH_PrefLoc=1
Tanning Drops,https://www.ebay.com/sch/i.html?_from=R40&_nkw=Tanning+Drops&_sacat=26395&rt=nc&LH_ItemCondition=3&LH_BIN=1&rt=nc&LH_PrefLoc=1
Argan Milk,https://www.ebay.com/sch/i.html?_from=R40&_nkw=Argan+Milk&_sacat=26395&rt=nc&LH_ItemCondition=3&LH_BIN=1&rt=nc&LH_PrefLoc=1
Lip relief,https://www.ebay.com/sch/i.html?_from=R40&_nkw=Lip+relief&_sacat=26395&rt=nc&LH_ItemCondition=3&LH_BIN=1&rt=nc&LH_PrefLoc=1
Tanning Mitts,https://www.ebay.com/sch/i.html?_from=R40&_nkw=Tanning+Mitts&_sacat=26395&rt=nc&LH_ItemCondition=3&LH_BIN=1&rt=nc&LH_PrefLoc=1
Revitalizing Eye Cream,https://www.ebay.com/sch/i.html?_from=R40&_nkw=Revitalizing+Eye+Cream&_sacat=26395&rt=nc&LH_ItemCondition=3&LH_BIN=1&rt=nc&LH_PrefLoc=1
Silk hydration,https://www.ebay.com/sch/i.html?_from=R40&_nkw=Silk+hydration&_sacat=26395&rt=nc&LH_ItemCondition=3&LH_BIN=1&rt=nc&LH_PrefLoc=1
Watermelon Toner,https://www.ebay.com/sch/i.html?_from=R40&_nkw=Watermelon+Toner&_sacat=26395&rt=nc&LH_ItemCondition=3&LH_BIN=1&rt=nc&LH_PrefLoc=1
Moisturizing Eye,https://www.ebay.com/sch/i.html?_from=R40&_nkw=Moisturizing+Eye&_sacat=26395&rt=nc&LH_ItemCondition=3&LH_BIN=1&rt=nc&LH_PrefLoc=1
Blackhead scrub,https://www.ebay.com/sch/i.html?_from=R40&_nkw=Blackhead+scrub&_sacat=26395&rt=nc&LH_ItemCondition=3&LH_BIN=1&rt=nc&LH_PrefLoc=1
Age Defying Cream,https://www.ebay.com/sch/i.html?_from=R40&_nkw=Age+Defying+Cream&_sacat=26395&rt=nc&LH_ItemCondition=3&LH_BIN=1&rt=nc&LH_PrefLoc=1
Hydration Burst,https://www.ebay.com/sch/i.html?_from=R40&_nkw=Hydration+Burst&_sacat=26395&rt=nc&LH_ItemCondition=3&LH_BIN=1&rt=nc&LH_PrefLoc=1
Multi-Correction Gel,https://www.ebay.com/sch/i.html?_from=R40&_nkw=Multi-Correction+Gel&_sacat=26395&rt=nc&LH_ItemCondition=3&LH_BIN=1&rt=nc&LH_PrefLoc=1
Bee Skin,https://www.ebay.com/sch/i.html?_from=R40&_nkw=Bee+Skin&_sacat=26395&rt=nc&LH_ItemCondition=3&LH_BIN=1&rt=nc&LH_PrefLoc=1
Red Balm,https://www.ebay.com/sch/i.html?_from=R40&_nkw=Red+Balm&_sacat=26395&rt=nc&LH_ItemCondition=3&LH_BIN=1&rt=nc&LH_PrefLoc=1
Immortelle Cream,https://www.ebay.com/sch/i.html?_from=R40&_nkw=Immortelle+Cream&_sacat=26395&rt=nc&LH_ItemCondition=3&LH_BIN=1&rt=nc&LH_PrefLoc=1
Grapefruit Mask,https://www.ebay.com/sch/i.html?_from=R40&_nkw=Grapefruit+Mask&_sacat=26395&rt=nc&LH_ItemCondition=3&LH_BIN=1&rt=nc&LH_PrefLoc=1
Mini Serums,https://www.ebay.com/sch/i.html?_from=R40&_nkw=Mini+Serums&_sacat=26395&rt=nc&LH_ItemCondition=3&LH_BIN=1&rt=nc&LH_PrefLoc=1
Aloe Gel,https://www.ebay.com/sch/i.html?_from=R40&_nkw=Aloe+Gel&_sacat=26395&rt=nc&LH_ItemCondition=3&LH_BIN=1&rt=nc&LH_PrefLoc=1
Under Eye Serum,https://www.ebay.com/sch/i.html?_from=R40&_nkw=Under+Eye+Serum&_sacat=26395&rt=nc&LH_ItemCondition=3&LH_BIN=1&rt=nc&LH_PrefLoc=1
Summer Lip Balm,https://www.ebay.com/sch/i.html?_from=R40&_nkw=Summer+Lip+Balm&_sacat=26395&rt=nc&LH_ItemCondition=3&LH_BIN=1&rt=nc&LH_PrefLoc=1
Sun Moisturizer,https://www.ebay.com/sch/i.html?_from=R40&_nkw=Sun+Moisturizer&_sacat=26395&rt=nc&LH_ItemCondition=3&LH_BIN=1&rt=nc&LH_PrefLoc=1
Renew Overnight,https://www.ebay.com/sch/i.html?_from=R40&_nkw=Renew+Overnight&_sacat=26395&rt=nc&LH_ItemCondition=3&LH_BIN=1&rt=nc&LH_PrefLoc=1
Exosome Serum,https://www.ebay.com/sch/i.html?_from=R40&_nkw=Exosome+Serum&_sacat=26395&rt=nc&LH_ItemCondition=3&LH_BIN=1&rt=nc&LH_PrefLoc=1
Rose face mist,https://www.ebay.com/sch/i.html?_from=R40&_nkw=Rose+face+mist&_sacat=26395&rt=nc&LH_ItemCondition=3&LH_BIN=1&rt=nc&LH_PrefLoc=1
Ginseng cream,https://www.ebay.com/sch/i.html?_from=R40&_nkw=Ginseng+cream&_sacat=26395&rt=nc&LH_ItemCondition=3&LH_BIN=1&rt=nc&LH_PrefLoc=1
Aqua Bomb,https://www.ebay.com/sch/i.html?_from=R40&_nkw=Aqua+Bomb&_sacat=26395&rt=nc&LH_ItemCondition=3&LH_BIN=1&rt=nc&LH_PrefLoc=1
Clearing Cream,https://www.ebay.com/sch/i.html?_from=R40&_nkw=Clearing+Cream&_sacat=26395&rt=nc&LH_ItemCondition=3&LH_BIN=1&rt=nc&LH_PrefLoc=1
Soy cleanser,https://www.ebay.com/sch/i.html?_from=R40&_nkw=Soy+cleanser&_sacat=26395&rt=nc&LH_ItemCondition=3&LH_BIN=1&rt=nc&LH_PrefLoc=1
Dewy Moisturizer,https://www.ebay.com/sch/i.html?_from=R40&_nkw=Dewy+Moisturizer&_sacat=26395&rt=nc&LH_ItemCondition=3&LH_BIN=1&rt=nc&LH_PrefLoc=1
Exfoliation Lotion,https://www.ebay.com/sch/i.html?_from=R40&_nkw=Exfoliation+Lotion&_sacat=26395&rt=nc&LH_ItemCondition=3&LH_BIN=1&rt=nc&LH_PrefLoc=1
Eczema lotion,https://www.ebay.com/sch/i.html?_from=R40&_nkw=Eczema+lotion&_sacat=26395&rt=nc&LH_ItemCondition=3&LH_BIN=1&rt=nc&LH_PrefLoc=1
Benzoyl Peroxide,https://www.ebay.com/sch/i.html?_from=R40&_nkw=Benzoyl+Peroxide&_sacat=26395&rt=nc&LH_ItemCondition=3&LH_BIN=1&rt=nc&LH_PrefLoc=1
Toner 6.7 oz,https://www.ebay.com/sch/i.html?_from=R40&_nkw=Toner+6.7+oz&_sacat=26395&rt=nc&LH_ItemCondition=3&LH_BIN=1&rt=nc&LH_PrefLoc=1
Bum Cream,https://www.ebay.com/sch/i.html?_from=R40&_nkw=Bum+Cream&_sacat=26395&rt=nc&LH_ItemCondition=3&LH_BIN=1&rt=nc&LH_PrefLoc=1
Peppermint Gift,https://www.ebay.com/sch/i.html?_from=R40&_nkw=Peppermint+Gift&_sacat=26395&rt=nc&LH_ItemCondition=3&LH_BIN=1&rt=nc&LH_PrefLoc=1
Wrinkle Defense,https://www.ebay.com/sch/i.html?_from=R40&_nkw=Wrinkle+Defense&_sacat=26395&rt=nc&LH_ItemCondition=3&LH_BIN=1&rt=nc&LH_PrefLoc=1
Aqua Cream,https://www.ebay.com/sch/i.html?_from=R40&_nkw=Aqua+Cream&_sacat=26395&rt=nc&LH_ItemCondition=3&LH_BIN=1&rt=nc&LH_PrefLoc=1
Fortifying Night Cream,https://www.ebay.com/sch/i.html?_from=R40&_nkw=Fortifying+Night+Cream&_sacat=26395&rt=nc&LH_ItemCondition=3&LH_BIN=1&rt=nc&LH_PrefLoc=1
Defense Serum,https://www.ebay.com/sch/i.html?_from=R40&_nkw=Defense+Serum&_sacat=26395&rt=nc&LH_ItemCondition=3&LH_BIN=1&rt=nc&LH_PrefLoc=1
Psoriasis Cream,https://www.ebay.com/sch/i.html?_from=R40&_nkw=Psoriasis+Cream&_sacat=26395&rt=nc&LH_ItemCondition=3&LH_BIN=1&rt=nc&LH_PrefLoc=1
Castile soap,https://www.ebay.com/sch/i.html?_from=R40&_nkw=Castile+soap&_sacat=26395&rt=nc&LH_ItemCondition=3&LH_BIN=1&rt=nc&LH_PrefLoc=1
Cold sore balm,https://www.ebay.com/sch/i.html?_from=R40&_nkw=Cold+sore+balm&_sacat=26395&rt=nc&LH_ItemCondition=3&LH_BIN=1&rt=nc&LH_PrefLoc=1
Hand moisturizer,https://www.ebay.com/sch/i.html?_from=R40&_nkw=Hand+moisturizer&_sacat=26395&rt=nc&LH_ItemCondition=3&LH_BIN=1&rt=nc&LH_PrefLoc=1
Bubble Mask,https://www.ebay.com/sch/i.html?_from=R40&_nkw=Bubble+Mask&_sacat=26395&rt=nc&LH_ItemCondition=3&LH_BIN=1&rt=nc&LH_PrefLoc=1
Hydrogel Cream,https://www.ebay.com/sch/i.html?_from=R40&_nkw=Hydrogel+Cream&_sacat=26395&rt=nc&LH_ItemCondition=3&LH_BIN=1&rt=nc&LH_PrefLoc=1
Firm Skin,https://www.ebay.com/sch/i.html?_from=R40&_nkw=Firm+Skin&_sacat=26395&rt=nc&LH_ItemCondition=3&LH_BIN=1&rt=nc&LH_PrefLoc=1
