Keyword,Links
Cranberry Capsules,https://www.amazon.com/s?k=Cranberry+Capsules&i=hpc&s=exact-aware-popularity-rank&ref=sr_st_exact-aware-popularity-rank
Menopause Multivitamin,https://www.amazon.com/s?k=Menopause+Multivitamin&i=hpc&s=exact-aware-popularity-rank&ref=sr_st_exact-aware-popularity-rank
L-Lysine Capsules,https://www.amazon.com/s?k=L-Lysine+Capsules&i=hpc&s=exact-aware-popularity-rank&ref=sr_st_exact-aware-popularity-rank
Hyaluronic Acid,https://www.amazon.com/s?k=Hyaluronic+Acid&i=hpc&s=exact-aware-popularity-rank&ref=sr_st_exact-aware-popularity-rank
Womens Multivitamin,https://www.amazon.com/s?k=Womens+Multivitamin&i=hpc&s=exact-aware-popularity-rank&ref=sr_st_exact-aware-popularity-rank
Urinary Cleanse,https://www.amazon.com/s?k=Urinary+Cleanse&i=hpc&s=exact-aware-popularity-rank&ref=sr_st_exact-aware-popularity-rank
Vitamin B Gummies,https://www.amazon.com/s?k=Vitamin+B+Gummies&i=hpc&s=exact-aware-popularity-rank&ref=sr_st_exact-aware-popularity-rank
Vitamin D3 Drops,https://www.amazon.com/s?k=Vitamin+D3+Drops&i=hpc&s=exact-aware-popularity-rank&ref=sr_st_exact-aware-popularity-rank
Probiotic Softgels,https://www.amazon.com/s?k=Probiotic+Softgels&i=hpc&s=exact-aware-popularity-rank&ref=sr_st_exact-aware-popularity-rank
Immunity Support,https://www.amazon.com/s?k=Immunity+Support&i=hpc&s=exact-aware-popularity-rank&ref=sr_st_exact-aware-popularity-rank
Vitamin D,https://www.amazon.com/s?k=Vitamin+D&i=hpc&s=exact-aware-popularity-rank&ref=sr_st_exact-aware-popularity-rank
Liposomal Vitamin C,https://www.amazon.com/s?k=Liposomal+Vitamin+C&i=hpc&s=exact-aware-popularity-rank&ref=sr_st_exact-aware-popularity-rank
Fermented Zinc,https://www.amazon.com/s?k=Fermented+Zinc&i=hpc&s=exact-aware-popularity-rank&ref=sr_st_exact-aware-popularity-rank
Women's vitamins,https://www.amazon.com/s?k=Women's+vitamins&i=hpc&s=exact-aware-popularity-rank&ref=sr_st_exact-aware-popularity-rank
Immune Supplement,https://www.amazon.com/s?k=Immune+Supplement&i=hpc&s=exact-aware-popularity-rank&ref=sr_st_exact-aware-popularity-rank
Mushroom Complex,https://www.amazon.com/s?k=Mushroom+Complex&i=hpc&s=exact-aware-popularity-rank&ref=sr_st_exact-aware-popularity-rank
Immunity Supplements,https://www.amazon.com/s?k=Immunity+Supplements&i=hpc&s=exact-aware-popularity-rank&ref=sr_st_exact-aware-popularity-rank
Berberine Gummies,https://www.amazon.com/s?k=Berberine+Gummies&i=hpc&s=exact-aware-popularity-rank&ref=sr_st_exact-aware-popularity-rank
Selenium Supplement,https://www.amazon.com/s?k=Selenium+Supplement&i=hpc&s=exact-aware-popularity-rank&ref=sr_st_exact-aware-popularity-rank
Fulvic Acid,https://www.amazon.com/s?k=Fulvic+Acid&i=hpc&s=exact-aware-popularity-rank&ref=sr_st_exact-aware-popularity-rank
Vitamin E,https://www.amazon.com/s?k=Vitamin+E&i=hpc&s=exact-aware-popularity-rank&ref=sr_st_exact-aware-popularity-rank
Vegan Shake,https://www.amazon.com/s?k=Vegan+Shake&i=hpc&s=exact-aware-popularity-rank&ref=sr_st_exact-aware-popularity-rank
Lion's Mane,https://www.amazon.com/s?k=Lion's+Mane&i=hpc&s=exact-aware-popularity-rank&ref=sr_st_exact-aware-popularity-rank
Bariatric vitamins,https://www.amazon.com/s?k=Bariatric+vitamins&i=hpc&s=exact-aware-popularity-rank&ref=sr_st_exact-aware-popularity-rank
Vitamin packets,https://www.amazon.com/s?k=Vitamin+packets&i=hpc&s=exact-aware-popularity-rank&ref=sr_st_exact-aware-popularity-rank
Zinc Drops,https://www.amazon.com/s?k=Zinc+Drops&i=hpc&s=exact-aware-popularity-rank&ref=sr_st_exact-aware-popularity-rank
Vegan Gummies,https://www.amazon.com/s?k=Vegan+Gummies&i=hpc&s=exact-aware-popularity-rank&ref=sr_st_exact-aware-popularity-rank
Vitamin C Drops,https://www.amazon.com/s?k=Vitamin+C+Drops&i=hpc&s=exact-aware-popularity-rank&ref=sr_st_exact-aware-popularity-rank
Blood Transfusion,https://www.amazon.com/s?k=Blood+Transfusion&i=hpc&s=exact-aware-popularity-rank&ref=sr_st_exact-aware-popularity-rank
Sore Throat Remedies,https://www.amazon.com/s?k=Sore+Throat+Remedies&i=hpc&s=exact-aware-popularity-rank&ref=sr_st_exact-aware-popularity-rank
Diet Immune,https://www.amazon.com/s?k=Diet+Immune&i=hpc&s=exact-aware-popularity-rank&ref=sr_st_exact-aware-popularity-rank
Immune Cure,https://www.amazon.com/s?k=Immune+Cure&i=hpc&s=exact-aware-popularity-rank&ref=sr_st_exact-aware-popularity-rank
Probiotics Uses,https://www.amazon.com/s?k=Probiotics+Uses&i=hpc&s=exact-aware-popularity-rank&ref=sr_st_exact-aware-popularity-rank
Immune Response,https://www.amazon.com/s?k=Immune+Response&i=hpc&s=exact-aware-popularity-rank&ref=sr_st_exact-aware-popularity-rank
Interleukin-10,https://www.amazon.com/s?k=Interleukin-10&i=hpc&s=exact-aware-popularity-rank&ref=sr_st_exact-aware-popularity-rank
Zinc Caplets,https://www.amazon.com/s?k=Zinc+Caplets&i=hpc&s=exact-aware-popularity-rank&ref=sr_st_exact-aware-popularity-rank
Joint Gummies,https://www.amazon.com/s?k=Joint+Gummies&i=hpc&s=exact-aware-popularity-rank&ref=sr_st_exact-aware-popularity-rank
Lymph Support,https://www.amazon.com/s?k=Lymph+Support&i=hpc&s=exact-aware-popularity-rank&ref=sr_st_exact-aware-popularity-rank
Arginine supplement,https://www.amazon.com/s?k=Arginine+supplement&i=hpc&s=exact-aware-popularity-rank&ref=sr_st_exact-aware-popularity-rank
Vitamin D K2,https://www.amazon.com/s?k=Vitamin+D+K2&i=hpc&s=exact-aware-popularity-rank&ref=sr_st_exact-aware-popularity-rank
Berberine supplements,https://www.amazon.com/s?k=Berberine+supplements&i=hpc&s=exact-aware-popularity-rank&ref=sr_st_exact-aware-popularity-rank
Multivitamin Support,https://www.amazon.com/s?k=Multivitamin+Support&i=hpc&s=exact-aware-popularity-rank&ref=sr_st_exact-aware-popularity-rank
Elderberry Liquid,https://www.amazon.com/s?k=Elderberry+Liquid&i=hpc&s=exact-aware-popularity-rank&ref=sr_st_exact-aware-popularity-rank
Black Seed,https://www.amazon.com/s?k=Black+Seed&i=hpc&s=exact-aware-popularity-rank&ref=sr_st_exact-aware-popularity-rank
High Potency Multivitamins,https://www.amazon.com/s?k=High+Potency+Multivitamins&i=hpc&s=exact-aware-popularity-rank&ref=sr_st_exact-aware-popularity-rank
Dietary Supplement,https://www.amazon.com/s?k=Dietary+Supplement&i=hpc&s=exact-aware-popularity-rank&ref=sr_st_exact-aware-popularity-rank
Glutamine Powder,https://www.amazon.com/s?k=Glutamine+Powder&i=hpc&s=exact-aware-popularity-rank&ref=sr_st_exact-aware-popularity-rank
Zinc Lozenges,https://www.amazon.com/s?k=Zinc+Lozenges&i=hpc&s=exact-aware-popularity-rank&ref=sr_st_exact-aware-popularity-rank
Electrolyte Tablets,https://www.amazon.com/s?k=Electrolyte+Tablets&i=hpc&s=exact-aware-popularity-rank&ref=sr_st_exact-aware-popularity-rank
Beauty Gummies,https://www.amazon.com/s?k=Beauty+Gummies&i=hpc&s=exact-aware-popularity-rank&ref=sr_st_exact-aware-popularity-rank
