Keyword,Links
Caffeinated Energy Bar,https://www.amazon.com/s?k=Caffeinated+Energy+Bar&i=hpc&s=exact-aware-popularity-rank&ref=sr_st_exact-aware-popularity-rank
Thickened Beverage,https://www.amazon.com/s?k=Thickened+Beverage&i=hpc&s=exact-aware-popularity-rank&ref=sr_st_exact-aware-popularity-rank
Peach Protein,https://www.amazon.com/s?k=Peach+Protein&i=hpc&s=exact-aware-popularity-rank&ref=sr_st_exact-aware-popularity-rank
Vanilla Powder,https://www.amazon.com/s?k=Vanilla+Powder&i=hpc&s=exact-aware-popularity-rank&ref=sr_st_exact-aware-popularity-rank
Lecithin Supplement,https://www.amazon.com/s?k=Lecithin+Supplement&i=hpc&s=exact-aware-popularity-rank&ref=sr_st_exact-aware-popularity-rank
Chocolate low-sugar,https://www.amazon.com/s?k=Chocolate+low-sugar&i=hpc&s=exact-aware-popularity-rank&ref=sr_st_exact-aware-popularity-rank
Vanilla shakes,https://www.amazon.com/s?k=Vanilla+shakes&i=hpc&s=exact-aware-popularity-rank&ref=sr_st_exact-aware-popularity-rank
Chocolate truffles,https://www.amazon.com/s?k=Chocolate+truffles&i=hpc&s=exact-aware-popularity-rank&ref=sr_st_exact-aware-popularity-rank
Fruit smoothie,https://www.amazon.com/s?k=Fruit+smoothie&i=hpc&s=exact-aware-popularity-rank&ref=sr_st_exact-aware-popularity-rank
Lemon Snack,https://www.amazon.com/s?k=Lemon+Snack&i=hpc&s=exact-aware-popularity-rank&ref=sr_st_exact-aware-popularity-rank
Peanut Butter Bar,https://www.amazon.com/s?k=Peanut+Butter+Bar&i=hpc&s=exact-aware-popularity-rank&ref=sr_st_exact-aware-popularity-rank
Chocolate Coconut,https://www.amazon.com/s?k=Chocolate+Coconut&i=hpc&s=exact-aware-popularity-rank&ref=sr_st_exact-aware-popularity-rank
Protein meal,https://www.amazon.com/s?k=Protein+meal&i=hpc&s=exact-aware-popularity-rank&ref=sr_st_exact-aware-popularity-rank
Therapeutic Shake,https://www.amazon.com/s?k=Therapeutic+Shake&i=hpc&s=exact-aware-popularity-rank&ref=sr_st_exact-aware-popularity-rank
Nutrition Bar,https://www.amazon.com/s?k=Nutrition+Bar&i=hpc&s=exact-aware-popularity-rank&ref=sr_st_exact-aware-popularity-rank
Energy bars,https://www.amazon.com/s?k=Energy+bars&i=hpc&s=exact-aware-popularity-rank&ref=sr_st_exact-aware-popularity-rank
Therapeutic Drink,https://www.amazon.com/s?k=Therapeutic+Drink&i=hpc&s=exact-aware-popularity-rank&ref=sr_st_exact-aware-popularity-rank
Honey Roasted Granola,https://www.amazon.com/s?k=Honey+Roasted+Granola&i=hpc&s=exact-aware-popularity-rank&ref=sr_st_exact-aware-popularity-rank
Diabetes Care,https://www.amazon.com/s?k=Diabetes+Care&i=hpc&s=exact-aware-popularity-rank&ref=sr_st_exact-aware-popularity-rank
Energy Pills,https://www.amazon.com/s?k=Energy+Pills&i=hpc&s=exact-aware-popularity-rank&ref=sr_st_exact-aware-popularity-rank
Stamina Gummies,https://www.amazon.com/s?k=Stamina+Gummies&i=hpc&s=exact-aware-popularity-rank&ref=sr_st_exact-aware-popularity-rank
Chewy Candy,https://www.amazon.com/s?k=Chewy+Candy&i=hpc&s=exact-aware-popularity-rank&ref=sr_st_exact-aware-popularity-rank
Vitality Gummies,https://www.amazon.com/s?k=Vitality+Gummies&i=hpc&s=exact-aware-popularity-rank&ref=sr_st_exact-aware-popularity-rank
Peanut Butter Bars,https://www.amazon.com/s?k=Peanut+Butter+Bars&i=hpc&s=exact-aware-popularity-rank&ref=sr_st_exact-aware-popularity-rank
Energy bar,https://www.amazon.com/s?k=Energy+bar&i=hpc&s=exact-aware-popularity-rank&ref=sr_st_exact-aware-popularity-rank
Diuretic Pills,https://www.amazon.com/s?k=Diuretic+Pills&i=hpc&s=exact-aware-popularity-rank&ref=sr_st_exact-aware-popularity-rank
Lemon Protein,https://www.amazon.com/s?k=Lemon+Protein&i=hpc&s=exact-aware-popularity-rank&ref=sr_st_exact-aware-popularity-rank
Birthday cake bites,https://www.amazon.com/s?k=Birthday+cake+bites&i=hpc&s=exact-aware-popularity-rank&ref=sr_st_exact-aware-popularity-rank
Keto Bar,https://www.amazon.com/s?k=Keto+Bar&i=hpc&s=exact-aware-popularity-rank&ref=sr_st_exact-aware-popularity-rank
Oatmeal Raisin,https://www.amazon.com/s?k=Oatmeal+Raisin&i=hpc&s=exact-aware-popularity-rank&ref=sr_st_exact-aware-popularity-rank
Chocolate Snacks,https://www.amazon.com/s?k=Chocolate+Snacks&i=hpc&s=exact-aware-popularity-rank&ref=sr_st_exact-aware-popularity-rank
Chocolate shakes,https://www.amazon.com/s?k=Chocolate+shakes&i=hpc&s=exact-aware-popularity-rank&ref=sr_st_exact-aware-popularity-rank
Nut Butter,https://www.amazon.com/s?k=Nut+Butter&i=hpc&s=exact-aware-popularity-rank&ref=sr_st_exact-aware-popularity-rank
Vanilla Shake,https://www.amazon.com/s?k=Vanilla+Shake&i=hpc&s=exact-aware-popularity-rank&ref=sr_st_exact-aware-popularity-rank
Breakfast shake,https://www.amazon.com/s?k=Breakfast+shake&i=hpc&s=exact-aware-popularity-rank&ref=sr_st_exact-aware-popularity-rank
Chewy Protein,https://www.amazon.com/s?k=Chewy+Protein&i=hpc&s=exact-aware-popularity-rank&ref=sr_st_exact-aware-popularity-rank
Protein cappuccino,https://www.amazon.com/s?k=Protein+cappuccino&i=hpc&s=exact-aware-popularity-rank&ref=sr_st_exact-aware-popularity-rank
Keto Chips,https://www.amazon.com/s?k=Keto+Chips&i=hpc&s=exact-aware-popularity-rank&ref=sr_st_exact-aware-popularity-rank
Diabetic formula,https://www.amazon.com/s?k=Diabetic+formula&i=hpc&s=exact-aware-popularity-rank&ref=sr_st_exact-aware-popularity-rank
Raspberry Ketones,https://www.amazon.com/s?k=Raspberry+Ketones&i=hpc&s=exact-aware-popularity-rank&ref=sr_st_exact-aware-popularity-rank
Protein granola,https://www.amazon.com/s?k=Protein+granola&i=hpc&s=exact-aware-popularity-rank&ref=sr_st_exact-aware-popularity-rank
Diet Pills,https://www.amazon.com/s?k=Diet+Pills&i=hpc&s=exact-aware-popularity-rank&ref=sr_st_exact-aware-popularity-rank
Gluten Free Bars,https://www.amazon.com/s?k=Gluten+Free+Bars&i=hpc&s=exact-aware-popularity-rank&ref=sr_st_exact-aware-popularity-rank
Fruit pouches,https://www.amazon.com/s?k=Fruit+pouches&i=hpc&s=exact-aware-popularity-rank&ref=sr_st_exact-aware-popularity-rank
Electrolyte drinks,https://www.amazon.com/s?k=Electrolyte+drinks&i=hpc&s=exact-aware-popularity-rank&ref=sr_st_exact-aware-popularity-rank
Toffee Crunch,https://www.amazon.com/s?k=Toffee+Crunch&i=hpc&s=exact-aware-popularity-rank&ref=sr_st_exact-aware-popularity-rank
Energy waffle,https://www.amazon.com/s?k=Energy+waffle&i=hpc&s=exact-aware-popularity-rank&ref=sr_st_exact-aware-popularity-rank
Chocolate wafer,https://www.amazon.com/s?k=Chocolate+wafer&i=hpc&s=exact-aware-popularity-rank&ref=sr_st_exact-aware-popularity-rank
Nutrition bars,https://www.amazon.com/s?k=Nutrition+bars&i=hpc&s=exact-aware-popularity-rank&ref=sr_st_exact-aware-popularity-rank
Chocolate mousse,https://www.amazon.com/s?k=Chocolate+mousse&i=hpc&s=exact-aware-popularity-rank&ref=sr_st_exact-aware-popularity-rank
