Keyword,Links
Caffeinated Energy Bar,https://www.ebay.com/sch/i.html?_from=R40&_nkw=Caffeinated+Energy+Bar&_sacat=26395&rt=nc&LH_ItemCondition=3&LH_BIN=1&rt=nc&LH_PrefLoc=1
Thickened Beverage,https://www.ebay.com/sch/i.html?_from=R40&_nkw=Thickened+Beverage&_sacat=26395&rt=nc&LH_ItemCondition=3&LH_BIN=1&rt=nc&LH_PrefLoc=1
Peach Protein,https://www.ebay.com/sch/i.html?_from=R40&_nkw=Peach+Protein&_sacat=26395&rt=nc&LH_ItemCondition=3&LH_BIN=1&rt=nc&LH_PrefLoc=1
Vanilla Powder,https://www.ebay.com/sch/i.html?_from=R40&_nkw=Vanilla+Powder&_sacat=26395&rt=nc&LH_ItemCondition=3&LH_BIN=1&rt=nc&LH_PrefLoc=1
Lecithin Supplement,https://www.ebay.com/sch/i.html?_from=R40&_nkw=Lecithin+Supplement&_sacat=26395&rt=nc&LH_ItemCondition=3&LH_BIN=1&rt=nc&LH_PrefLoc=1
Chocolate low-sugar,https://www.ebay.com/sch/i.html?_from=R40&_nkw=Chocolate+low-sugar&_sacat=26395&rt=nc&LH_ItemCondition=3&LH_BIN=1&rt=nc&LH_PrefLoc=1
Vanilla shakes,https://www.ebay.com/sch/i.html?_from=R40&_nkw=Vanilla+shakes&_sacat=26395&rt=nc&LH_ItemCondition=3&LH_BIN=1&rt=nc&LH_PrefLoc=1
Chocolate truffles,https://www.ebay.com/sch/i.html?_from=R40&_nkw=Chocolate+truffles&_sacat=26395&rt=nc&LH_ItemCondition=3&LH_BIN=1&rt=nc&LH_PrefLoc=1
Fruit smoothie,https://www.ebay.com/sch/i.html?_from=R40&_nkw=Fruit+smoothie&_sacat=26395&rt=nc&LH_ItemCondition=3&LH_BIN=1&rt=nc&LH_PrefLoc=1
Lemon Snack,https://www.ebay.com/sch/i.html?_from=R40&_nkw=Lemon+Snack&_sacat=26395&rt=nc&LH_ItemCondition=3&LH_BIN=1&rt=nc&LH_PrefLoc=1
Peanut Butter Bar,https://www.ebay.com/sch/i.html?_from=R40&_nkw=Peanut+Butter+Bar&_sacat=26395&rt=nc&LH_ItemCondition=3&LH_BIN=1&rt=nc&LH_PrefLoc=1
Chocolate Coconut,https://www.ebay.com/sch/i.html?_from=R40&_nkw=Chocolate+Coconut&_sacat=26395&rt=nc&LH_ItemCondition=3&LH_BIN=1&rt=nc&LH_PrefLoc=1
Protein meal,https://www.ebay.com/sch/i.html?_from=R40&_nkw=Protein+meal&_sacat=26395&rt=nc&LH_ItemCondition=3&LH_BIN=1&rt=nc&LH_PrefLoc=1
Therapeutic Shake,https://www.ebay.com/sch/i.html?_from=R40&_nkw=Therapeutic+Shake&_sacat=26395&rt=nc&LH_ItemCondition=3&LH_BIN=1&rt=nc&LH_PrefLoc=1
Nutrition Bar,https://www.ebay.com/sch/i.html?_from=R40&_nkw=Nutrition+Bar&_sacat=26395&rt=nc&LH_ItemCondition=3&LH_BIN=1&rt=nc&LH_PrefLoc=1
Energy bars,https://www.ebay.com/sch/i.html?_from=R40&_nkw=Energy+bars&_sacat=26395&rt=nc&LH_ItemCondition=3&LH_BIN=1&rt=nc&LH_PrefLoc=1
Therapeutic Drink,https://www.ebay.com/sch/i.html?_from=R40&_nkw=Therapeutic+Drink&_sacat=26395&rt=nc&LH_ItemCondition=3&LH_BIN=1&rt=nc&LH_PrefLoc=1
Honey Roasted Granola,https://www.ebay.com/sch/i.html?_from=R40&_nkw=Honey+Roasted+Granola&_sacat=26395&rt=nc&LH_ItemCondition=3&LH_BIN=1&rt=nc&LH_PrefLoc=1
Diabetes Care,https://www.ebay.com/sch/i.html?_from=R40&_nkw=Diabetes+Care&_sacat=26395&rt=nc&LH_ItemCondition=3&LH_BIN=1&rt=nc&LH_PrefLoc=1
Energy Pills,https://www.ebay.com/sch/i.html?_from=R40&_nkw=Energy+Pills&_sacat=26395&rt=nc&LH_ItemCondition=3&LH_BIN=1&rt=nc&LH_PrefLoc=1
Stamina Gummies,https://www.ebay.com/sch/i.html?_from=R40&_nkw=Stamina+Gummies&_sacat=26395&rt=nc&LH_ItemCondition=3&LH_BIN=1&rt=nc&LH_PrefLoc=1
Chewy Candy,https://www.ebay.com/sch/i.html?_from=R40&_nkw=Chewy+Candy&_sacat=26395&rt=nc&LH_ItemCondition=3&LH_BIN=1&rt=nc&LH_PrefLoc=1
Vitality Gummies,https://www.ebay.com/sch/i.html?_from=R40&_nkw=Vitality+Gummies&_sacat=26395&rt=nc&LH_ItemCondition=3&LH_BIN=1&rt=nc&LH_PrefLoc=1
Peanut Butter Bars,https://www.ebay.com/sch/i.html?_from=R40&_nkw=Peanut+Butter+Bars&_sacat=26395&rt=nc&LH_ItemCondition=3&LH_BIN=1&rt=nc&LH_PrefLoc=1
Energy bar,https://www.ebay.com/sch/i.html?_from=R40&_nkw=Energy+bar&_sacat=26395&rt=nc&LH_ItemCondition=3&LH_BIN=1&rt=nc&LH_PrefLoc=1
Diuretic Pills,https://www.ebay.com/sch/i.html?_from=R40&_nkw=Diuretic+Pills&_sacat=26395&rt=nc&LH_ItemCondition=3&LH_BIN=1&rt=nc&LH_PrefLoc=1
Lemon Protein,https://www.ebay.com/sch/i.html?_from=R40&_nkw=Lemon+Protein&_sacat=26395&rt=nc&LH_ItemCondition=3&LH_BIN=1&rt=nc&LH_PrefLoc=1
Birthday cake bites,https://www.ebay.com/sch/i.html?_from=R40&_nkw=Birthday+cake+bites&_sacat=26395&rt=nc&LH_ItemCondition=3&LH_BIN=1&rt=nc&LH_PrefLoc=1
Keto Bar,https://www.ebay.com/sch/i.html?_from=R40&_nkw=Keto+Bar&_sacat=26395&rt=nc&LH_ItemCondition=3&LH_BIN=1&rt=nc&LH_PrefLoc=1
Oatmeal Raisin,https://www.ebay.com/sch/i.html?_from=R40&_nkw=Oatmeal+Raisin&_sacat=26395&rt=nc&LH_ItemCondition=3&LH_BIN=1&rt=nc&LH_PrefLoc=1
Chocolate Snacks,https://www.ebay.com/sch/i.html?_from=R40&_nkw=Chocolate+Snacks&_sacat=26395&rt=nc&LH_ItemCondition=3&LH_BIN=1&rt=nc&LH_PrefLoc=1
Chocolate shakes,https://www.ebay.com/sch/i.html?_from=R40&_nkw=Chocolate+shakes&_sacat=26395&rt=nc&LH_ItemCondition=3&LH_BIN=1&rt=nc&LH_PrefLoc=1
Nut Butter,https://www.ebay.com/sch/i.html?_from=R40&_nkw=Nut+Butter&_sacat=26395&rt=nc&LH_ItemCondition=3&LH_BIN=1&rt=nc&LH_PrefLoc=1
Vanilla Shake,https://www.ebay.com/sch/i.html?_from=R40&_nkw=Vanilla+Shake&_sacat=26395&rt=nc&LH_ItemCondition=3&LH_BIN=1&rt=nc&LH_PrefLoc=1
Breakfast shake,https://www.ebay.com/sch/i.html?_from=R40&_nkw=Breakfast+shake&_sacat=26395&rt=nc&LH_ItemCondition=3&LH_BIN=1&rt=nc&LH_PrefLoc=1
Chewy Protein,https://www.ebay.com/sch/i.html?_from=R40&_nkw=Chewy+Protein&_sacat=26395&rt=nc&LH_ItemCondition=3&LH_BIN=1&rt=nc&LH_PrefLoc=1
Protein cappuccino,https://www.ebay.com/sch/i.html?_from=R40&_nkw=Protein+cappuccino&_sacat=26395&rt=nc&LH_ItemCondition=3&LH_BIN=1&rt=nc&LH_PrefLoc=1
Keto Chips,https://www.ebay.com/sch/i.html?_from=R40&_nkw=Keto+Chips&_sacat=26395&rt=nc&LH_ItemCondition=3&LH_BIN=1&rt=nc&LH_PrefLoc=1
Diabetic formula,https://www.ebay.com/sch/i.html?_from=R40&_nkw=Diabetic+formula&_sacat=26395&rt=nc&LH_ItemCondition=3&LH_BIN=1&rt=nc&LH_PrefLoc=1
Raspberry Ketones,https://www.ebay.com/sch/i.html?_from=R40&_nkw=Raspberry+Ketones&_sacat=26395&rt=nc&LH_ItemCondition=3&LH_BIN=1&rt=nc&LH_PrefLoc=1
Protein granola,https://www.ebay.com/sch/i.html?_from=R40&_nkw=Protein+granola&_sacat=26395&rt=nc&LH_ItemCondition=3&LH_BIN=1&rt=nc&LH_PrefLoc=1
Diet Pills,https://www.ebay.com/sch/i.html?_from=R40&_nkw=Diet+Pills&_sacat=26395&rt=nc&LH_ItemCondition=3&LH_BIN=1&rt=nc&LH_PrefLoc=1
Gluten Free Bars,https://www.ebay.com/sch/i.html?_from=R40&_nkw=Gluten+Free+Bars&_sacat=26395&rt=nc&LH_ItemCondition=3&LH_BIN=1&rt=nc&LH_PrefLoc=1
Fruit pouches,https://www.ebay.com/sch/i.html?_from=R40&_nkw=Fruit+pouches&_sacat=26395&rt=nc&LH_ItemCondition=3&LH_BIN=1&rt=nc&LH_PrefLoc=1
Electrolyte drinks,https://www.ebay.com/sch/i.html?_from=R40&_nkw=Electrolyte+drinks&_sacat=26395&rt=nc&LH_ItemCondition=3&LH_BIN=1&rt=nc&LH_PrefLoc=1
Toffee Crunch,https://www.ebay.com/sch/i.html?_from=R40&_nkw=Toffee+Crunch&_sacat=26395&rt=nc&LH_ItemCondition=3&LH_BIN=1&rt=nc&LH_PrefLoc=1
Energy waffle,https://www.ebay.com/sch/i.html?_from=R40&_nkw=Energy+waffle&_sacat=26395&rt=nc&LH_ItemCondition=3&LH_BIN=1&rt=nc&LH_PrefLoc=1
Chocolate wafer,https://www.ebay.com/sch/i.html?_from=R40&_nkw=Chocolate+wafer&_sacat=26395&rt=nc&LH_ItemCondition=3&LH_BIN=1&rt=nc&LH_PrefLoc=1
Nutrition bars,https://www.ebay.com/sch/i.html?_from=R40&_nkw=Nutrition+bars&_sacat=26395&rt=nc&LH_ItemCondition=3&LH_BIN=1&rt=nc&LH_PrefLoc=1
Chocolate mousse,https://www.ebay.com/sch/i.html?_from=R40&_nkw=Chocolate+mousse&_sacat=26395&rt=nc&LH_ItemCondition=3&LH_BIN=1&rt=nc&LH_PrefLoc=1
