Keyword,Links
Magnesium Citrate,https://www.ebay.com/sch/i.html?_from=R40&_nkw=Magnesium+Citrate&_sacat=26395&rt=nc&LH_ItemCondition=3&LH_BIN=1&rt=nc&LH_PrefLoc=1
Magnesium Complex,https://www.ebay.com/sch/i.html?_from=R40&_nkw=Magnesium+Complex&_sacat=26395&rt=nc&LH_ItemCondition=3&LH_BIN=1&rt=nc&LH_PrefLoc=1
Stress supplement,https://www.ebay.com/sch/i.html?_from=R40&_nkw=Stress+supplement&_sacat=26395&rt=nc&LH_ItemCondition=3&LH_BIN=1&rt=nc&LH_PrefLoc=1
Magnesium Caplets,https://www.ebay.com/sch/i.html?_from=R40&_nkw=Magnesium+Caplets&_sacat=26395&rt=nc&LH_ItemCondition=3&LH_BIN=1&rt=nc&LH_PrefLoc=1
Plant Chill,https://www.ebay.com/sch/i.html?_from=R40&_nkw=Plant+Chill&_sacat=26395&rt=nc&LH_ItemCondition=3&LH_BIN=1&rt=nc&LH_PrefLoc=1
Magnesium support,https://www.ebay.com/sch/i.html?_from=R40&_nkw=Magnesium+support&_sacat=26395&rt=nc&LH_ItemCondition=3&LH_BIN=1&rt=nc&LH_PrefLoc=1
Ashwagandha Tablets,https://www.ebay.com/sch/i.html?_from=R40&_nkw=Ashwagandha+Tablets&_sacat=26395&rt=nc&LH_ItemCondition=3&LH_BIN=1&rt=nc&LH_PrefLoc=1
High Absorption Magnesium,https://www.ebay.com/sch/i.html?_from=R40&_nkw=High+Absorption+Magnesium&_sacat=26395&rt=nc&LH_ItemCondition=3&LH_BIN=1&rt=nc&LH_PrefLoc=1
DHEA Supplement,https://www.ebay.com/sch/i.html?_from=R40&_nkw=DHEA+Supplement&_sacat=26395&rt=nc&LH_ItemCondition=3&LH_BIN=1&rt=nc&LH_PrefLoc=1
Sea Moss,https://www.ebay.com/sch/i.html?_from=R40&_nkw=Sea+Moss&_sacat=26395&rt=nc&LH_ItemCondition=3&LH_BIN=1&rt=nc&LH_PrefLoc=1
Shilajit Supplement,https://www.ebay.com/sch/i.html?_from=R40&_nkw=Shilajit+Supplement&_sacat=26395&rt=nc&LH_ItemCondition=3&LH_BIN=1&rt=nc&LH_PrefLoc=1
Adaptogen capsules,https://www.ebay.com/sch/i.html?_from=R40&_nkw=Adaptogen+capsules&_sacat=26395&rt=nc&LH_ItemCondition=3&LH_BIN=1&rt=nc&LH_PrefLoc=1
Collagen Tablets,https://www.ebay.com/sch/i.html?_from=R40&_nkw=Collagen+Tablets&_sacat=26395&rt=nc&LH_ItemCondition=3&LH_BIN=1&rt=nc&LH_PrefLoc=1
Kids Sleep,https://www.ebay.com/sch/i.html?_from=R40&_nkw=Kids+Sleep&_sacat=26395&rt=nc&LH_ItemCondition=3&LH_BIN=1&rt=nc&LH_PrefLoc=1
Organic Ashwagandha,https://www.ebay.com/sch/i.html?_from=R40&_nkw=Organic+Ashwagandha&_sacat=26395&rt=nc&LH_ItemCondition=3&LH_BIN=1&rt=nc&LH_PrefLoc=1
Sleep support,https://www.ebay.com/sch/i.html?_from=R40&_nkw=Sleep+support&_sacat=26395&rt=nc&LH_ItemCondition=3&LH_BIN=1&rt=nc&LH_PrefLoc=1
Thyroid Support,https://www.ebay.com/sch/i.html?_from=R40&_nkw=Thyroid+Support&_sacat=26395&rt=nc&LH_ItemCondition=3&LH_BIN=1&rt=nc&LH_PrefLoc=1
Ashwagandha Focus,https://www.ebay.com/sch/i.html?_from=R40&_nkw=Ashwagandha+Focus&_sacat=26395&rt=nc&LH_ItemCondition=3&LH_BIN=1&rt=nc&LH_PrefLoc=1
Menopause Supplement,https://www.ebay.com/sch/i.html?_from=R40&_nkw=Menopause+Supplement&_sacat=26395&rt=nc&LH_ItemCondition=3&LH_BIN=1&rt=nc&LH_PrefLoc=1
Calm Relaxation,https://www.ebay.com/sch/i.html?_from=R40&_nkw=Calm+Relaxation&_sacat=26395&rt=nc&LH_ItemCondition=3&LH_BIN=1&rt=nc&LH_PrefLoc=1
Ashwagandha Extract,https://www.ebay.com/sch/i.html?_from=R40&_nkw=Ashwagandha+Extract&_sacat=26395&rt=nc&LH_ItemCondition=3&LH_BIN=1&rt=nc&LH_PrefLoc=1
Anti-Stress,https://www.ebay.com/sch/i.html?_from=R40&_nkw=Anti-Stress&_sacat=26395&rt=nc&LH_ItemCondition=3&LH_BIN=1&rt=nc&LH_PrefLoc=1
Magnesium Powder,https://www.ebay.com/sch/i.html?_from=R40&_nkw=Magnesium+Powder&_sacat=26395&rt=nc&LH_ItemCondition=3&LH_BIN=1&rt=nc&LH_PrefLoc=1
Libido Booster,https://www.ebay.com/sch/i.html?_from=R40&_nkw=Libido+Booster&_sacat=26395&rt=nc&LH_ItemCondition=3&LH_BIN=1&rt=nc&LH_PrefLoc=1
Himalayan Shilajit,https://www.ebay.com/sch/i.html?_from=R40&_nkw=Himalayan+Shilajit&_sacat=26395&rt=nc&LH_ItemCondition=3&LH_BIN=1&rt=nc&LH_PrefLoc=1
DHEA Capsules,https://www.ebay.com/sch/i.html?_from=R40&_nkw=DHEA+Capsules&_sacat=26395&rt=nc&LH_ItemCondition=3&LH_BIN=1&rt=nc&LH_PrefLoc=1
Period support,https://www.ebay.com/sch/i.html?_from=R40&_nkw=Period+support&_sacat=26395&rt=nc&LH_ItemCondition=3&LH_BIN=1&rt=nc&LH_PrefLoc=1
Ashwagandha VCAP,https://www.ebay.com/sch/i.html?_from=R40&_nkw=Ashwagandha+VCAP&_sacat=26395&rt=nc&LH_ItemCondition=3&LH_BIN=1&rt=nc&LH_PrefLoc=1
Toddler Magnesium,https://www.ebay.com/sch/i.html?_from=R40&_nkw=Toddler+Magnesium&_sacat=26395&rt=nc&LH_ItemCondition=3&LH_BIN=1&rt=nc&LH_PrefLoc=1
Nootropic Supplements,https://www.ebay.com/sch/i.html?_from=R40&_nkw=Nootropic+Supplements&_sacat=26395&rt=nc&LH_ItemCondition=3&LH_BIN=1&rt=nc&LH_PrefLoc=1
Magnesium Drink,https://www.ebay.com/sch/i.html?_from=R40&_nkw=Magnesium+Drink&_sacat=26395&rt=nc&LH_ItemCondition=3&LH_BIN=1&rt=nc&LH_PrefLoc=1
Stress Gummies,https://www.ebay.com/sch/i.html?_from=R40&_nkw=Stress+Gummies&_sacat=26395&rt=nc&LH_ItemCondition=3&LH_BIN=1&rt=nc&LH_PrefLoc=1
PMS Support,https://www.ebay.com/sch/i.html?_from=R40&_nkw=PMS+Support&_sacat=26395&rt=nc&LH_ItemCondition=3&LH_BIN=1&rt=nc&LH_PrefLoc=1
Vitamin Gummies,https://www.ebay.com/sch/i.html?_from=R40&_nkw=Vitamin+Gummies&_sacat=26395&rt=nc&LH_ItemCondition=3&LH_BIN=1&rt=nc&LH_PrefLoc=1
Magnesium Capsules,https://www.ebay.com/sch/i.html?_from=R40&_nkw=Magnesium+Capsules&_sacat=26395&rt=nc&LH_ItemCondition=3&LH_BIN=1&rt=nc&LH_PrefLoc=1
Immune Gummies,https://www.ebay.com/sch/i.html?_from=R40&_nkw=Immune+Gummies&_sacat=26395&rt=nc&LH_ItemCondition=3&LH_BIN=1&rt=nc&LH_PrefLoc=1
Superfood Detox,https://www.ebay.com/sch/i.html?_from=R40&_nkw=Superfood+Detox&_sacat=26395&rt=nc&LH_ItemCondition=3&LH_BIN=1&rt=nc&LH_PrefLoc=1
Libido Gummies,https://www.ebay.com/sch/i.html?_from=R40&_nkw=Libido+Gummies&_sacat=26395&rt=nc&LH_ItemCondition=3&LH_BIN=1&rt=nc&LH_PrefLoc=1
Joint support,https://www.ebay.com/sch/i.html?_from=R40&_nkw=Joint+support&_sacat=26395&rt=nc&LH_ItemCondition=3&LH_BIN=1&rt=nc&LH_PrefLoc=1
Testosterone Support,https://www.ebay.com/sch/i.html?_from=R40&_nkw=Testosterone+Support&_sacat=26395&rt=nc&LH_ItemCondition=3&LH_BIN=1&rt=nc&LH_PrefLoc=1
Raw Calcium,https://www.ebay.com/sch/i.html?_from=R40&_nkw=Raw+Calcium&_sacat=26395&rt=nc&LH_ItemCondition=3&LH_BIN=1&rt=nc&LH_PrefLoc=1
Keto Supplement,https://www.ebay.com/sch/i.html?_from=R40&_nkw=Keto+Supplement&_sacat=26395&rt=nc&LH_ItemCondition=3&LH_BIN=1&rt=nc&LH_PrefLoc=1
Wellness Gummy,https://www.ebay.com/sch/i.html?_from=R40&_nkw=Wellness+Gummy&_sacat=26395&rt=nc&LH_ItemCondition=3&LH_BIN=1&rt=nc&LH_PrefLoc=1
Melatonin Capsules,https://www.ebay.com/sch/i.html?_from=R40&_nkw=Melatonin+Capsules&_sacat=26395&rt=nc&LH_ItemCondition=3&LH_BIN=1&rt=nc&LH_PrefLoc=1
Bone health,https://www.ebay.com/sch/i.html?_from=R40&_nkw=Bone+health&_sacat=26395&rt=nc&LH_ItemCondition=3&LH_BIN=1&rt=nc&LH_PrefLoc=1
Turmeric Capsules,https://www.ebay.com/sch/i.html?_from=R40&_nkw=Turmeric+Capsules&_sacat=26395&rt=nc&LH_ItemCondition=3&LH_BIN=1&rt=nc&LH_PrefLoc=1
Sleep Gummies,https://www.ebay.com/sch/i.html?_from=R40&_nkw=Sleep+Gummies&_sacat=26395&rt=nc&LH_ItemCondition=3&LH_BIN=1&rt=nc&LH_PrefLoc=1
Magnesium tablets,https://www.ebay.com/sch/i.html?_from=R40&_nkw=Magnesium+tablets&_sacat=26395&rt=nc&LH_ItemCondition=3&LH_BIN=1&rt=nc&LH_PrefLoc=1
Magnesium Softgels,https://www.ebay.com/sch/i.html?_from=R40&_nkw=Magnesium+Softgels&_sacat=26395&rt=nc&LH_ItemCondition=3&LH_BIN=1&rt=nc&LH_PrefLoc=1
Mood supplements,https://www.ebay.com/sch/i.html?_from=R40&_nkw=Mood+supplements&_sacat=26395&rt=nc&LH_ItemCondition=3&LH_BIN=1&rt=nc&LH_PrefLoc=1
