Keyword,Links
Creatine Powder,https://www.ebay.com/sch/i.html?_from=R40&_nkw=Creatine+Powder&_sacat=26395&rt=nc&LH_ItemCondition=3&LH_BIN=1&rt=nc&LH_PrefLoc=1
Kids multivitamins,https://www.ebay.com/sch/i.html?_from=R40&_nkw=Kids+multivitamins&_sacat=26395&rt=nc&LH_ItemCondition=3&LH_BIN=1&rt=nc&LH_PrefLoc=1
Kids Zinc,https://www.ebay.com/sch/i.html?_from=R40&_nkw=Kids+Zinc&_sacat=26395&rt=nc&LH_ItemCondition=3&LH_BIN=1&rt=nc&LH_PrefLoc=1
Gentle Iron,https://www.ebay.com/sch/i.html?_from=R40&_nkw=Gentle+Iron&_sacat=26395&rt=nc&LH_ItemCondition=3&LH_BIN=1&rt=nc&LH_PrefLoc=1
Echinacea Gummies,https://www.ebay.com/sch/i.html?_from=R40&_nkw=Echinacea+Gummies&_sacat=26395&rt=nc&LH_ItemCondition=3&LH_BIN=1&rt=nc&LH_PrefLoc=1
Postnatal Multivitamin,https://www.ebay.com/sch/i.html?_from=R40&_nkw=Postnatal+Multivitamin&_sacat=26395&rt=nc&LH_ItemCondition=3&LH_BIN=1&rt=nc&LH_PrefLoc=1
Multivitamin Women,https://www.ebay.com/sch/i.html?_from=R40&_nkw=Multivitamin+Women&_sacat=26395&rt=nc&LH_ItemCondition=3&LH_BIN=1&rt=nc&LH_PrefLoc=1
Elderberry softgels,https://www.ebay.com/sch/i.html?_from=R40&_nkw=Elderberry+softgels&_sacat=26395&rt=nc&LH_ItemCondition=3&LH_BIN=1&rt=nc&LH_PrefLoc=1
Curcumin Extract,https://www.ebay.com/sch/i.html?_from=R40&_nkw=Curcumin+Extract&_sacat=26395&rt=nc&LH_ItemCondition=3&LH_BIN=1&rt=nc&LH_PrefLoc=1
Probiotic Tonic,https://www.ebay.com/sch/i.html?_from=R40&_nkw=Probiotic+Tonic&_sacat=26395&rt=nc&LH_ItemCondition=3&LH_BIN=1&rt=nc&LH_PrefLoc=1
28 Day Challenge,https://www.ebay.com/sch/i.html?_from=R40&_nkw=28+Day+Challenge&_sacat=26395&rt=nc&LH_ItemCondition=3&LH_BIN=1&rt=nc&LH_PrefLoc=1
Tryptophan Supplement,https://www.ebay.com/sch/i.html?_from=R40&_nkw=Tryptophan+Supplement&_sacat=26395&rt=nc&LH_ItemCondition=3&LH_BIN=1&rt=nc&LH_PrefLoc=1
Mature Vitamins,https://www.ebay.com/sch/i.html?_from=R40&_nkw=Mature+Vitamins&_sacat=26395&rt=nc&LH_ItemCondition=3&LH_BIN=1&rt=nc&LH_PrefLoc=1
Colloidal Silver,https://www.ebay.com/sch/i.html?_from=R40&_nkw=Colloidal+Silver&_sacat=26395&rt=nc&LH_ItemCondition=3&LH_BIN=1&rt=nc&LH_PrefLoc=1
Essiac Extract,https://www.ebay.com/sch/i.html?_from=R40&_nkw=Essiac+Extract&_sacat=26395&rt=nc&LH_ItemCondition=3&LH_BIN=1&rt=nc&LH_PrefLoc=1
Daily Multivitamin,https://www.ebay.com/sch/i.html?_from=R40&_nkw=Daily+Multivitamin&_sacat=26395&rt=nc&LH_ItemCondition=3&LH_BIN=1&rt=nc&LH_PrefLoc=1
Zero Carb Protein,https://www.ebay.com/sch/i.html?_from=R40&_nkw=Zero+Carb+Protein&_sacat=26395&rt=nc&LH_ItemCondition=3&LH_BIN=1&rt=nc&LH_PrefLoc=1
CLA supplement,https://www.ebay.com/sch/i.html?_from=R40&_nkw=CLA+supplement&_sacat=26395&rt=nc&LH_ItemCondition=3&LH_BIN=1&rt=nc&LH_PrefLoc=1
Pre-Workout,https://www.ebay.com/sch/i.html?_from=R40&_nkw=Pre-Workout&_sacat=26395&rt=nc&LH_ItemCondition=3&LH_BIN=1&rt=nc&LH_PrefLoc=1
Children's Multivitamins,https://www.ebay.com/sch/i.html?_from=R40&_nkw=Children's+Multivitamins&_sacat=26395&rt=nc&LH_ItemCondition=3&LH_BIN=1&rt=nc&LH_PrefLoc=1
Peppermint Oil,https://www.ebay.com/sch/i.html?_from=R40&_nkw=Peppermint+Oil&_sacat=26395&rt=nc&LH_ItemCondition=3&LH_BIN=1&rt=nc&LH_PrefLoc=1
Vitamin B,https://www.ebay.com/sch/i.html?_from=R40&_nkw=Vitamin+B&_sacat=26395&rt=nc&LH_ItemCondition=3&LH_BIN=1&rt=nc&LH_PrefLoc=1
Pre Workout,https://www.ebay.com/sch/i.html?_from=R40&_nkw=Pre+Workout&_sacat=26395&rt=nc&LH_ItemCondition=3&LH_BIN=1&rt=nc&LH_PrefLoc=1
Glutathione Detox,https://www.ebay.com/sch/i.html?_from=R40&_nkw=Glutathione+Detox&_sacat=26395&rt=nc&LH_ItemCondition=3&LH_BIN=1&rt=nc&LH_PrefLoc=1
Fungus Supplement,https://www.ebay.com/sch/i.html?_from=R40&_nkw=Fungus+Supplement&_sacat=26395&rt=nc&LH_ItemCondition=3&LH_BIN=1&rt=nc&LH_PrefLoc=1
Chlorophyll Gummies,https://www.ebay.com/sch/i.html?_from=R40&_nkw=Chlorophyll+Gummies&_sacat=26395&rt=nc&LH_ItemCondition=3&LH_BIN=1&rt=nc&LH_PrefLoc=1
Kosher Iodine,https://www.ebay.com/sch/i.html?_from=R40&_nkw=Kosher+Iodine&_sacat=26395&rt=nc&LH_ItemCondition=3&LH_BIN=1&rt=nc&LH_PrefLoc=1
Cinnamon Protein,https://www.ebay.com/sch/i.html?_from=R40&_nkw=Cinnamon+Protein&_sacat=26395&rt=nc&LH_ItemCondition=3&LH_BIN=1&rt=nc&LH_PrefLoc=1
Zinc Copper,https://www.ebay.com/sch/i.html?_from=R40&_nkw=Zinc+Copper&_sacat=26395&rt=nc&LH_ItemCondition=3&LH_BIN=1&rt=nc&LH_PrefLoc=1
Hemp Protein,https://www.ebay.com/sch/i.html?_from=R40&_nkw=Hemp+Protein&_sacat=26395&rt=nc&LH_ItemCondition=3&LH_BIN=1&rt=nc&LH_PrefLoc=1
Immune Boost,https://www.ebay.com/sch/i.html?_from=R40&_nkw=Immune+Boost&_sacat=26395&rt=nc&LH_ItemCondition=3&LH_BIN=1&rt=nc&LH_PrefLoc=1
Gamer Support,https://www.ebay.com/sch/i.html?_from=R40&_nkw=Gamer+Support&_sacat=26395&rt=nc&LH_ItemCondition=3&LH_BIN=1&rt=nc&LH_PrefLoc=1
Stress B-Complex,https://www.ebay.com/sch/i.html?_from=R40&_nkw=Stress+B-Complex&_sacat=26395&rt=nc&LH_ItemCondition=3&LH_BIN=1&rt=nc&LH_PrefLoc=1
Organic Elderberries,https://www.ebay.com/sch/i.html?_from=R40&_nkw=Organic+Elderberries&_sacat=26395&rt=nc&LH_ItemCondition=3&LH_BIN=1&rt=nc&LH_PrefLoc=1
Lactation Support,https://www.ebay.com/sch/i.html?_from=R40&_nkw=Lactation+Support&_sacat=26395&rt=nc&LH_ItemCondition=3&LH_BIN=1&rt=nc&LH_PrefLoc=1
Bladderwrack Capsules,https://www.ebay.com/sch/i.html?_from=R40&_nkw=Bladderwrack+Capsules&_sacat=26395&rt=nc&LH_ItemCondition=3&LH_BIN=1&rt=nc&LH_PrefLoc=1
Digestive Support,https://www.ebay.com/sch/i.html?_from=R40&_nkw=Digestive+Support&_sacat=26395&rt=nc&LH_ItemCondition=3&LH_BIN=1&rt=nc&LH_PrefLoc=1
B-Complex Tablets,https://www.ebay.com/sch/i.html?_from=R40&_nkw=B-Complex+Tablets&_sacat=26395&rt=nc&LH_ItemCondition=3&LH_BIN=1&rt=nc&LH_PrefLoc=1
Kids Melatonin,https://www.ebay.com/sch/i.html?_from=R40&_nkw=Kids+Melatonin&_sacat=26395&rt=nc&LH_ItemCondition=3&LH_BIN=1&rt=nc&LH_PrefLoc=1
Children's sleep,https://www.ebay.com/sch/i.html?_from=R40&_nkw=Children's+sleep&_sacat=26395&rt=nc&LH_ItemCondition=3&LH_BIN=1&rt=nc&LH_PrefLoc=1
Kids Probiotic,https://www.ebay.com/sch/i.html?_from=R40&_nkw=Kids+Probiotic&_sacat=26395&rt=nc&LH_ItemCondition=3&LH_BIN=1&rt=nc&LH_PrefLoc=1
Kids' gummies,https://www.ebay.com/sch/i.html?_from=R40&_nkw=Kids'+gummies&_sacat=26395&rt=nc&LH_ItemCondition=3&LH_BIN=1&rt=nc&LH_PrefLoc=1
Gummy Multivitamin,https://www.ebay.com/sch/i.html?_from=R40&_nkw=Gummy+Multivitamin&_sacat=26395&rt=nc&LH_ItemCondition=3&LH_BIN=1&rt=nc&LH_PrefLoc=1
Iron tablets,https://www.ebay.com/sch/i.html?_from=R40&_nkw=Iron+tablets&_sacat=26395&rt=nc&LH_ItemCondition=3&LH_BIN=1&rt=nc&LH_PrefLoc=1
Potassium supplement,https://www.ebay.com/sch/i.html?_from=R40&_nkw=Potassium+supplement&_sacat=26395&rt=nc&LH_ItemCondition=3&LH_BIN=1&rt=nc&LH_PrefLoc=1
Iron capsules,https://www.ebay.com/sch/i.html?_from=R40&_nkw=Iron+capsules&_sacat=26395&rt=nc&LH_ItemCondition=3&LH_BIN=1&rt=nc&LH_PrefLoc=1
Potassium Caplets,https://www.ebay.com/sch/i.html?_from=R40&_nkw=Potassium+Caplets&_sacat=26395&rt=nc&LH_ItemCondition=3&LH_BIN=1&rt=nc&LH_PrefLoc=1
Iron gummies,https://www.ebay.com/sch/i.html?_from=R40&_nkw=Iron+gummies&_sacat=26395&rt=nc&LH_ItemCondition=3&LH_BIN=1&rt=nc&LH_PrefLoc=1
Calcium supplements,https://www.ebay.com/sch/i.html?_from=R40&_nkw=Calcium+supplements&_sacat=26395&rt=nc&LH_ItemCondition=3&LH_BIN=1&rt=nc&LH_PrefLoc=1
Chromium Supplement,https://www.ebay.com/sch/i.html?_from=R40&_nkw=Chromium+Supplement&_sacat=26395&rt=nc&LH_ItemCondition=3&LH_BIN=1&rt=nc&LH_PrefLoc=1
