Keyword,Links
Elemental Magnesium,https://www.amazon.com/s?k=Elemental+Magnesium&i=hpc&s=exact-aware-popularity-rank&ref=sr_st_exact-aware-popularity-rank
Betaine Powder,https://www.amazon.com/s?k=Betaine+Powder&i=hpc&s=exact-aware-popularity-rank&ref=sr_st_exact-aware-popularity-rank
Collagen Creatine,https://www.amazon.com/s?k=Collagen+Creatine&i=hpc&s=exact-aware-popularity-rank&ref=sr_st_exact-aware-popularity-rank
Strength Tablets,https://www.amazon.com/s?k=Strength+Tablets&i=hpc&s=exact-aware-popularity-rank&ref=sr_st_exact-aware-popularity-rank
Lysine Capsules,https://www.amazon.com/s?k=Lysine+Capsules&i=hpc&s=exact-aware-popularity-rank&ref=sr_st_exact-aware-popularity-rank
Kre-Alkalyn Capsules,https://www.amazon.com/s?k=Kre-Alkalyn+Capsules&i=hpc&s=exact-aware-popularity-rank&ref=sr_st_exact-aware-popularity-rank
Recovery Blend,https://www.amazon.com/s?k=Recovery+Blend&i=hpc&s=exact-aware-popularity-rank&ref=sr_st_exact-aware-popularity-rank
Amino Protein,https://www.amazon.com/s?k=Amino+Protein&i=hpc&s=exact-aware-popularity-rank&ref=sr_st_exact-aware-popularity-rank
Phenylalanine supplement,https://www.amazon.com/s?k=Phenylalanine+supplement&i=hpc&s=exact-aware-popularity-rank&ref=sr_st_exact-aware-popularity-rank
Lysine Powder,https://www.amazon.com/s?k=Lysine+Powder&i=hpc&s=exact-aware-popularity-rank&ref=sr_st_exact-aware-popularity-rank
L-citrulline malate,https://www.amazon.com/s?k=L-citrulline+malate&i=hpc&s=exact-aware-popularity-rank&ref=sr_st_exact-aware-popularity-rank
Oyster Extract,https://www.amazon.com/s?k=Oyster+Extract&i=hpc&s=exact-aware-popularity-rank&ref=sr_st_exact-aware-popularity-rank
L-Carnosine Capsules,https://www.amazon.com/s?k=L-Carnosine+Capsules&i=hpc&s=exact-aware-popularity-rank&ref=sr_st_exact-aware-popularity-rank
Cardio powder,https://www.amazon.com/s?k=Cardio+powder&i=hpc&s=exact-aware-popularity-rank&ref=sr_st_exact-aware-popularity-rank
Stim-Free Preworkout,https://www.amazon.com/s?k=Stim-Free+Preworkout&i=hpc&s=exact-aware-popularity-rank&ref=sr_st_exact-aware-popularity-rank
Alpha Ketoglutaric Acid,https://www.amazon.com/s?k=Alpha+Ketoglutaric+Acid&i=hpc&s=exact-aware-popularity-rank&ref=sr_st_exact-aware-popularity-rank
Theanine supplement,https://www.amazon.com/s?k=Theanine+supplement&i=hpc&s=exact-aware-popularity-rank&ref=sr_st_exact-aware-popularity-rank
N-Acetyl Tyrosine,https://www.amazon.com/s?k=N-Acetyl+Tyrosine&i=hpc&s=exact-aware-popularity-rank&ref=sr_st_exact-aware-popularity-rank
L-Carnitine Tablets,https://www.amazon.com/s?k=L-Carnitine+Tablets&i=hpc&s=exact-aware-popularity-rank&ref=sr_st_exact-aware-popularity-rank
Carnosine Capsules,https://www.amazon.com/s?k=Carnosine+Capsules&i=hpc&s=exact-aware-popularity-rank&ref=sr_st_exact-aware-popularity-rank
Paba capsules,https://www.amazon.com/s?k=Paba+capsules&i=hpc&s=exact-aware-popularity-rank&ref=sr_st_exact-aware-popularity-rank
DLPA Tablets,https://www.amazon.com/s?k=DLPA+Tablets&i=hpc&s=exact-aware-popularity-rank&ref=sr_st_exact-aware-popularity-rank
Gastric Health,https://www.amazon.com/s?k=Gastric+Health&i=hpc&s=exact-aware-popularity-rank&ref=sr_st_exact-aware-popularity-rank
L-Carnitine Bombsicle,https://www.amazon.com/s?k=L-Carnitine+Bombsicle&i=hpc&s=exact-aware-popularity-rank&ref=sr_st_exact-aware-popularity-rank
EverStrong Tablets,https://www.amazon.com/s?k=EverStrong+Tablets&i=hpc&s=exact-aware-popularity-rank&ref=sr_st_exact-aware-popularity-rank
Beta-Alanine,https://www.amazon.com/s?k=Beta-Alanine&i=hpc&s=exact-aware-popularity-rank&ref=sr_st_exact-aware-popularity-rank
L-Ornithine Supplement,https://www.amazon.com/s?k=L-Ornithine+Supplement&i=hpc&s=exact-aware-popularity-rank&ref=sr_st_exact-aware-popularity-rank
L-Tyrosine Capsules,https://www.amazon.com/s?k=L-Tyrosine+Capsules&i=hpc&s=exact-aware-popularity-rank&ref=sr_st_exact-aware-popularity-rank
AAKG Powder,https://www.amazon.com/s?k=AAKG+Powder&i=hpc&s=exact-aware-popularity-rank&ref=sr_st_exact-aware-popularity-rank
Liposomal Creatine,https://www.amazon.com/s?k=Liposomal+Creatine&i=hpc&s=exact-aware-popularity-rank&ref=sr_st_exact-aware-popularity-rank
Vegan Extra Strength,https://www.amazon.com/s?k=Vegan+Extra+Strength&i=hpc&s=exact-aware-popularity-rank&ref=sr_st_exact-aware-popularity-rank
Glycine Supplement,https://www.amazon.com/s?k=Glycine+Supplement&i=hpc&s=exact-aware-popularity-rank&ref=sr_st_exact-aware-popularity-rank
Antioxidant Amino Acids,https://www.amazon.com/s?k=Antioxidant+Amino+Acids&i=hpc&s=exact-aware-popularity-rank&ref=sr_st_exact-aware-popularity-rank
L-Tyrosine Powder,https://www.amazon.com/s?k=L-Tyrosine+Powder&i=hpc&s=exact-aware-popularity-rank&ref=sr_st_exact-aware-popularity-rank
Ornithine Aspartate,https://www.amazon.com/s?k=Ornithine+Aspartate&i=hpc&s=exact-aware-popularity-rank&ref=sr_st_exact-aware-popularity-rank
Arginine Citrulline,https://www.amazon.com/s?k=Arginine+Citrulline&i=hpc&s=exact-aware-popularity-rank&ref=sr_st_exact-aware-popularity-rank
Amino Concentrate,https://www.amazon.com/s?k=Amino+Concentrate&i=hpc&s=exact-aware-popularity-rank&ref=sr_st_exact-aware-popularity-rank
Rutin Capsules,https://www.amazon.com/s?k=Rutin+Capsules&i=hpc&s=exact-aware-popularity-rank&ref=sr_st_exact-aware-popularity-rank
L-Ornithine Powder,https://www.amazon.com/s?k=L-Ornithine+Powder&i=hpc&s=exact-aware-popularity-rank&ref=sr_st_exact-aware-popularity-rank
Chewable L-Theanine,https://www.amazon.com/s?k=Chewable+L-Theanine&i=hpc&s=exact-aware-popularity-rank&ref=sr_st_exact-aware-popularity-rank
Same Tabs,https://www.amazon.com/s?k=Same+Tabs&i=hpc&s=exact-aware-popularity-rank&ref=sr_st_exact-aware-popularity-rank
Acetyl Glutathione,https://www.amazon.com/s?k=Acetyl+Glutathione&i=hpc&s=exact-aware-popularity-rank&ref=sr_st_exact-aware-popularity-rank
BCAA Gummies,https://www.amazon.com/s?k=BCAA+Gummies&i=hpc&s=exact-aware-popularity-rank&ref=sr_st_exact-aware-popularity-rank
Gabaplex Capsules,https://www.amazon.com/s?k=Gabaplex+Capsules&i=hpc&s=exact-aware-popularity-rank&ref=sr_st_exact-aware-popularity-rank
L-Arginine Caps,https://www.amazon.com/s?k=L-Arginine+Caps&i=hpc&s=exact-aware-popularity-rank&ref=sr_st_exact-aware-popularity-rank
L-Lysine Proline,https://www.amazon.com/s?k=L-Lysine+Proline&i=hpc&s=exact-aware-popularity-rank&ref=sr_st_exact-aware-popularity-rank
Beta-Alanine Powder,https://www.amazon.com/s?k=Beta-Alanine+Powder&i=hpc&s=exact-aware-popularity-rank&ref=sr_st_exact-aware-popularity-rank
Pre-Workout Surge,https://www.amazon.com/s?k=Pre-Workout+Surge&i=hpc&s=exact-aware-popularity-rank&ref=sr_st_exact-aware-popularity-rank
Pre-Workout Fizz,https://www.amazon.com/s?k=Pre-Workout+Fizz&i=hpc&s=exact-aware-popularity-rank&ref=sr_st_exact-aware-popularity-rank
Acetyl choline,https://www.amazon.com/s?k=Acetyl+choline&i=hpc&s=exact-aware-popularity-rank&ref=sr_st_exact-aware-popularity-rank
