Keyword,Links
Elemental Magnesium,https://www.ebay.com/sch/i.html?_from=R40&_nkw=Elemental+Magnesium&_sacat=26395&rt=nc&LH_ItemCondition=3&LH_BIN=1&rt=nc&LH_PrefLoc=1
Betaine Powder,https://www.ebay.com/sch/i.html?_from=R40&_nkw=Betaine+Powder&_sacat=26395&rt=nc&LH_ItemCondition=3&LH_BIN=1&rt=nc&LH_PrefLoc=1
Collagen Creatine,https://www.ebay.com/sch/i.html?_from=R40&_nkw=Collagen+Creatine&_sacat=26395&rt=nc&LH_ItemCondition=3&LH_BIN=1&rt=nc&LH_PrefLoc=1
Strength Tablets,https://www.ebay.com/sch/i.html?_from=R40&_nkw=Strength+Tablets&_sacat=26395&rt=nc&LH_ItemCondition=3&LH_BIN=1&rt=nc&LH_PrefLoc=1
Lysine Capsules,https://www.ebay.com/sch/i.html?_from=R40&_nkw=Lysine+Capsules&_sacat=26395&rt=nc&LH_ItemCondition=3&LH_BIN=1&rt=nc&LH_PrefLoc=1
Kre-Alkalyn Capsules,https://www.ebay.com/sch/i.html?_from=R40&_nkw=Kre-Alkalyn+Capsules&_sacat=26395&rt=nc&LH_ItemCondition=3&LH_BIN=1&rt=nc&LH_PrefLoc=1
Recovery Blend,https://www.ebay.com/sch/i.html?_from=R40&_nkw=Recovery+Blend&_sacat=26395&rt=nc&LH_ItemCondition=3&LH_BIN=1&rt=nc&LH_PrefLoc=1
Amino Protein,https://www.ebay.com/sch/i.html?_from=R40&_nkw=Amino+Protein&_sacat=26395&rt=nc&LH_ItemCondition=3&LH_BIN=1&rt=nc&LH_PrefLoc=1
Phenylalanine supplement,https://www.ebay.com/sch/i.html?_from=R40&_nkw=Phenylalanine+supplement&_sacat=26395&rt=nc&LH_ItemCondition=3&LH_BIN=1&rt=nc&LH_PrefLoc=1
Lysine Powder,https://www.ebay.com/sch/i.html?_from=R40&_nkw=Lysine+Powder&_sacat=26395&rt=nc&LH_ItemCondition=3&LH_BIN=1&rt=nc&LH_PrefLoc=1
L-citrulline malate,https://www.ebay.com/sch/i.html?_from=R40&_nkw=L-citrulline+malate&_sacat=26395&rt=nc&LH_ItemCondition=3&LH_BIN=1&rt=nc&LH_PrefLoc=1
Oyster Extract,https://www.ebay.com/sch/i.html?_from=R40&_nkw=Oyster+Extract&_sacat=26395&rt=nc&LH_ItemCondition=3&LH_BIN=1&rt=nc&LH_PrefLoc=1
L-Carnosine Capsules,https://www.ebay.com/sch/i.html?_from=R40&_nkw=L-Carnosine+Capsules&_sacat=26395&rt=nc&LH_ItemCondition=3&LH_BIN=1&rt=nc&LH_PrefLoc=1
Cardio powder,https://www.ebay.com/sch/i.html?_from=R40&_nkw=Cardio+powder&_sacat=26395&rt=nc&LH_ItemCondition=3&LH_BIN=1&rt=nc&LH_PrefLoc=1
Stim-Free Preworkout,https://www.ebay.com/sch/i.html?_from=R40&_nkw=Stim-Free+Preworkout&_sacat=26395&rt=nc&LH_ItemCondition=3&LH_BIN=1&rt=nc&LH_PrefLoc=1
Alpha Ketoglutaric Acid,https://www.ebay.com/sch/i.html?_from=R40&_nkw=Alpha+Ketoglutaric+Acid&_sacat=26395&rt=nc&LH_ItemCondition=3&LH_BIN=1&rt=nc&LH_PrefLoc=1
Theanine supplement,https://www.ebay.com/sch/i.html?_from=R40&_nkw=Theanine+supplement&_sacat=26395&rt=nc&LH_ItemCondition=3&LH_BIN=1&rt=nc&LH_PrefLoc=1
N-Acetyl Tyrosine,https://www.ebay.com/sch/i.html?_from=R40&_nkw=N-Acetyl+Tyrosine&_sacat=26395&rt=nc&LH_ItemCondition=3&LH_BIN=1&rt=nc&LH_PrefLoc=1
L-Carnitine Tablets,https://www.ebay.com/sch/i.html?_from=R40&_nkw=L-Carnitine+Tablets&_sacat=26395&rt=nc&LH_ItemCondition=3&LH_BIN=1&rt=nc&LH_PrefLoc=1
Carnosine Capsules,https://www.ebay.com/sch/i.html?_from=R40&_nkw=Carnosine+Capsules&_sacat=26395&rt=nc&LH_ItemCondition=3&LH_BIN=1&rt=nc&LH_PrefLoc=1
Paba capsules,https://www.ebay.com/sch/i.html?_from=R40&_nkw=Paba+capsules&_sacat=26395&rt=nc&LH_ItemCondition=3&LH_BIN=1&rt=nc&LH_PrefLoc=1
DLPA Tablets,https://www.ebay.com/sch/i.html?_from=R40&_nkw=DLPA+Tablets&_sacat=26395&rt=nc&LH_ItemCondition=3&LH_BIN=1&rt=nc&LH_PrefLoc=1
Gastric Health,https://www.ebay.com/sch/i.html?_from=R40&_nkw=Gastric+Health&_sacat=26395&rt=nc&LH_ItemCondition=3&LH_BIN=1&rt=nc&LH_PrefLoc=1
L-Carnitine Bombsicle,https://www.ebay.com/sch/i.html?_from=R40&_nkw=L-Carnitine+Bombsicle&_sacat=26395&rt=nc&LH_ItemCondition=3&LH_BIN=1&rt=nc&LH_PrefLoc=1
EverStrong Tablets,https://www.ebay.com/sch/i.html?_from=R40&_nkw=EverStrong+Tablets&_sacat=26395&rt=nc&LH_ItemCondition=3&LH_BIN=1&rt=nc&LH_PrefLoc=1
Beta-Alanine,https://www.ebay.com/sch/i.html?_from=R40&_nkw=Beta-Alanine&_sacat=26395&rt=nc&LH_ItemCondition=3&LH_BIN=1&rt=nc&LH_PrefLoc=1
L-Ornithine Supplement,https://www.ebay.com/sch/i.html?_from=R40&_nkw=L-Ornithine+Supplement&_sacat=26395&rt=nc&LH_ItemCondition=3&LH_BIN=1&rt=nc&LH_PrefLoc=1
L-Tyrosine Capsules,https://www.ebay.com/sch/i.html?_from=R40&_nkw=L-Tyrosine+Capsules&_sacat=26395&rt=nc&LH_ItemCondition=3&LH_BIN=1&rt=nc&LH_PrefLoc=1
AAKG Powder,https://www.ebay.com/sch/i.html?_from=R40&_nkw=AAKG+Powder&_sacat=26395&rt=nc&LH_ItemCondition=3&LH_BIN=1&rt=nc&LH_PrefLoc=1
Liposomal Creatine,https://www.ebay.com/sch/i.html?_from=R40&_nkw=Liposomal+Creatine&_sacat=26395&rt=nc&LH_ItemCondition=3&LH_BIN=1&rt=nc&LH_PrefLoc=1
Vegan Extra Strength,https://www.ebay.com/sch/i.html?_from=R40&_nkw=Vegan+Extra+Strength&_sacat=26395&rt=nc&LH_ItemCondition=3&LH_BIN=1&rt=nc&LH_PrefLoc=1
Glycine Supplement,https://www.ebay.com/sch/i.html?_from=R40&_nkw=Glycine+Supplement&_sacat=26395&rt=nc&LH_ItemCondition=3&LH_BIN=1&rt=nc&LH_PrefLoc=1
Antioxidant Amino Acids,https://www.ebay.com/sch/i.html?_from=R40&_nkw=Antioxidant+Amino+Acids&_sacat=26395&rt=nc&LH_ItemCondition=3&LH_BIN=1&rt=nc&LH_PrefLoc=1
L-Tyrosine Powder,https://www.ebay.com/sch/i.html?_from=R40&_nkw=L-Tyrosine+Powder&_sacat=26395&rt=nc&LH_ItemCondition=3&LH_BIN=1&rt=nc&LH_PrefLoc=1
Ornithine Aspartate,https://www.ebay.com/sch/i.html?_from=R40&_nkw=Ornithine+Aspartate&_sacat=26395&rt=nc&LH_ItemCondition=3&LH_BIN=1&rt=nc&LH_PrefLoc=1
Arginine Citrulline,https://www.ebay.com/sch/i.html?_from=R40&_nkw=Arginine+Citrulline&_sacat=26395&rt=nc&LH_ItemCondition=3&LH_BIN=1&rt=nc&LH_PrefLoc=1
Amino Concentrate,https://www.ebay.com/sch/i.html?_from=R40&_nkw=Amino+Concentrate&_sacat=26395&rt=nc&LH_ItemCondition=3&LH_BIN=1&rt=nc&LH_PrefLoc=1
Rutin Capsules,https://www.ebay.com/sch/i.html?_from=R40&_nkw=Rutin+Capsules&_sacat=26395&rt=nc&LH_ItemCondition=3&LH_BIN=1&rt=nc&LH_PrefLoc=1
L-Ornithine Powder,https://www.ebay.com/sch/i.html?_from=R40&_nkw=L-Ornithine+Powder&_sacat=26395&rt=nc&LH_ItemCondition=3&LH_BIN=1&rt=nc&LH_PrefLoc=1
Chewable L-Theanine,https://www.ebay.com/sch/i.html?_from=R40&_nkw=Chewable+L-Theanine&_sacat=26395&rt=nc&LH_ItemCondition=3&LH_BIN=1&rt=nc&LH_PrefLoc=1
Same Tabs,https://www.ebay.com/sch/i.html?_from=R40&_nkw=Same+Tabs&_sacat=26395&rt=nc&LH_ItemCondition=3&LH_BIN=1&rt=nc&LH_PrefLoc=1
Acetyl Glutathione,https://www.ebay.com/sch/i.html?_from=R40&_nkw=Acetyl+Glutathione&_sacat=26395&rt=nc&LH_ItemCondition=3&LH_BIN=1&rt=nc&LH_PrefLoc=1
BCAA Gummies,https://www.ebay.com/sch/i.html?_from=R40&_nkw=BCAA+Gummies&_sacat=26395&rt=nc&LH_ItemCondition=3&LH_BIN=1&rt=nc&LH_PrefLoc=1
Gabaplex Capsules,https://www.ebay.com/sch/i.html?_from=R40&_nkw=Gabaplex+Capsules&_sacat=26395&rt=nc&LH_ItemCondition=3&LH_BIN=1&rt=nc&LH_PrefLoc=1
L-Arginine Caps,https://www.ebay.com/sch/i.html?_from=R40&_nkw=L-Arginine+Caps&_sacat=26395&rt=nc&LH_ItemCondition=3&LH_BIN=1&rt=nc&LH_PrefLoc=1
L-Lysine Proline,https://www.ebay.com/sch/i.html?_from=R40&_nkw=L-Lysine+Proline&_sacat=26395&rt=nc&LH_ItemCondition=3&LH_BIN=1&rt=nc&LH_PrefLoc=1
Beta-Alanine Powder,https://www.ebay.com/sch/i.html?_from=R40&_nkw=Beta-Alanine+Powder&_sacat=26395&rt=nc&LH_ItemCondition=3&LH_BIN=1&rt=nc&LH_PrefLoc=1
Pre-Workout Surge,https://www.ebay.com/sch/i.html?_from=R40&_nkw=Pre-Workout+Surge&_sacat=26395&rt=nc&LH_ItemCondition=3&LH_BIN=1&rt=nc&LH_PrefLoc=1
Pre-Workout Fizz,https://www.ebay.com/sch/i.html?_from=R40&_nkw=Pre-Workout+Fizz&_sacat=26395&rt=nc&LH_ItemCondition=3&LH_BIN=1&rt=nc&LH_PrefLoc=1
Acetyl choline,https://www.ebay.com/sch/i.html?_from=R40&_nkw=Acetyl+choline&_sacat=26395&rt=nc&LH_ItemCondition=3&LH_BIN=1&rt=nc&LH_PrefLoc=1
