Keyword,Links
Caffeinated BCAA,https://www.amazon.com/s?k=Caffeinated+BCAA&i=hpc&s=exact-aware-popularity-rank&ref=sr_st_exact-aware-popularity-rank
Glycine Powder,https://www.amazon.com/s?k=Glycine+Powder&i=hpc&s=exact-aware-popularity-rank&ref=sr_st_exact-aware-popularity-rank
Pre-Workout Hydration,https://www.amazon.com/s?k=Pre-Workout+Hydration&i=hpc&s=exact-aware-popularity-rank&ref=sr_st_exact-aware-popularity-rank
BCAA Recovery,https://www.amazon.com/s?k=BCAA+Recovery&i=hpc&s=exact-aware-popularity-rank&ref=sr_st_exact-aware-popularity-rank
L-Carnitine Supplement,https://www.amazon.com/s?k=L-Carnitine+Supplement&i=hpc&s=exact-aware-popularity-rank&ref=sr_st_exact-aware-popularity-rank
Amino Electrolytes,https://www.amazon.com/s?k=Amino+Electrolytes&i=hpc&s=exact-aware-popularity-rank&ref=sr_st_exact-aware-popularity-rank
Amino Preworkout,https://www.amazon.com/s?k=Amino+Preworkout&i=hpc&s=exact-aware-popularity-rank&ref=sr_st_exact-aware-popularity-rank
Essential Amino,https://www.amazon.com/s?k=Essential+Amino&i=hpc&s=exact-aware-popularity-rank&ref=sr_st_exact-aware-popularity-rank
Amino Capsules,https://www.amazon.com/s?k=Amino+Capsules&i=hpc&s=exact-aware-popularity-rank&ref=sr_st_exact-aware-popularity-rank
Amino Acids,https://www.amazon.com/s?k=Amino+Acids&i=hpc&s=exact-aware-popularity-rank&ref=sr_st_exact-aware-popularity-rank
L-Arginine Supplements,https://www.amazon.com/s?k=L-Arginine+Supplements&i=hpc&s=exact-aware-popularity-rank&ref=sr_st_exact-aware-popularity-rank
Amino Acid,https://www.amazon.com/s?k=Amino+Acid&i=hpc&s=exact-aware-popularity-rank&ref=sr_st_exact-aware-popularity-rank
Amino Tablets,https://www.amazon.com/s?k=Amino+Tablets&i=hpc&s=exact-aware-popularity-rank&ref=sr_st_exact-aware-popularity-rank
L-Lysine Supplement,https://www.amazon.com/s?k=L-Lysine+Supplement&i=hpc&s=exact-aware-popularity-rank&ref=sr_st_exact-aware-popularity-rank
BCAA Amino,https://www.amazon.com/s?k=BCAA+Amino&i=hpc&s=exact-aware-popularity-rank&ref=sr_st_exact-aware-popularity-rank
L-Lysine Tablets,https://www.amazon.com/s?k=L-Lysine+Tablets&i=hpc&s=exact-aware-popularity-rank&ref=sr_st_exact-aware-popularity-rank
Amino Blend,https://www.amazon.com/s?k=Amino+Blend&i=hpc&s=exact-aware-popularity-rank&ref=sr_st_exact-aware-popularity-rank
Intra workout,https://www.amazon.com/s?k=Intra+workout&i=hpc&s=exact-aware-popularity-rank&ref=sr_st_exact-aware-popularity-rank
Strawberry Electrolytes,https://www.amazon.com/s?k=Strawberry+Electrolytes&i=hpc&s=exact-aware-popularity-rank&ref=sr_st_exact-aware-popularity-rank
BCAA Capsules,https://www.amazon.com/s?k=BCAA+Capsules&i=hpc&s=exact-aware-popularity-rank&ref=sr_st_exact-aware-popularity-rank
Amino Hydration,https://www.amazon.com/s?k=Amino+Hydration&i=hpc&s=exact-aware-popularity-rank&ref=sr_st_exact-aware-popularity-rank
EAA Powder,https://www.amazon.com/s?k=EAA+Powder&i=hpc&s=exact-aware-popularity-rank&ref=sr_st_exact-aware-popularity-rank
Amino Night,https://www.amazon.com/s?k=Amino+Night&i=hpc&s=exact-aware-popularity-rank&ref=sr_st_exact-aware-popularity-rank
Amino Complex,https://www.amazon.com/s?k=Amino+Complex&i=hpc&s=exact-aware-popularity-rank&ref=sr_st_exact-aware-popularity-rank
Amino Recovery,https://www.amazon.com/s?k=Amino+Recovery&i=hpc&s=exact-aware-popularity-rank&ref=sr_st_exact-aware-popularity-rank
Liquid L-Carnitine,https://www.amazon.com/s?k=Liquid+L-Carnitine&i=hpc&s=exact-aware-popularity-rank&ref=sr_st_exact-aware-popularity-rank
BCAA Pineapple,https://www.amazon.com/s?k=BCAA+Pineapple&i=hpc&s=exact-aware-popularity-rank&ref=sr_st_exact-aware-popularity-rank
Glutamine Supplement,https://www.amazon.com/s?k=Glutamine+Supplement&i=hpc&s=exact-aware-popularity-rank&ref=sr_st_exact-aware-popularity-rank
L-Citrulline Powder,https://www.amazon.com/s?k=L-Citrulline+Powder&i=hpc&s=exact-aware-popularity-rank&ref=sr_st_exact-aware-popularity-rank
Oxygenating Formula,https://www.amazon.com/s?k=Oxygenating+Formula&i=hpc&s=exact-aware-popularity-rank&ref=sr_st_exact-aware-popularity-rank
Vitamin powder,https://www.amazon.com/s?k=Vitamin+powder&i=hpc&s=exact-aware-popularity-rank&ref=sr_st_exact-aware-popularity-rank
BCAA Amino Acids,https://www.amazon.com/s?k=BCAA+Amino+Acids&i=hpc&s=exact-aware-popularity-rank&ref=sr_st_exact-aware-popularity-rank
Sports Multivitamin,https://www.amazon.com/s?k=Sports+Multivitamin&i=hpc&s=exact-aware-popularity-rank&ref=sr_st_exact-aware-popularity-rank
BCAA Glutamine,https://www.amazon.com/s?k=BCAA+Glutamine&i=hpc&s=exact-aware-popularity-rank&ref=sr_st_exact-aware-popularity-rank
Amino BCAA,https://www.amazon.com/s?k=Amino+BCAA&i=hpc&s=exact-aware-popularity-rank&ref=sr_st_exact-aware-popularity-rank
L-Glutamine Capsules,https://www.amazon.com/s?k=L-Glutamine+Capsules&i=hpc&s=exact-aware-popularity-rank&ref=sr_st_exact-aware-popularity-rank
Vitamins Pills,https://www.amazon.com/s?k=Vitamins+Pills&i=hpc&s=exact-aware-popularity-rank&ref=sr_st_exact-aware-popularity-rank
Essential Amino Acids,https://www.amazon.com/s?k=Essential+Amino+Acids&i=hpc&s=exact-aware-popularity-rank&ref=sr_st_exact-aware-popularity-rank
Endurance supplement,https://www.amazon.com/s?k=Endurance+supplement&i=hpc&s=exact-aware-popularity-rank&ref=sr_st_exact-aware-popularity-rank
Liposomal Amino,https://www.amazon.com/s?k=Liposomal+Amino&i=hpc&s=exact-aware-popularity-rank&ref=sr_st_exact-aware-popularity-rank
DMAE Supplement,https://www.amazon.com/s?k=DMAE+Supplement&i=hpc&s=exact-aware-popularity-rank&ref=sr_st_exact-aware-popularity-rank
Amino Punch,https://www.amazon.com/s?k=Amino+Punch&i=hpc&s=exact-aware-popularity-rank&ref=sr_st_exact-aware-popularity-rank
L-Carnitine,https://www.amazon.com/s?k=L-Carnitine&i=hpc&s=exact-aware-popularity-rank&ref=sr_st_exact-aware-popularity-rank
Headache relief,https://www.amazon.com/s?k=Headache+relief&i=hpc&s=exact-aware-popularity-rank&ref=sr_st_exact-aware-popularity-rank
Amino Fuel,https://www.amazon.com/s?k=Amino+Fuel&i=hpc&s=exact-aware-popularity-rank&ref=sr_st_exact-aware-popularity-rank
BCAA Women,https://www.amazon.com/s?k=BCAA+Women&i=hpc&s=exact-aware-popularity-rank&ref=sr_st_exact-aware-popularity-rank
BCAA Hydration,https://www.amazon.com/s?k=BCAA+Hydration&i=hpc&s=exact-aware-popularity-rank&ref=sr_st_exact-aware-popularity-rank
BCAA Drink,https://www.amazon.com/s?k=BCAA+Drink&i=hpc&s=exact-aware-popularity-rank&ref=sr_st_exact-aware-popularity-rank
Sports drink,https://www.amazon.com/s?k=Sports+drink&i=hpc&s=exact-aware-popularity-rank&ref=sr_st_exact-aware-popularity-rank
Amino Formula,https://www.amazon.com/s?k=Amino+Formula&i=hpc&s=exact-aware-popularity-rank&ref=sr_st_exact-aware-popularity-rank
