Keyword,Links
Caffeinated BCAA,https://www.ebay.com/sch/i.html?_from=R40&_nkw=Caffeinated+BCAA&_sacat=26395&rt=nc&LH_ItemCondition=3&LH_BIN=1&rt=nc&LH_PrefLoc=1
Glycine Powder,https://www.ebay.com/sch/i.html?_from=R40&_nkw=Glycine+Powder&_sacat=26395&rt=nc&LH_ItemCondition=3&LH_BIN=1&rt=nc&LH_PrefLoc=1
Pre-Workout Hydration,https://www.ebay.com/sch/i.html?_from=R40&_nkw=Pre-Workout+Hydration&_sacat=26395&rt=nc&LH_ItemCondition=3&LH_BIN=1&rt=nc&LH_PrefLoc=1
BCAA Recovery,https://www.ebay.com/sch/i.html?_from=R40&_nkw=BCAA+Recovery&_sacat=26395&rt=nc&LH_ItemCondition=3&LH_BIN=1&rt=nc&LH_PrefLoc=1
L-Carnitine Supplement,https://www.ebay.com/sch/i.html?_from=R40&_nkw=L-Carnitine+Supplement&_sacat=26395&rt=nc&LH_ItemCondition=3&LH_BIN=1&rt=nc&LH_PrefLoc=1
Amino Electrolytes,https://www.ebay.com/sch/i.html?_from=R40&_nkw=Amino+Electrolytes&_sacat=26395&rt=nc&LH_ItemCondition=3&LH_BIN=1&rt=nc&LH_PrefLoc=1
Amino Preworkout,https://www.ebay.com/sch/i.html?_from=R40&_nkw=Amino+Preworkout&_sacat=26395&rt=nc&LH_ItemCondition=3&LH_BIN=1&rt=nc&LH_PrefLoc=1
Essential Amino,https://www.ebay.com/sch/i.html?_from=R40&_nkw=Essential+Amino&_sacat=26395&rt=nc&LH_ItemCondition=3&LH_BIN=1&rt=nc&LH_PrefLoc=1
Amino Capsules,https://www.ebay.com/sch/i.html?_from=R40&_nkw=Amino+Capsules&_sacat=26395&rt=nc&LH_ItemCondition=3&LH_BIN=1&rt=nc&LH_PrefLoc=1
Amino Acids,https://www.ebay.com/sch/i.html?_from=R40&_nkw=Amino+Acids&_sacat=26395&rt=nc&LH_ItemCondition=3&LH_BIN=1&rt=nc&LH_PrefLoc=1
L-Arginine Supplements,https://www.ebay.com/sch/i.html?_from=R40&_nkw=L-Arginine+Supplements&_sacat=26395&rt=nc&LH_ItemCondition=3&LH_BIN=1&rt=nc&LH_PrefLoc=1
Amino Acid,https://www.ebay.com/sch/i.html?_from=R40&_nkw=Amino+Acid&_sacat=26395&rt=nc&LH_ItemCondition=3&LH_BIN=1&rt=nc&LH_PrefLoc=1
Amino Tablets,https://www.ebay.com/sch/i.html?_from=R40&_nkw=Amino+Tablets&_sacat=26395&rt=nc&LH_ItemCondition=3&LH_BIN=1&rt=nc&LH_PrefLoc=1
L-Lysine Supplement,https://www.ebay.com/sch/i.html?_from=R40&_nkw=L-Lysine+Supplement&_sacat=26395&rt=nc&LH_ItemCondition=3&LH_BIN=1&rt=nc&LH_PrefLoc=1
BCAA Amino,https://www.ebay.com/sch/i.html?_from=R40&_nkw=BCAA+Amino&_sacat=26395&rt=nc&LH_ItemCondition=3&LH_BIN=1&rt=nc&LH_PrefLoc=1
L-Lysine Tablets,https://www.ebay.com/sch/i.html?_from=R40&_nkw=L-Lysine+Tablets&_sacat=26395&rt=nc&LH_ItemCondition=3&LH_BIN=1&rt=nc&LH_PrefLoc=1
Amino Blend,https://www.ebay.com/sch/i.html?_from=R40&_nkw=Amino+Blend&_sacat=26395&rt=nc&LH_ItemCondition=3&LH_BIN=1&rt=nc&LH_PrefLoc=1
Intra workout,https://www.ebay.com/sch/i.html?_from=R40&_nkw=Intra+workout&_sacat=26395&rt=nc&LH_ItemCondition=3&LH_BIN=1&rt=nc&LH_PrefLoc=1
Strawberry Electrolytes,https://www.ebay.com/sch/i.html?_from=R40&_nkw=Strawberry+Electrolytes&_sacat=26395&rt=nc&LH_ItemCondition=3&LH_BIN=1&rt=nc&LH_PrefLoc=1
BCAA Capsules,https://www.ebay.com/sch/i.html?_from=R40&_nkw=BCAA+Capsules&_sacat=26395&rt=nc&LH_ItemCondition=3&LH_BIN=1&rt=nc&LH_PrefLoc=1
Amino Hydration,https://www.ebay.com/sch/i.html?_from=R40&_nkw=Amino+Hydration&_sacat=26395&rt=nc&LH_ItemCondition=3&LH_BIN=1&rt=nc&LH_PrefLoc=1
EAA Powder,https://www.ebay.com/sch/i.html?_from=R40&_nkw=EAA+Powder&_sacat=26395&rt=nc&LH_ItemCondition=3&LH_BIN=1&rt=nc&LH_PrefLoc=1
Amino Night,https://www.ebay.com/sch/i.html?_from=R40&_nkw=Amino+Night&_sacat=26395&rt=nc&LH_ItemCondition=3&LH_BIN=1&rt=nc&LH_PrefLoc=1
Amino Complex,https://www.ebay.com/sch/i.html?_from=R40&_nkw=Amino+Complex&_sacat=26395&rt=nc&LH_ItemCondition=3&LH_BIN=1&rt=nc&LH_PrefLoc=1
Amino Recovery,https://www.ebay.com/sch/i.html?_from=R40&_nkw=Amino+Recovery&_sacat=26395&rt=nc&LH_ItemCondition=3&LH_BIN=1&rt=nc&LH_PrefLoc=1
Liquid L-Carnitine,https://www.ebay.com/sch/i.html?_from=R40&_nkw=Liquid+L-Carnitine&_sacat=26395&rt=nc&LH_ItemCondition=3&LH_BIN=1&rt=nc&LH_PrefLoc=1
BCAA Pineapple,https://www.ebay.com/sch/i.html?_from=R40&_nkw=BCAA+Pineapple&_sacat=26395&rt=nc&LH_ItemCondition=3&LH_BIN=1&rt=nc&LH_PrefLoc=1
Glutamine Supplement,https://www.ebay.com/sch/i.html?_from=R40&_nkw=Glutamine+Supplement&_sacat=26395&rt=nc&LH_ItemCondition=3&LH_BIN=1&rt=nc&LH_PrefLoc=1
L-Citrulline Powder,https://www.ebay.com/sch/i.html?_from=R40&_nkw=L-Citrulline+Powder&_sacat=26395&rt=nc&LH_ItemCondition=3&LH_BIN=1&rt=nc&LH_PrefLoc=1
Oxygenating Formula,https://www.ebay.com/sch/i.html?_from=R40&_nkw=Oxygenating+Formula&_sacat=26395&rt=nc&LH_ItemCondition=3&LH_BIN=1&rt=nc&LH_PrefLoc=1
Vitamin powder,https://www.ebay.com/sch/i.html?_from=R40&_nkw=Vitamin+powder&_sacat=26395&rt=nc&LH_ItemCondition=3&LH_BIN=1&rt=nc&LH_PrefLoc=1
BCAA Amino Acids,https://www.ebay.com/sch/i.html?_from=R40&_nkw=BCAA+Amino+Acids&_sacat=26395&rt=nc&LH_ItemCondition=3&LH_BIN=1&rt=nc&LH_PrefLoc=1
Sports Multivitamin,https://www.ebay.com/sch/i.html?_from=R40&_nkw=Sports+Multivitamin&_sacat=26395&rt=nc&LH_ItemCondition=3&LH_BIN=1&rt=nc&LH_PrefLoc=1
BCAA Glutamine,https://www.ebay.com/sch/i.html?_from=R40&_nkw=BCAA+Glutamine&_sacat=26395&rt=nc&LH_ItemCondition=3&LH_BIN=1&rt=nc&LH_PrefLoc=1
Amino BCAA,https://www.ebay.com/sch/i.html?_from=R40&_nkw=Amino+BCAA&_sacat=26395&rt=nc&LH_ItemCondition=3&LH_BIN=1&rt=nc&LH_PrefLoc=1
L-Glutamine Capsules,https://www.ebay.com/sch/i.html?_from=R40&_nkw=L-Glutamine+Capsules&_sacat=26395&rt=nc&LH_ItemCondition=3&LH_BIN=1&rt=nc&LH_PrefLoc=1
Vitamins Pills,https://www.ebay.com/sch/i.html?_from=R40&_nkw=Vitamins+Pills&_sacat=26395&rt=nc&LH_ItemCondition=3&LH_BIN=1&rt=nc&LH_PrefLoc=1
Essential Amino Acids,https://www.ebay.com/sch/i.html?_from=R40&_nkw=Essential+Amino+Acids&_sacat=26395&rt=nc&LH_ItemCondition=3&LH_BIN=1&rt=nc&LH_PrefLoc=1
Endurance supplement,https://www.ebay.com/sch/i.html?_from=R40&_nkw=Endurance+supplement&_sacat=26395&rt=nc&LH_ItemCondition=3&LH_BIN=1&rt=nc&LH_PrefLoc=1
Liposomal Amino,https://www.ebay.com/sch/i.html?_from=R40&_nkw=Liposomal+Amino&_sacat=26395&rt=nc&LH_ItemCondition=3&LH_BIN=1&rt=nc&LH_PrefLoc=1
DMAE Supplement,https://www.ebay.com/sch/i.html?_from=R40&_nkw=DMAE+Supplement&_sacat=26395&rt=nc&LH_ItemCondition=3&LH_BIN=1&rt=nc&LH_PrefLoc=1
Amino Punch,https://www.ebay.com/sch/i.html?_from=R40&_nkw=Amino+Punch&_sacat=26395&rt=nc&LH_ItemCondition=3&LH_BIN=1&rt=nc&LH_PrefLoc=1
L-Carnitine,https://www.ebay.com/sch/i.html?_from=R40&_nkw=L-Carnitine&_sacat=26395&rt=nc&LH_ItemCondition=3&LH_BIN=1&rt=nc&LH_PrefLoc=1
Headache relief,https://www.ebay.com/sch/i.html?_from=R40&_nkw=Headache+relief&_sacat=26395&rt=nc&LH_ItemCondition=3&LH_BIN=1&rt=nc&LH_PrefLoc=1
Amino Fuel,https://www.ebay.com/sch/i.html?_from=R40&_nkw=Amino+Fuel&_sacat=26395&rt=nc&LH_ItemCondition=3&LH_BIN=1&rt=nc&LH_PrefLoc=1
BCAA Women,https://www.ebay.com/sch/i.html?_from=R40&_nkw=BCAA+Women&_sacat=26395&rt=nc&LH_ItemCondition=3&LH_BIN=1&rt=nc&LH_PrefLoc=1
BCAA Hydration,https://www.ebay.com/sch/i.html?_from=R40&_nkw=BCAA+Hydration&_sacat=26395&rt=nc&LH_ItemCondition=3&LH_BIN=1&rt=nc&LH_PrefLoc=1
BCAA Drink,https://www.ebay.com/sch/i.html?_from=R40&_nkw=BCAA+Drink&_sacat=26395&rt=nc&LH_ItemCondition=3&LH_BIN=1&rt=nc&LH_PrefLoc=1
Sports drink,https://www.ebay.com/sch/i.html?_from=R40&_nkw=Sports+drink&_sacat=26395&rt=nc&LH_ItemCondition=3&LH_BIN=1&rt=nc&LH_PrefLoc=1
Amino Formula,https://www.ebay.com/sch/i.html?_from=R40&_nkw=Amino+Formula&_sacat=26395&rt=nc&LH_ItemCondition=3&LH_BIN=1&rt=nc&LH_PrefLoc=1
