Keyword,Links
Lift Firm,https://www.ebay.com/sch/i.html?_from=R40&_nkw=Lift+Firm&_sacat=26395&rt=nc&LH_ItemCondition=3&LH_BIN=1&rt=nc&LH_PrefLoc=1
Waterproof Eyeliner,https://www.ebay.com/sch/i.html?_from=R40&_nkw=Waterproof+Eyeliner&_sacat=26395&rt=nc&LH_ItemCondition=3&LH_BIN=1&rt=nc&LH_PrefLoc=1
Girls Makeup,https://www.ebay.com/sch/i.html?_from=R40&_nkw=Girls+Makeup&_sacat=26395&rt=nc&LH_ItemCondition=3&LH_BIN=1&rt=nc&LH_PrefLoc=1
Lift Makeup,https://www.ebay.com/sch/i.html?_from=R40&_nkw=Lift+Makeup&_sacat=26395&rt=nc&LH_ItemCondition=3&LH_BIN=1&rt=nc&LH_PrefLoc=1
Encanto Makeup,https://www.ebay.com/sch/i.html?_from=R40&_nkw=Encanto+Makeup&_sacat=26395&rt=nc&LH_ItemCondition=3&LH_BIN=1&rt=nc&LH_PrefLoc=1
Cheek Veil,https://www.ebay.com/sch/i.html?_from=R40&_nkw=Cheek+Veil&_sacat=26395&rt=nc&LH_ItemCondition=3&LH_BIN=1&rt=nc&LH_PrefLoc=1
Eye Color,https://www.ebay.com/sch/i.html?_from=R40&_nkw=Eye+Color&_sacat=26395&rt=nc&LH_ItemCondition=3&LH_BIN=1&rt=nc&LH_PrefLoc=1
Eyelash Applicator,https://www.ebay.com/sch/i.html?_from=R40&_nkw=Eyelash+Applicator&_sacat=26395&rt=nc&LH_ItemCondition=3&LH_BIN=1&rt=nc&LH_PrefLoc=1
Beyond Mascara,https://www.ebay.com/sch/i.html?_from=R40&_nkw=Beyond+Mascara&_sacat=26395&rt=nc&LH_ItemCondition=3&LH_BIN=1&rt=nc&LH_PrefLoc=1
Gretchen Lip Gloss,https://www.ebay.com/sch/i.html?_from=R40&_nkw=Gretchen+Lip+Gloss&_sacat=26395&rt=nc&LH_ItemCondition=3&LH_BIN=1&rt=nc&LH_PrefLoc=1
Face Painting,https://www.ebay.com/sch/i.html?_from=R40&_nkw=Face+Painting&_sacat=26395&rt=nc&LH_ItemCondition=3&LH_BIN=1&rt=nc&LH_PrefLoc=1
Faux Mink Eyelashes,https://www.ebay.com/sch/i.html?_from=R40&_nkw=Faux+Mink+Eyelashes&_sacat=26395&rt=nc&LH_ItemCondition=3&LH_BIN=1&rt=nc&LH_PrefLoc=1
Regina Lip Gloss,https://www.ebay.com/sch/i.html?_from=R40&_nkw=Regina+Lip+Gloss&_sacat=26395&rt=nc&LH_ItemCondition=3&LH_BIN=1&rt=nc&LH_PrefLoc=1
Wicked Nail,https://www.ebay.com/sch/i.html?_from=R40&_nkw=Wicked+Nail&_sacat=26395&rt=nc&LH_ItemCondition=3&LH_BIN=1&rt=nc&LH_PrefLoc=1
Moisturizing Lipstick,https://www.ebay.com/sch/i.html?_from=R40&_nkw=Moisturizing+Lipstick&_sacat=26395&rt=nc&LH_ItemCondition=3&LH_BIN=1&rt=nc&LH_PrefLoc=1
Pretend Makeup,https://www.ebay.com/sch/i.html?_from=R40&_nkw=Pretend+Makeup&_sacat=26395&rt=nc&LH_ItemCondition=3&LH_BIN=1&rt=nc&LH_PrefLoc=1
Pink Blush,https://www.ebay.com/sch/i.html?_from=R40&_nkw=Pink+Blush&_sacat=26395&rt=nc&LH_ItemCondition=3&LH_BIN=1&rt=nc&LH_PrefLoc=1
Blush Passion,https://www.ebay.com/sch/i.html?_from=R40&_nkw=Blush+Passion&_sacat=26395&rt=nc&LH_ItemCondition=3&LH_BIN=1&rt=nc&LH_PrefLoc=1
Glossy stain,https://www.ebay.com/sch/i.html?_from=R40&_nkw=Glossy+stain&_sacat=26395&rt=nc&LH_ItemCondition=3&LH_BIN=1&rt=nc&LH_PrefLoc=1
Tattoo Sheet,https://www.ebay.com/sch/i.html?_from=R40&_nkw=Tattoo+Sheet&_sacat=26395&rt=nc&LH_ItemCondition=3&LH_BIN=1&rt=nc&LH_PrefLoc=1
Black primer,https://www.ebay.com/sch/i.html?_from=R40&_nkw=Black+primer&_sacat=26395&rt=nc&LH_ItemCondition=3&LH_BIN=1&rt=nc&LH_PrefLoc=1
Dinosaur Tattoos,https://www.ebay.com/sch/i.html?_from=R40&_nkw=Dinosaur+Tattoos&_sacat=26395&rt=nc&LH_ItemCondition=3&LH_BIN=1&rt=nc&LH_PrefLoc=1
Mascara Trio,https://www.ebay.com/sch/i.html?_from=R40&_nkw=Mascara+Trio&_sacat=26395&rt=nc&LH_ItemCondition=3&LH_BIN=1&rt=nc&LH_PrefLoc=1
Highlighter Eyeshadow,https://www.ebay.com/sch/i.html?_from=R40&_nkw=Highlighter+Eyeshadow&_sacat=26395&rt=nc&LH_ItemCondition=3&LH_BIN=1&rt=nc&LH_PrefLoc=1
Toenail fungus,https://www.ebay.com/sch/i.html?_from=R40&_nkw=Toenail+fungus&_sacat=26395&rt=nc&LH_ItemCondition=3&LH_BIN=1&rt=nc&LH_PrefLoc=1
Camouflage Colors,https://www.ebay.com/sch/i.html?_from=R40&_nkw=Camouflage+Colors&_sacat=26395&rt=nc&LH_ItemCondition=3&LH_BIN=1&rt=nc&LH_PrefLoc=1
Luminous Foundation,https://www.ebay.com/sch/i.html?_from=R40&_nkw=Luminous+Foundation&_sacat=26395&rt=nc&LH_ItemCondition=3&LH_BIN=1&rt=nc&LH_PrefLoc=1
CC Cream,https://www.ebay.com/sch/i.html?_from=R40&_nkw=CC+Cream&_sacat=26395&rt=nc&LH_ItemCondition=3&LH_BIN=1&rt=nc&LH_PrefLoc=1
Beauty set,https://www.ebay.com/sch/i.html?_from=R40&_nkw=Beauty+set&_sacat=26395&rt=nc&LH_ItemCondition=3&LH_BIN=1&rt=nc&LH_PrefLoc=1
Burgundy Stain,https://www.ebay.com/sch/i.html?_from=R40&_nkw=Burgundy+Stain&_sacat=26395&rt=nc&LH_ItemCondition=3&LH_BIN=1&rt=nc&LH_PrefLoc=1
Even Better,https://www.ebay.com/sch/i.html?_from=R40&_nkw=Even+Better&_sacat=26395&rt=nc&LH_ItemCondition=3&LH_BIN=1&rt=nc&LH_PrefLoc=1
Cheek Balm,https://www.ebay.com/sch/i.html?_from=R40&_nkw=Cheek+Balm&_sacat=26395&rt=nc&LH_ItemCondition=3&LH_BIN=1&rt=nc&LH_PrefLoc=1
Lengthening Mascara,https://www.ebay.com/sch/i.html?_from=R40&_nkw=Lengthening+Mascara&_sacat=26395&rt=nc&LH_ItemCondition=3&LH_BIN=1&rt=nc&LH_PrefLoc=1
Bronzer Glow,https://www.ebay.com/sch/i.html?_from=R40&_nkw=Bronzer+Glow&_sacat=26395&rt=nc&LH_ItemCondition=3&LH_BIN=1&rt=nc&LH_PrefLoc=1
Conceal Duo,https://www.ebay.com/sch/i.html?_from=R40&_nkw=Conceal+Duo&_sacat=26395&rt=nc&LH_ItemCondition=3&LH_BIN=1&rt=nc&LH_PrefLoc=1
Matte Eyeshadow,https://www.ebay.com/sch/i.html?_from=R40&_nkw=Matte+Eyeshadow&_sacat=26395&rt=nc&LH_ItemCondition=3&LH_BIN=1&rt=nc&LH_PrefLoc=1
Red Correct,https://www.ebay.com/sch/i.html?_from=R40&_nkw=Red+Correct&_sacat=26395&rt=nc&LH_ItemCondition=3&LH_BIN=1&rt=nc&LH_PrefLoc=1
Highlighter Duo,https://www.ebay.com/sch/i.html?_from=R40&_nkw=Highlighter+Duo&_sacat=26395&rt=nc&LH_ItemCondition=3&LH_BIN=1&rt=nc&LH_PrefLoc=1
Stay-in-Place Makeup,https://www.ebay.com/sch/i.html?_from=R40&_nkw=Stay-in-Place+Makeup&_sacat=26395&rt=nc&LH_ItemCondition=3&LH_BIN=1&rt=nc&LH_PrefLoc=1
Lip Colour,https://www.ebay.com/sch/i.html?_from=R40&_nkw=Lip+Colour&_sacat=26395&rt=nc&LH_ItemCondition=3&LH_BIN=1&rt=nc&LH_PrefLoc=1
Longwear foundation,https://www.ebay.com/sch/i.html?_from=R40&_nkw=Longwear+foundation&_sacat=26395&rt=nc&LH_ItemCondition=3&LH_BIN=1&rt=nc&LH_PrefLoc=1
Eyelid cleanser,https://www.ebay.com/sch/i.html?_from=R40&_nkw=Eyelid+cleanser&_sacat=26395&rt=nc&LH_ItemCondition=3&LH_BIN=1&rt=nc&LH_PrefLoc=1
Overcurl Mascara,https://www.ebay.com/sch/i.html?_from=R40&_nkw=Overcurl+Mascara&_sacat=26395&rt=nc&LH_ItemCondition=3&LH_BIN=1&rt=nc&LH_PrefLoc=1
Luminizing Foundation,https://www.ebay.com/sch/i.html?_from=R40&_nkw=Luminizing+Foundation&_sacat=26395&rt=nc&LH_ItemCondition=3&LH_BIN=1&rt=nc&LH_PrefLoc=1
Illuminating Makeup,https://www.ebay.com/sch/i.html?_from=R40&_nkw=Illuminating+Makeup&_sacat=26395&rt=nc&LH_ItemCondition=3&LH_BIN=1&rt=nc&LH_PrefLoc=1
Flawless Foundation,https://www.ebay.com/sch/i.html?_from=R40&_nkw=Flawless+Foundation&_sacat=26395&rt=nc&LH_ItemCondition=3&LH_BIN=1&rt=nc&LH_PrefLoc=1
Versatile Powder,https://www.ebay.com/sch/i.html?_from=R40&_nkw=Versatile+Powder&_sacat=26395&rt=nc&LH_ItemCondition=3&LH_BIN=1&rt=nc&LH_PrefLoc=1
Contour Kit,https://www.ebay.com/sch/i.html?_from=R40&_nkw=Contour+Kit&_sacat=26395&rt=nc&LH_ItemCondition=3&LH_BIN=1&rt=nc&LH_PrefLoc=1
Tattoo Foundation,https://www.ebay.com/sch/i.html?_from=R40&_nkw=Tattoo+Foundation&_sacat=26395&rt=nc&LH_ItemCondition=3&LH_BIN=1&rt=nc&LH_PrefLoc=1
Faux Cils,https://www.ebay.com/sch/i.html?_from=R40&_nkw=Faux+Cils&_sacat=26395&rt=nc&LH_ItemCondition=3&LH_BIN=1&rt=nc&LH_PrefLoc=1
