Keyword,Links
Ashwagandha Drops,https://www.ebay.com/sch/i.html?_from=R40&_nkw=Ashwagandha+Drops&_sacat=26395&rt=nc&LH_ItemCondition=3&LH_BIN=1&rt=nc&LH_PrefLoc=1
GABA supplement,https://www.ebay.com/sch/i.html?_from=R40&_nkw=GABA+supplement&_sacat=26395&rt=nc&LH_ItemCondition=3&LH_BIN=1&rt=nc&LH_PrefLoc=1
Nitric Oxide,https://www.ebay.com/sch/i.html?_from=R40&_nkw=Nitric+Oxide&_sacat=26395&rt=nc&LH_ItemCondition=3&LH_BIN=1&rt=nc&LH_PrefLoc=1
Cortisol Support,https://www.ebay.com/sch/i.html?_from=R40&_nkw=Cortisol+Support&_sacat=26395&rt=nc&LH_ItemCondition=3&LH_BIN=1&rt=nc&LH_PrefLoc=1
Maca Capsules,https://www.ebay.com/sch/i.html?_from=R40&_nkw=Maca+Capsules&_sacat=26395&rt=nc&LH_ItemCondition=3&LH_BIN=1&rt=nc&LH_PrefLoc=1
Blueberry Extract,https://www.ebay.com/sch/i.html?_from=R40&_nkw=Blueberry+Extract&_sacat=26395&rt=nc&LH_ItemCondition=3&LH_BIN=1&rt=nc&LH_PrefLoc=1
T-Booster Supplement,https://www.ebay.com/sch/i.html?_from=R40&_nkw=T-Booster+Supplement&_sacat=26395&rt=nc&LH_ItemCondition=3&LH_BIN=1&rt=nc&LH_PrefLoc=1
Gaba Tablets,https://www.ebay.com/sch/i.html?_from=R40&_nkw=Gaba+Tablets&_sacat=26395&rt=nc&LH_ItemCondition=3&LH_BIN=1&rt=nc&LH_PrefLoc=1
Ionic Boron,https://www.ebay.com/sch/i.html?_from=R40&_nkw=Ionic+Boron&_sacat=26395&rt=nc&LH_ItemCondition=3&LH_BIN=1&rt=nc&LH_PrefLoc=1
Ashwagandha Supplements,https://www.ebay.com/sch/i.html?_from=R40&_nkw=Ashwagandha+Supplements&_sacat=26395&rt=nc&LH_ItemCondition=3&LH_BIN=1&rt=nc&LH_PrefLoc=1
Neurotransmitter support,https://www.ebay.com/sch/i.html?_from=R40&_nkw=Neurotransmitter+support&_sacat=26395&rt=nc&LH_ItemCondition=3&LH_BIN=1&rt=nc&LH_PrefLoc=1
Chelated Magnesium,https://www.ebay.com/sch/i.html?_from=R40&_nkw=Chelated+Magnesium&_sacat=26395&rt=nc&LH_ItemCondition=3&LH_BIN=1&rt=nc&LH_PrefLoc=1
Hormone Support,https://www.ebay.com/sch/i.html?_from=R40&_nkw=Hormone+Support&_sacat=26395&rt=nc&LH_ItemCondition=3&LH_BIN=1&rt=nc&LH_PrefLoc=1
Cortisol Manager,https://www.ebay.com/sch/i.html?_from=R40&_nkw=Cortisol+Manager&_sacat=26395&rt=nc&LH_ItemCondition=3&LH_BIN=1&rt=nc&LH_PrefLoc=1
Ionic Iron,https://www.ebay.com/sch/i.html?_from=R40&_nkw=Ionic+Iron&_sacat=26395&rt=nc&LH_ItemCondition=3&LH_BIN=1&rt=nc&LH_PrefLoc=1
Cardiovascular Support,https://www.ebay.com/sch/i.html?_from=R40&_nkw=Cardiovascular+Support&_sacat=26395&rt=nc&LH_ItemCondition=3&LH_BIN=1&rt=nc&LH_PrefLoc=1
Magnesium chews,https://www.ebay.com/sch/i.html?_from=R40&_nkw=Magnesium+chews&_sacat=26395&rt=nc&LH_ItemCondition=3&LH_BIN=1&rt=nc&LH_PrefLoc=1
St. John's Wort,https://www.ebay.com/sch/i.html?_from=R40&_nkw=St.+John's+Wort&_sacat=26395&rt=nc&LH_ItemCondition=3&LH_BIN=1&rt=nc&LH_PrefLoc=1
Adrenal Support,https://www.ebay.com/sch/i.html?_from=R40&_nkw=Adrenal+Support&_sacat=26395&rt=nc&LH_ItemCondition=3&LH_BIN=1&rt=nc&LH_PrefLoc=1
Magnesium Drops,https://www.ebay.com/sch/i.html?_from=R40&_nkw=Magnesium+Drops&_sacat=26395&rt=nc&LH_ItemCondition=3&LH_BIN=1&rt=nc&LH_PrefLoc=1
Heart Support,https://www.ebay.com/sch/i.html?_from=R40&_nkw=Heart+Support&_sacat=26395&rt=nc&LH_ItemCondition=3&LH_BIN=1&rt=nc&LH_PrefLoc=1
Potassium Magnesium,https://www.ebay.com/sch/i.html?_from=R40&_nkw=Potassium+Magnesium&_sacat=26395&rt=nc&LH_ItemCondition=3&LH_BIN=1&rt=nc&LH_PrefLoc=1
Sleep Supplement,https://www.ebay.com/sch/i.html?_from=R40&_nkw=Sleep+Supplement&_sacat=26395&rt=nc&LH_ItemCondition=3&LH_BIN=1&rt=nc&LH_PrefLoc=1
Liquid Magnesium,https://www.ebay.com/sch/i.html?_from=R40&_nkw=Liquid+Magnesium&_sacat=26395&rt=nc&LH_ItemCondition=3&LH_BIN=1&rt=nc&LH_PrefLoc=1
Sleep magnesium,https://www.ebay.com/sch/i.html?_from=R40&_nkw=Sleep+magnesium&_sacat=26395&rt=nc&LH_ItemCondition=3&LH_BIN=1&rt=nc&LH_PrefLoc=1
Melatonin Supplement,https://www.ebay.com/sch/i.html?_from=R40&_nkw=Melatonin+Supplement&_sacat=26395&rt=nc&LH_ItemCondition=3&LH_BIN=1&rt=nc&LH_PrefLoc=1
Calcium Chewables,https://www.ebay.com/sch/i.html?_from=R40&_nkw=Calcium+Chewables&_sacat=26395&rt=nc&LH_ItemCondition=3&LH_BIN=1&rt=nc&LH_PrefLoc=1
Menopause Relief,https://www.ebay.com/sch/i.html?_from=R40&_nkw=Menopause+Relief&_sacat=26395&rt=nc&LH_ItemCondition=3&LH_BIN=1&rt=nc&LH_PrefLoc=1
Magnesium Taurate,https://www.ebay.com/sch/i.html?_from=R40&_nkw=Magnesium+Taurate&_sacat=26395&rt=nc&LH_ItemCondition=3&LH_BIN=1&rt=nc&LH_PrefLoc=1
Ionic Minerals,https://www.ebay.com/sch/i.html?_from=R40&_nkw=Ionic+Minerals&_sacat=26395&rt=nc&LH_ItemCondition=3&LH_BIN=1&rt=nc&LH_PrefLoc=1
Prostate Support,https://www.ebay.com/sch/i.html?_from=R40&_nkw=Prostate+Support&_sacat=26395&rt=nc&LH_ItemCondition=3&LH_BIN=1&rt=nc&LH_PrefLoc=1
Calcium Gummies,https://www.ebay.com/sch/i.html?_from=R40&_nkw=Calcium+Gummies&_sacat=26395&rt=nc&LH_ItemCondition=3&LH_BIN=1&rt=nc&LH_PrefLoc=1
Maca Drops,https://www.ebay.com/sch/i.html?_from=R40&_nkw=Maca+Drops&_sacat=26395&rt=nc&LH_ItemCondition=3&LH_BIN=1&rt=nc&LH_PrefLoc=1
Shilajit Capsules,https://www.ebay.com/sch/i.html?_from=R40&_nkw=Shilajit+Capsules&_sacat=26395&rt=nc&LH_ItemCondition=3&LH_BIN=1&rt=nc&LH_PrefLoc=1
Ashwagandha Powder,https://www.ebay.com/sch/i.html?_from=R40&_nkw=Ashwagandha+Powder&_sacat=26395&rt=nc&LH_ItemCondition=3&LH_BIN=1&rt=nc&LH_PrefLoc=1
Ginseng Supplement,https://www.ebay.com/sch/i.html?_from=R40&_nkw=Ginseng+Supplement&_sacat=26395&rt=nc&LH_ItemCondition=3&LH_BIN=1&rt=nc&LH_PrefLoc=1
Vision supplement,https://www.ebay.com/sch/i.html?_from=R40&_nkw=Vision+supplement&_sacat=26395&rt=nc&LH_ItemCondition=3&LH_BIN=1&rt=nc&LH_PrefLoc=1
Vitamin patches,https://www.ebay.com/sch/i.html?_from=R40&_nkw=Vitamin+patches&_sacat=26395&rt=nc&LH_ItemCondition=3&LH_BIN=1&rt=nc&LH_PrefLoc=1
De-Stress Chewables,https://www.ebay.com/sch/i.html?_from=R40&_nkw=De-Stress+Chewables&_sacat=26395&rt=nc&LH_ItemCondition=3&LH_BIN=1&rt=nc&LH_PrefLoc=1
Passion Flower,https://www.ebay.com/sch/i.html?_from=R40&_nkw=Passion+Flower&_sacat=26395&rt=nc&LH_ItemCondition=3&LH_BIN=1&rt=nc&LH_PrefLoc=1
Vitality Capsules,https://www.ebay.com/sch/i.html?_from=R40&_nkw=Vitality+Capsules&_sacat=26395&rt=nc&LH_ItemCondition=3&LH_BIN=1&rt=nc&LH_PrefLoc=1
Shilajit Gummies,https://www.ebay.com/sch/i.html?_from=R40&_nkw=Shilajit+Gummies&_sacat=26395&rt=nc&LH_ItemCondition=3&LH_BIN=1&rt=nc&LH_PrefLoc=1
GABA Capsules,https://www.ebay.com/sch/i.html?_from=R40&_nkw=GABA+Capsules&_sacat=26395&rt=nc&LH_ItemCondition=3&LH_BIN=1&rt=nc&LH_PrefLoc=1
Magnesium Chloride,https://www.ebay.com/sch/i.html?_from=R40&_nkw=Magnesium+Chloride&_sacat=26395&rt=nc&LH_ItemCondition=3&LH_BIN=1&rt=nc&LH_PrefLoc=1
Shilajit Ashwagandha,https://www.ebay.com/sch/i.html?_from=R40&_nkw=Shilajit+Ashwagandha&_sacat=26395&rt=nc&LH_ItemCondition=3&LH_BIN=1&rt=nc&LH_PrefLoc=1
DHEA Complex,https://www.ebay.com/sch/i.html?_from=R40&_nkw=DHEA+Complex&_sacat=26395&rt=nc&LH_ItemCondition=3&LH_BIN=1&rt=nc&LH_PrefLoc=1
Valerian Root,https://www.ebay.com/sch/i.html?_from=R40&_nkw=Valerian+Root&_sacat=26395&rt=nc&LH_ItemCondition=3&LH_BIN=1&rt=nc&LH_PrefLoc=1
Electrolyte Support,https://www.ebay.com/sch/i.html?_from=R40&_nkw=Electrolyte+Support&_sacat=26395&rt=nc&LH_ItemCondition=3&LH_BIN=1&rt=nc&LH_PrefLoc=1
Calcium Powder,https://www.ebay.com/sch/i.html?_from=R40&_nkw=Calcium+Powder&_sacat=26395&rt=nc&LH_ItemCondition=3&LH_BIN=1&rt=nc&LH_PrefLoc=1
Magnesium B6,https://www.ebay.com/sch/i.html?_from=R40&_nkw=Magnesium+B6&_sacat=26395&rt=nc&LH_ItemCondition=3&LH_BIN=1&rt=nc&LH_PrefLoc=1
