Keyword,Links
Lift Firm,https://www.amazon.com/s?k=Lift+Firm&i=beauty&s=exact-aware-popularity-rank&ref=sr_st_exact-aware-popularity-rank
Waterproof Eyeliner,https://www.amazon.com/s?k=Waterproof+Eyeliner&i=beauty&s=exact-aware-popularity-rank&ref=sr_st_exact-aware-popularity-rank
Girls Makeup,https://www.amazon.com/s?k=Girls+Makeup&i=beauty&s=exact-aware-popularity-rank&ref=sr_st_exact-aware-popularity-rank
Lift Makeup,https://www.amazon.com/s?k=Lift+Makeup&i=beauty&s=exact-aware-popularity-rank&ref=sr_st_exact-aware-popularity-rank
Encanto Makeup,https://www.amazon.com/s?k=Encanto+Makeup&i=beauty&s=exact-aware-popularity-rank&ref=sr_st_exact-aware-popularity-rank
Cheek Veil,https://www.amazon.com/s?k=Cheek+Veil&i=beauty&s=exact-aware-popularity-rank&ref=sr_st_exact-aware-popularity-rank
Eye Color,https://www.amazon.com/s?k=Eye+Color&i=beauty&s=exact-aware-popularity-rank&ref=sr_st_exact-aware-popularity-rank
Eyelash Applicator,https://www.amazon.com/s?k=Eyelash+Applicator&i=beauty&s=exact-aware-popularity-rank&ref=sr_st_exact-aware-popularity-rank
Beyond Mascara,https://www.amazon.com/s?k=Beyond+Mascara&i=beauty&s=exact-aware-popularity-rank&ref=sr_st_exact-aware-popularity-rank
Gretchen Lip Gloss,https://www.amazon.com/s?k=Gretchen+Lip+Gloss&i=beauty&s=exact-aware-popularity-rank&ref=sr_st_exact-aware-popularity-rank
Face Painting,https://www.amazon.com/s?k=Face+Painting&i=beauty&s=exact-aware-popularity-rank&ref=sr_st_exact-aware-popularity-rank
Faux Mink Eyelashes,https://www.amazon.com/s?k=Faux+Mink+Eyelashes&i=beauty&s=exact-aware-popularity-rank&ref=sr_st_exact-aware-popularity-rank
Regina Lip Gloss,https://www.amazon.com/s?k=Regina+Lip+Gloss&i=beauty&s=exact-aware-popularity-rank&ref=sr_st_exact-aware-popularity-rank
Wicked Nail,https://www.amazon.com/s?k=Wicked+Nail&i=beauty&s=exact-aware-popularity-rank&ref=sr_st_exact-aware-popularity-rank
Moisturizing Lipstick,https://www.amazon.com/s?k=Moisturizing+Lipstick&i=beauty&s=exact-aware-popularity-rank&ref=sr_st_exact-aware-popularity-rank
Pretend Makeup,https://www.amazon.com/s?k=Pretend+Makeup&i=beauty&s=exact-aware-popularity-rank&ref=sr_st_exact-aware-popularity-rank
Pink Blush,https://www.amazon.com/s?k=Pink+Blush&i=beauty&s=exact-aware-popularity-rank&ref=sr_st_exact-aware-popularity-rank
Blush Passion,https://www.amazon.com/s?k=Blush+Passion&i=beauty&s=exact-aware-popularity-rank&ref=sr_st_exact-aware-popularity-rank
Glossy stain,https://www.amazon.com/s?k=Glossy+stain&i=beauty&s=exact-aware-popularity-rank&ref=sr_st_exact-aware-popularity-rank
Tattoo Sheet,https://www.amazon.com/s?k=Tattoo+Sheet&i=beauty&s=exact-aware-popularity-rank&ref=sr_st_exact-aware-popularity-rank
Black primer,https://www.amazon.com/s?k=Black+primer&i=beauty&s=exact-aware-popularity-rank&ref=sr_st_exact-aware-popularity-rank
Dinosaur Tattoos,https://www.amazon.com/s?k=Dinosaur+Tattoos&i=beauty&s=exact-aware-popularity-rank&ref=sr_st_exact-aware-popularity-rank
Mascara Trio,https://www.amazon.com/s?k=Mascara+Trio&i=beauty&s=exact-aware-popularity-rank&ref=sr_st_exact-aware-popularity-rank
Highlighter Eyeshadow,https://www.amazon.com/s?k=Highlighter+Eyeshadow&i=beauty&s=exact-aware-popularity-rank&ref=sr_st_exact-aware-popularity-rank
Toenail fungus,https://www.amazon.com/s?k=Toenail+fungus&i=beauty&s=exact-aware-popularity-rank&ref=sr_st_exact-aware-popularity-rank
Camouflage Colors,https://www.amazon.com/s?k=Camouflage+Colors&i=beauty&s=exact-aware-popularity-rank&ref=sr_st_exact-aware-popularity-rank
Luminous Foundation,https://www.amazon.com/s?k=Luminous+Foundation&i=beauty&s=exact-aware-popularity-rank&ref=sr_st_exact-aware-popularity-rank
CC Cream,https://www.amazon.com/s?k=CC+Cream&i=beauty&s=exact-aware-popularity-rank&ref=sr_st_exact-aware-popularity-rank
Beauty set,https://www.amazon.com/s?k=Beauty+set&i=beauty&s=exact-aware-popularity-rank&ref=sr_st_exact-aware-popularity-rank
Burgundy Stain,https://www.amazon.com/s?k=Burgundy+Stain&i=beauty&s=exact-aware-popularity-rank&ref=sr_st_exact-aware-popularity-rank
Even Better,https://www.amazon.com/s?k=Even+Better&i=beauty&s=exact-aware-popularity-rank&ref=sr_st_exact-aware-popularity-rank
Cheek Balm,https://www.amazon.com/s?k=Cheek+Balm&i=beauty&s=exact-aware-popularity-rank&ref=sr_st_exact-aware-popularity-rank
Lengthening Mascara,https://www.amazon.com/s?k=Lengthening+Mascara&i=beauty&s=exact-aware-popularity-rank&ref=sr_st_exact-aware-popularity-rank
Bronzer Glow,https://www.amazon.com/s?k=Bronzer+Glow&i=beauty&s=exact-aware-popularity-rank&ref=sr_st_exact-aware-popularity-rank
Conceal Duo,https://www.amazon.com/s?k=Conceal+Duo&i=beauty&s=exact-aware-popularity-rank&ref=sr_st_exact-aware-popularity-rank
Matte Eyeshadow,https://www.amazon.com/s?k=Matte+Eyeshadow&i=beauty&s=exact-aware-popularity-rank&ref=sr_st_exact-aware-popularity-rank
Red Correct,https://www.amazon.com/s?k=Red+Correct&i=beauty&s=exact-aware-popularity-rank&ref=sr_st_exact-aware-popularity-rank
Highlighter Duo,https://www.amazon.com/s?k=Highlighter+Duo&i=beauty&s=exact-aware-popularity-rank&ref=sr_st_exact-aware-popularity-rank
Stay-in-Place Makeup,https://www.amazon.com/s?k=Stay-in-Place+Makeup&i=beauty&s=exact-aware-popularity-rank&ref=sr_st_exact-aware-popularity-rank
Lip Colour,https://www.amazon.com/s?k=Lip+Colour&i=beauty&s=exact-aware-popularity-rank&ref=sr_st_exact-aware-popularity-rank
Longwear foundation,https://www.amazon.com/s?k=Longwear+foundation&i=beauty&s=exact-aware-popularity-rank&ref=sr_st_exact-aware-popularity-rank
Eyelid cleanser,https://www.amazon.com/s?k=Eyelid+cleanser&i=beauty&s=exact-aware-popularity-rank&ref=sr_st_exact-aware-popularity-rank
Overcurl Mascara,https://www.amazon.com/s?k=Overcurl+Mascara&i=beauty&s=exact-aware-popularity-rank&ref=sr_st_exact-aware-popularity-rank
Luminizing Foundation,https://www.amazon.com/s?k=Luminizing+Foundation&i=beauty&s=exact-aware-popularity-rank&ref=sr_st_exact-aware-popularity-rank
Illuminating Makeup,https://www.amazon.com/s?k=Illuminating+Makeup&i=beauty&s=exact-aware-popularity-rank&ref=sr_st_exact-aware-popularity-rank
Flawless Foundation,https://www.amazon.com/s?k=Flawless+Foundation&i=beauty&s=exact-aware-popularity-rank&ref=sr_st_exact-aware-popularity-rank
Versatile Powder,https://www.amazon.com/s?k=Versatile+Powder&i=beauty&s=exact-aware-popularity-rank&ref=sr_st_exact-aware-popularity-rank
Contour Kit,https://www.amazon.com/s?k=Contour+Kit&i=beauty&s=exact-aware-popularity-rank&ref=sr_st_exact-aware-popularity-rank
Tattoo Foundation,https://www.amazon.com/s?k=Tattoo+Foundation&i=beauty&s=exact-aware-popularity-rank&ref=sr_st_exact-aware-popularity-rank
Faux Cils,https://www.amazon.com/s?k=Faux+Cils&i=beauty&s=exact-aware-popularity-rank&ref=sr_st_exact-aware-popularity-rank
