Keyword,Links
Estrogen Blocker,https://www.amazon.com/s?k=Estrogen+Blocker&i=hpc&s=exact-aware-popularity-rank&ref=sr_st_exact-aware-popularity-rank
Mineral supplement,https://www.amazon.com/s?k=Mineral+supplement&i=hpc&s=exact-aware-popularity-rank&ref=sr_st_exact-aware-popularity-rank
Gaba Relaxation,https://www.amazon.com/s?k=Gaba+Relaxation&i=hpc&s=exact-aware-popularity-rank&ref=sr_st_exact-aware-popularity-rank
Multi Ashwagandha,https://www.amazon.com/s?k=Multi+Ashwagandha&i=hpc&s=exact-aware-popularity-rank&ref=sr_st_exact-aware-popularity-rank
Calcium tablets,https://www.amazon.com/s?k=Calcium+tablets&i=hpc&s=exact-aware-popularity-rank&ref=sr_st_exact-aware-popularity-rank
Immune Support,https://www.amazon.com/s?k=Immune+Support&i=hpc&s=exact-aware-popularity-rank&ref=sr_st_exact-aware-popularity-rank
Kidney Breaker,https://www.amazon.com/s?k=Kidney+Breaker&i=hpc&s=exact-aware-popularity-rank&ref=sr_st_exact-aware-popularity-rank
Lung Support,https://www.amazon.com/s?k=Lung+Support&i=hpc&s=exact-aware-popularity-rank&ref=sr_st_exact-aware-popularity-rank
Colostrum Supplement,https://www.amazon.com/s?k=Colostrum+Supplement&i=hpc&s=exact-aware-popularity-rank&ref=sr_st_exact-aware-popularity-rank
Magnesium Sleep,https://www.amazon.com/s?k=Magnesium+Sleep&i=hpc&s=exact-aware-popularity-rank&ref=sr_st_exact-aware-popularity-rank
Brain Booster,https://www.amazon.com/s?k=Brain+Booster&i=hpc&s=exact-aware-popularity-rank&ref=sr_st_exact-aware-popularity-rank
Daily Calm,https://www.amazon.com/s?k=Daily+Calm&i=hpc&s=exact-aware-popularity-rank&ref=sr_st_exact-aware-popularity-rank
Keto Softgels,https://www.amazon.com/s?k=Keto+Softgels&i=hpc&s=exact-aware-popularity-rank&ref=sr_st_exact-aware-popularity-rank
Sleep Capsules,https://www.amazon.com/s?k=Sleep+Capsules&i=hpc&s=exact-aware-popularity-rank&ref=sr_st_exact-aware-popularity-rank
Immune Energy,https://www.amazon.com/s?k=Immune+Energy&i=hpc&s=exact-aware-popularity-rank&ref=sr_st_exact-aware-popularity-rank
Magnesium Softgel,https://www.amazon.com/s?k=Magnesium+Softgel&i=hpc&s=exact-aware-popularity-rank&ref=sr_st_exact-aware-popularity-rank
Coral Calcium,https://www.amazon.com/s?k=Coral+Calcium&i=hpc&s=exact-aware-popularity-rank&ref=sr_st_exact-aware-popularity-rank
Iodine Supplement,https://www.amazon.com/s?k=Iodine+Supplement&i=hpc&s=exact-aware-popularity-rank&ref=sr_st_exact-aware-popularity-rank
Magnesium Gluconate,https://www.amazon.com/s?k=Magnesium+Gluconate&i=hpc&s=exact-aware-popularity-rank&ref=sr_st_exact-aware-popularity-rank
L-Theanine Capsules,https://www.amazon.com/s?k=L-Theanine+Capsules&i=hpc&s=exact-aware-popularity-rank&ref=sr_st_exact-aware-popularity-rank
Cortisol Blocker,https://www.amazon.com/s?k=Cortisol+Blocker&i=hpc&s=exact-aware-popularity-rank&ref=sr_st_exact-aware-popularity-rank
Herbal Supplements,https://www.amazon.com/s?k=Herbal+Supplements&i=hpc&s=exact-aware-popularity-rank&ref=sr_st_exact-aware-popularity-rank
Gaba Calm,https://www.amazon.com/s?k=Gaba+Calm&i=hpc&s=exact-aware-popularity-rank&ref=sr_st_exact-aware-popularity-rank
HPA support,https://www.amazon.com/s?k=HPA+support&i=hpc&s=exact-aware-popularity-rank&ref=sr_st_exact-aware-popularity-rank
Magnesium Chewable,https://www.amazon.com/s?k=Magnesium+Chewable&i=hpc&s=exact-aware-popularity-rank&ref=sr_st_exact-aware-popularity-rank
Alpha Lipoic Acid,https://www.amazon.com/s?k=Alpha+Lipoic+Acid&i=hpc&s=exact-aware-popularity-rank&ref=sr_st_exact-aware-popularity-rank
Bone Support,https://www.amazon.com/s?k=Bone+Support&i=hpc&s=exact-aware-popularity-rank&ref=sr_st_exact-aware-popularity-rank
Test Booster,https://www.amazon.com/s?k=Test+Booster&i=hpc&s=exact-aware-popularity-rank&ref=sr_st_exact-aware-popularity-rank
DHEA Tablets,https://www.amazon.com/s?k=DHEA+Tablets&i=hpc&s=exact-aware-popularity-rank&ref=sr_st_exact-aware-popularity-rank
Quit Smoking,https://www.amazon.com/s?k=Quit+Smoking&i=hpc&s=exact-aware-popularity-rank&ref=sr_st_exact-aware-popularity-rank
Cortisol Reducer,https://www.amazon.com/s?k=Cortisol+Reducer&i=hpc&s=exact-aware-popularity-rank&ref=sr_st_exact-aware-popularity-rank
Benfotiamine Capsules,https://www.amazon.com/s?k=Benfotiamine+Capsules&i=hpc&s=exact-aware-popularity-rank&ref=sr_st_exact-aware-popularity-rank
Fertility Supplement,https://www.amazon.com/s?k=Fertility+Supplement&i=hpc&s=exact-aware-popularity-rank&ref=sr_st_exact-aware-popularity-rank
Sea Moss Supplement,https://www.amazon.com/s?k=Sea+Moss+Supplement&i=hpc&s=exact-aware-popularity-rank&ref=sr_st_exact-aware-popularity-rank
St John's Wort,https://www.amazon.com/s?k=St+John's+Wort&i=hpc&s=exact-aware-popularity-rank&ref=sr_st_exact-aware-popularity-rank
Ashwagandha Root,https://www.amazon.com/s?k=Ashwagandha+Root&i=hpc&s=exact-aware-popularity-rank&ref=sr_st_exact-aware-popularity-rank
Brain Supplement,https://www.amazon.com/s?k=Brain+Supplement&i=hpc&s=exact-aware-popularity-rank&ref=sr_st_exact-aware-popularity-rank
Magnesium Ashwagandha,https://www.amazon.com/s?k=Magnesium+Ashwagandha&i=hpc&s=exact-aware-popularity-rank&ref=sr_st_exact-aware-popularity-rank
Turmeric Complex,https://www.amazon.com/s?k=Turmeric+Complex&i=hpc&s=exact-aware-popularity-rank&ref=sr_st_exact-aware-popularity-rank
GABA powder,https://www.amazon.com/s?k=GABA+powder&i=hpc&s=exact-aware-popularity-rank&ref=sr_st_exact-aware-popularity-rank
Sea Moss Gummies,https://www.amazon.com/s?k=Sea+Moss+Gummies&i=hpc&s=exact-aware-popularity-rank&ref=sr_st_exact-aware-popularity-rank
Magnesium Potassium,https://www.amazon.com/s?k=Magnesium+Potassium&i=hpc&s=exact-aware-popularity-rank&ref=sr_st_exact-aware-popularity-rank
Menopause Support,https://www.amazon.com/s?k=Menopause+Support&i=hpc&s=exact-aware-popularity-rank&ref=sr_st_exact-aware-popularity-rank
Magnesium Absorption,https://www.amazon.com/s?k=Magnesium+Absorption&i=hpc&s=exact-aware-popularity-rank&ref=sr_st_exact-aware-popularity-rank
Performance supplement,https://www.amazon.com/s?k=Performance+supplement&i=hpc&s=exact-aware-popularity-rank&ref=sr_st_exact-aware-popularity-rank
Health supplement,https://www.amazon.com/s?k=Health+supplement&i=hpc&s=exact-aware-popularity-rank&ref=sr_st_exact-aware-popularity-rank
Magnesium Tablet,https://www.amazon.com/s?k=Magnesium+Tablet&i=hpc&s=exact-aware-popularity-rank&ref=sr_st_exact-aware-popularity-rank
Magnesium Orotate,https://www.amazon.com/s?k=Magnesium+Orotate&i=hpc&s=exact-aware-popularity-rank&ref=sr_st_exact-aware-popularity-rank
Magnesium Malate,https://www.amazon.com/s?k=Magnesium+Malate&i=hpc&s=exact-aware-popularity-rank&ref=sr_st_exact-aware-popularity-rank
Wellness Trio,https://www.amazon.com/s?k=Wellness+Trio&i=hpc&s=exact-aware-popularity-rank&ref=sr_st_exact-aware-popularity-rank
