Keyword,Links
HMB Powder,https://www.amazon.com/s?k=HMB+Powder&i=hpc&s=exact-aware-popularity-rank&ref=sr_st_exact-aware-popularity-rank
5-HTP Support,https://www.amazon.com/s?k=5-HTP+Support&i=hpc&s=exact-aware-popularity-rank&ref=sr_st_exact-aware-popularity-rank
Testosterone Supplement,https://www.amazon.com/s?k=Testosterone+Supplement&i=hpc&s=exact-aware-popularity-rank&ref=sr_st_exact-aware-popularity-rank
Preworkout Juice,https://www.amazon.com/s?k=Preworkout+Juice&i=hpc&s=exact-aware-popularity-rank&ref=sr_st_exact-aware-popularity-rank
Aspartic Acid,https://www.amazon.com/s?k=Aspartic+Acid&i=hpc&s=exact-aware-popularity-rank&ref=sr_st_exact-aware-popularity-rank
BCAA Supplements,https://www.amazon.com/s?k=BCAA+Supplements&i=hpc&s=exact-aware-popularity-rank&ref=sr_st_exact-aware-popularity-rank
Cardio Health,https://www.amazon.com/s?k=Cardio+Health&i=hpc&s=exact-aware-popularity-rank&ref=sr_st_exact-aware-popularity-rank
Uridine Supplement,https://www.amazon.com/s?k=Uridine+Supplement&i=hpc&s=exact-aware-popularity-rank&ref=sr_st_exact-aware-popularity-rank
Tadalix Bottle,https://www.amazon.com/s?k=Tadalix+Bottle&i=hpc&s=exact-aware-popularity-rank&ref=sr_st_exact-aware-popularity-rank
L-Threonine Capsules,https://www.amazon.com/s?k=L-Threonine+Capsules&i=hpc&s=exact-aware-popularity-rank&ref=sr_st_exact-aware-popularity-rank
L-Proline,https://www.amazon.com/s?k=L-Proline&i=hpc&s=exact-aware-popularity-rank&ref=sr_st_exact-aware-popularity-rank
L-Lysine,https://www.amazon.com/s?k=L-Lysine&i=hpc&s=exact-aware-popularity-rank&ref=sr_st_exact-aware-popularity-rank
Vegan BCAA,https://www.amazon.com/s?k=Vegan+BCAA&i=hpc&s=exact-aware-popularity-rank&ref=sr_st_exact-aware-popularity-rank
Tribulus Terrestris,https://www.amazon.com/s?k=Tribulus+Terrestris&i=hpc&s=exact-aware-popularity-rank&ref=sr_st_exact-aware-popularity-rank
Dimethyl Glycine,https://www.amazon.com/s?k=Dimethyl+Glycine&i=hpc&s=exact-aware-popularity-rank&ref=sr_st_exact-aware-popularity-rank
L-Carnitine Drink,https://www.amazon.com/s?k=L-Carnitine+Drink&i=hpc&s=exact-aware-popularity-rank&ref=sr_st_exact-aware-popularity-rank
L-Leucine,https://www.amazon.com/s?k=L-Leucine&i=hpc&s=exact-aware-popularity-rank&ref=sr_st_exact-aware-popularity-rank
Berry supplement,https://www.amazon.com/s?k=Berry+supplement&i=hpc&s=exact-aware-popularity-rank&ref=sr_st_exact-aware-popularity-rank
Weighted Blanket,https://www.amazon.com/s?k=Weighted+Blanket&i=hpc&s=exact-aware-popularity-rank&ref=sr_st_exact-aware-popularity-rank
Grape Energy,https://www.amazon.com/s?k=Grape+Energy&i=hpc&s=exact-aware-popularity-rank&ref=sr_st_exact-aware-popularity-rank
Blue Raspberry,https://www.amazon.com/s?k=Blue+Raspberry&i=hpc&s=exact-aware-popularity-rank&ref=sr_st_exact-aware-popularity-rank
Liquid Eye Pen,https://www.amazon.com/s?k=Liquid+Eye+Pen&i=hpc&s=exact-aware-popularity-rank&ref=sr_st_exact-aware-popularity-rank
Probiotic Enzymes,https://www.amazon.com/s?k=Probiotic+Enzymes&i=hpc&s=exact-aware-popularity-rank&ref=sr_st_exact-aware-popularity-rank
Vaginal Probiotic,https://www.amazon.com/s?k=Vaginal+Probiotic&i=hpc&s=exact-aware-popularity-rank&ref=sr_st_exact-aware-popularity-rank
Probiotic Caplets,https://www.amazon.com/s?k=Probiotic+Caplets&i=hpc&s=exact-aware-popularity-rank&ref=sr_st_exact-aware-popularity-rank
Inulin Gummies,https://www.amazon.com/s?k=Inulin+Gummies&i=hpc&s=exact-aware-popularity-rank&ref=sr_st_exact-aware-popularity-rank
Body cleanse,https://www.amazon.com/s?k=Body+cleanse&i=hpc&s=exact-aware-popularity-rank&ref=sr_st_exact-aware-popularity-rank
Probiotic Fiber,https://www.amazon.com/s?k=Probiotic+Fiber&i=hpc&s=exact-aware-popularity-rank&ref=sr_st_exact-aware-popularity-rank
Women's Probiotic,https://www.amazon.com/s?k=Women's+Probiotic&i=hpc&s=exact-aware-popularity-rank&ref=sr_st_exact-aware-popularity-rank
Probiotic Tablets,https://www.amazon.com/s?k=Probiotic+Tablets&i=hpc&s=exact-aware-popularity-rank&ref=sr_st_exact-aware-popularity-rank
Digestive Probiotic,https://www.amazon.com/s?k=Digestive+Probiotic&i=hpc&s=exact-aware-popularity-rank&ref=sr_st_exact-aware-popularity-rank
Daily Probiotic,https://www.amazon.com/s?k=Daily+Probiotic&i=hpc&s=exact-aware-popularity-rank&ref=sr_st_exact-aware-popularity-rank
Womens Probiotics,https://www.amazon.com/s?k=Womens+Probiotics&i=hpc&s=exact-aware-popularity-rank&ref=sr_st_exact-aware-popularity-rank
Gut probiotics,https://www.amazon.com/s?k=Gut+probiotics&i=hpc&s=exact-aware-popularity-rank&ref=sr_st_exact-aware-popularity-rank
Probiotic Complex,https://www.amazon.com/s?k=Probiotic+Complex&i=hpc&s=exact-aware-popularity-rank&ref=sr_st_exact-aware-popularity-rank
Bowel Support,https://www.amazon.com/s?k=Bowel+Support&i=hpc&s=exact-aware-popularity-rank&ref=sr_st_exact-aware-popularity-rank
Colon probiotic,https://www.amazon.com/s?k=Colon+probiotic&i=hpc&s=exact-aware-popularity-rank&ref=sr_st_exact-aware-popularity-rank
Fiber Probiotics,https://www.amazon.com/s?k=Fiber+Probiotics&i=hpc&s=exact-aware-popularity-rank&ref=sr_st_exact-aware-popularity-rank
Menopause Probiotic,https://www.amazon.com/s?k=Menopause+Probiotic&i=hpc&s=exact-aware-popularity-rank&ref=sr_st_exact-aware-popularity-rank
Urinary Support,https://www.amazon.com/s?k=Urinary+Support&i=hpc&s=exact-aware-popularity-rank&ref=sr_st_exact-aware-popularity-rank
Male Probiotic,https://www.amazon.com/s?k=Male+Probiotic&i=hpc&s=exact-aware-popularity-rank&ref=sr_st_exact-aware-popularity-rank
Vaginal Probiotics,https://www.amazon.com/s?k=Vaginal+Probiotics&i=hpc&s=exact-aware-popularity-rank&ref=sr_st_exact-aware-popularity-rank
Oral Probiotic,https://www.amazon.com/s?k=Oral+Probiotic&i=hpc&s=exact-aware-popularity-rank&ref=sr_st_exact-aware-popularity-rank
Oral Probiotics,https://www.amazon.com/s?k=Oral+Probiotics&i=hpc&s=exact-aware-popularity-rank&ref=sr_st_exact-aware-popularity-rank
Women probiotics,https://www.amazon.com/s?k=Women+probiotics&i=hpc&s=exact-aware-popularity-rank&ref=sr_st_exact-aware-popularity-rank
Gut Probiotic,https://www.amazon.com/s?k=Gut+Probiotic&i=hpc&s=exact-aware-popularity-rank&ref=sr_st_exact-aware-popularity-rank
Digestive Gummies,https://www.amazon.com/s?k=Digestive+Gummies&i=hpc&s=exact-aware-popularity-rank&ref=sr_st_exact-aware-popularity-rank
Feminine Probiotics,https://www.amazon.com/s?k=Feminine+Probiotics&i=hpc&s=exact-aware-popularity-rank&ref=sr_st_exact-aware-popularity-rank
Lactose Probiotics,https://www.amazon.com/s?k=Lactose+Probiotics&i=hpc&s=exact-aware-popularity-rank&ref=sr_st_exact-aware-popularity-rank
Men's Probiotics,https://www.amazon.com/s?k=Men's+Probiotics&i=hpc&s=exact-aware-popularity-rank&ref=sr_st_exact-aware-popularity-rank
