Keyword,Links
Wave spray,https://www.ebay.com/sch/i.html?_from=R40&_nkw=Wave+spray&_sacat=26395&rt=nc&LH_ItemCondition=3&LH_BIN=1&rt=nc&LH_PrefLoc=1
Nutritive Cleanser,https://www.ebay.com/sch/i.html?_from=R40&_nkw=Nutritive+Cleanser&_sacat=26395&rt=nc&LH_ItemCondition=3&LH_BIN=1&rt=nc&LH_PrefLoc=1
Super-Charged Treatment,https://www.ebay.com/sch/i.html?_from=R40&_nkw=Super-Charged+Treatment&_sacat=26395&rt=nc&LH_ItemCondition=3&LH_BIN=1&rt=nc&LH_PrefLoc=1
Volumizing Foam,https://www.ebay.com/sch/i.html?_from=R40&_nkw=Volumizing+Foam&_sacat=26395&rt=nc&LH_ItemCondition=3&LH_BIN=1&rt=nc&LH_PrefLoc=1
Hydrate Primer,https://www.ebay.com/sch/i.html?_from=R40&_nkw=Hydrate+Primer&_sacat=26395&rt=nc&LH_ItemCondition=3&LH_BIN=1&rt=nc&LH_PrefLoc=1
Plumping Lipstick,https://www.ebay.com/sch/i.html?_from=R40&_nkw=Plumping+Lipstick&_sacat=26395&rt=nc&LH_ItemCondition=3&LH_BIN=1&rt=nc&LH_PrefLoc=1
Root Touch-Up,https://www.ebay.com/sch/i.html?_from=R40&_nkw=Root+Touch-Up&_sacat=26395&rt=nc&LH_ItemCondition=3&LH_BIN=1&rt=nc&LH_PrefLoc=1
Styling Clay,https://www.ebay.com/sch/i.html?_from=R40&_nkw=Styling+Clay&_sacat=26395&rt=nc&LH_ItemCondition=3&LH_BIN=1&rt=nc&LH_PrefLoc=1
Cleansing Brush,https://www.ebay.com/sch/i.html?_from=R40&_nkw=Cleansing+Brush&_sacat=26395&rt=nc&LH_ItemCondition=3&LH_BIN=1&rt=nc&LH_PrefLoc=1
Retinol Moisturizer,https://www.ebay.com/sch/i.html?_from=R40&_nkw=Retinol+Moisturizer&_sacat=26395&rt=nc&LH_ItemCondition=3&LH_BIN=1&rt=nc&LH_PrefLoc=1
Anti-Frizz Shampoo,https://www.ebay.com/sch/i.html?_from=R40&_nkw=Anti-Frizz+Shampoo&_sacat=26395&rt=nc&LH_ItemCondition=3&LH_BIN=1&rt=nc&LH_PrefLoc=1
Lipstick Pink,https://www.ebay.com/sch/i.html?_from=R40&_nkw=Lipstick+Pink&_sacat=26395&rt=nc&LH_ItemCondition=3&LH_BIN=1&rt=nc&LH_PrefLoc=1
Blonzer Rose,https://www.ebay.com/sch/i.html?_from=R40&_nkw=Blonzer+Rose&_sacat=26395&rt=nc&LH_ItemCondition=3&LH_BIN=1&rt=nc&LH_PrefLoc=1
Complexion Stick,https://www.ebay.com/sch/i.html?_from=R40&_nkw=Complexion+Stick&_sacat=26395&rt=nc&LH_ItemCondition=3&LH_BIN=1&rt=nc&LH_PrefLoc=1
Hydration Serum,https://www.ebay.com/sch/i.html?_from=R40&_nkw=Hydration+Serum&_sacat=26395&rt=nc&LH_ItemCondition=3&LH_BIN=1&rt=nc&LH_PrefLoc=1
Plumping Lip Gloss,https://www.ebay.com/sch/i.html?_from=R40&_nkw=Plumping+Lip+Gloss&_sacat=26395&rt=nc&LH_ItemCondition=3&LH_BIN=1&rt=nc&LH_PrefLoc=1
Blow Dry Hairspray,https://www.ebay.com/sch/i.html?_from=R40&_nkw=Blow+Dry+Hairspray&_sacat=26395&rt=nc&LH_ItemCondition=3&LH_BIN=1&rt=nc&LH_PrefLoc=1
Ceramic Hair Tools,https://www.ebay.com/sch/i.html?_from=R40&_nkw=Ceramic+Hair+Tools&_sacat=26395&rt=nc&LH_ItemCondition=3&LH_BIN=1&rt=nc&LH_PrefLoc=1
Volumizing Mascara,https://www.ebay.com/sch/i.html?_from=R40&_nkw=Volumizing+Mascara&_sacat=26395&rt=nc&LH_ItemCondition=3&LH_BIN=1&rt=nc&LH_PrefLoc=1
Blowout Spray,https://www.ebay.com/sch/i.html?_from=R40&_nkw=Blowout+Spray&_sacat=26395&rt=nc&LH_ItemCondition=3&LH_BIN=1&rt=nc&LH_PrefLoc=1
Pressed Veil,https://www.ebay.com/sch/i.html?_from=R40&_nkw=Pressed+Veil&_sacat=26395&rt=nc&LH_ItemCondition=3&LH_BIN=1&rt=nc&LH_PrefLoc=1
Matte Lipstick,https://www.ebay.com/sch/i.html?_from=R40&_nkw=Matte+Lipstick&_sacat=26395&rt=nc&LH_ItemCondition=3&LH_BIN=1&rt=nc&LH_PrefLoc=1
Lip gloss,https://www.ebay.com/sch/i.html?_from=R40&_nkw=Lip+gloss&_sacat=26395&rt=nc&LH_ItemCondition=3&LH_BIN=1&rt=nc&LH_PrefLoc=1
Root Touch Up,https://www.ebay.com/sch/i.html?_from=R40&_nkw=Root+Touch+Up&_sacat=26395&rt=nc&LH_ItemCondition=3&LH_BIN=1&rt=nc&LH_PrefLoc=1
Bond Shampoo,https://www.ebay.com/sch/i.html?_from=R40&_nkw=Bond+Shampoo&_sacat=26395&rt=nc&LH_ItemCondition=3&LH_BIN=1&rt=nc&LH_PrefLoc=1
Daily Moisturizer,https://www.ebay.com/sch/i.html?_from=R40&_nkw=Daily+Moisturizer&_sacat=26395&rt=nc&LH_ItemCondition=3&LH_BIN=1&rt=nc&LH_PrefLoc=1
Massaging Brush,https://www.ebay.com/sch/i.html?_from=R40&_nkw=Massaging+Brush&_sacat=26395&rt=nc&LH_ItemCondition=3&LH_BIN=1&rt=nc&LH_PrefLoc=1
Fast Form,https://www.ebay.com/sch/i.html?_from=R40&_nkw=Fast+Form&_sacat=26395&rt=nc&LH_ItemCondition=3&LH_BIN=1&rt=nc&LH_PrefLoc=1
Climate Control,https://www.ebay.com/sch/i.html?_from=R40&_nkw=Climate+Control&_sacat=26395&rt=nc&LH_ItemCondition=3&LH_BIN=1&rt=nc&LH_PrefLoc=1
Rejuvenating Moisturizer,https://www.ebay.com/sch/i.html?_from=R40&_nkw=Rejuvenating+Moisturizer&_sacat=26395&rt=nc&LH_ItemCondition=3&LH_BIN=1&rt=nc&LH_PrefLoc=1
Redness Primer,https://www.ebay.com/sch/i.html?_from=R40&_nkw=Redness+Primer&_sacat=26395&rt=nc&LH_ItemCondition=3&LH_BIN=1&rt=nc&LH_PrefLoc=1
Shaping Balm,https://www.ebay.com/sch/i.html?_from=R40&_nkw=Shaping+Balm&_sacat=26395&rt=nc&LH_ItemCondition=3&LH_BIN=1&rt=nc&LH_PrefLoc=1
Shaping Paste,https://www.ebay.com/sch/i.html?_from=R40&_nkw=Shaping+Paste&_sacat=26395&rt=nc&LH_ItemCondition=3&LH_BIN=1&rt=nc&LH_PrefLoc=1
Flexible gel,https://www.ebay.com/sch/i.html?_from=R40&_nkw=Flexible+gel&_sacat=26395&rt=nc&LH_ItemCondition=3&LH_BIN=1&rt=nc&LH_PrefLoc=1
Intensive Treatment,https://www.ebay.com/sch/i.html?_from=R40&_nkw=Intensive+Treatment&_sacat=26395&rt=nc&LH_ItemCondition=3&LH_BIN=1&rt=nc&LH_PrefLoc=1
UFO Masks,https://www.ebay.com/sch/i.html?_from=R40&_nkw=UFO+Masks&_sacat=26395&rt=nc&LH_ItemCondition=3&LH_BIN=1&rt=nc&LH_PrefLoc=1
Cooling Eye Balm,https://www.ebay.com/sch/i.html?_from=R40&_nkw=Cooling+Eye+Balm&_sacat=26395&rt=nc&LH_ItemCondition=3&LH_BIN=1&rt=nc&LH_PrefLoc=1
Conductive Gel,https://www.ebay.com/sch/i.html?_from=R40&_nkw=Conductive+Gel&_sacat=26395&rt=nc&LH_ItemCondition=3&LH_BIN=1&rt=nc&LH_PrefLoc=1
Resurfacing Pads,https://www.ebay.com/sch/i.html?_from=R40&_nkw=Resurfacing+Pads&_sacat=26395&rt=nc&LH_ItemCondition=3&LH_BIN=1&rt=nc&LH_PrefLoc=1
Matte Concealer,https://www.ebay.com/sch/i.html?_from=R40&_nkw=Matte+Concealer&_sacat=26395&rt=nc&LH_ItemCondition=3&LH_BIN=1&rt=nc&LH_PrefLoc=1
Blonzer Copper,https://www.ebay.com/sch/i.html?_from=R40&_nkw=Blonzer+Copper&_sacat=26395&rt=nc&LH_ItemCondition=3&LH_BIN=1&rt=nc&LH_PrefLoc=1
Translucent Powder,https://www.ebay.com/sch/i.html?_from=R40&_nkw=Translucent+Powder&_sacat=26395&rt=nc&LH_ItemCondition=3&LH_BIN=1&rt=nc&LH_PrefLoc=1
Am Rejuvenation,https://www.ebay.com/sch/i.html?_from=R40&_nkw=Am+Rejuvenation&_sacat=26395&rt=nc&LH_ItemCondition=3&LH_BIN=1&rt=nc&LH_PrefLoc=1
Liquid Blonzer,https://www.ebay.com/sch/i.html?_from=R40&_nkw=Liquid+Blonzer&_sacat=26395&rt=nc&LH_ItemCondition=3&LH_BIN=1&rt=nc&LH_PrefLoc=1
Curl machine,https://www.ebay.com/sch/i.html?_from=R40&_nkw=Curl+machine&_sacat=26395&rt=nc&LH_ItemCondition=3&LH_BIN=1&rt=nc&LH_PrefLoc=1
Good Vibes,https://www.ebay.com/sch/i.html?_from=R40&_nkw=Good+Vibes&_sacat=26395&rt=nc&LH_ItemCondition=3&LH_BIN=1&rt=nc&LH_PrefLoc=1
Dewy Lip Balm,https://www.ebay.com/sch/i.html?_from=R40&_nkw=Dewy+Lip+Balm&_sacat=26395&rt=nc&LH_ItemCondition=3&LH_BIN=1&rt=nc&LH_PrefLoc=1
Skin cleanser,https://www.ebay.com/sch/i.html?_from=R40&_nkw=Skin+cleanser&_sacat=26395&rt=nc&LH_ItemCondition=3&LH_BIN=1&rt=nc&LH_PrefLoc=1
Frizz-Fighting Shampoo,https://www.ebay.com/sch/i.html?_from=R40&_nkw=Frizz-Fighting+Shampoo&_sacat=26395&rt=nc&LH_ItemCondition=3&LH_BIN=1&rt=nc&LH_PrefLoc=1
Lash Mascara,https://www.ebay.com/sch/i.html?_from=R40&_nkw=Lash+Mascara&_sacat=26395&rt=nc&LH_ItemCondition=3&LH_BIN=1&rt=nc&LH_PrefLoc=1
