Keyword,Links
Hair Brush Cleaner,https://www.ebay.com/sch/i.html?_from=R40&_nkw=Hair+Brush+Cleaner&_sacat=26395&rt=nc&LH_ItemCondition=3&LH_BIN=1&rt=nc&LH_PrefLoc=1
Boar Bristle Brush,https://www.ebay.com/sch/i.html?_from=R40&_nkw=Boar+Bristle+Brush&_sacat=26395&rt=nc&LH_ItemCondition=3&LH_BIN=1&rt=nc&LH_PrefLoc=1
Gold Flat Iron,https://www.ebay.com/sch/i.html?_from=R40&_nkw=Gold+Flat+Iron&_sacat=26395&rt=nc&LH_ItemCondition=3&LH_BIN=1&rt=nc&LH_PrefLoc=1
Hair Roller,https://www.ebay.com/sch/i.html?_from=R40&_nkw=Hair+Roller&_sacat=26395&rt=nc&LH_ItemCondition=3&LH_BIN=1&rt=nc&LH_PrefLoc=1
Self Grip,https://www.ebay.com/sch/i.html?_from=R40&_nkw=Self+Grip&_sacat=26395&rt=nc&LH_ItemCondition=3&LH_BIN=1&rt=nc&LH_PrefLoc=1
Hair Straightening Brush,https://www.ebay.com/sch/i.html?_from=R40&_nkw=Hair+Straightening+Brush&_sacat=26395&rt=nc&LH_ItemCondition=3&LH_BIN=1&rt=nc&LH_PrefLoc=1
Gold Curling Wand,https://www.ebay.com/sch/i.html?_from=R40&_nkw=Gold+Curling+Wand&_sacat=26395&rt=nc&LH_ItemCondition=3&LH_BIN=1&rt=nc&LH_PrefLoc=1
Hot Curling Brush,https://www.ebay.com/sch/i.html?_from=R40&_nkw=Hot+Curling+Brush&_sacat=26395&rt=nc&LH_ItemCondition=3&LH_BIN=1&rt=nc&LH_PrefLoc=1
Compact Styler,https://www.ebay.com/sch/i.html?_from=R40&_nkw=Compact+Styler&_sacat=26395&rt=nc&LH_ItemCondition=3&LH_BIN=1&rt=nc&LH_PrefLoc=1
Heat Resistant Comb,https://www.ebay.com/sch/i.html?_from=R40&_nkw=Heat+Resistant+Comb&_sacat=26395&rt=nc&LH_ItemCondition=3&LH_BIN=1&rt=nc&LH_PrefLoc=1
Hair styling tool,https://www.ebay.com/sch/i.html?_from=R40&_nkw=Hair+styling+tool&_sacat=26395&rt=nc&LH_ItemCondition=3&LH_BIN=1&rt=nc&LH_PrefLoc=1
Fine Tooth Comb,https://www.ebay.com/sch/i.html?_from=R40&_nkw=Fine+Tooth+Comb&_sacat=26395&rt=nc&LH_ItemCondition=3&LH_BIN=1&rt=nc&LH_PrefLoc=1
Curling Comb,https://www.ebay.com/sch/i.html?_from=R40&_nkw=Curling+Comb&_sacat=26395&rt=nc&LH_ItemCondition=3&LH_BIN=1&rt=nc&LH_PrefLoc=1
Electric Curling,https://www.ebay.com/sch/i.html?_from=R40&_nkw=Electric+Curling&_sacat=26395&rt=nc&LH_ItemCondition=3&LH_BIN=1&rt=nc&LH_PrefLoc=1
Ionic hairdryer,https://www.ebay.com/sch/i.html?_from=R40&_nkw=Ionic+hairdryer&_sacat=26395&rt=nc&LH_ItemCondition=3&LH_BIN=1&rt=nc&LH_PrefLoc=1
Demi Hair Color,https://www.ebay.com/sch/i.html?_from=R40&_nkw=Demi+Hair+Color&_sacat=26395&rt=nc&LH_ItemCondition=3&LH_BIN=1&rt=nc&LH_PrefLoc=1
Grip Comb,https://www.ebay.com/sch/i.html?_from=R40&_nkw=Grip+Comb&_sacat=26395&rt=nc&LH_ItemCondition=3&LH_BIN=1&rt=nc&LH_PrefLoc=1
Interchangeable Styler,https://www.ebay.com/sch/i.html?_from=R40&_nkw=Interchangeable+Styler&_sacat=26395&rt=nc&LH_ItemCondition=3&LH_BIN=1&rt=nc&LH_PrefLoc=1
Spring Curling,https://www.ebay.com/sch/i.html?_from=R40&_nkw=Spring+Curling&_sacat=26395&rt=nc&LH_ItemCondition=3&LH_BIN=1&rt=nc&LH_PrefLoc=1
Vegan Hair Color,https://www.ebay.com/sch/i.html?_from=R40&_nkw=Vegan+Hair+Color&_sacat=26395&rt=nc&LH_ItemCondition=3&LH_BIN=1&rt=nc&LH_PrefLoc=1
Curry Comb,https://www.ebay.com/sch/i.html?_from=R40&_nkw=Curry+Comb&_sacat=26395&rt=nc&LH_ItemCondition=3&LH_BIN=1&rt=nc&LH_PrefLoc=1
Nail Clippers,https://www.ebay.com/sch/i.html?_from=R40&_nkw=Nail+Clippers&_sacat=26395&rt=nc&LH_ItemCondition=3&LH_BIN=1&rt=nc&LH_PrefLoc=1
Eyebrow Scissors,https://www.ebay.com/sch/i.html?_from=R40&_nkw=Eyebrow+Scissors&_sacat=26395&rt=nc&LH_ItemCondition=3&LH_BIN=1&rt=nc&LH_PrefLoc=1
Hospitality Dryer,https://www.ebay.com/sch/i.html?_from=R40&_nkw=Hospitality+Dryer&_sacat=26395&rt=nc&LH_ItemCondition=3&LH_BIN=1&rt=nc&LH_PrefLoc=1
Wet styling,https://www.ebay.com/sch/i.html?_from=R40&_nkw=Wet+styling&_sacat=26395&rt=nc&LH_ItemCondition=3&LH_BIN=1&rt=nc&LH_PrefLoc=1
Hair Twist,https://www.ebay.com/sch/i.html?_from=R40&_nkw=Hair+Twist&_sacat=26395&rt=nc&LH_ItemCondition=3&LH_BIN=1&rt=nc&LH_PrefLoc=1
Conditioning Bonnet,https://www.ebay.com/sch/i.html?_from=R40&_nkw=Conditioning+Bonnet&_sacat=26395&rt=nc&LH_ItemCondition=3&LH_BIN=1&rt=nc&LH_PrefLoc=1
Tortoise-shell comb,https://www.ebay.com/sch/i.html?_from=R40&_nkw=Tortoise-shell+comb&_sacat=26395&rt=nc&LH_ItemCondition=3&LH_BIN=1&rt=nc&LH_PrefLoc=1
Vapor Flat Iron,https://www.ebay.com/sch/i.html?_from=R40&_nkw=Vapor+Flat+Iron&_sacat=26395&rt=nc&LH_ItemCondition=3&LH_BIN=1&rt=nc&LH_PrefLoc=1
Blowout Styler,https://www.ebay.com/sch/i.html?_from=R40&_nkw=Blowout+Styler&_sacat=26395&rt=nc&LH_ItemCondition=3&LH_BIN=1&rt=nc&LH_PrefLoc=1
Deep Waver,https://www.ebay.com/sch/i.html?_from=R40&_nkw=Deep+Waver&_sacat=26395&rt=nc&LH_ItemCondition=3&LH_BIN=1&rt=nc&LH_PrefLoc=1
Teasing Comb,https://www.ebay.com/sch/i.html?_from=R40&_nkw=Teasing+Comb&_sacat=26395&rt=nc&LH_ItemCondition=3&LH_BIN=1&rt=nc&LH_PrefLoc=1
Kids Detangling Brush,https://www.ebay.com/sch/i.html?_from=R40&_nkw=Kids+Detangling+Brush&_sacat=26395&rt=nc&LH_ItemCondition=3&LH_BIN=1&rt=nc&LH_PrefLoc=1
Argan Replenishment,https://www.ebay.com/sch/i.html?_from=R40&_nkw=Argan+Replenishment&_sacat=26395&rt=nc&LH_ItemCondition=3&LH_BIN=1&rt=nc&LH_PrefLoc=1
Hot Curl,https://www.ebay.com/sch/i.html?_from=R40&_nkw=Hot+Curl&_sacat=26395&rt=nc&LH_ItemCondition=3&LH_BIN=1&rt=nc&LH_PrefLoc=1
Hair Straightening,https://www.ebay.com/sch/i.html?_from=R40&_nkw=Hair+Straightening&_sacat=26395&rt=nc&LH_ItemCondition=3&LH_BIN=1&rt=nc&LH_PrefLoc=1
Eyebrow Scissor,https://www.ebay.com/sch/i.html?_from=R40&_nkw=Eyebrow+Scissor&_sacat=26395&rt=nc&LH_ItemCondition=3&LH_BIN=1&rt=nc&LH_PrefLoc=1
Rat Tail Comb,https://www.ebay.com/sch/i.html?_from=R40&_nkw=Rat+Tail+Comb&_sacat=26395&rt=nc&LH_ItemCondition=3&LH_BIN=1&rt=nc&LH_PrefLoc=1
Paddle Dryer,https://www.ebay.com/sch/i.html?_from=R40&_nkw=Paddle+Dryer&_sacat=26395&rt=nc&LH_ItemCondition=3&LH_BIN=1&rt=nc&LH_PrefLoc=1
Scissors,https://www.ebay.com/sch/i.html?_from=R40&_nkw=Scissors&_sacat=26395&rt=nc&LH_ItemCondition=3&LH_BIN=1&rt=nc&LH_PrefLoc=1
Power Dryer,https://www.ebay.com/sch/i.html?_from=R40&_nkw=Power+Dryer&_sacat=26395&rt=nc&LH_ItemCondition=3&LH_BIN=1&rt=nc&LH_PrefLoc=1
Baby Comb,https://www.ebay.com/sch/i.html?_from=R40&_nkw=Baby+Comb&_sacat=26395&rt=nc&LH_ItemCondition=3&LH_BIN=1&rt=nc&LH_PrefLoc=1
Cooling Flat Iron,https://www.ebay.com/sch/i.html?_from=R40&_nkw=Cooling+Flat+Iron&_sacat=26395&rt=nc&LH_ItemCondition=3&LH_BIN=1&rt=nc&LH_PrefLoc=1
Pencil Flat Iron,https://www.ebay.com/sch/i.html?_from=R40&_nkw=Pencil+Flat+Iron&_sacat=26395&rt=nc&LH_ItemCondition=3&LH_BIN=1&rt=nc&LH_PrefLoc=1
Styler Dryer,https://www.ebay.com/sch/i.html?_from=R40&_nkw=Styler+Dryer&_sacat=26395&rt=nc&LH_ItemCondition=3&LH_BIN=1&rt=nc&LH_PrefLoc=1
Hair Wand,https://www.ebay.com/sch/i.html?_from=R40&_nkw=Hair+Wand&_sacat=26395&rt=nc&LH_ItemCondition=3&LH_BIN=1&rt=nc&LH_PrefLoc=1
Cold wave rods,https://www.ebay.com/sch/i.html?_from=R40&_nkw=Cold+wave+rods&_sacat=26395&rt=nc&LH_ItemCondition=3&LH_BIN=1&rt=nc&LH_PrefLoc=1
Tapered Curling,https://www.ebay.com/sch/i.html?_from=R40&_nkw=Tapered+Curling&_sacat=26395&rt=nc&LH_ItemCondition=3&LH_BIN=1&rt=nc&LH_PrefLoc=1
Soft bonnet,https://www.ebay.com/sch/i.html?_from=R40&_nkw=Soft+bonnet&_sacat=26395&rt=nc&LH_ItemCondition=3&LH_BIN=1&rt=nc&LH_PrefLoc=1
Volumizer Dryer,https://www.ebay.com/sch/i.html?_from=R40&_nkw=Volumizer+Dryer&_sacat=26395&rt=nc&LH_ItemCondition=3&LH_BIN=1&rt=nc&LH_PrefLoc=1
