Keyword,Links
Diabetes Pack,https://www.ebay.com/sch/i.html?_from=R40&_nkw=Diabetes+Pack&_sacat=26395&rt=nc&LH_ItemCondition=3&LH_BIN=1&rt=nc&LH_PrefLoc=1
Adult Multivitamin,https://www.ebay.com/sch/i.html?_from=R40&_nkw=Adult+Multivitamin&_sacat=26395&rt=nc&LH_ItemCondition=3&LH_BIN=1&rt=nc&LH_PrefLoc=1
Turmeric Extract,https://www.ebay.com/sch/i.html?_from=R40&_nkw=Turmeric+Extract&_sacat=26395&rt=nc&LH_ItemCondition=3&LH_BIN=1&rt=nc&LH_PrefLoc=1
Omega gummies,https://www.ebay.com/sch/i.html?_from=R40&_nkw=Omega+gummies&_sacat=26395&rt=nc&LH_ItemCondition=3&LH_BIN=1&rt=nc&LH_PrefLoc=1
CoQ10 Chewables,https://www.ebay.com/sch/i.html?_from=R40&_nkw=CoQ10+Chewables&_sacat=26395&rt=nc&LH_ItemCondition=3&LH_BIN=1&rt=nc&LH_PrefLoc=1
Vegan DHA,https://www.ebay.com/sch/i.html?_from=R40&_nkw=Vegan+DHA&_sacat=26395&rt=nc&LH_ItemCondition=3&LH_BIN=1&rt=nc&LH_PrefLoc=1
Greens supplement,https://www.ebay.com/sch/i.html?_from=R40&_nkw=Greens+supplement&_sacat=26395&rt=nc&LH_ItemCondition=3&LH_BIN=1&rt=nc&LH_PrefLoc=1
Liver Detox,https://www.ebay.com/sch/i.html?_from=R40&_nkw=Liver+Detox&_sacat=26395&rt=nc&LH_ItemCondition=3&LH_BIN=1&rt=nc&LH_PrefLoc=1
Vitamin B6,https://www.ebay.com/sch/i.html?_from=R40&_nkw=Vitamin+B6&_sacat=26395&rt=nc&LH_ItemCondition=3&LH_BIN=1&rt=nc&LH_PrefLoc=1
Hemp Hearts,https://www.ebay.com/sch/i.html?_from=R40&_nkw=Hemp+Hearts&_sacat=26395&rt=nc&LH_ItemCondition=3&LH_BIN=1&rt=nc&LH_PrefLoc=1
Niacin Tablets,https://www.ebay.com/sch/i.html?_from=R40&_nkw=Niacin+Tablets&_sacat=26395&rt=nc&LH_ItemCondition=3&LH_BIN=1&rt=nc&LH_PrefLoc=1
Garlic supplement,https://www.ebay.com/sch/i.html?_from=R40&_nkw=Garlic+supplement&_sacat=26395&rt=nc&LH_ItemCondition=3&LH_BIN=1&rt=nc&LH_PrefLoc=1
Vitamin D Gummies,https://www.ebay.com/sch/i.html?_from=R40&_nkw=Vitamin+D+Gummies&_sacat=26395&rt=nc&LH_ItemCondition=3&LH_BIN=1&rt=nc&LH_PrefLoc=1
Brain support,https://www.ebay.com/sch/i.html?_from=R40&_nkw=Brain+support&_sacat=26395&rt=nc&LH_ItemCondition=3&LH_BIN=1&rt=nc&LH_PrefLoc=1
B-100 Complex,https://www.ebay.com/sch/i.html?_from=R40&_nkw=B-100+Complex&_sacat=26395&rt=nc&LH_ItemCondition=3&LH_BIN=1&rt=nc&LH_PrefLoc=1
Heart Chews,https://www.ebay.com/sch/i.html?_from=R40&_nkw=Heart+Chews&_sacat=26395&rt=nc&LH_ItemCondition=3&LH_BIN=1&rt=nc&LH_PrefLoc=1
Ubiquinol Softgels,https://www.ebay.com/sch/i.html?_from=R40&_nkw=Ubiquinol+Softgels&_sacat=26395&rt=nc&LH_ItemCondition=3&LH_BIN=1&rt=nc&LH_PrefLoc=1
Salmon Oil,https://www.ebay.com/sch/i.html?_from=R40&_nkw=Salmon+Oil&_sacat=26395&rt=nc&LH_ItemCondition=3&LH_BIN=1&rt=nc&LH_PrefLoc=1
Mussel Oil,https://www.ebay.com/sch/i.html?_from=R40&_nkw=Mussel+Oil&_sacat=26395&rt=nc&LH_ItemCondition=3&LH_BIN=1&rt=nc&LH_PrefLoc=1
Lipid Control,https://www.ebay.com/sch/i.html?_from=R40&_nkw=Lipid+Control&_sacat=26395&rt=nc&LH_ItemCondition=3&LH_BIN=1&rt=nc&LH_PrefLoc=1
Omega-3 Gummies,https://www.ebay.com/sch/i.html?_from=R40&_nkw=Omega-3+Gummies&_sacat=26395&rt=nc&LH_ItemCondition=3&LH_BIN=1&rt=nc&LH_PrefLoc=1
D-Ribose Powder,https://www.ebay.com/sch/i.html?_from=R40&_nkw=D-Ribose+Powder&_sacat=26395&rt=nc&LH_ItemCondition=3&LH_BIN=1&rt=nc&LH_PrefLoc=1
Apple Cider Gummies,https://www.ebay.com/sch/i.html?_from=R40&_nkw=Apple+Cider+Gummies&_sacat=26395&rt=nc&LH_ItemCondition=3&LH_BIN=1&rt=nc&LH_PrefLoc=1
Flaxseed Oil,https://www.ebay.com/sch/i.html?_from=R40&_nkw=Flaxseed+Oil&_sacat=26395&rt=nc&LH_ItemCondition=3&LH_BIN=1&rt=nc&LH_PrefLoc=1
Berberine supplement,https://www.ebay.com/sch/i.html?_from=R40&_nkw=Berberine+supplement&_sacat=26395&rt=nc&LH_ItemCondition=3&LH_BIN=1&rt=nc&LH_PrefLoc=1
Flax Seed,https://www.ebay.com/sch/i.html?_from=R40&_nkw=Flax+Seed&_sacat=26395&rt=nc&LH_ItemCondition=3&LH_BIN=1&rt=nc&LH_PrefLoc=1
Aged Garlic,https://www.ebay.com/sch/i.html?_from=R40&_nkw=Aged+Garlic&_sacat=26395&rt=nc&LH_ItemCondition=3&LH_BIN=1&rt=nc&LH_PrefLoc=1
Black Garlic,https://www.ebay.com/sch/i.html?_from=R40&_nkw=Black+Garlic&_sacat=26395&rt=nc&LH_ItemCondition=3&LH_BIN=1&rt=nc&LH_PrefLoc=1
Butt Supplements,https://www.ebay.com/sch/i.html?_from=R40&_nkw=Butt+Supplements&_sacat=26395&rt=nc&LH_ItemCondition=3&LH_BIN=1&rt=nc&LH_PrefLoc=1
Joint supplement,https://www.ebay.com/sch/i.html?_from=R40&_nkw=Joint+supplement&_sacat=26395&rt=nc&LH_ItemCondition=3&LH_BIN=1&rt=nc&LH_PrefLoc=1
Performance Vitapak,https://www.ebay.com/sch/i.html?_from=R40&_nkw=Performance+Vitapak&_sacat=26395&rt=nc&LH_ItemCondition=3&LH_BIN=1&rt=nc&LH_PrefLoc=1
Turmeric Gummies,https://www.ebay.com/sch/i.html?_from=R40&_nkw=Turmeric+Gummies&_sacat=26395&rt=nc&LH_ItemCondition=3&LH_BIN=1&rt=nc&LH_PrefLoc=1
Beet Supplement,https://www.ebay.com/sch/i.html?_from=R40&_nkw=Beet+Supplement&_sacat=26395&rt=nc&LH_ItemCondition=3&LH_BIN=1&rt=nc&LH_PrefLoc=1
Garlic Tablets,https://www.ebay.com/sch/i.html?_from=R40&_nkw=Garlic+Tablets&_sacat=26395&rt=nc&LH_ItemCondition=3&LH_BIN=1&rt=nc&LH_PrefLoc=1
Women's Multivitamin,https://www.ebay.com/sch/i.html?_from=R40&_nkw=Women's+Multivitamin&_sacat=26395&rt=nc&LH_ItemCondition=3&LH_BIN=1&rt=nc&LH_PrefLoc=1
Superfood Powder,https://www.ebay.com/sch/i.html?_from=R40&_nkw=Superfood+Powder&_sacat=26395&rt=nc&LH_ItemCondition=3&LH_BIN=1&rt=nc&LH_PrefLoc=1
Turmeric Chews,https://www.ebay.com/sch/i.html?_from=R40&_nkw=Turmeric+Chews&_sacat=26395&rt=nc&LH_ItemCondition=3&LH_BIN=1&rt=nc&LH_PrefLoc=1
Lecithin Softgels,https://www.ebay.com/sch/i.html?_from=R40&_nkw=Lecithin+Softgels&_sacat=26395&rt=nc&LH_ItemCondition=3&LH_BIN=1&rt=nc&LH_PrefLoc=1
Omega-3 Balance,https://www.ebay.com/sch/i.html?_from=R40&_nkw=Omega-3+Balance&_sacat=26395&rt=nc&LH_ItemCondition=3&LH_BIN=1&rt=nc&LH_PrefLoc=1
Curcumin Softgels,https://www.ebay.com/sch/i.html?_from=R40&_nkw=Curcumin+Softgels&_sacat=26395&rt=nc&LH_ItemCondition=3&LH_BIN=1&rt=nc&LH_PrefLoc=1
Coenzyme Q10,https://www.ebay.com/sch/i.html?_from=R40&_nkw=Coenzyme+Q10&_sacat=26395&rt=nc&LH_ItemCondition=3&LH_BIN=1&rt=nc&LH_PrefLoc=1
Apple Cider,https://www.ebay.com/sch/i.html?_from=R40&_nkw=Apple+Cider&_sacat=26395&rt=nc&LH_ItemCondition=3&LH_BIN=1&rt=nc&LH_PrefLoc=1
Curcumin capsules,https://www.ebay.com/sch/i.html?_from=R40&_nkw=Curcumin+capsules&_sacat=26395&rt=nc&LH_ItemCondition=3&LH_BIN=1&rt=nc&LH_PrefLoc=1
Turmeric Moringa,https://www.ebay.com/sch/i.html?_from=R40&_nkw=Turmeric+Moringa&_sacat=26395&rt=nc&LH_ItemCondition=3&LH_BIN=1&rt=nc&LH_PrefLoc=1
Turmeric Curcumin,https://www.ebay.com/sch/i.html?_from=R40&_nkw=Turmeric+Curcumin&_sacat=26395&rt=nc&LH_ItemCondition=3&LH_BIN=1&rt=nc&LH_PrefLoc=1
Curcumin supplement,https://www.ebay.com/sch/i.html?_from=R40&_nkw=Curcumin+supplement&_sacat=26395&rt=nc&LH_ItemCondition=3&LH_BIN=1&rt=nc&LH_PrefLoc=1
Red Yeast,https://www.ebay.com/sch/i.html?_from=R40&_nkw=Red+Yeast&_sacat=26395&rt=nc&LH_ItemCondition=3&LH_BIN=1&rt=nc&LH_PrefLoc=1
Curcumin Support,https://www.ebay.com/sch/i.html?_from=R40&_nkw=Curcumin+Support&_sacat=26395&rt=nc&LH_ItemCondition=3&LH_BIN=1&rt=nc&LH_PrefLoc=1
DHA supplement,https://www.ebay.com/sch/i.html?_from=R40&_nkw=DHA+supplement&_sacat=26395&rt=nc&LH_ItemCondition=3&LH_BIN=1&rt=nc&LH_PrefLoc=1
Omega 3,https://www.ebay.com/sch/i.html?_from=R40&_nkw=Omega+3&_sacat=26395&rt=nc&LH_ItemCondition=3&LH_BIN=1&rt=nc&LH_PrefLoc=1
