Keyword,Links
Raw Vitamin C,https://www.amazon.com/s?k=Raw+Vitamin+C&i=hpc&s=exact-aware-popularity-rank&ref=sr_st_exact-aware-popularity-rank
Amla Spray,https://www.amazon.com/s?k=Amla+Spray&i=hpc&s=exact-aware-popularity-rank&ref=sr_st_exact-aware-popularity-rank
DIM Complex,https://www.amazon.com/s?k=DIM+Complex&i=hpc&s=exact-aware-popularity-rank&ref=sr_st_exact-aware-popularity-rank
Multivitamin Supplements,https://www.amazon.com/s?k=Multivitamin+Supplements&i=hpc&s=exact-aware-popularity-rank&ref=sr_st_exact-aware-popularity-rank
Methylated B Vitamins,https://www.amazon.com/s?k=Methylated+B+Vitamins&i=hpc&s=exact-aware-popularity-rank&ref=sr_st_exact-aware-popularity-rank
B12 Patch,https://www.amazon.com/s?k=B12+Patch&i=hpc&s=exact-aware-popularity-rank&ref=sr_st_exact-aware-popularity-rank
Ester-C Capsules,https://www.amazon.com/s?k=Ester-C+Capsules&i=hpc&s=exact-aware-popularity-rank&ref=sr_st_exact-aware-popularity-rank
Acerola Powder,https://www.amazon.com/s?k=Acerola+Powder&i=hpc&s=exact-aware-popularity-rank&ref=sr_st_exact-aware-popularity-rank
Ester-C Tablets,https://www.amazon.com/s?k=Ester-C+Tablets&i=hpc&s=exact-aware-popularity-rank&ref=sr_st_exact-aware-popularity-rank
Vitamin Capsules,https://www.amazon.com/s?k=Vitamin+Capsules&i=hpc&s=exact-aware-popularity-rank&ref=sr_st_exact-aware-popularity-rank
Mushroom Nootropic,https://www.amazon.com/s?k=Mushroom+Nootropic&i=hpc&s=exact-aware-popularity-rank&ref=sr_st_exact-aware-popularity-rank
Nootropic Supplement,https://www.amazon.com/s?k=Nootropic+Supplement&i=hpc&s=exact-aware-popularity-rank&ref=sr_st_exact-aware-popularity-rank
Cognitive Gummies,https://www.amazon.com/s?k=Cognitive+Gummies&i=hpc&s=exact-aware-popularity-rank&ref=sr_st_exact-aware-popularity-rank
Caffeine Supplements,https://www.amazon.com/s?k=Caffeine+Supplements&i=hpc&s=exact-aware-popularity-rank&ref=sr_st_exact-aware-popularity-rank
Lion's Mane Gummies,https://www.amazon.com/s?k=Lion's+Mane+Gummies&i=hpc&s=exact-aware-popularity-rank&ref=sr_st_exact-aware-popularity-rank
Cognitive support,https://www.amazon.com/s?k=Cognitive+support&i=hpc&s=exact-aware-popularity-rank&ref=sr_st_exact-aware-popularity-rank
Brain memory,https://www.amazon.com/s?k=Brain+memory&i=hpc&s=exact-aware-popularity-rank&ref=sr_st_exact-aware-popularity-rank
Methyl B12,https://www.amazon.com/s?k=Methyl+B12&i=hpc&s=exact-aware-popularity-rank&ref=sr_st_exact-aware-popularity-rank
Ginkgo Biloba,https://www.amazon.com/s?k=Ginkgo+Biloba&i=hpc&s=exact-aware-popularity-rank&ref=sr_st_exact-aware-popularity-rank
NAD Supplement,https://www.amazon.com/s?k=NAD+Supplement&i=hpc&s=exact-aware-popularity-rank&ref=sr_st_exact-aware-popularity-rank
Brain Eye,https://www.amazon.com/s?k=Brain+Eye&i=hpc&s=exact-aware-popularity-rank&ref=sr_st_exact-aware-popularity-rank
Brain Supplements,https://www.amazon.com/s?k=Brain+Supplements&i=hpc&s=exact-aware-popularity-rank&ref=sr_st_exact-aware-popularity-rank
Caffeine Free Preworkout,https://www.amazon.com/s?k=Caffeine+Free+Preworkout&i=hpc&s=exact-aware-popularity-rank&ref=sr_st_exact-aware-popularity-rank
Blueberry Supplement,https://www.amazon.com/s?k=Blueberry+Supplement&i=hpc&s=exact-aware-popularity-rank&ref=sr_st_exact-aware-popularity-rank
Brain Energy,https://www.amazon.com/s?k=Brain+Energy&i=hpc&s=exact-aware-popularity-rank&ref=sr_st_exact-aware-popularity-rank
Mental Alertness,https://www.amazon.com/s?k=Mental+Alertness&i=hpc&s=exact-aware-popularity-rank&ref=sr_st_exact-aware-popularity-rank
Nootropics Energy,https://www.amazon.com/s?k=Nootropics+Energy&i=hpc&s=exact-aware-popularity-rank&ref=sr_st_exact-aware-popularity-rank
Sulforaphane Supplement,https://www.amazon.com/s?k=Sulforaphane+Supplement&i=hpc&s=exact-aware-popularity-rank&ref=sr_st_exact-aware-popularity-rank
Memory Focus,https://www.amazon.com/s?k=Memory+Focus&i=hpc&s=exact-aware-popularity-rank&ref=sr_st_exact-aware-popularity-rank
Dopamine Supplement,https://www.amazon.com/s?k=Dopamine+Supplement&i=hpc&s=exact-aware-popularity-rank&ref=sr_st_exact-aware-popularity-rank
Cognitive Supplements,https://www.amazon.com/s?k=Cognitive+Supplements&i=hpc&s=exact-aware-popularity-rank&ref=sr_st_exact-aware-popularity-rank
Mushroom Capsules,https://www.amazon.com/s?k=Mushroom+Capsules&i=hpc&s=exact-aware-popularity-rank&ref=sr_st_exact-aware-popularity-rank
Ginseng capsules,https://www.amazon.com/s?k=Ginseng+capsules&i=hpc&s=exact-aware-popularity-rank&ref=sr_st_exact-aware-popularity-rank
Mushroom Gummies,https://www.amazon.com/s?k=Mushroom+Gummies&i=hpc&s=exact-aware-popularity-rank&ref=sr_st_exact-aware-popularity-rank
Memory Supplements,https://www.amazon.com/s?k=Memory+Supplements&i=hpc&s=exact-aware-popularity-rank&ref=sr_st_exact-aware-popularity-rank
Brain Nootropic,https://www.amazon.com/s?k=Brain+Nootropic&i=hpc&s=exact-aware-popularity-rank&ref=sr_st_exact-aware-popularity-rank
Strawberry Pineapple,https://www.amazon.com/s?k=Strawberry+Pineapple&i=hpc&s=exact-aware-popularity-rank&ref=sr_st_exact-aware-popularity-rank
Hearing Support,https://www.amazon.com/s?k=Hearing+Support&i=hpc&s=exact-aware-popularity-rank&ref=sr_st_exact-aware-popularity-rank
Blue Light Protection,https://www.amazon.com/s?k=Blue+Light+Protection&i=hpc&s=exact-aware-popularity-rank&ref=sr_st_exact-aware-popularity-rank
Resveratrol Capsules,https://www.amazon.com/s?k=Resveratrol+Capsules&i=hpc&s=exact-aware-popularity-rank&ref=sr_st_exact-aware-popularity-rank
Mental Clarity,https://www.amazon.com/s?k=Mental+Clarity&i=hpc&s=exact-aware-popularity-rank&ref=sr_st_exact-aware-popularity-rank
Cognizin Caplets,https://www.amazon.com/s?k=Cognizin+Caplets&i=hpc&s=exact-aware-popularity-rank&ref=sr_st_exact-aware-popularity-rank
Cognitive Health,https://www.amazon.com/s?k=Cognitive+Health&i=hpc&s=exact-aware-popularity-rank&ref=sr_st_exact-aware-popularity-rank
Brain Capsules,https://www.amazon.com/s?k=Brain+Capsules&i=hpc&s=exact-aware-popularity-rank&ref=sr_st_exact-aware-popularity-rank
Energy supplements,https://www.amazon.com/s?k=Energy+supplements&i=hpc&s=exact-aware-popularity-rank&ref=sr_st_exact-aware-popularity-rank
Gaming Nootropic,https://www.amazon.com/s?k=Gaming+Nootropic&i=hpc&s=exact-aware-popularity-rank&ref=sr_st_exact-aware-popularity-rank
Phosphatidylserine Supplement,https://www.amazon.com/s?k=Phosphatidylserine+Supplement&i=hpc&s=exact-aware-popularity-rank&ref=sr_st_exact-aware-popularity-rank
Brain wellness,https://www.amazon.com/s?k=Brain+wellness&i=hpc&s=exact-aware-popularity-rank&ref=sr_st_exact-aware-popularity-rank
DHA EPA,https://www.amazon.com/s?k=DHA+EPA&i=hpc&s=exact-aware-popularity-rank&ref=sr_st_exact-aware-popularity-rank
Memory Gummies,https://www.amazon.com/s?k=Memory+Gummies&i=hpc&s=exact-aware-popularity-rank&ref=sr_st_exact-aware-popularity-rank
