Keyword,Links
Hogwarts Bag,https://www.ebay.com/sch/i.html?_from=R40&_nkw=Hogwarts+Bag&_sacat=26395&rt=nc&LH_ItemCondition=3&LH_BIN=1&rt=nc&LH_PrefLoc=1
Slant Tweezer,https://www.ebay.com/sch/i.html?_from=R40&_nkw=Slant+Tweezer&_sacat=26395&rt=nc&LH_ItemCondition=3&LH_BIN=1&rt=nc&LH_PrefLoc=1
Eye Massager,https://www.ebay.com/sch/i.html?_from=R40&_nkw=Eye+Massager&_sacat=26395&rt=nc&LH_ItemCondition=3&LH_BIN=1&rt=nc&LH_PrefLoc=1
Highlight Brush,https://www.ebay.com/sch/i.html?_from=R40&_nkw=Highlight+Brush&_sacat=26395&rt=nc&LH_ItemCondition=3&LH_BIN=1&rt=nc&LH_PrefLoc=1
Beauty Sponge,https://www.ebay.com/sch/i.html?_from=R40&_nkw=Beauty+Sponge&_sacat=26395&rt=nc&LH_ItemCondition=3&LH_BIN=1&rt=nc&LH_PrefLoc=1
Makeup Puffs,https://www.ebay.com/sch/i.html?_from=R40&_nkw=Makeup+Puffs&_sacat=26395&rt=nc&LH_ItemCondition=3&LH_BIN=1&rt=nc&LH_PrefLoc=1
Sculpting Sponge,https://www.ebay.com/sch/i.html?_from=R40&_nkw=Sculpting+Sponge&_sacat=26395&rt=nc&LH_ItemCondition=3&LH_BIN=1&rt=nc&LH_PrefLoc=1
Dermaplaning Kit,https://www.ebay.com/sch/i.html?_from=R40&_nkw=Dermaplaning+Kit&_sacat=26395&rt=nc&LH_ItemCondition=3&LH_BIN=1&rt=nc&LH_PrefLoc=1
Stitch Cosmetic,https://www.ebay.com/sch/i.html?_from=R40&_nkw=Stitch+Cosmetic&_sacat=26395&rt=nc&LH_ItemCondition=3&LH_BIN=1&rt=nc&LH_PrefLoc=1
Foam Rollers,https://www.ebay.com/sch/i.html?_from=R40&_nkw=Foam+Rollers&_sacat=26395&rt=nc&LH_ItemCondition=3&LH_BIN=1&rt=nc&LH_PrefLoc=1
Volume Comb,https://www.ebay.com/sch/i.html?_from=R40&_nkw=Volume+Comb&_sacat=26395&rt=nc&LH_ItemCondition=3&LH_BIN=1&rt=nc&LH_PrefLoc=1
Microneedling Roller,https://www.ebay.com/sch/i.html?_from=R40&_nkw=Microneedling+Roller&_sacat=26395&rt=nc&LH_ItemCondition=3&LH_BIN=1&rt=nc&LH_PrefLoc=1
Facial Sauna,https://www.ebay.com/sch/i.html?_from=R40&_nkw=Facial+Sauna&_sacat=26395&rt=nc&LH_ItemCondition=3&LH_BIN=1&rt=nc&LH_PrefLoc=1
Travel Mirror,https://www.ebay.com/sch/i.html?_from=R40&_nkw=Travel+Mirror&_sacat=26395&rt=nc&LH_ItemCondition=3&LH_BIN=1&rt=nc&LH_PrefLoc=1
Wall-Mount Dryer,https://www.ebay.com/sch/i.html?_from=R40&_nkw=Wall-Mount+Dryer&_sacat=26395&rt=nc&LH_ItemCondition=3&LH_BIN=1&rt=nc&LH_PrefLoc=1
Makeup Brush Cleaner,https://www.ebay.com/sch/i.html?_from=R40&_nkw=Makeup+Brush+Cleaner&_sacat=26395&rt=nc&LH_ItemCondition=3&LH_BIN=1&rt=nc&LH_PrefLoc=1
Heatless Curlers,https://www.ebay.com/sch/i.html?_from=R40&_nkw=Heatless+Curlers&_sacat=26395&rt=nc&LH_ItemCondition=3&LH_BIN=1&rt=nc&LH_PrefLoc=1
Toiletry Organizer,https://www.ebay.com/sch/i.html?_from=R40&_nkw=Toiletry+Organizer&_sacat=26395&rt=nc&LH_ItemCondition=3&LH_BIN=1&rt=nc&LH_PrefLoc=1
LED Mirror,https://www.ebay.com/sch/i.html?_from=R40&_nkw=LED+Mirror&_sacat=26395&rt=nc&LH_ItemCondition=3&LH_BIN=1&rt=nc&LH_PrefLoc=1
High-Speed Blow Dryer,https://www.ebay.com/sch/i.html?_from=R40&_nkw=High-Speed+Blow+Dryer&_sacat=26395&rt=nc&LH_ItemCondition=3&LH_BIN=1&rt=nc&LH_PrefLoc=1
Cushion Sponge,https://www.ebay.com/sch/i.html?_from=R40&_nkw=Cushion+Sponge&_sacat=26395&rt=nc&LH_ItemCondition=3&LH_BIN=1&rt=nc&LH_PrefLoc=1
Brow Scissors,https://www.ebay.com/sch/i.html?_from=R40&_nkw=Brow+Scissors&_sacat=26395&rt=nc&LH_ItemCondition=3&LH_BIN=1&rt=nc&LH_PrefLoc=1
Hair cutting kit,https://www.ebay.com/sch/i.html?_from=R40&_nkw=Hair+cutting+kit&_sacat=26395&rt=nc&LH_ItemCondition=3&LH_BIN=1&rt=nc&LH_PrefLoc=1
Floral Organizer,https://www.ebay.com/sch/i.html?_from=R40&_nkw=Floral+Organizer&_sacat=26395&rt=nc&LH_ItemCondition=3&LH_BIN=1&rt=nc&LH_PrefLoc=1
Carbon Fiber Combs,https://www.ebay.com/sch/i.html?_from=R40&_nkw=Carbon+Fiber+Combs&_sacat=26395&rt=nc&LH_ItemCondition=3&LH_BIN=1&rt=nc&LH_PrefLoc=1
Makeup Cleaner,https://www.ebay.com/sch/i.html?_from=R40&_nkw=Makeup+Cleaner&_sacat=26395&rt=nc&LH_ItemCondition=3&LH_BIN=1&rt=nc&LH_PrefLoc=1
Rake Comb,https://www.ebay.com/sch/i.html?_from=R40&_nkw=Rake+Comb&_sacat=26395&rt=nc&LH_ItemCondition=3&LH_BIN=1&rt=nc&LH_PrefLoc=1
French twist,https://www.ebay.com/sch/i.html?_from=R40&_nkw=French+twist&_sacat=26395&rt=nc&LH_ItemCondition=3&LH_BIN=1&rt=nc&LH_PrefLoc=1
Style Booster,https://www.ebay.com/sch/i.html?_from=R40&_nkw=Style+Booster&_sacat=26395&rt=nc&LH_ItemCondition=3&LH_BIN=1&rt=nc&LH_PrefLoc=1
Grooming Kit,https://www.ebay.com/sch/i.html?_from=R40&_nkw=Grooming+Kit&_sacat=26395&rt=nc&LH_ItemCondition=3&LH_BIN=1&rt=nc&LH_PrefLoc=1
Hair Crimper,https://www.ebay.com/sch/i.html?_from=R40&_nkw=Hair+Crimper&_sacat=26395&rt=nc&LH_ItemCondition=3&LH_BIN=1&rt=nc&LH_PrefLoc=1
Shaving Apron,https://www.ebay.com/sch/i.html?_from=R40&_nkw=Shaving+Apron&_sacat=26395&rt=nc&LH_ItemCondition=3&LH_BIN=1&rt=nc&LH_PrefLoc=1
Grooming Scissors,https://www.ebay.com/sch/i.html?_from=R40&_nkw=Grooming+Scissors&_sacat=26395&rt=nc&LH_ItemCondition=3&LH_BIN=1&rt=nc&LH_PrefLoc=1
Beauty Massager,https://www.ebay.com/sch/i.html?_from=R40&_nkw=Beauty+Massager&_sacat=26395&rt=nc&LH_ItemCondition=3&LH_BIN=1&rt=nc&LH_PrefLoc=1
Eye Shadow Applicator,https://www.ebay.com/sch/i.html?_from=R40&_nkw=Eye+Shadow+Applicator&_sacat=26395&rt=nc&LH_ItemCondition=3&LH_BIN=1&rt=nc&LH_PrefLoc=1
Cotton Organizer,https://www.ebay.com/sch/i.html?_from=R40&_nkw=Cotton+Organizer&_sacat=26395&rt=nc&LH_ItemCondition=3&LH_BIN=1&rt=nc&LH_PrefLoc=1
Hair scissors,https://www.ebay.com/sch/i.html?_from=R40&_nkw=Hair+scissors&_sacat=26395&rt=nc&LH_ItemCondition=3&LH_BIN=1&rt=nc&LH_PrefLoc=1
Ionic Hair Setter,https://www.ebay.com/sch/i.html?_from=R40&_nkw=Ionic+Hair+Setter&_sacat=26395&rt=nc&LH_ItemCondition=3&LH_BIN=1&rt=nc&LH_PrefLoc=1
Reusable rounds,https://www.ebay.com/sch/i.html?_from=R40&_nkw=Reusable+rounds&_sacat=26395&rt=nc&LH_ItemCondition=3&LH_BIN=1&rt=nc&LH_PrefLoc=1
Jumbo Wedges,https://www.ebay.com/sch/i.html?_from=R40&_nkw=Jumbo+Wedges&_sacat=26395&rt=nc&LH_ItemCondition=3&LH_BIN=1&rt=nc&LH_PrefLoc=1
Blackhead Extractor,https://www.ebay.com/sch/i.html?_from=R40&_nkw=Blackhead+Extractor&_sacat=26395&rt=nc&LH_ItemCondition=3&LH_BIN=1&rt=nc&LH_PrefLoc=1
Volumizing Brush,https://www.ebay.com/sch/i.html?_from=R40&_nkw=Volumizing+Brush&_sacat=26395&rt=nc&LH_ItemCondition=3&LH_BIN=1&rt=nc&LH_PrefLoc=1
Travel Makeup,https://www.ebay.com/sch/i.html?_from=R40&_nkw=Travel+Makeup&_sacat=26395&rt=nc&LH_ItemCondition=3&LH_BIN=1&rt=nc&LH_PrefLoc=1
Comb set,https://www.ebay.com/sch/i.html?_from=R40&_nkw=Comb+set&_sacat=26395&rt=nc&LH_ItemCondition=3&LH_BIN=1&rt=nc&LH_PrefLoc=1
Travel Makeup Brushes,https://www.ebay.com/sch/i.html?_from=R40&_nkw=Travel+Makeup+Brushes&_sacat=26395&rt=nc&LH_ItemCondition=3&LH_BIN=1&rt=nc&LH_PrefLoc=1
Piano Music,https://www.ebay.com/sch/i.html?_from=R40&_nkw=Piano+Music&_sacat=26395&rt=nc&LH_ItemCondition=3&LH_BIN=1&rt=nc&LH_PrefLoc=1
Scalp Comb,https://www.ebay.com/sch/i.html?_from=R40&_nkw=Scalp+Comb&_sacat=26395&rt=nc&LH_ItemCondition=3&LH_BIN=1&rt=nc&LH_PrefLoc=1
Inspirational Mirror,https://www.ebay.com/sch/i.html?_from=R40&_nkw=Inspirational+Mirror&_sacat=26395&rt=nc&LH_ItemCondition=3&LH_BIN=1&rt=nc&LH_PrefLoc=1
Lash Curler,https://www.ebay.com/sch/i.html?_from=R40&_nkw=Lash+Curler&_sacat=26395&rt=nc&LH_ItemCondition=3&LH_BIN=1&rt=nc&LH_PrefLoc=1
Bun Shaper,https://www.ebay.com/sch/i.html?_from=R40&_nkw=Bun+Shaper&_sacat=26395&rt=nc&LH_ItemCondition=3&LH_BIN=1&rt=nc&LH_PrefLoc=1
