Keyword,Links
Icelandic Kelp,https://www.ebay.com/sch/i.html?_from=R40&_nkw=Icelandic+Kelp&_sacat=26395&rt=nc&LH_ItemCondition=3&LH_BIN=1&rt=nc&LH_PrefLoc=1
fiber supplement,https://www.ebay.com/sch/i.html?_from=R40&_nkw=fiber+supplement&_sacat=26395&rt=nc&LH_ItemCondition=3&LH_BIN=1&rt=nc&LH_PrefLoc=1
Doxylamine Tablets,https://www.ebay.com/sch/i.html?_from=R40&_nkw=Doxylamine+Tablets&_sacat=26395&rt=nc&LH_ItemCondition=3&LH_BIN=1&rt=nc&LH_PrefLoc=1
Melatonin Sleep,https://www.ebay.com/sch/i.html?_from=R40&_nkw=Melatonin+Sleep&_sacat=26395&rt=nc&LH_ItemCondition=3&LH_BIN=1&rt=nc&LH_PrefLoc=1
Sleep tablets,https://www.ebay.com/sch/i.html?_from=R40&_nkw=Sleep+tablets&_sacat=26395&rt=nc&LH_ItemCondition=3&LH_BIN=1&rt=nc&LH_PrefLoc=1
Melatonin Spray,https://www.ebay.com/sch/i.html?_from=R40&_nkw=Melatonin+Spray&_sacat=26395&rt=nc&LH_ItemCondition=3&LH_BIN=1&rt=nc&LH_PrefLoc=1
Liquid Melatonin,https://www.ebay.com/sch/i.html?_from=R40&_nkw=Liquid+Melatonin&_sacat=26395&rt=nc&LH_ItemCondition=3&LH_BIN=1&rt=nc&LH_PrefLoc=1
Sleep lotion,https://www.ebay.com/sch/i.html?_from=R40&_nkw=Sleep+lotion&_sacat=26395&rt=nc&LH_ItemCondition=3&LH_BIN=1&rt=nc&LH_PrefLoc=1
5-HTP Capsules,https://www.ebay.com/sch/i.html?_from=R40&_nkw=5-HTP+Capsules&_sacat=26395&rt=nc&LH_ItemCondition=3&LH_BIN=1&rt=nc&LH_PrefLoc=1
Restful legs,https://www.ebay.com/sch/i.html?_from=R40&_nkw=Restful+legs&_sacat=26395&rt=nc&LH_ItemCondition=3&LH_BIN=1&rt=nc&LH_PrefLoc=1
Sleep Bath,https://www.ebay.com/sch/i.html?_from=R40&_nkw=Sleep+Bath&_sacat=26395&rt=nc&LH_ItemCondition=3&LH_BIN=1&rt=nc&LH_PrefLoc=1
Sleep blend,https://www.ebay.com/sch/i.html?_from=R40&_nkw=Sleep+blend&_sacat=26395&rt=nc&LH_ItemCondition=3&LH_BIN=1&rt=nc&LH_PrefLoc=1
Testosterone Sleep,https://www.ebay.com/sch/i.html?_from=R40&_nkw=Testosterone+Sleep&_sacat=26395&rt=nc&LH_ItemCondition=3&LH_BIN=1&rt=nc&LH_PrefLoc=1
5-HTP Supplement,https://www.ebay.com/sch/i.html?_from=R40&_nkw=5-HTP+Supplement&_sacat=26395&rt=nc&LH_ItemCondition=3&LH_BIN=1&rt=nc&LH_PrefLoc=1
Homeopathic remedy,https://www.ebay.com/sch/i.html?_from=R40&_nkw=Homeopathic+remedy&_sacat=26395&rt=nc&LH_ItemCondition=3&LH_BIN=1&rt=nc&LH_PrefLoc=1
Sleep tonic,https://www.ebay.com/sch/i.html?_from=R40&_nkw=Sleep+tonic&_sacat=26395&rt=nc&LH_ItemCondition=3&LH_BIN=1&rt=nc&LH_PrefLoc=1
Healthy Mood,https://www.ebay.com/sch/i.html?_from=R40&_nkw=Healthy+Mood&_sacat=26395&rt=nc&LH_ItemCondition=3&LH_BIN=1&rt=nc&LH_PrefLoc=1
Collagen Fat Burner,https://www.ebay.com/sch/i.html?_from=R40&_nkw=Collagen+Fat+Burner&_sacat=26395&rt=nc&LH_ItemCondition=3&LH_BIN=1&rt=nc&LH_PrefLoc=1
Sleep caplets,https://www.ebay.com/sch/i.html?_from=R40&_nkw=Sleep+caplets&_sacat=26395&rt=nc&LH_ItemCondition=3&LH_BIN=1&rt=nc&LH_PrefLoc=1
Prostate Supplement,https://www.ebay.com/sch/i.html?_from=R40&_nkw=Prostate+Supplement&_sacat=26395&rt=nc&LH_ItemCondition=3&LH_BIN=1&rt=nc&LH_PrefLoc=1
Melatonin Liquid,https://www.ebay.com/sch/i.html?_from=R40&_nkw=Melatonin+Liquid&_sacat=26395&rt=nc&LH_ItemCondition=3&LH_BIN=1&rt=nc&LH_PrefLoc=1
Heartburn Relief,https://www.ebay.com/sch/i.html?_from=R40&_nkw=Heartburn+Relief&_sacat=26395&rt=nc&LH_ItemCondition=3&LH_BIN=1&rt=nc&LH_PrefLoc=1
Natural Sleep,https://www.ebay.com/sch/i.html?_from=R40&_nkw=Natural+Sleep&_sacat=26395&rt=nc&LH_ItemCondition=3&LH_BIN=1&rt=nc&LH_PrefLoc=1
Age Renewal,https://www.ebay.com/sch/i.html?_from=R40&_nkw=Age+Renewal&_sacat=26395&rt=nc&LH_ItemCondition=3&LH_BIN=1&rt=nc&LH_PrefLoc=1
Extra Strength Melatonin,https://www.ebay.com/sch/i.html?_from=R40&_nkw=Extra+Strength+Melatonin&_sacat=26395&rt=nc&LH_ItemCondition=3&LH_BIN=1&rt=nc&LH_PrefLoc=1
Melatonin Nuggets,https://www.ebay.com/sch/i.html?_from=R40&_nkw=Melatonin+Nuggets&_sacat=26395&rt=nc&LH_ItemCondition=3&LH_BIN=1&rt=nc&LH_PrefLoc=1
Children's melatonin,https://www.ebay.com/sch/i.html?_from=R40&_nkw=Children's+melatonin&_sacat=26395&rt=nc&LH_ItemCondition=3&LH_BIN=1&rt=nc&LH_PrefLoc=1
Melatonin Chewables,https://www.ebay.com/sch/i.html?_from=R40&_nkw=Melatonin+Chewables&_sacat=26395&rt=nc&LH_ItemCondition=3&LH_BIN=1&rt=nc&LH_PrefLoc=1
Ear supplement,https://www.ebay.com/sch/i.html?_from=R40&_nkw=Ear+supplement&_sacat=26395&rt=nc&LH_ItemCondition=3&LH_BIN=1&rt=nc&LH_PrefLoc=1
Melatonin Lozenges,https://www.ebay.com/sch/i.html?_from=R40&_nkw=Melatonin+Lozenges&_sacat=26395&rt=nc&LH_ItemCondition=3&LH_BIN=1&rt=nc&LH_PrefLoc=1
Melatonin Drops,https://www.ebay.com/sch/i.html?_from=R40&_nkw=Melatonin+Drops&_sacat=26395&rt=nc&LH_ItemCondition=3&LH_BIN=1&rt=nc&LH_PrefLoc=1
Melatonin Quick Dissolve,https://www.ebay.com/sch/i.html?_from=R40&_nkw=Melatonin+Quick+Dissolve&_sacat=26395&rt=nc&LH_ItemCondition=3&LH_BIN=1&rt=nc&LH_PrefLoc=1
Melatonin 10mg,https://www.ebay.com/sch/i.html?_from=R40&_nkw=Melatonin+10mg&_sacat=26395&rt=nc&LH_ItemCondition=3&LH_BIN=1&rt=nc&LH_PrefLoc=1
Valerian Capsules,https://www.ebay.com/sch/i.html?_from=R40&_nkw=Valerian+Capsules&_sacat=26395&rt=nc&LH_ItemCondition=3&LH_BIN=1&rt=nc&LH_PrefLoc=1
Melatonin Lozenge,https://www.ebay.com/sch/i.html?_from=R40&_nkw=Melatonin+Lozenge&_sacat=26395&rt=nc&LH_ItemCondition=3&LH_BIN=1&rt=nc&LH_PrefLoc=1
5-HTP Tablets,https://www.ebay.com/sch/i.html?_from=R40&_nkw=5-HTP+Tablets&_sacat=26395&rt=nc&LH_ItemCondition=3&LH_BIN=1&rt=nc&LH_PrefLoc=1
Thyroid Remedies,https://www.ebay.com/sch/i.html?_from=R40&_nkw=Thyroid+Remedies&_sacat=26395&rt=nc&LH_ItemCondition=3&LH_BIN=1&rt=nc&LH_PrefLoc=1
Mint Dental Floss,https://www.ebay.com/sch/i.html?_from=R40&_nkw=Mint+Dental+Floss&_sacat=26395&rt=nc&LH_ItemCondition=3&LH_BIN=1&rt=nc&LH_PrefLoc=1
Melatonin 5mg,https://www.ebay.com/sch/i.html?_from=R40&_nkw=Melatonin+5mg&_sacat=26395&rt=nc&LH_ItemCondition=3&LH_BIN=1&rt=nc&LH_PrefLoc=1
Melatonin Chewable,https://www.ebay.com/sch/i.html?_from=R40&_nkw=Melatonin+Chewable&_sacat=26395&rt=nc&LH_ItemCondition=3&LH_BIN=1&rt=nc&LH_PrefLoc=1
Melatonin Glycine,https://www.ebay.com/sch/i.html?_from=R40&_nkw=Melatonin+Glycine&_sacat=26395&rt=nc&LH_ItemCondition=3&LH_BIN=1&rt=nc&LH_PrefLoc=1
Fat burner,https://www.ebay.com/sch/i.html?_from=R40&_nkw=Fat+burner&_sacat=26395&rt=nc&LH_ItemCondition=3&LH_BIN=1&rt=nc&LH_PrefLoc=1
Valerian Drops,https://www.ebay.com/sch/i.html?_from=R40&_nkw=Valerian+Drops&_sacat=26395&rt=nc&LH_ItemCondition=3&LH_BIN=1&rt=nc&LH_PrefLoc=1
Reishi Gummies,https://www.ebay.com/sch/i.html?_from=R40&_nkw=Reishi+Gummies&_sacat=26395&rt=nc&LH_ItemCondition=3&LH_BIN=1&rt=nc&LH_PrefLoc=1
Aroma Diffuser,https://www.ebay.com/sch/i.html?_from=R40&_nkw=Aroma+Diffuser&_sacat=26395&rt=nc&LH_ItemCondition=3&LH_BIN=1&rt=nc&LH_PrefLoc=1
5-HTP Powder,https://www.ebay.com/sch/i.html?_from=R40&_nkw=5-HTP+Powder&_sacat=26395&rt=nc&LH_ItemCondition=3&LH_BIN=1&rt=nc&LH_PrefLoc=1
Chewable Melatonin,https://www.ebay.com/sch/i.html?_from=R40&_nkw=Chewable+Melatonin&_sacat=26395&rt=nc&LH_ItemCondition=3&LH_BIN=1&rt=nc&LH_PrefLoc=1
Sleep supplements,https://www.ebay.com/sch/i.html?_from=R40&_nkw=Sleep+supplements&_sacat=26395&rt=nc&LH_ItemCondition=3&LH_BIN=1&rt=nc&LH_PrefLoc=1
Sleep Melatonin,https://www.ebay.com/sch/i.html?_from=R40&_nkw=Sleep+Melatonin&_sacat=26395&rt=nc&LH_ItemCondition=3&LH_BIN=1&rt=nc&LH_PrefLoc=1
Melatonin Cherry,https://www.ebay.com/sch/i.html?_from=R40&_nkw=Melatonin+Cherry&_sacat=26395&rt=nc&LH_ItemCondition=3&LH_BIN=1&rt=nc&LH_PrefLoc=1
