Keyword,Links
Autobiography Essays,https://www.amazon.com/s?k=Autobiography+Essays&i=hpc&s=exact-aware-popularity-rank&ref=sr_st_exact-aware-popularity-rank
Great Believers,https://www.amazon.com/s?k=Great+Believers&i=hpc&s=exact-aware-popularity-rank&ref=sr_st_exact-aware-popularity-rank
Memoir Life,https://www.amazon.com/s?k=Memoir+Life&i=hpc&s=exact-aware-popularity-rank&ref=sr_st_exact-aware-popularity-rank
Pre-Owned,https://www.amazon.com/s?k=Pre-Owned&i=hpc&s=exact-aware-popularity-rank&ref=sr_st_exact-aware-popularity-rank
Antigone adaptation,https://www.amazon.com/s?k=Antigone+adaptation&i=hpc&s=exact-aware-popularity-rank&ref=sr_st_exact-aware-popularity-rank
Reality Feminism,https://www.amazon.com/s?k=Reality+Feminism&i=hpc&s=exact-aware-popularity-rank&ref=sr_st_exact-aware-popularity-rank
Perfect Crime,https://www.amazon.com/s?k=Perfect+Crime&i=hpc&s=exact-aware-popularity-rank&ref=sr_st_exact-aware-popularity-rank
Wine memoir,https://www.amazon.com/s?k=Wine+memoir&i=hpc&s=exact-aware-popularity-rank&ref=sr_st_exact-aware-popularity-rank
Crook Manifesto,https://www.amazon.com/s?k=Crook+Manifesto&i=hpc&s=exact-aware-popularity-rank&ref=sr_st_exact-aware-popularity-rank
Circling Sun,https://www.amazon.com/s?k=Circling+Sun&i=hpc&s=exact-aware-popularity-rank&ref=sr_st_exact-aware-popularity-rank
Kids laxative,https://www.amazon.com/s?k=Kids+laxative&i=hpc&s=exact-aware-popularity-rank&ref=sr_st_exact-aware-popularity-rank
Enema Set,https://www.amazon.com/s?k=Enema+Set&i=hpc&s=exact-aware-popularity-rank&ref=sr_st_exact-aware-popularity-rank
Ear wax,https://www.amazon.com/s?k=Ear+wax&i=hpc&s=exact-aware-popularity-rank&ref=sr_st_exact-aware-popularity-rank
Tea Tree Oil,https://www.amazon.com/s?k=Tea+Tree+Oil&i=hpc&s=exact-aware-popularity-rank&ref=sr_st_exact-aware-popularity-rank
Antiseptic solution,https://www.amazon.com/s?k=Antiseptic+solution&i=hpc&s=exact-aware-popularity-rank&ref=sr_st_exact-aware-popularity-rank
Prunelax Ciruelax,https://www.amazon.com/s?k=Prunelax+Ciruelax&i=hpc&s=exact-aware-popularity-rank&ref=sr_st_exact-aware-popularity-rank
Silicone Enema,https://www.amazon.com/s?k=Silicone+Enema&i=hpc&s=exact-aware-popularity-rank&ref=sr_st_exact-aware-popularity-rank
Hot water bottle,https://www.amazon.com/s?k=Hot+water+bottle&i=hpc&s=exact-aware-popularity-rank&ref=sr_st_exact-aware-popularity-rank
Chocolate laxatives,https://www.amazon.com/s?k=Chocolate+laxatives&i=hpc&s=exact-aware-popularity-rank&ref=sr_st_exact-aware-popularity-rank
Organic Cleanse,https://www.amazon.com/s?k=Organic+Cleanse&i=hpc&s=exact-aware-popularity-rank&ref=sr_st_exact-aware-popularity-rank
Arch support,https://www.amazon.com/s?k=Arch+support&i=hpc&s=exact-aware-popularity-rank&ref=sr_st_exact-aware-popularity-rank
Maximum laxatives,https://www.amazon.com/s?k=Maximum+laxatives&i=hpc&s=exact-aware-popularity-rank&ref=sr_st_exact-aware-popularity-rank
Sulfur Powder,https://www.amazon.com/s?k=Sulfur+Powder&i=hpc&s=exact-aware-popularity-rank&ref=sr_st_exact-aware-popularity-rank
Women Opinion,https://www.amazon.com/s?k=Women+Opinion&i=hpc&s=exact-aware-popularity-rank&ref=sr_st_exact-aware-popularity-rank
mini enema,https://www.amazon.com/s?k=mini+enema&i=hpc&s=exact-aware-popularity-rank&ref=sr_st_exact-aware-popularity-rank
Cleansing Enema,https://www.amazon.com/s?k=Cleansing+Enema&i=hpc&s=exact-aware-popularity-rank&ref=sr_st_exact-aware-popularity-rank
CPAP sanitizer,https://www.amazon.com/s?k=CPAP+sanitizer&i=hpc&s=exact-aware-popularity-rank&ref=sr_st_exact-aware-popularity-rank
Calamine Lotion,https://www.amazon.com/s?k=Calamine+Lotion&i=hpc&s=exact-aware-popularity-rank&ref=sr_st_exact-aware-popularity-rank
Toddler toothpaste,https://www.amazon.com/s?k=Toddler+toothpaste&i=hpc&s=exact-aware-popularity-rank&ref=sr_st_exact-aware-popularity-rank
Laxative Bisacodyl,https://www.amazon.com/s?k=Laxative+Bisacodyl&i=hpc&s=exact-aware-popularity-rank&ref=sr_st_exact-aware-popularity-rank
Laxative Pills,https://www.amazon.com/s?k=Laxative+Pills&i=hpc&s=exact-aware-popularity-rank&ref=sr_st_exact-aware-popularity-rank
Sweet Olive,https://www.amazon.com/s?k=Sweet+Olive&i=hpc&s=exact-aware-popularity-rank&ref=sr_st_exact-aware-popularity-rank
Mint Laxative,https://www.amazon.com/s?k=Mint+Laxative&i=hpc&s=exact-aware-popularity-rank&ref=sr_st_exact-aware-popularity-rank
Children enema,https://www.amazon.com/s?k=Children+enema&i=hpc&s=exact-aware-popularity-rank&ref=sr_st_exact-aware-popularity-rank
Chigg Away,https://www.amazon.com/s?k=Chigg+Away&i=hpc&s=exact-aware-popularity-rank&ref=sr_st_exact-aware-popularity-rank
Laxative Caplets,https://www.amazon.com/s?k=Laxative+Caplets&i=hpc&s=exact-aware-popularity-rank&ref=sr_st_exact-aware-popularity-rank
Infant laxative,https://www.amazon.com/s?k=Infant+laxative&i=hpc&s=exact-aware-popularity-rank&ref=sr_st_exact-aware-popularity-rank
Mineral Oil Enema,https://www.amazon.com/s?k=Mineral+Oil+Enema&i=hpc&s=exact-aware-popularity-rank&ref=sr_st_exact-aware-popularity-rank
Laxative Chocolate,https://www.amazon.com/s?k=Laxative+Chocolate&i=hpc&s=exact-aware-popularity-rank&ref=sr_st_exact-aware-popularity-rank
Laxative Packets,https://www.amazon.com/s?k=Laxative+Packets&i=hpc&s=exact-aware-popularity-rank&ref=sr_st_exact-aware-popularity-rank
Enema Bags,https://www.amazon.com/s?k=Enema+Bags&i=hpc&s=exact-aware-popularity-rank&ref=sr_st_exact-aware-popularity-rank
Bisacodyl Enema,https://www.amazon.com/s?k=Bisacodyl+Enema&i=hpc&s=exact-aware-popularity-rank&ref=sr_st_exact-aware-popularity-rank
Enema System,https://www.amazon.com/s?k=Enema+System&i=hpc&s=exact-aware-popularity-rank&ref=sr_st_exact-aware-popularity-rank
Bisacodyl Suppositories,https://www.amazon.com/s?k=Bisacodyl+Suppositories&i=hpc&s=exact-aware-popularity-rank&ref=sr_st_exact-aware-popularity-rank
Senna Powder,https://www.amazon.com/s?k=Senna+Powder&i=hpc&s=exact-aware-popularity-rank&ref=sr_st_exact-aware-popularity-rank
Senna Complex,https://www.amazon.com/s?k=Senna+Complex&i=hpc&s=exact-aware-popularity-rank&ref=sr_st_exact-aware-popularity-rank
Lung Exerciser,https://www.amazon.com/s?k=Lung+Exerciser&i=hpc&s=exact-aware-popularity-rank&ref=sr_st_exact-aware-popularity-rank
Medical Douche,https://www.amazon.com/s?k=Medical+Douche&i=hpc&s=exact-aware-popularity-rank&ref=sr_st_exact-aware-popularity-rank
Pedia-Lax Enema,https://www.amazon.com/s?k=Pedia-Lax+Enema&i=hpc&s=exact-aware-popularity-rank&ref=sr_st_exact-aware-popularity-rank
Laxative Capsules,https://www.amazon.com/s?k=Laxative+Capsules&i=hpc&s=exact-aware-popularity-rank&ref=sr_st_exact-aware-popularity-rank
