Keyword,Links
Regenerative Night Cream,https://www.amazon.com/s?k=Regenerative+Night+Cream&i=beauty&s=exact-aware-popularity-rank&ref=sr_st_exact-aware-popularity-rank
Beach mist,https://www.amazon.com/s?k=Beach+mist&i=beauty&s=exact-aware-popularity-rank&ref=sr_st_exact-aware-popularity-rank
Even Skintone,https://www.amazon.com/s?k=Even+Skintone&i=beauty&s=exact-aware-popularity-rank&ref=sr_st_exact-aware-popularity-rank
Light Moisturizer,https://www.amazon.com/s?k=Light+Moisturizer&i=beauty&s=exact-aware-popularity-rank&ref=sr_st_exact-aware-popularity-rank
Microdermabrasion Oil,https://www.amazon.com/s?k=Microdermabrasion+Oil&i=beauty&s=exact-aware-popularity-rank&ref=sr_st_exact-aware-popularity-rank
Oil control moisturizer,https://www.amazon.com/s?k=Oil+control+moisturizer&i=beauty&s=exact-aware-popularity-rank&ref=sr_st_exact-aware-popularity-rank
Hand treatment,https://www.amazon.com/s?k=Hand+treatment&i=beauty&s=exact-aware-popularity-rank&ref=sr_st_exact-aware-popularity-rank
Radiance cream,https://www.amazon.com/s?k=Radiance+cream&i=beauty&s=exact-aware-popularity-rank&ref=sr_st_exact-aware-popularity-rank
Cellufirm Moisturizer,https://www.amazon.com/s?k=Cellufirm+Moisturizer&i=beauty&s=exact-aware-popularity-rank&ref=sr_st_exact-aware-popularity-rank
Body exfoliant,https://www.amazon.com/s?k=Body+exfoliant&i=beauty&s=exact-aware-popularity-rank&ref=sr_st_exact-aware-popularity-rank
Facial Mask,https://www.amazon.com/s?k=Facial+Mask&i=beauty&s=exact-aware-popularity-rank&ref=sr_st_exact-aware-popularity-rank
Cleanser Ornament,https://www.amazon.com/s?k=Cleanser+Ornament&i=beauty&s=exact-aware-popularity-rank&ref=sr_st_exact-aware-popularity-rank
Sensitive Cleanse,https://www.amazon.com/s?k=Sensitive+Cleanse&i=beauty&s=exact-aware-popularity-rank&ref=sr_st_exact-aware-popularity-rank
Juvenile cream,https://www.amazon.com/s?k=Juvenile+cream&i=beauty&s=exact-aware-popularity-rank&ref=sr_st_exact-aware-popularity-rank
Blemish Treatment,https://www.amazon.com/s?k=Blemish+Treatment&i=beauty&s=exact-aware-popularity-rank&ref=sr_st_exact-aware-popularity-rank
Cleansing Foam,https://www.amazon.com/s?k=Cleansing+Foam&i=beauty&s=exact-aware-popularity-rank&ref=sr_st_exact-aware-popularity-rank
Soothing Balm,https://www.amazon.com/s?k=Soothing+Balm&i=beauty&s=exact-aware-popularity-rank&ref=sr_st_exact-aware-popularity-rank
Retinol cream,https://www.amazon.com/s?k=Retinol+cream&i=beauty&s=exact-aware-popularity-rank&ref=sr_st_exact-aware-popularity-rank
Face Serum,https://www.amazon.com/s?k=Face+Serum&i=beauty&s=exact-aware-popularity-rank&ref=sr_st_exact-aware-popularity-rank
Oil-Free Moisturizer,https://www.amazon.com/s?k=Oil-Free+Moisturizer&i=beauty&s=exact-aware-popularity-rank&ref=sr_st_exact-aware-popularity-rank
Pore Refining,https://www.amazon.com/s?k=Pore+Refining&i=beauty&s=exact-aware-popularity-rank&ref=sr_st_exact-aware-popularity-rank
Green Apple Peel,https://www.amazon.com/s?k=Green+Apple+Peel&i=beauty&s=exact-aware-popularity-rank&ref=sr_st_exact-aware-popularity-rank
Vitamin C Mask,https://www.amazon.com/s?k=Vitamin+C+Mask&i=beauty&s=exact-aware-popularity-rank&ref=sr_st_exact-aware-popularity-rank
Exfoliating Mask,https://www.amazon.com/s?k=Exfoliating+Mask&i=beauty&s=exact-aware-popularity-rank&ref=sr_st_exact-aware-popularity-rank
Beauty balm,https://www.amazon.com/s?k=Beauty+balm&i=beauty&s=exact-aware-popularity-rank&ref=sr_st_exact-aware-popularity-rank
Cleanse Skin,https://www.amazon.com/s?k=Cleanse+Skin&i=beauty&s=exact-aware-popularity-rank&ref=sr_st_exact-aware-popularity-rank
Face Toner,https://www.amazon.com/s?k=Face+Toner&i=beauty&s=exact-aware-popularity-rank&ref=sr_st_exact-aware-popularity-rank
Age Defying,https://www.amazon.com/s?k=Age+Defying&i=beauty&s=exact-aware-popularity-rank&ref=sr_st_exact-aware-popularity-rank
Vitamin C Cleanser,https://www.amazon.com/s?k=Vitamin+C+Cleanser&i=beauty&s=exact-aware-popularity-rank&ref=sr_st_exact-aware-popularity-rank
Polish Glow,https://www.amazon.com/s?k=Polish+Glow&i=beauty&s=exact-aware-popularity-rank&ref=sr_st_exact-aware-popularity-rank
Brightening Serum,https://www.amazon.com/s?k=Brightening+Serum&i=beauty&s=exact-aware-popularity-rank&ref=sr_st_exact-aware-popularity-rank
Face lotion,https://www.amazon.com/s?k=Face+lotion&i=beauty&s=exact-aware-popularity-rank&ref=sr_st_exact-aware-popularity-rank
Brightening Eye Cream,https://www.amazon.com/s?k=Brightening+Eye+Cream&i=beauty&s=exact-aware-popularity-rank&ref=sr_st_exact-aware-popularity-rank
Detox Face Mask,https://www.amazon.com/s?k=Detox+Face+Mask&i=beauty&s=exact-aware-popularity-rank&ref=sr_st_exact-aware-popularity-rank
Redness Reducer,https://www.amazon.com/s?k=Redness+Reducer&i=beauty&s=exact-aware-popularity-rank&ref=sr_st_exact-aware-popularity-rank
Hydrating Emulsion,https://www.amazon.com/s?k=Hydrating+Emulsion&i=beauty&s=exact-aware-popularity-rank&ref=sr_st_exact-aware-popularity-rank
Face Mist,https://www.amazon.com/s?k=Face+Mist&i=beauty&s=exact-aware-popularity-rank&ref=sr_st_exact-aware-popularity-rank
Sulfur Cleanser,https://www.amazon.com/s?k=Sulfur+Cleanser&i=beauty&s=exact-aware-popularity-rank&ref=sr_st_exact-aware-popularity-rank
Daily Sunscreen,https://www.amazon.com/s?k=Daily+Sunscreen&i=beauty&s=exact-aware-popularity-rank&ref=sr_st_exact-aware-popularity-rank
Cicaplast Balm,https://www.amazon.com/s?k=Cicaplast+Balm&i=beauty&s=exact-aware-popularity-rank&ref=sr_st_exact-aware-popularity-rank
Glycolic Serum,https://www.amazon.com/s?k=Glycolic+Serum&i=beauty&s=exact-aware-popularity-rank&ref=sr_st_exact-aware-popularity-rank
Hydration Balm,https://www.amazon.com/s?k=Hydration+Balm&i=beauty&s=exact-aware-popularity-rank&ref=sr_st_exact-aware-popularity-rank
Eye sunscreen,https://www.amazon.com/s?k=Eye+sunscreen&i=beauty&s=exact-aware-popularity-rank&ref=sr_st_exact-aware-popularity-rank
Cream Cleanser,https://www.amazon.com/s?k=Cream+Cleanser&i=beauty&s=exact-aware-popularity-rank&ref=sr_st_exact-aware-popularity-rank
Micellar Water,https://www.amazon.com/s?k=Micellar+Water&i=beauty&s=exact-aware-popularity-rank&ref=sr_st_exact-aware-popularity-rank
Anti Aging Eye Cream,https://www.amazon.com/s?k=Anti+Aging+Eye+Cream&i=beauty&s=exact-aware-popularity-rank&ref=sr_st_exact-aware-popularity-rank
Moisturizing Wash,https://www.amazon.com/s?k=Moisturizing+Wash&i=beauty&s=exact-aware-popularity-rank&ref=sr_st_exact-aware-popularity-rank
Adapalene Gel,https://www.amazon.com/s?k=Adapalene+Gel&i=beauty&s=exact-aware-popularity-rank&ref=sr_st_exact-aware-popularity-rank
Face sunscreen,https://www.amazon.com/s?k=Face+sunscreen&i=beauty&s=exact-aware-popularity-rank&ref=sr_st_exact-aware-popularity-rank
Cooling Sunscreen,https://www.amazon.com/s?k=Cooling+Sunscreen&i=beauty&s=exact-aware-popularity-rank&ref=sr_st_exact-aware-popularity-rank
