Keyword,Links
Oily sunscreen,https://www.amazon.com/s?k=Oily+sunscreen&i=beauty&s=exact-aware-popularity-rank&ref=sr_st_exact-aware-popularity-rank
Moisturizing Serum,https://www.amazon.com/s?k=Moisturizing+Serum&i=beauty&s=exact-aware-popularity-rank&ref=sr_st_exact-aware-popularity-rank
Water Resistant,https://www.amazon.com/s?k=Water+Resistant&i=beauty&s=exact-aware-popularity-rank&ref=sr_st_exact-aware-popularity-rank
Sunscreen Cloth,https://www.amazon.com/s?k=Sunscreen+Cloth&i=beauty&s=exact-aware-popularity-rank&ref=sr_st_exact-aware-popularity-rank
Hyaluronic Sunscreen,https://www.amazon.com/s?k=Hyaluronic+Sunscreen&i=beauty&s=exact-aware-popularity-rank&ref=sr_st_exact-aware-popularity-rank
Cica Sun Stick,https://www.amazon.com/s?k=Cica+Sun+Stick&i=beauty&s=exact-aware-popularity-rank&ref=sr_st_exact-aware-popularity-rank
Sunscreen Wrinkles,https://www.amazon.com/s?k=Sunscreen+Wrinkles&i=beauty&s=exact-aware-popularity-rank&ref=sr_st_exact-aware-popularity-rank
Daily Defense,https://www.amazon.com/s?k=Daily+Defense&i=beauty&s=exact-aware-popularity-rank&ref=sr_st_exact-aware-popularity-rank
Face protector,https://www.amazon.com/s?k=Face+protector&i=beauty&s=exact-aware-popularity-rank&ref=sr_st_exact-aware-popularity-rank
Hybrid Sunscreen,https://www.amazon.com/s?k=Hybrid+Sunscreen&i=beauty&s=exact-aware-popularity-rank&ref=sr_st_exact-aware-popularity-rank
Black Rice Sunscreen,https://www.amazon.com/s?k=Black+Rice+Sunscreen&i=beauty&s=exact-aware-popularity-rank&ref=sr_st_exact-aware-popularity-rank
Botanical Sunscreen,https://www.amazon.com/s?k=Botanical+Sunscreen&i=beauty&s=exact-aware-popularity-rank&ref=sr_st_exact-aware-popularity-rank
Sunscreen Tanner,https://www.amazon.com/s?k=Sunscreen+Tanner&i=beauty&s=exact-aware-popularity-rank&ref=sr_st_exact-aware-popularity-rank
Sunscreen Refill,https://www.amazon.com/s?k=Sunscreen+Refill&i=beauty&s=exact-aware-popularity-rank&ref=sr_st_exact-aware-popularity-rank
Sunscreen Moisture,https://www.amazon.com/s?k=Sunscreen+Moisture&i=beauty&s=exact-aware-popularity-rank&ref=sr_st_exact-aware-popularity-rank
City Block Sunscreen,https://www.amazon.com/s?k=City+Block+Sunscreen&i=beauty&s=exact-aware-popularity-rank&ref=sr_st_exact-aware-popularity-rank
Tanning Spray,https://www.amazon.com/s?k=Tanning+Spray&i=beauty&s=exact-aware-popularity-rank&ref=sr_st_exact-aware-popularity-rank
Sunscreen Anti-Aging,https://www.amazon.com/s?k=Sunscreen+Anti-Aging&i=beauty&s=exact-aware-popularity-rank&ref=sr_st_exact-aware-popularity-rank
Reef Safe Sunscreen,https://www.amazon.com/s?k=Reef+Safe+Sunscreen&i=beauty&s=exact-aware-popularity-rank&ref=sr_st_exact-aware-popularity-rank
Natural sunscreen,https://www.amazon.com/s?k=Natural+sunscreen&i=beauty&s=exact-aware-popularity-rank&ref=sr_st_exact-aware-popularity-rank
Heatless Curler,https://www.amazon.com/s?k=Heatless+Curler&i=beauty&s=exact-aware-popularity-rank&ref=sr_st_exact-aware-popularity-rank
Cotton Swabs,https://www.amazon.com/s?k=Cotton+Swabs&i=beauty&s=exact-aware-popularity-rank&ref=sr_st_exact-aware-popularity-rank
Makeup sponges,https://www.amazon.com/s?k=Makeup+sponges&i=beauty&s=exact-aware-popularity-rank&ref=sr_st_exact-aware-popularity-rank
Acne Tool,https://www.amazon.com/s?k=Acne+Tool&i=beauty&s=exact-aware-popularity-rank&ref=sr_st_exact-aware-popularity-rank
Glow Brush,https://www.amazon.com/s?k=Glow+Brush&i=beauty&s=exact-aware-popularity-rank&ref=sr_st_exact-aware-popularity-rank
Slanted Tweezers,https://www.amazon.com/s?k=Slanted+Tweezers&i=beauty&s=exact-aware-popularity-rank&ref=sr_st_exact-aware-popularity-rank
Electric Curler,https://www.amazon.com/s?k=Electric+Curler&i=beauty&s=exact-aware-popularity-rank&ref=sr_st_exact-aware-popularity-rank
Cotton Rounds,https://www.amazon.com/s?k=Cotton+Rounds&i=beauty&s=exact-aware-popularity-rank&ref=sr_st_exact-aware-popularity-rank
Makeup Set,https://www.amazon.com/s?k=Makeup+Set&i=beauty&s=exact-aware-popularity-rank&ref=sr_st_exact-aware-popularity-rank
Laser Hair Removal,https://www.amazon.com/s?k=Laser+Hair+Removal&i=beauty&s=exact-aware-popularity-rank&ref=sr_st_exact-aware-popularity-rank
Face Massager,https://www.amazon.com/s?k=Face+Massager&i=beauty&s=exact-aware-popularity-rank&ref=sr_st_exact-aware-popularity-rank
Eyelash Separator,https://www.amazon.com/s?k=Eyelash+Separator&i=beauty&s=exact-aware-popularity-rank&ref=sr_st_exact-aware-popularity-rank
Makeup Brush,https://www.amazon.com/s?k=Makeup+Brush&i=beauty&s=exact-aware-popularity-rank&ref=sr_st_exact-aware-popularity-rank
Tweezers Set,https://www.amazon.com/s?k=Tweezers+Set&i=beauty&s=exact-aware-popularity-rank&ref=sr_st_exact-aware-popularity-rank
Eyelid Tape,https://www.amazon.com/s?k=Eyelid+Tape&i=beauty&s=exact-aware-popularity-rank&ref=sr_st_exact-aware-popularity-rank
Glow Puff,https://www.amazon.com/s?k=Glow+Puff&i=beauty&s=exact-aware-popularity-rank&ref=sr_st_exact-aware-popularity-rank
Makeup Mirror,https://www.amazon.com/s?k=Makeup+Mirror&i=beauty&s=exact-aware-popularity-rank&ref=sr_st_exact-aware-popularity-rank
Bikini Trimmer,https://www.amazon.com/s?k=Bikini+Trimmer&i=beauty&s=exact-aware-popularity-rank&ref=sr_st_exact-aware-popularity-rank
Eyelash Curler,https://www.amazon.com/s?k=Eyelash+Curler&i=beauty&s=exact-aware-popularity-rank&ref=sr_st_exact-aware-popularity-rank
Makeup Brushes,https://www.amazon.com/s?k=Makeup+Brushes&i=beauty&s=exact-aware-popularity-rank&ref=sr_st_exact-aware-popularity-rank
Eyelash Wand,https://www.amazon.com/s?k=Eyelash+Wand&i=beauty&s=exact-aware-popularity-rank&ref=sr_st_exact-aware-popularity-rank
Blending Brush,https://www.amazon.com/s?k=Blending+Brush&i=beauty&s=exact-aware-popularity-rank&ref=sr_st_exact-aware-popularity-rank
Brush rollers,https://www.amazon.com/s?k=Brush+rollers&i=beauty&s=exact-aware-popularity-rank&ref=sr_st_exact-aware-popularity-rank
Wrinkle Reducer,https://www.amazon.com/s?k=Wrinkle+Reducer&i=beauty&s=exact-aware-popularity-rank&ref=sr_st_exact-aware-popularity-rank
Face brush,https://www.amazon.com/s?k=Face+brush&i=beauty&s=exact-aware-popularity-rank&ref=sr_st_exact-aware-popularity-rank
Eyebrow Stencils,https://www.amazon.com/s?k=Eyebrow+Stencils&i=beauty&s=exact-aware-popularity-rank&ref=sr_st_exact-aware-popularity-rank
Facial Roller,https://www.amazon.com/s?k=Facial+Roller&i=beauty&s=exact-aware-popularity-rank&ref=sr_st_exact-aware-popularity-rank
Styling Shears,https://www.amazon.com/s?k=Styling+Shears&i=beauty&s=exact-aware-popularity-rank&ref=sr_st_exact-aware-popularity-rank
Hand Mirror,https://www.amazon.com/s?k=Hand+Mirror&i=beauty&s=exact-aware-popularity-rank&ref=sr_st_exact-aware-popularity-rank
Finger Puffs,https://www.amazon.com/s?k=Finger+Puffs&i=beauty&s=exact-aware-popularity-rank&ref=sr_st_exact-aware-popularity-rank
