Keyword,Links
Lip Balm Set,https://www.amazon.com/s?k=Lip+Balm+Set&i=beauty&s=exact-aware-popularity-rank&ref=sr_st_exact-aware-popularity-rank
Blemish Cleanser,https://www.amazon.com/s?k=Blemish+Cleanser&i=beauty&s=exact-aware-popularity-rank&ref=sr_st_exact-aware-popularity-rank
Rose Eye Masks,https://www.amazon.com/s?k=Rose+Eye+Masks&i=beauty&s=exact-aware-popularity-rank&ref=sr_st_exact-aware-popularity-rank
Resurfacing Cleanser,https://www.amazon.com/s?k=Resurfacing+Cleanser&i=beauty&s=exact-aware-popularity-rank&ref=sr_st_exact-aware-popularity-rank
Hydrating Lip Gels,https://www.amazon.com/s?k=Hydrating+Lip+Gels&i=beauty&s=exact-aware-popularity-rank&ref=sr_st_exact-aware-popularity-rank
Caffeine Eye Cream,https://www.amazon.com/s?k=Caffeine+Eye+Cream&i=beauty&s=exact-aware-popularity-rank&ref=sr_st_exact-aware-popularity-rank
Lip Jam,https://www.amazon.com/s?k=Lip+Jam&i=beauty&s=exact-aware-popularity-rank&ref=sr_st_exact-aware-popularity-rank
Detox Facial Wash,https://www.amazon.com/s?k=Detox+Facial+Wash&i=beauty&s=exact-aware-popularity-rank&ref=sr_st_exact-aware-popularity-rank
Gel Cleanser,https://www.amazon.com/s?k=Gel+Cleanser&i=beauty&s=exact-aware-popularity-rank&ref=sr_st_exact-aware-popularity-rank
Holiday Face Mask,https://www.amazon.com/s?k=Holiday+Face+Mask&i=beauty&s=exact-aware-popularity-rank&ref=sr_st_exact-aware-popularity-rank
Sunscreen Cream,https://www.amazon.com/s?k=Sunscreen+Cream&i=beauty&s=exact-aware-popularity-rank&ref=sr_st_exact-aware-popularity-rank
Lift Plump,https://www.amazon.com/s?k=Lift+Plump&i=beauty&s=exact-aware-popularity-rank&ref=sr_st_exact-aware-popularity-rank
Rose face mask,https://www.amazon.com/s?k=Rose+face+mask&i=beauty&s=exact-aware-popularity-rank&ref=sr_st_exact-aware-popularity-rank
TLC Cream,https://www.amazon.com/s?k=TLC+Cream&i=beauty&s=exact-aware-popularity-rank&ref=sr_st_exact-aware-popularity-rank
Brightening Cleanser,https://www.amazon.com/s?k=Brightening+Cleanser&i=beauty&s=exact-aware-popularity-rank&ref=sr_st_exact-aware-popularity-rank
Sun shield,https://www.amazon.com/s?k=Sun+shield&i=beauty&s=exact-aware-popularity-rank&ref=sr_st_exact-aware-popularity-rank
Dark Circle Cream,https://www.amazon.com/s?k=Dark+Circle+Cream&i=beauty&s=exact-aware-popularity-rank&ref=sr_st_exact-aware-popularity-rank
Tea Tan,https://www.amazon.com/s?k=Tea+Tan&i=beauty&s=exact-aware-popularity-rank&ref=sr_st_exact-aware-popularity-rank
Hydrate Lotion,https://www.amazon.com/s?k=Hydrate+Lotion&i=beauty&s=exact-aware-popularity-rank&ref=sr_st_exact-aware-popularity-rank
Cleansing Milk,https://www.amazon.com/s?k=Cleansing+Milk&i=beauty&s=exact-aware-popularity-rank&ref=sr_st_exact-aware-popularity-rank
Nourishing Cleanser,https://www.amazon.com/s?k=Nourishing+Cleanser&i=beauty&s=exact-aware-popularity-rank&ref=sr_st_exact-aware-popularity-rank
Acne Kit,https://www.amazon.com/s?k=Acne+Kit&i=beauty&s=exact-aware-popularity-rank&ref=sr_st_exact-aware-popularity-rank
Cellular Cleanser,https://www.amazon.com/s?k=Cellular+Cleanser&i=beauty&s=exact-aware-popularity-rank&ref=sr_st_exact-aware-popularity-rank
Hydrating Mist,https://www.amazon.com/s?k=Hydrating+Mist&i=beauty&s=exact-aware-popularity-rank&ref=sr_st_exact-aware-popularity-rank
Oily Skin,https://www.amazon.com/s?k=Oily+Skin&i=beauty&s=exact-aware-popularity-rank&ref=sr_st_exact-aware-popularity-rank
Facial Exfoliator,https://www.amazon.com/s?k=Facial+Exfoliator&i=beauty&s=exact-aware-popularity-rank&ref=sr_st_exact-aware-popularity-rank
Travel Cleansing,https://www.amazon.com/s?k=Travel+Cleansing&i=beauty&s=exact-aware-popularity-rank&ref=sr_st_exact-aware-popularity-rank
Silk Sleep Mask,https://www.amazon.com/s?k=Silk+Sleep+Mask&i=beauty&s=exact-aware-popularity-rank&ref=sr_st_exact-aware-popularity-rank
Organic Lip Balm,https://www.amazon.com/s?k=Organic+Lip+Balm&i=beauty&s=exact-aware-popularity-rank&ref=sr_st_exact-aware-popularity-rank
Scalp Exfoliant,https://www.amazon.com/s?k=Scalp+Exfoliant&i=beauty&s=exact-aware-popularity-rank&ref=sr_st_exact-aware-popularity-rank
Vanilla Mist,https://www.amazon.com/s?k=Vanilla+Mist&i=beauty&s=exact-aware-popularity-rank&ref=sr_st_exact-aware-popularity-rank
Seduction Set,https://www.amazon.com/s?k=Seduction+Set&i=beauty&s=exact-aware-popularity-rank&ref=sr_st_exact-aware-popularity-rank
Fragrance Lotion,https://www.amazon.com/s?k=Fragrance+Lotion&i=beauty&s=exact-aware-popularity-rank&ref=sr_st_exact-aware-popularity-rank
Fragrance Set,https://www.amazon.com/s?k=Fragrance+Set&i=beauty&s=exact-aware-popularity-rank&ref=sr_st_exact-aware-popularity-rank
Warm Cozy,https://www.amazon.com/s?k=Warm+Cozy&i=beauty&s=exact-aware-popularity-rank&ref=sr_st_exact-aware-popularity-rank
Love Spell Lotion,https://www.amazon.com/s?k=Love+Spell+Lotion&i=beauty&s=exact-aware-popularity-rank&ref=sr_st_exact-aware-popularity-rank
No Makeup Mascara,https://www.amazon.com/s?k=No+Makeup+Mascara&i=beauty&s=exact-aware-popularity-rank&ref=sr_st_exact-aware-popularity-rank
Pore Primer,https://www.amazon.com/s?k=Pore+Primer&i=beauty&s=exact-aware-popularity-rank&ref=sr_st_exact-aware-popularity-rank
Blur cream,https://www.amazon.com/s?k=Blur+cream&i=beauty&s=exact-aware-popularity-rank&ref=sr_st_exact-aware-popularity-rank
Pomegranate lotion,https://www.amazon.com/s?k=Pomegranate+lotion&i=beauty&s=exact-aware-popularity-rank&ref=sr_st_exact-aware-popularity-rank
Sandalwood Perfume,https://www.amazon.com/s?k=Sandalwood+Perfume&i=beauty&s=exact-aware-popularity-rank&ref=sr_st_exact-aware-popularity-rank
Leave-In Repair,https://www.amazon.com/s?k=Leave-In+Repair&i=beauty&s=exact-aware-popularity-rank&ref=sr_st_exact-aware-popularity-rank
Illuminate Stick,https://www.amazon.com/s?k=Illuminate+Stick&i=beauty&s=exact-aware-popularity-rank&ref=sr_st_exact-aware-popularity-rank
Hydrating Complex,https://www.amazon.com/s?k=Hydrating+Complex&i=beauty&s=exact-aware-popularity-rank&ref=sr_st_exact-aware-popularity-rank
Hydrating Eye Mask,https://www.amazon.com/s?k=Hydrating+Eye+Mask&i=beauty&s=exact-aware-popularity-rank&ref=sr_st_exact-aware-popularity-rank
Hyaluronic Moisturizer,https://www.amazon.com/s?k=Hyaluronic+Moisturizer&i=beauty&s=exact-aware-popularity-rank&ref=sr_st_exact-aware-popularity-rank
Coconut Rose,https://www.amazon.com/s?k=Coconut+Rose&i=beauty&s=exact-aware-popularity-rank&ref=sr_st_exact-aware-popularity-rank
Midnight Bloom Lotion,https://www.amazon.com/s?k=Midnight+Bloom+Lotion&i=beauty&s=exact-aware-popularity-rank&ref=sr_st_exact-aware-popularity-rank
Neck Cream,https://www.amazon.com/s?k=Neck+Cream&i=beauty&s=exact-aware-popularity-rank&ref=sr_st_exact-aware-popularity-rank
Shimmer Lotion,https://www.amazon.com/s?k=Shimmer+Lotion&i=beauty&s=exact-aware-popularity-rank&ref=sr_st_exact-aware-popularity-rank
