Keyword,Links
Lip Balm Set,https://www.ebay.com/sch/i.html?_from=R40&_nkw=Lip+Balm+Set&_sacat=26395&rt=nc&LH_ItemCondition=3&LH_BIN=1&rt=nc&LH_PrefLoc=1
Blemish Cleanser,https://www.ebay.com/sch/i.html?_from=R40&_nkw=Blemish+Cleanser&_sacat=26395&rt=nc&LH_ItemCondition=3&LH_BIN=1&rt=nc&LH_PrefLoc=1
Rose Eye Masks,https://www.ebay.com/sch/i.html?_from=R40&_nkw=Rose+Eye+Masks&_sacat=26395&rt=nc&LH_ItemCondition=3&LH_BIN=1&rt=nc&LH_PrefLoc=1
Resurfacing Cleanser,https://www.ebay.com/sch/i.html?_from=R40&_nkw=Resurfacing+Cleanser&_sacat=26395&rt=nc&LH_ItemCondition=3&LH_BIN=1&rt=nc&LH_PrefLoc=1
Hydrating Lip Gels,https://www.ebay.com/sch/i.html?_from=R40&_nkw=Hydrating+Lip+Gels&_sacat=26395&rt=nc&LH_ItemCondition=3&LH_BIN=1&rt=nc&LH_PrefLoc=1
Caffeine Eye Cream,https://www.ebay.com/sch/i.html?_from=R40&_nkw=Caffeine+Eye+Cream&_sacat=26395&rt=nc&LH_ItemCondition=3&LH_BIN=1&rt=nc&LH_PrefLoc=1
Lip Jam,https://www.ebay.com/sch/i.html?_from=R40&_nkw=Lip+Jam&_sacat=26395&rt=nc&LH_ItemCondition=3&LH_BIN=1&rt=nc&LH_PrefLoc=1
Detox Facial Wash,https://www.ebay.com/sch/i.html?_from=R40&_nkw=Detox+Facial+Wash&_sacat=26395&rt=nc&LH_ItemCondition=3&LH_BIN=1&rt=nc&LH_PrefLoc=1
Gel Cleanser,https://www.ebay.com/sch/i.html?_from=R40&_nkw=Gel+Cleanser&_sacat=26395&rt=nc&LH_ItemCondition=3&LH_BIN=1&rt=nc&LH_PrefLoc=1
Holiday Face Mask,https://www.ebay.com/sch/i.html?_from=R40&_nkw=Holiday+Face+Mask&_sacat=26395&rt=nc&LH_ItemCondition=3&LH_BIN=1&rt=nc&LH_PrefLoc=1
Sunscreen Cream,https://www.ebay.com/sch/i.html?_from=R40&_nkw=Sunscreen+Cream&_sacat=26395&rt=nc&LH_ItemCondition=3&LH_BIN=1&rt=nc&LH_PrefLoc=1
Lift Plump,https://www.ebay.com/sch/i.html?_from=R40&_nkw=Lift+Plump&_sacat=26395&rt=nc&LH_ItemCondition=3&LH_BIN=1&rt=nc&LH_PrefLoc=1
Rose face mask,https://www.ebay.com/sch/i.html?_from=R40&_nkw=Rose+face+mask&_sacat=26395&rt=nc&LH_ItemCondition=3&LH_BIN=1&rt=nc&LH_PrefLoc=1
TLC Cream,https://www.ebay.com/sch/i.html?_from=R40&_nkw=TLC+Cream&_sacat=26395&rt=nc&LH_ItemCondition=3&LH_BIN=1&rt=nc&LH_PrefLoc=1
Brightening Cleanser,https://www.ebay.com/sch/i.html?_from=R40&_nkw=Brightening+Cleanser&_sacat=26395&rt=nc&LH_ItemCondition=3&LH_BIN=1&rt=nc&LH_PrefLoc=1
Sun shield,https://www.ebay.com/sch/i.html?_from=R40&_nkw=Sun+shield&_sacat=26395&rt=nc&LH_ItemCondition=3&LH_BIN=1&rt=nc&LH_PrefLoc=1
Dark Circle Cream,https://www.ebay.com/sch/i.html?_from=R40&_nkw=Dark+Circle+Cream&_sacat=26395&rt=nc&LH_ItemCondition=3&LH_BIN=1&rt=nc&LH_PrefLoc=1
Tea Tan,https://www.ebay.com/sch/i.html?_from=R40&_nkw=Tea+Tan&_sacat=26395&rt=nc&LH_ItemCondition=3&LH_BIN=1&rt=nc&LH_PrefLoc=1
Hydrate Lotion,https://www.ebay.com/sch/i.html?_from=R40&_nkw=Hydrate+Lotion&_sacat=26395&rt=nc&LH_ItemCondition=3&LH_BIN=1&rt=nc&LH_PrefLoc=1
Cleansing Milk,https://www.ebay.com/sch/i.html?_from=R40&_nkw=Cleansing+Milk&_sacat=26395&rt=nc&LH_ItemCondition=3&LH_BIN=1&rt=nc&LH_PrefLoc=1
Nourishing Cleanser,https://www.ebay.com/sch/i.html?_from=R40&_nkw=Nourishing+Cleanser&_sacat=26395&rt=nc&LH_ItemCondition=3&LH_BIN=1&rt=nc&LH_PrefLoc=1
Acne Kit,https://www.ebay.com/sch/i.html?_from=R40&_nkw=Acne+Kit&_sacat=26395&rt=nc&LH_ItemCondition=3&LH_BIN=1&rt=nc&LH_PrefLoc=1
Cellular Cleanser,https://www.ebay.com/sch/i.html?_from=R40&_nkw=Cellular+Cleanser&_sacat=26395&rt=nc&LH_ItemCondition=3&LH_BIN=1&rt=nc&LH_PrefLoc=1
Hydrating Mist,https://www.ebay.com/sch/i.html?_from=R40&_nkw=Hydrating+Mist&_sacat=26395&rt=nc&LH_ItemCondition=3&LH_BIN=1&rt=nc&LH_PrefLoc=1
Oily Skin,https://www.ebay.com/sch/i.html?_from=R40&_nkw=Oily+Skin&_sacat=26395&rt=nc&LH_ItemCondition=3&LH_BIN=1&rt=nc&LH_PrefLoc=1
Facial Exfoliator,https://www.ebay.com/sch/i.html?_from=R40&_nkw=Facial+Exfoliator&_sacat=26395&rt=nc&LH_ItemCondition=3&LH_BIN=1&rt=nc&LH_PrefLoc=1
Travel Cleansing,https://www.ebay.com/sch/i.html?_from=R40&_nkw=Travel+Cleansing&_sacat=26395&rt=nc&LH_ItemCondition=3&LH_BIN=1&rt=nc&LH_PrefLoc=1
Silk Sleep Mask,https://www.ebay.com/sch/i.html?_from=R40&_nkw=Silk+Sleep+Mask&_sacat=26395&rt=nc&LH_ItemCondition=3&LH_BIN=1&rt=nc&LH_PrefLoc=1
Organic Lip Balm,https://www.ebay.com/sch/i.html?_from=R40&_nkw=Organic+Lip+Balm&_sacat=26395&rt=nc&LH_ItemCondition=3&LH_BIN=1&rt=nc&LH_PrefLoc=1
Scalp Exfoliant,https://www.ebay.com/sch/i.html?_from=R40&_nkw=Scalp+Exfoliant&_sacat=26395&rt=nc&LH_ItemCondition=3&LH_BIN=1&rt=nc&LH_PrefLoc=1
Vanilla Mist,https://www.ebay.com/sch/i.html?_from=R40&_nkw=Vanilla+Mist&_sacat=26395&rt=nc&LH_ItemCondition=3&LH_BIN=1&rt=nc&LH_PrefLoc=1
Seduction Set,https://www.ebay.com/sch/i.html?_from=R40&_nkw=Seduction+Set&_sacat=26395&rt=nc&LH_ItemCondition=3&LH_BIN=1&rt=nc&LH_PrefLoc=1
Fragrance Lotion,https://www.ebay.com/sch/i.html?_from=R40&_nkw=Fragrance+Lotion&_sacat=26395&rt=nc&LH_ItemCondition=3&LH_BIN=1&rt=nc&LH_PrefLoc=1
Fragrance Set,https://www.ebay.com/sch/i.html?_from=R40&_nkw=Fragrance+Set&_sacat=26395&rt=nc&LH_ItemCondition=3&LH_BIN=1&rt=nc&LH_PrefLoc=1
Warm Cozy,https://www.ebay.com/sch/i.html?_from=R40&_nkw=Warm+Cozy&_sacat=26395&rt=nc&LH_ItemCondition=3&LH_BIN=1&rt=nc&LH_PrefLoc=1
Love Spell Lotion,https://www.ebay.com/sch/i.html?_from=R40&_nkw=Love+Spell+Lotion&_sacat=26395&rt=nc&LH_ItemCondition=3&LH_BIN=1&rt=nc&LH_PrefLoc=1
No Makeup Mascara,https://www.ebay.com/sch/i.html?_from=R40&_nkw=No+Makeup+Mascara&_sacat=26395&rt=nc&LH_ItemCondition=3&LH_BIN=1&rt=nc&LH_PrefLoc=1
Pore Primer,https://www.ebay.com/sch/i.html?_from=R40&_nkw=Pore+Primer&_sacat=26395&rt=nc&LH_ItemCondition=3&LH_BIN=1&rt=nc&LH_PrefLoc=1
Blur cream,https://www.ebay.com/sch/i.html?_from=R40&_nkw=Blur+cream&_sacat=26395&rt=nc&LH_ItemCondition=3&LH_BIN=1&rt=nc&LH_PrefLoc=1
Pomegranate lotion,https://www.ebay.com/sch/i.html?_from=R40&_nkw=Pomegranate+lotion&_sacat=26395&rt=nc&LH_ItemCondition=3&LH_BIN=1&rt=nc&LH_PrefLoc=1
Sandalwood Perfume,https://www.ebay.com/sch/i.html?_from=R40&_nkw=Sandalwood+Perfume&_sacat=26395&rt=nc&LH_ItemCondition=3&LH_BIN=1&rt=nc&LH_PrefLoc=1
Leave-In Repair,https://www.ebay.com/sch/i.html?_from=R40&_nkw=Leave-In+Repair&_sacat=26395&rt=nc&LH_ItemCondition=3&LH_BIN=1&rt=nc&LH_PrefLoc=1
Illuminate Stick,https://www.ebay.com/sch/i.html?_from=R40&_nkw=Illuminate+Stick&_sacat=26395&rt=nc&LH_ItemCondition=3&LH_BIN=1&rt=nc&LH_PrefLoc=1
Hydrating Complex,https://www.ebay.com/sch/i.html?_from=R40&_nkw=Hydrating+Complex&_sacat=26395&rt=nc&LH_ItemCondition=3&LH_BIN=1&rt=nc&LH_PrefLoc=1
Hydrating Eye Mask,https://www.ebay.com/sch/i.html?_from=R40&_nkw=Hydrating+Eye+Mask&_sacat=26395&rt=nc&LH_ItemCondition=3&LH_BIN=1&rt=nc&LH_PrefLoc=1
Hyaluronic Moisturizer,https://www.ebay.com/sch/i.html?_from=R40&_nkw=Hyaluronic+Moisturizer&_sacat=26395&rt=nc&LH_ItemCondition=3&LH_BIN=1&rt=nc&LH_PrefLoc=1
Coconut Rose,https://www.ebay.com/sch/i.html?_from=R40&_nkw=Coconut+Rose&_sacat=26395&rt=nc&LH_ItemCondition=3&LH_BIN=1&rt=nc&LH_PrefLoc=1
Midnight Bloom Lotion,https://www.ebay.com/sch/i.html?_from=R40&_nkw=Midnight+Bloom+Lotion&_sacat=26395&rt=nc&LH_ItemCondition=3&LH_BIN=1&rt=nc&LH_PrefLoc=1
Neck Cream,https://www.ebay.com/sch/i.html?_from=R40&_nkw=Neck+Cream&_sacat=26395&rt=nc&LH_ItemCondition=3&LH_BIN=1&rt=nc&LH_PrefLoc=1
Shimmer Lotion,https://www.ebay.com/sch/i.html?_from=R40&_nkw=Shimmer+Lotion&_sacat=26395&rt=nc&LH_ItemCondition=3&LH_BIN=1&rt=nc&LH_PrefLoc=1
