Keyword,Links
Wrist Bands,https://www.amazon.com/s?k=Wrist+Bands&i=hpc&s=exact-aware-popularity-rank&ref=sr_st_exact-aware-popularity-rank
Numbness Relief,https://www.amazon.com/s?k=Numbness+Relief&i=hpc&s=exact-aware-popularity-rank&ref=sr_st_exact-aware-popularity-rank
Nausea Bracelet,https://www.amazon.com/s?k=Nausea+Bracelet&i=hpc&s=exact-aware-popularity-rank&ref=sr_st_exact-aware-popularity-rank
Titanium Wristband,https://www.amazon.com/s?k=Titanium+Wristband&i=hpc&s=exact-aware-popularity-rank&ref=sr_st_exact-aware-popularity-rank
Children's chewable,https://www.amazon.com/s?k=Children's+chewable&i=hpc&s=exact-aware-popularity-rank&ref=sr_st_exact-aware-popularity-rank
Children's tablets,https://www.amazon.com/s?k=Children's+tablets&i=hpc&s=exact-aware-popularity-rank&ref=sr_st_exact-aware-popularity-rank
Nausea Reliever,https://www.amazon.com/s?k=Nausea+Reliever&i=hpc&s=exact-aware-popularity-rank&ref=sr_st_exact-aware-popularity-rank
Floss Picks,https://www.amazon.com/s?k=Floss+Picks&i=hpc&s=exact-aware-popularity-rank&ref=sr_st_exact-aware-popularity-rank
Nausea syrup,https://www.amazon.com/s?k=Nausea+syrup&i=hpc&s=exact-aware-popularity-rank&ref=sr_st_exact-aware-popularity-rank
Cherry Antacid,https://www.amazon.com/s?k=Cherry+Antacid&i=hpc&s=exact-aware-popularity-rank&ref=sr_st_exact-aware-popularity-rank
Travel tablets,https://www.amazon.com/s?k=Travel+tablets&i=hpc&s=exact-aware-popularity-rank&ref=sr_st_exact-aware-popularity-rank
Copper fungicide,https://www.amazon.com/s?k=Copper+fungicide&i=hpc&s=exact-aware-popularity-rank&ref=sr_st_exact-aware-popularity-rank
Ear oil,https://www.amazon.com/s?k=Ear+oil&i=hpc&s=exact-aware-popularity-rank&ref=sr_st_exact-aware-popularity-rank
Bismol Tablets,https://www.amazon.com/s?k=Bismol+Tablets&i=hpc&s=exact-aware-popularity-rank&ref=sr_st_exact-aware-popularity-rank
Anti-Nausea Bands,https://www.amazon.com/s?k=Anti-Nausea+Bands&i=hpc&s=exact-aware-popularity-rank&ref=sr_st_exact-aware-popularity-rank
Cherry Emulsion,https://www.amazon.com/s?k=Cherry+Emulsion&i=hpc&s=exact-aware-popularity-rank&ref=sr_st_exact-aware-popularity-rank
Ginger root,https://www.amazon.com/s?k=Ginger+root&i=hpc&s=exact-aware-popularity-rank&ref=sr_st_exact-aware-popularity-rank
Wristbands Relief,https://www.amazon.com/s?k=Wristbands+Relief&i=hpc&s=exact-aware-popularity-rank&ref=sr_st_exact-aware-popularity-rank
Insect spray,https://www.amazon.com/s?k=Insect+spray&i=hpc&s=exact-aware-popularity-rank&ref=sr_st_exact-aware-popularity-rank
Anti-Nausea Wristbands,https://www.amazon.com/s?k=Anti-Nausea+Wristbands&i=hpc&s=exact-aware-popularity-rank&ref=sr_st_exact-aware-popularity-rank
Antacid Indigestion,https://www.amazon.com/s?k=Antacid+Indigestion&i=hpc&s=exact-aware-popularity-rank&ref=sr_st_exact-aware-popularity-rank
Wristband Accupressure,https://www.amazon.com/s?k=Wristband+Accupressure&i=hpc&s=exact-aware-popularity-rank&ref=sr_st_exact-aware-popularity-rank
Sickness Band,https://www.amazon.com/s?k=Sickness+Band&i=hpc&s=exact-aware-popularity-rank&ref=sr_st_exact-aware-popularity-rank
Motion bands,https://www.amazon.com/s?k=Motion+bands&i=hpc&s=exact-aware-popularity-rank&ref=sr_st_exact-aware-popularity-rank
Sickness Bracelets,https://www.amazon.com/s?k=Sickness+Bracelets&i=hpc&s=exact-aware-popularity-rank&ref=sr_st_exact-aware-popularity-rank
Queasiness Relief,https://www.amazon.com/s?k=Queasiness+Relief&i=hpc&s=exact-aware-popularity-rank&ref=sr_st_exact-aware-popularity-rank
Travel Wristband,https://www.amazon.com/s?k=Travel+Wristband&i=hpc&s=exact-aware-popularity-rank&ref=sr_st_exact-aware-popularity-rank
Anti Static,https://www.amazon.com/s?k=Anti+Static&i=hpc&s=exact-aware-popularity-rank&ref=sr_st_exact-aware-popularity-rank
Nausea Bracelets,https://www.amazon.com/s?k=Nausea+Bracelets&i=hpc&s=exact-aware-popularity-rank&ref=sr_st_exact-aware-popularity-rank
Anti-Nausea Glasses,https://www.amazon.com/s?k=Anti-Nausea+Glasses&i=hpc&s=exact-aware-popularity-rank&ref=sr_st_exact-aware-popularity-rank
Sickness Wristbands,https://www.amazon.com/s?k=Sickness+Wristbands&i=hpc&s=exact-aware-popularity-rank&ref=sr_st_exact-aware-popularity-rank
Anti-Nausea Aromatherapy,https://www.amazon.com/s?k=Anti-Nausea+Aromatherapy&i=hpc&s=exact-aware-popularity-rank&ref=sr_st_exact-aware-popularity-rank
Wrist Band,https://www.amazon.com/s?k=Wrist+Band&i=hpc&s=exact-aware-popularity-rank&ref=sr_st_exact-aware-popularity-rank
Soothing scents,https://www.amazon.com/s?k=Soothing+scents&i=hpc&s=exact-aware-popularity-rank&ref=sr_st_exact-aware-popularity-rank
Jade Bracelet,https://www.amazon.com/s?k=Jade+Bracelet&i=hpc&s=exact-aware-popularity-rank&ref=sr_st_exact-aware-popularity-rank
Wristband Set,https://www.amazon.com/s?k=Wristband+Set&i=hpc&s=exact-aware-popularity-rank&ref=sr_st_exact-aware-popularity-rank
Moxa Belt,https://www.amazon.com/s?k=Moxa+Belt&i=hpc&s=exact-aware-popularity-rank&ref=sr_st_exact-aware-popularity-rank
Itch relief,https://www.amazon.com/s?k=Itch+relief&i=hpc&s=exact-aware-popularity-rank&ref=sr_st_exact-aware-popularity-rank
Hemorrhoidal Cream,https://www.amazon.com/s?k=Hemorrhoidal+Cream&i=hpc&s=exact-aware-popularity-rank&ref=sr_st_exact-aware-popularity-rank
Hemorrhoidal Pads,https://www.amazon.com/s?k=Hemorrhoidal+Pads&i=hpc&s=exact-aware-popularity-rank&ref=sr_st_exact-aware-popularity-rank
Hemorrhoid Cream,https://www.amazon.com/s?k=Hemorrhoid+Cream&i=hpc&s=exact-aware-popularity-rank&ref=sr_st_exact-aware-popularity-rank
Witch Hazel Wipes,https://www.amazon.com/s?k=Witch+Hazel+Wipes&i=hpc&s=exact-aware-popularity-rank&ref=sr_st_exact-aware-popularity-rank
Cooling pads,https://www.amazon.com/s?k=Cooling+pads&i=hpc&s=exact-aware-popularity-rank&ref=sr_st_exact-aware-popularity-rank
Hemorrhoid Wipes,https://www.amazon.com/s?k=Hemorrhoid+Wipes&i=hpc&s=exact-aware-popularity-rank&ref=sr_st_exact-aware-popularity-rank
Hemorrhoid Ointment,https://www.amazon.com/s?k=Hemorrhoid+Ointment&i=hpc&s=exact-aware-popularity-rank&ref=sr_st_exact-aware-popularity-rank
Hemorrhoid spray,https://www.amazon.com/s?k=Hemorrhoid+spray&i=hpc&s=exact-aware-popularity-rank&ref=sr_st_exact-aware-popularity-rank
Hemorrhoid Suppository,https://www.amazon.com/s?k=Hemorrhoid+Suppository&i=hpc&s=exact-aware-popularity-rank&ref=sr_st_exact-aware-popularity-rank
Hemorrhoidal Suppositories,https://www.amazon.com/s?k=Hemorrhoidal+Suppositories&i=hpc&s=exact-aware-popularity-rank&ref=sr_st_exact-aware-popularity-rank
Flushable Wipes,https://www.amazon.com/s?k=Flushable+Wipes&i=hpc&s=exact-aware-popularity-rank&ref=sr_st_exact-aware-popularity-rank
Numbing Cream,https://www.amazon.com/s?k=Numbing+Cream&i=hpc&s=exact-aware-popularity-rank&ref=sr_st_exact-aware-popularity-rank
