Keyword,Links
Wrist Bands,https://www.ebay.com/sch/i.html?_from=R40&_nkw=Wrist+Bands&_sacat=26395&rt=nc&LH_ItemCondition=3&LH_BIN=1&rt=nc&LH_PrefLoc=1
Numbness Relief,https://www.ebay.com/sch/i.html?_from=R40&_nkw=Numbness+Relief&_sacat=26395&rt=nc&LH_ItemCondition=3&LH_BIN=1&rt=nc&LH_PrefLoc=1
Nausea Bracelet,https://www.ebay.com/sch/i.html?_from=R40&_nkw=Nausea+Bracelet&_sacat=26395&rt=nc&LH_ItemCondition=3&LH_BIN=1&rt=nc&LH_PrefLoc=1
Titanium Wristband,https://www.ebay.com/sch/i.html?_from=R40&_nkw=Titanium+Wristband&_sacat=26395&rt=nc&LH_ItemCondition=3&LH_BIN=1&rt=nc&LH_PrefLoc=1
Children's chewable,https://www.ebay.com/sch/i.html?_from=R40&_nkw=Children's+chewable&_sacat=26395&rt=nc&LH_ItemCondition=3&LH_BIN=1&rt=nc&LH_PrefLoc=1
Children's tablets,https://www.ebay.com/sch/i.html?_from=R40&_nkw=Children's+tablets&_sacat=26395&rt=nc&LH_ItemCondition=3&LH_BIN=1&rt=nc&LH_PrefLoc=1
Nausea Reliever,https://www.ebay.com/sch/i.html?_from=R40&_nkw=Nausea+Reliever&_sacat=26395&rt=nc&LH_ItemCondition=3&LH_BIN=1&rt=nc&LH_PrefLoc=1
Floss Picks,https://www.ebay.com/sch/i.html?_from=R40&_nkw=Floss+Picks&_sacat=26395&rt=nc&LH_ItemCondition=3&LH_BIN=1&rt=nc&LH_PrefLoc=1
Nausea syrup,https://www.ebay.com/sch/i.html?_from=R40&_nkw=Nausea+syrup&_sacat=26395&rt=nc&LH_ItemCondition=3&LH_BIN=1&rt=nc&LH_PrefLoc=1
Cherry Antacid,https://www.ebay.com/sch/i.html?_from=R40&_nkw=Cherry+Antacid&_sacat=26395&rt=nc&LH_ItemCondition=3&LH_BIN=1&rt=nc&LH_PrefLoc=1
Travel tablets,https://www.ebay.com/sch/i.html?_from=R40&_nkw=Travel+tablets&_sacat=26395&rt=nc&LH_ItemCondition=3&LH_BIN=1&rt=nc&LH_PrefLoc=1
Copper fungicide,https://www.ebay.com/sch/i.html?_from=R40&_nkw=Copper+fungicide&_sacat=26395&rt=nc&LH_ItemCondition=3&LH_BIN=1&rt=nc&LH_PrefLoc=1
Ear oil,https://www.ebay.com/sch/i.html?_from=R40&_nkw=Ear+oil&_sacat=26395&rt=nc&LH_ItemCondition=3&LH_BIN=1&rt=nc&LH_PrefLoc=1
Bismol Tablets,https://www.ebay.com/sch/i.html?_from=R40&_nkw=Bismol+Tablets&_sacat=26395&rt=nc&LH_ItemCondition=3&LH_BIN=1&rt=nc&LH_PrefLoc=1
Anti-Nausea Bands,https://www.ebay.com/sch/i.html?_from=R40&_nkw=Anti-Nausea+Bands&_sacat=26395&rt=nc&LH_ItemCondition=3&LH_BIN=1&rt=nc&LH_PrefLoc=1
Cherry Emulsion,https://www.ebay.com/sch/i.html?_from=R40&_nkw=Cherry+Emulsion&_sacat=26395&rt=nc&LH_ItemCondition=3&LH_BIN=1&rt=nc&LH_PrefLoc=1
Ginger root,https://www.ebay.com/sch/i.html?_from=R40&_nkw=Ginger+root&_sacat=26395&rt=nc&LH_ItemCondition=3&LH_BIN=1&rt=nc&LH_PrefLoc=1
Wristbands Relief,https://www.ebay.com/sch/i.html?_from=R40&_nkw=Wristbands+Relief&_sacat=26395&rt=nc&LH_ItemCondition=3&LH_BIN=1&rt=nc&LH_PrefLoc=1
Insect spray,https://www.ebay.com/sch/i.html?_from=R40&_nkw=Insect+spray&_sacat=26395&rt=nc&LH_ItemCondition=3&LH_BIN=1&rt=nc&LH_PrefLoc=1
Anti-Nausea Wristbands,https://www.ebay.com/sch/i.html?_from=R40&_nkw=Anti-Nausea+Wristbands&_sacat=26395&rt=nc&LH_ItemCondition=3&LH_BIN=1&rt=nc&LH_PrefLoc=1
Antacid Indigestion,https://www.ebay.com/sch/i.html?_from=R40&_nkw=Antacid+Indigestion&_sacat=26395&rt=nc&LH_ItemCondition=3&LH_BIN=1&rt=nc&LH_PrefLoc=1
Wristband Accupressure,https://www.ebay.com/sch/i.html?_from=R40&_nkw=Wristband+Accupressure&_sacat=26395&rt=nc&LH_ItemCondition=3&LH_BIN=1&rt=nc&LH_PrefLoc=1
Sickness Band,https://www.ebay.com/sch/i.html?_from=R40&_nkw=Sickness+Band&_sacat=26395&rt=nc&LH_ItemCondition=3&LH_BIN=1&rt=nc&LH_PrefLoc=1
Motion bands,https://www.ebay.com/sch/i.html?_from=R40&_nkw=Motion+bands&_sacat=26395&rt=nc&LH_ItemCondition=3&LH_BIN=1&rt=nc&LH_PrefLoc=1
Sickness Bracelets,https://www.ebay.com/sch/i.html?_from=R40&_nkw=Sickness+Bracelets&_sacat=26395&rt=nc&LH_ItemCondition=3&LH_BIN=1&rt=nc&LH_PrefLoc=1
Queasiness Relief,https://www.ebay.com/sch/i.html?_from=R40&_nkw=Queasiness+Relief&_sacat=26395&rt=nc&LH_ItemCondition=3&LH_BIN=1&rt=nc&LH_PrefLoc=1
Travel Wristband,https://www.ebay.com/sch/i.html?_from=R40&_nkw=Travel+Wristband&_sacat=26395&rt=nc&LH_ItemCondition=3&LH_BIN=1&rt=nc&LH_PrefLoc=1
Anti Static,https://www.ebay.com/sch/i.html?_from=R40&_nkw=Anti+Static&_sacat=26395&rt=nc&LH_ItemCondition=3&LH_BIN=1&rt=nc&LH_PrefLoc=1
Nausea Bracelets,https://www.ebay.com/sch/i.html?_from=R40&_nkw=Nausea+Bracelets&_sacat=26395&rt=nc&LH_ItemCondition=3&LH_BIN=1&rt=nc&LH_PrefLoc=1
Anti-Nausea Glasses,https://www.ebay.com/sch/i.html?_from=R40&_nkw=Anti-Nausea+Glasses&_sacat=26395&rt=nc&LH_ItemCondition=3&LH_BIN=1&rt=nc&LH_PrefLoc=1
Sickness Wristbands,https://www.ebay.com/sch/i.html?_from=R40&_nkw=Sickness+Wristbands&_sacat=26395&rt=nc&LH_ItemCondition=3&LH_BIN=1&rt=nc&LH_PrefLoc=1
Anti-Nausea Aromatherapy,https://www.ebay.com/sch/i.html?_from=R40&_nkw=Anti-Nausea+Aromatherapy&_sacat=26395&rt=nc&LH_ItemCondition=3&LH_BIN=1&rt=nc&LH_PrefLoc=1
Wrist Band,https://www.ebay.com/sch/i.html?_from=R40&_nkw=Wrist+Band&_sacat=26395&rt=nc&LH_ItemCondition=3&LH_BIN=1&rt=nc&LH_PrefLoc=1
Soothing scents,https://www.ebay.com/sch/i.html?_from=R40&_nkw=Soothing+scents&_sacat=26395&rt=nc&LH_ItemCondition=3&LH_BIN=1&rt=nc&LH_PrefLoc=1
Jade Bracelet,https://www.ebay.com/sch/i.html?_from=R40&_nkw=Jade+Bracelet&_sacat=26395&rt=nc&LH_ItemCondition=3&LH_BIN=1&rt=nc&LH_PrefLoc=1
Wristband Set,https://www.ebay.com/sch/i.html?_from=R40&_nkw=Wristband+Set&_sacat=26395&rt=nc&LH_ItemCondition=3&LH_BIN=1&rt=nc&LH_PrefLoc=1
Moxa Belt,https://www.ebay.com/sch/i.html?_from=R40&_nkw=Moxa+Belt&_sacat=26395&rt=nc&LH_ItemCondition=3&LH_BIN=1&rt=nc&LH_PrefLoc=1
Itch relief,https://www.ebay.com/sch/i.html?_from=R40&_nkw=Itch+relief&_sacat=26395&rt=nc&LH_ItemCondition=3&LH_BIN=1&rt=nc&LH_PrefLoc=1
Hemorrhoidal Cream,https://www.ebay.com/sch/i.html?_from=R40&_nkw=Hemorrhoidal+Cream&_sacat=26395&rt=nc&LH_ItemCondition=3&LH_BIN=1&rt=nc&LH_PrefLoc=1
Hemorrhoidal Pads,https://www.ebay.com/sch/i.html?_from=R40&_nkw=Hemorrhoidal+Pads&_sacat=26395&rt=nc&LH_ItemCondition=3&LH_BIN=1&rt=nc&LH_PrefLoc=1
Hemorrhoid Cream,https://www.ebay.com/sch/i.html?_from=R40&_nkw=Hemorrhoid+Cream&_sacat=26395&rt=nc&LH_ItemCondition=3&LH_BIN=1&rt=nc&LH_PrefLoc=1
Witch Hazel Wipes,https://www.ebay.com/sch/i.html?_from=R40&_nkw=Witch+Hazel+Wipes&_sacat=26395&rt=nc&LH_ItemCondition=3&LH_BIN=1&rt=nc&LH_PrefLoc=1
Cooling pads,https://www.ebay.com/sch/i.html?_from=R40&_nkw=Cooling+pads&_sacat=26395&rt=nc&LH_ItemCondition=3&LH_BIN=1&rt=nc&LH_PrefLoc=1
Hemorrhoid Wipes,https://www.ebay.com/sch/i.html?_from=R40&_nkw=Hemorrhoid+Wipes&_sacat=26395&rt=nc&LH_ItemCondition=3&LH_BIN=1&rt=nc&LH_PrefLoc=1
Hemorrhoid Ointment,https://www.ebay.com/sch/i.html?_from=R40&_nkw=Hemorrhoid+Ointment&_sacat=26395&rt=nc&LH_ItemCondition=3&LH_BIN=1&rt=nc&LH_PrefLoc=1
Hemorrhoid spray,https://www.ebay.com/sch/i.html?_from=R40&_nkw=Hemorrhoid+spray&_sacat=26395&rt=nc&LH_ItemCondition=3&LH_BIN=1&rt=nc&LH_PrefLoc=1
Hemorrhoid Suppository,https://www.ebay.com/sch/i.html?_from=R40&_nkw=Hemorrhoid+Suppository&_sacat=26395&rt=nc&LH_ItemCondition=3&LH_BIN=1&rt=nc&LH_PrefLoc=1
Hemorrhoidal Suppositories,https://www.ebay.com/sch/i.html?_from=R40&_nkw=Hemorrhoidal+Suppositories&_sacat=26395&rt=nc&LH_ItemCondition=3&LH_BIN=1&rt=nc&LH_PrefLoc=1
Flushable Wipes,https://www.ebay.com/sch/i.html?_from=R40&_nkw=Flushable+Wipes&_sacat=26395&rt=nc&LH_ItemCondition=3&LH_BIN=1&rt=nc&LH_PrefLoc=1
Numbing Cream,https://www.ebay.com/sch/i.html?_from=R40&_nkw=Numbing+Cream&_sacat=26395&rt=nc&LH_ItemCondition=3&LH_BIN=1&rt=nc&LH_PrefLoc=1
