Keyword,Links
Butterfly Nails,https://www.amazon.com/s?k=Butterfly+Nails&i=beauty&s=exact-aware-popularity-rank&ref=sr_st_exact-aware-popularity-rank
Princess Nail,https://www.amazon.com/s?k=Princess+Nail&i=beauty&s=exact-aware-popularity-rank&ref=sr_st_exact-aware-popularity-rank
Black Cherry,https://www.amazon.com/s?k=Black+Cherry&i=beauty&s=exact-aware-popularity-rank&ref=sr_st_exact-aware-popularity-rank
Holographic Nail Polish,https://www.amazon.com/s?k=Holographic+Nail+Polish&i=beauty&s=exact-aware-popularity-rank&ref=sr_st_exact-aware-popularity-rank
Crackle Nail Polish,https://www.amazon.com/s?k=Crackle+Nail+Polish&i=beauty&s=exact-aware-popularity-rank&ref=sr_st_exact-aware-popularity-rank
Heart manicure,https://www.amazon.com/s?k=Heart+manicure&i=beauty&s=exact-aware-popularity-rank&ref=sr_st_exact-aware-popularity-rank
Peacock Plume,https://www.amazon.com/s?k=Peacock+Plume&i=beauty&s=exact-aware-popularity-rank&ref=sr_st_exact-aware-popularity-rank
Gel topcoat,https://www.amazon.com/s?k=Gel+topcoat&i=beauty&s=exact-aware-popularity-rank&ref=sr_st_exact-aware-popularity-rank
Manicure Set,https://www.amazon.com/s?k=Manicure+Set&i=beauty&s=exact-aware-popularity-rank&ref=sr_st_exact-aware-popularity-rank
Acrylic French Nails,https://www.amazon.com/s?k=Acrylic+French+Nails&i=beauty&s=exact-aware-popularity-rank&ref=sr_st_exact-aware-popularity-rank
Pink Nail Polish,https://www.amazon.com/s?k=Pink+Nail+Polish&i=beauty&s=exact-aware-popularity-rank&ref=sr_st_exact-aware-popularity-rank
Teal Nail Polish,https://www.amazon.com/s?k=Teal+Nail+Polish&i=beauty&s=exact-aware-popularity-rank&ref=sr_st_exact-aware-popularity-rank
Glossy Nails,https://www.amazon.com/s?k=Glossy+Nails&i=beauty&s=exact-aware-popularity-rank&ref=sr_st_exact-aware-popularity-rank
Toe Nail Clipper,https://www.amazon.com/s?k=Toe+Nail+Clipper&i=beauty&s=exact-aware-popularity-rank&ref=sr_st_exact-aware-popularity-rank
Sea polish,https://www.amazon.com/s?k=Sea+polish&i=beauty&s=exact-aware-popularity-rank&ref=sr_st_exact-aware-popularity-rank
Chameleon Nails,https://www.amazon.com/s?k=Chameleon+Nails&i=beauty&s=exact-aware-popularity-rank&ref=sr_st_exact-aware-popularity-rank
Coffin Nails,https://www.amazon.com/s?k=Coffin+Nails&i=beauty&s=exact-aware-popularity-rank&ref=sr_st_exact-aware-popularity-rank
Pink Polish,https://www.amazon.com/s?k=Pink+Polish&i=beauty&s=exact-aware-popularity-rank&ref=sr_st_exact-aware-popularity-rank
Teal Gel,https://www.amazon.com/s?k=Teal+Gel&i=beauty&s=exact-aware-popularity-rank&ref=sr_st_exact-aware-popularity-rank
Jeweled Nails,https://www.amazon.com/s?k=Jeweled+Nails&i=beauty&s=exact-aware-popularity-rank&ref=sr_st_exact-aware-popularity-rank
Hawaiian Orchid,https://www.amazon.com/s?k=Hawaiian+Orchid&i=beauty&s=exact-aware-popularity-rank&ref=sr_st_exact-aware-popularity-rank
Nordic Shellac,https://www.amazon.com/s?k=Nordic+Shellac&i=beauty&s=exact-aware-popularity-rank&ref=sr_st_exact-aware-popularity-rank
Cuticle scissors,https://www.amazon.com/s?k=Cuticle+scissors&i=beauty&s=exact-aware-popularity-rank&ref=sr_st_exact-aware-popularity-rank
Water park shellac,https://www.amazon.com/s?k=Water+park+shellac&i=beauty&s=exact-aware-popularity-rank&ref=sr_st_exact-aware-popularity-rank
Cuticle cream,https://www.amazon.com/s?k=Cuticle+cream&i=beauty&s=exact-aware-popularity-rank&ref=sr_st_exact-aware-popularity-rank
Baby Nail Clippers,https://www.amazon.com/s?k=Baby+Nail+Clippers&i=beauty&s=exact-aware-popularity-rank&ref=sr_st_exact-aware-popularity-rank
Champagne Nail Polish,https://www.amazon.com/s?k=Champagne+Nail+Polish&i=beauty&s=exact-aware-popularity-rank&ref=sr_st_exact-aware-popularity-rank
Amethyst Gel,https://www.amazon.com/s?k=Amethyst+Gel&i=beauty&s=exact-aware-popularity-rank&ref=sr_st_exact-aware-popularity-rank
Matte Topcoat,https://www.amazon.com/s?k=Matte+Topcoat&i=beauty&s=exact-aware-popularity-rank&ref=sr_st_exact-aware-popularity-rank
Encanto Nails,https://www.amazon.com/s?k=Encanto+Nails&i=beauty&s=exact-aware-popularity-rank&ref=sr_st_exact-aware-popularity-rank
Color gel,https://www.amazon.com/s?k=Color+gel&i=beauty&s=exact-aware-popularity-rank&ref=sr_st_exact-aware-popularity-rank
Silver Canvas,https://www.amazon.com/s?k=Silver+Canvas&i=beauty&s=exact-aware-popularity-rank&ref=sr_st_exact-aware-popularity-rank
Shimmering Nail Polish,https://www.amazon.com/s?k=Shimmering+Nail+Polish&i=beauty&s=exact-aware-popularity-rank&ref=sr_st_exact-aware-popularity-rank
Nude Polish,https://www.amazon.com/s?k=Nude+Polish&i=beauty&s=exact-aware-popularity-rank&ref=sr_st_exact-aware-popularity-rank
Silver nails,https://www.amazon.com/s?k=Silver+nails&i=beauty&s=exact-aware-popularity-rank&ref=sr_st_exact-aware-popularity-rank
Orange nail polish,https://www.amazon.com/s?k=Orange+nail+polish&i=beauty&s=exact-aware-popularity-rank&ref=sr_st_exact-aware-popularity-rank
Periwinkle Shimmer,https://www.amazon.com/s?k=Periwinkle+Shimmer&i=beauty&s=exact-aware-popularity-rank&ref=sr_st_exact-aware-popularity-rank
Tropical Nail Polish,https://www.amazon.com/s?k=Tropical+Nail+Polish&i=beauty&s=exact-aware-popularity-rank&ref=sr_st_exact-aware-popularity-rank
Amethyst Nail,https://www.amazon.com/s?k=Amethyst+Nail&i=beauty&s=exact-aware-popularity-rank&ref=sr_st_exact-aware-popularity-rank
Glow Nails,https://www.amazon.com/s?k=Glow+Nails&i=beauty&s=exact-aware-popularity-rank&ref=sr_st_exact-aware-popularity-rank
Gel Press Nails,https://www.amazon.com/s?k=Gel+Press+Nails&i=beauty&s=exact-aware-popularity-rank&ref=sr_st_exact-aware-popularity-rank
Nail remover,https://www.amazon.com/s?k=Nail+remover&i=beauty&s=exact-aware-popularity-rank&ref=sr_st_exact-aware-popularity-rank
Cute nail polish,https://www.amazon.com/s?k=Cute+nail+polish&i=beauty&s=exact-aware-popularity-rank&ref=sr_st_exact-aware-popularity-rank
Dazzling Nail,https://www.amazon.com/s?k=Dazzling+Nail&i=beauty&s=exact-aware-popularity-rank&ref=sr_st_exact-aware-popularity-rank
Base Coat,https://www.amazon.com/s?k=Base+Coat&i=beauty&s=exact-aware-popularity-rank&ref=sr_st_exact-aware-popularity-rank
Gel Press,https://www.amazon.com/s?k=Gel+Press&i=beauty&s=exact-aware-popularity-rank&ref=sr_st_exact-aware-popularity-rank
Nail Hardener,https://www.amazon.com/s?k=Nail+Hardener&i=beauty&s=exact-aware-popularity-rank&ref=sr_st_exact-aware-popularity-rank
Nail Base,https://www.amazon.com/s?k=Nail+Base&i=beauty&s=exact-aware-popularity-rank&ref=sr_st_exact-aware-popularity-rank
Mini Cracker,https://www.amazon.com/s?k=Mini+Cracker&i=beauty&s=exact-aware-popularity-rank&ref=sr_st_exact-aware-popularity-rank
Nail Primer,https://www.amazon.com/s?k=Nail+Primer&i=beauty&s=exact-aware-popularity-rank&ref=sr_st_exact-aware-popularity-rank
