Keyword,Links
Strawberry Mist,https://www.amazon.com/s?k=Strawberry+Mist&i=beauty&s=exact-aware-popularity-rank&ref=sr_st_exact-aware-popularity-rank
Balancing Mist,https://www.amazon.com/s?k=Balancing+Mist&i=beauty&s=exact-aware-popularity-rank&ref=sr_st_exact-aware-popularity-rank
Tuxedo Fragrance,https://www.amazon.com/s?k=Tuxedo+Fragrance&i=beauty&s=exact-aware-popularity-rank&ref=sr_st_exact-aware-popularity-rank
Lady Emblem,https://www.amazon.com/s?k=Lady+Emblem&i=beauty&s=exact-aware-popularity-rank&ref=sr_st_exact-aware-popularity-rank
Paris fragrance,https://www.amazon.com/s?k=Paris+fragrance&i=beauty&s=exact-aware-popularity-rank&ref=sr_st_exact-aware-popularity-rank
Dark Kiss,https://www.amazon.com/s?k=Dark+Kiss&i=beauty&s=exact-aware-popularity-rank&ref=sr_st_exact-aware-popularity-rank
Aoud Leather,https://www.amazon.com/s?k=Aoud+Leather&i=beauty&s=exact-aware-popularity-rank&ref=sr_st_exact-aware-popularity-rank
Eau Intense,https://www.amazon.com/s?k=Eau+Intense&i=beauty&s=exact-aware-popularity-rank&ref=sr_st_exact-aware-popularity-rank
Fennel Body Splash,https://www.amazon.com/s?k=Fennel+Body+Splash&i=beauty&s=exact-aware-popularity-rank&ref=sr_st_exact-aware-popularity-rank
Silver fragrance,https://www.amazon.com/s?k=Silver+fragrance&i=beauty&s=exact-aware-popularity-rank&ref=sr_st_exact-aware-popularity-rank
Snow White,https://www.amazon.com/s?k=Snow+White&i=beauty&s=exact-aware-popularity-rank&ref=sr_st_exact-aware-popularity-rank
Aqua Spray,https://www.amazon.com/s?k=Aqua+Spray&i=beauty&s=exact-aware-popularity-rank&ref=sr_st_exact-aware-popularity-rank
green tea deodorant,https://www.amazon.com/s?k=green+tea+deodorant&i=beauty&s=exact-aware-popularity-rank&ref=sr_st_exact-aware-popularity-rank
Princess fragrance,https://www.amazon.com/s?k=Princess+fragrance&i=beauty&s=exact-aware-popularity-rank&ref=sr_st_exact-aware-popularity-rank
Merry Cookie,https://www.amazon.com/s?k=Merry+Cookie&i=beauty&s=exact-aware-popularity-rank&ref=sr_st_exact-aware-popularity-rank
Happiness Set,https://www.amazon.com/s?k=Happiness+Set&i=beauty&s=exact-aware-popularity-rank&ref=sr_st_exact-aware-popularity-rank
Bergamot fragrance,https://www.amazon.com/s?k=Bergamot+fragrance&i=beauty&s=exact-aware-popularity-rank&ref=sr_st_exact-aware-popularity-rank
Ruby Velvet,https://www.amazon.com/s?k=Ruby+Velvet&i=beauty&s=exact-aware-popularity-rank&ref=sr_st_exact-aware-popularity-rank
Viva La Juicy,https://www.amazon.com/s?k=Viva+La+Juicy&i=beauty&s=exact-aware-popularity-rank&ref=sr_st_exact-aware-popularity-rank
Mini Cologne,https://www.amazon.com/s?k=Mini+Cologne&i=beauty&s=exact-aware-popularity-rank&ref=sr_st_exact-aware-popularity-rank
Kitchen Mist,https://www.amazon.com/s?k=Kitchen+Mist&i=beauty&s=exact-aware-popularity-rank&ref=sr_st_exact-aware-popularity-rank
White Cologne,https://www.amazon.com/s?k=White+Cologne&i=beauty&s=exact-aware-popularity-rank&ref=sr_st_exact-aware-popularity-rank
Hot Water,https://www.amazon.com/s?k=Hot+Water&i=beauty&s=exact-aware-popularity-rank&ref=sr_st_exact-aware-popularity-rank
Orchid Mist,https://www.amazon.com/s?k=Orchid+Mist&i=beauty&s=exact-aware-popularity-rank&ref=sr_st_exact-aware-popularity-rank
Crystal Noir,https://www.amazon.com/s?k=Crystal+Noir&i=beauty&s=exact-aware-popularity-rank&ref=sr_st_exact-aware-popularity-rank
Alien Toy,https://www.amazon.com/s?k=Alien+Toy&i=beauty&s=exact-aware-popularity-rank&ref=sr_st_exact-aware-popularity-rank
Mini gift set,https://www.amazon.com/s?k=Mini+gift+set&i=beauty&s=exact-aware-popularity-rank&ref=sr_st_exact-aware-popularity-rank
Sugar perfume,https://www.amazon.com/s?k=Sugar+perfume&i=beauty&s=exact-aware-popularity-rank&ref=sr_st_exact-aware-popularity-rank
Juicy fragrance,https://www.amazon.com/s?k=Juicy+fragrance&i=beauty&s=exact-aware-popularity-rank&ref=sr_st_exact-aware-popularity-rank
Spicy Vetiver,https://www.amazon.com/s?k=Spicy+Vetiver&i=beauty&s=exact-aware-popularity-rank&ref=sr_st_exact-aware-popularity-rank
Tropical Wood,https://www.amazon.com/s?k=Tropical+Wood&i=beauty&s=exact-aware-popularity-rank&ref=sr_st_exact-aware-popularity-rank
White Diamonds,https://www.amazon.com/s?k=White+Diamonds&i=beauty&s=exact-aware-popularity-rank&ref=sr_st_exact-aware-popularity-rank
Joyous perfume,https://www.amazon.com/s?k=Joyous+perfume&i=beauty&s=exact-aware-popularity-rank&ref=sr_st_exact-aware-popularity-rank
Mountain Fragrance,https://www.amazon.com/s?k=Mountain+Fragrance&i=beauty&s=exact-aware-popularity-rank&ref=sr_st_exact-aware-popularity-rank
Santal Shampoo,https://www.amazon.com/s?k=Santal+Shampoo&i=beauty&s=exact-aware-popularity-rank&ref=sr_st_exact-aware-popularity-rank
Gold Rush,https://www.amazon.com/s?k=Gold+Rush&i=beauty&s=exact-aware-popularity-rank&ref=sr_st_exact-aware-popularity-rank
Veil Spray,https://www.amazon.com/s?k=Veil+Spray&i=beauty&s=exact-aware-popularity-rank&ref=sr_st_exact-aware-popularity-rank
Extreme Story,https://www.amazon.com/s?k=Extreme+Story&i=beauty&s=exact-aware-popularity-rank&ref=sr_st_exact-aware-popularity-rank
Rare Pearls,https://www.amazon.com/s?k=Rare+Pearls&i=beauty&s=exact-aware-popularity-rank&ref=sr_st_exact-aware-popularity-rank
Beauty drink,https://www.amazon.com/s?k=Beauty+drink&i=beauty&s=exact-aware-popularity-rank&ref=sr_st_exact-aware-popularity-rank
Set Sail,https://www.amazon.com/s?k=Set+Sail&i=beauty&s=exact-aware-popularity-rank&ref=sr_st_exact-aware-popularity-rank
Red Door Perfume,https://www.amazon.com/s?k=Red+Door+Perfume&i=beauty&s=exact-aware-popularity-rank&ref=sr_st_exact-aware-popularity-rank
Naked Fantasy,https://www.amazon.com/s?k=Naked+Fantasy&i=beauty&s=exact-aware-popularity-rank&ref=sr_st_exact-aware-popularity-rank
Kids Cologne,https://www.amazon.com/s?k=Kids+Cologne&i=beauty&s=exact-aware-popularity-rank&ref=sr_st_exact-aware-popularity-rank
Extreme fragrance,https://www.amazon.com/s?k=Extreme+fragrance&i=beauty&s=exact-aware-popularity-rank&ref=sr_st_exact-aware-popularity-rank
Citrus fragrance,https://www.amazon.com/s?k=Citrus+fragrance&i=beauty&s=exact-aware-popularity-rank&ref=sr_st_exact-aware-popularity-rank
Pure Musc,https://www.amazon.com/s?k=Pure+Musc&i=beauty&s=exact-aware-popularity-rank&ref=sr_st_exact-aware-popularity-rank
Bubble Gum,https://www.amazon.com/s?k=Bubble+Gum&i=beauty&s=exact-aware-popularity-rank&ref=sr_st_exact-aware-popularity-rank
Black bag,https://www.amazon.com/s?k=Black+bag&i=beauty&s=exact-aware-popularity-rank&ref=sr_st_exact-aware-popularity-rank
fragrance perfume,https://www.amazon.com/s?k=fragrance+perfume&i=beauty&s=exact-aware-popularity-rank&ref=sr_st_exact-aware-popularity-rank
