Keyword,Links
Skincare Kit,https://www.amazon.com/s?k=Skincare+Kit&i=beauty&s=exact-aware-popularity-rank&ref=sr_st_exact-aware-popularity-rank
Bronzing Drops,https://www.amazon.com/s?k=Bronzing+Drops&i=beauty&s=exact-aware-popularity-rank&ref=sr_st_exact-aware-popularity-rank
Weightless Sunscreen,https://www.amazon.com/s?k=Weightless+Sunscreen&i=beauty&s=exact-aware-popularity-rank&ref=sr_st_exact-aware-popularity-rank
Facial Moisturiser,https://www.amazon.com/s?k=Facial+Moisturiser&i=beauty&s=exact-aware-popularity-rank&ref=sr_st_exact-aware-popularity-rank
Tanning Drops,https://www.amazon.com/s?k=Tanning+Drops&i=beauty&s=exact-aware-popularity-rank&ref=sr_st_exact-aware-popularity-rank
Argan Milk,https://www.amazon.com/s?k=Argan+Milk&i=beauty&s=exact-aware-popularity-rank&ref=sr_st_exact-aware-popularity-rank
Lip relief,https://www.amazon.com/s?k=Lip+relief&i=beauty&s=exact-aware-popularity-rank&ref=sr_st_exact-aware-popularity-rank
Tanning Mitts,https://www.amazon.com/s?k=Tanning+Mitts&i=beauty&s=exact-aware-popularity-rank&ref=sr_st_exact-aware-popularity-rank
Revitalizing Eye Cream,https://www.amazon.com/s?k=Revitalizing+Eye+Cream&i=beauty&s=exact-aware-popularity-rank&ref=sr_st_exact-aware-popularity-rank
Silk hydration,https://www.amazon.com/s?k=Silk+hydration&i=beauty&s=exact-aware-popularity-rank&ref=sr_st_exact-aware-popularity-rank
Watermelon Toner,https://www.amazon.com/s?k=Watermelon+Toner&i=beauty&s=exact-aware-popularity-rank&ref=sr_st_exact-aware-popularity-rank
Moisturizing Eye,https://www.amazon.com/s?k=Moisturizing+Eye&i=beauty&s=exact-aware-popularity-rank&ref=sr_st_exact-aware-popularity-rank
Blackhead scrub,https://www.amazon.com/s?k=Blackhead+scrub&i=beauty&s=exact-aware-popularity-rank&ref=sr_st_exact-aware-popularity-rank
Age Defying Cream,https://www.amazon.com/s?k=Age+Defying+Cream&i=beauty&s=exact-aware-popularity-rank&ref=sr_st_exact-aware-popularity-rank
Hydration Burst,https://www.amazon.com/s?k=Hydration+Burst&i=beauty&s=exact-aware-popularity-rank&ref=sr_st_exact-aware-popularity-rank
Multi-Correction Gel,https://www.amazon.com/s?k=Multi-Correction+Gel&i=beauty&s=exact-aware-popularity-rank&ref=sr_st_exact-aware-popularity-rank
Bee Skin,https://www.amazon.com/s?k=Bee+Skin&i=beauty&s=exact-aware-popularity-rank&ref=sr_st_exact-aware-popularity-rank
Red Balm,https://www.amazon.com/s?k=Red+Balm&i=beauty&s=exact-aware-popularity-rank&ref=sr_st_exact-aware-popularity-rank
Immortelle Cream,https://www.amazon.com/s?k=Immortelle+Cream&i=beauty&s=exact-aware-popularity-rank&ref=sr_st_exact-aware-popularity-rank
Grapefruit Mask,https://www.amazon.com/s?k=Grapefruit+Mask&i=beauty&s=exact-aware-popularity-rank&ref=sr_st_exact-aware-popularity-rank
Mini Serums,https://www.amazon.com/s?k=Mini+Serums&i=beauty&s=exact-aware-popularity-rank&ref=sr_st_exact-aware-popularity-rank
Aloe Gel,https://www.amazon.com/s?k=Aloe+Gel&i=beauty&s=exact-aware-popularity-rank&ref=sr_st_exact-aware-popularity-rank
Under Eye Serum,https://www.amazon.com/s?k=Under+Eye+Serum&i=beauty&s=exact-aware-popularity-rank&ref=sr_st_exact-aware-popularity-rank
Summer Lip Balm,https://www.amazon.com/s?k=Summer+Lip+Balm&i=beauty&s=exact-aware-popularity-rank&ref=sr_st_exact-aware-popularity-rank
Sun Moisturizer,https://www.amazon.com/s?k=Sun+Moisturizer&i=beauty&s=exact-aware-popularity-rank&ref=sr_st_exact-aware-popularity-rank
Renew Overnight,https://www.amazon.com/s?k=Renew+Overnight&i=beauty&s=exact-aware-popularity-rank&ref=sr_st_exact-aware-popularity-rank
Exosome Serum,https://www.amazon.com/s?k=Exosome+Serum&i=beauty&s=exact-aware-popularity-rank&ref=sr_st_exact-aware-popularity-rank
Rose face mist,https://www.amazon.com/s?k=Rose+face+mist&i=beauty&s=exact-aware-popularity-rank&ref=sr_st_exact-aware-popularity-rank
Ginseng cream,https://www.amazon.com/s?k=Ginseng+cream&i=beauty&s=exact-aware-popularity-rank&ref=sr_st_exact-aware-popularity-rank
Aqua Bomb,https://www.amazon.com/s?k=Aqua+Bomb&i=beauty&s=exact-aware-popularity-rank&ref=sr_st_exact-aware-popularity-rank
Clearing Cream,https://www.amazon.com/s?k=Clearing+Cream&i=beauty&s=exact-aware-popularity-rank&ref=sr_st_exact-aware-popularity-rank
Soy cleanser,https://www.amazon.com/s?k=Soy+cleanser&i=beauty&s=exact-aware-popularity-rank&ref=sr_st_exact-aware-popularity-rank
Dewy Moisturizer,https://www.amazon.com/s?k=Dewy+Moisturizer&i=beauty&s=exact-aware-popularity-rank&ref=sr_st_exact-aware-popularity-rank
Exfoliation Lotion,https://www.amazon.com/s?k=Exfoliation+Lotion&i=beauty&s=exact-aware-popularity-rank&ref=sr_st_exact-aware-popularity-rank
Eczema lotion,https://www.amazon.com/s?k=Eczema+lotion&i=beauty&s=exact-aware-popularity-rank&ref=sr_st_exact-aware-popularity-rank
Benzoyl Peroxide,https://www.amazon.com/s?k=Benzoyl+Peroxide&i=beauty&s=exact-aware-popularity-rank&ref=sr_st_exact-aware-popularity-rank
Toner 6.7 oz,https://www.amazon.com/s?k=Toner+6.7+oz&i=beauty&s=exact-aware-popularity-rank&ref=sr_st_exact-aware-popularity-rank
Bum Cream,https://www.amazon.com/s?k=Bum+Cream&i=beauty&s=exact-aware-popularity-rank&ref=sr_st_exact-aware-popularity-rank
Peppermint Gift,https://www.amazon.com/s?k=Peppermint+Gift&i=beauty&s=exact-aware-popularity-rank&ref=sr_st_exact-aware-popularity-rank
Wrinkle Defense,https://www.amazon.com/s?k=Wrinkle+Defense&i=beauty&s=exact-aware-popularity-rank&ref=sr_st_exact-aware-popularity-rank
Aqua Cream,https://www.amazon.com/s?k=Aqua+Cream&i=beauty&s=exact-aware-popularity-rank&ref=sr_st_exact-aware-popularity-rank
Fortifying Night Cream,https://www.amazon.com/s?k=Fortifying+Night+Cream&i=beauty&s=exact-aware-popularity-rank&ref=sr_st_exact-aware-popularity-rank
Defense Serum,https://www.amazon.com/s?k=Defense+Serum&i=beauty&s=exact-aware-popularity-rank&ref=sr_st_exact-aware-popularity-rank
Psoriasis Cream,https://www.amazon.com/s?k=Psoriasis+Cream&i=beauty&s=exact-aware-popularity-rank&ref=sr_st_exact-aware-popularity-rank
Castile soap,https://www.amazon.com/s?k=Castile+soap&i=beauty&s=exact-aware-popularity-rank&ref=sr_st_exact-aware-popularity-rank
Cold sore balm,https://www.amazon.com/s?k=Cold+sore+balm&i=beauty&s=exact-aware-popularity-rank&ref=sr_st_exact-aware-popularity-rank
Hand moisturizer,https://www.amazon.com/s?k=Hand+moisturizer&i=beauty&s=exact-aware-popularity-rank&ref=sr_st_exact-aware-popularity-rank
Bubble Mask,https://www.amazon.com/s?k=Bubble+Mask&i=beauty&s=exact-aware-popularity-rank&ref=sr_st_exact-aware-popularity-rank
Hydrogel Cream,https://www.amazon.com/s?k=Hydrogel+Cream&i=beauty&s=exact-aware-popularity-rank&ref=sr_st_exact-aware-popularity-rank
Firm Skin,https://www.amazon.com/s?k=Firm+Skin&i=beauty&s=exact-aware-popularity-rank&ref=sr_st_exact-aware-popularity-rank
