Keyword,Links
French Quarter,https://www.ebay.com/sch/i.html?_from=R40&_nkw=French+Quarter&_sacat=26395&rt=nc&LH_ItemCondition=3&LH_BIN=1&rt=nc&LH_PrefLoc=1
Hydrating Concealer,https://www.ebay.com/sch/i.html?_from=R40&_nkw=Hydrating+Concealer&_sacat=26395&rt=nc&LH_ItemCondition=3&LH_BIN=1&rt=nc&LH_PrefLoc=1
Sky High Mascara,https://www.ebay.com/sch/i.html?_from=R40&_nkw=Sky+High+Mascara&_sacat=26395&rt=nc&LH_ItemCondition=3&LH_BIN=1&rt=nc&LH_PrefLoc=1
Strawberry Lip Balm,https://www.ebay.com/sch/i.html?_from=R40&_nkw=Strawberry+Lip+Balm&_sacat=26395&rt=nc&LH_ItemCondition=3&LH_BIN=1&rt=nc&LH_PrefLoc=1
Powder Blush,https://www.ebay.com/sch/i.html?_from=R40&_nkw=Powder+Blush&_sacat=26395&rt=nc&LH_ItemCondition=3&LH_BIN=1&rt=nc&LH_PrefLoc=1
Color Mascara,https://www.ebay.com/sch/i.html?_from=R40&_nkw=Color+Mascara&_sacat=26395&rt=nc&LH_ItemCondition=3&LH_BIN=1&rt=nc&LH_PrefLoc=1
Lip Glow,https://www.ebay.com/sch/i.html?_from=R40&_nkw=Lip+Glow&_sacat=26395&rt=nc&LH_ItemCondition=3&LH_BIN=1&rt=nc&LH_PrefLoc=1
Dark Wine,https://www.ebay.com/sch/i.html?_from=R40&_nkw=Dark+Wine&_sacat=26395&rt=nc&LH_ItemCondition=3&LH_BIN=1&rt=nc&LH_PrefLoc=1
Radiant Primer,https://www.ebay.com/sch/i.html?_from=R40&_nkw=Radiant+Primer&_sacat=26395&rt=nc&LH_ItemCondition=3&LH_BIN=1&rt=nc&LH_PrefLoc=1
Active Bronzer,https://www.ebay.com/sch/i.html?_from=R40&_nkw=Active+Bronzer&_sacat=26395&rt=nc&LH_ItemCondition=3&LH_BIN=1&rt=nc&LH_PrefLoc=1
Lip Kit,https://www.ebay.com/sch/i.html?_from=R40&_nkw=Lip+Kit&_sacat=26395&rt=nc&LH_ItemCondition=3&LH_BIN=1&rt=nc&LH_PrefLoc=1
HD Foundation,https://www.ebay.com/sch/i.html?_from=R40&_nkw=HD+Foundation&_sacat=26395&rt=nc&LH_ItemCondition=3&LH_BIN=1&rt=nc&LH_PrefLoc=1
Chubby Lip,https://www.ebay.com/sch/i.html?_from=R40&_nkw=Chubby+Lip&_sacat=26395&rt=nc&LH_ItemCondition=3&LH_BIN=1&rt=nc&LH_PrefLoc=1
Cream Lipstick,https://www.ebay.com/sch/i.html?_from=R40&_nkw=Cream+Lipstick&_sacat=26395&rt=nc&LH_ItemCondition=3&LH_BIN=1&rt=nc&LH_PrefLoc=1
Concealer Stick,https://www.ebay.com/sch/i.html?_from=R40&_nkw=Concealer+Stick&_sacat=26395&rt=nc&LH_ItemCondition=3&LH_BIN=1&rt=nc&LH_PrefLoc=1
Cheek Flush,https://www.ebay.com/sch/i.html?_from=R40&_nkw=Cheek+Flush&_sacat=26395&rt=nc&LH_ItemCondition=3&LH_BIN=1&rt=nc&LH_PrefLoc=1
Powder Compact,https://www.ebay.com/sch/i.html?_from=R40&_nkw=Powder+Compact&_sacat=26395&rt=nc&LH_ItemCondition=3&LH_BIN=1&rt=nc&LH_PrefLoc=1
Brown makeup,https://www.ebay.com/sch/i.html?_from=R40&_nkw=Brown+makeup&_sacat=26395&rt=nc&LH_ItemCondition=3&LH_BIN=1&rt=nc&LH_PrefLoc=1
Illuminating Spray,https://www.ebay.com/sch/i.html?_from=R40&_nkw=Illuminating+Spray&_sacat=26395&rt=nc&LH_ItemCondition=3&LH_BIN=1&rt=nc&LH_PrefLoc=1
Nail Set,https://www.ebay.com/sch/i.html?_from=R40&_nkw=Nail+Set&_sacat=26395&rt=nc&LH_ItemCondition=3&LH_BIN=1&rt=nc&LH_PrefLoc=1
Light-Up Mirror,https://www.ebay.com/sch/i.html?_from=R40&_nkw=Light-Up+Mirror&_sacat=26395&rt=nc&LH_ItemCondition=3&LH_BIN=1&rt=nc&LH_PrefLoc=1
Glitter Eyeliner,https://www.ebay.com/sch/i.html?_from=R40&_nkw=Glitter+Eyeliner&_sacat=26395&rt=nc&LH_ItemCondition=3&LH_BIN=1&rt=nc&LH_PrefLoc=1
Face Primer,https://www.ebay.com/sch/i.html?_from=R40&_nkw=Face+Primer&_sacat=26395&rt=nc&LH_ItemCondition=3&LH_BIN=1&rt=nc&LH_PrefLoc=1
Contour Trio,https://www.ebay.com/sch/i.html?_from=R40&_nkw=Contour+Trio&_sacat=26395&rt=nc&LH_ItemCondition=3&LH_BIN=1&rt=nc&LH_PrefLoc=1
Underlash Extensions,https://www.ebay.com/sch/i.html?_from=R40&_nkw=Underlash+Extensions&_sacat=26395&rt=nc&LH_ItemCondition=3&LH_BIN=1&rt=nc&LH_PrefLoc=1
Skin tint,https://www.ebay.com/sch/i.html?_from=R40&_nkw=Skin+tint&_sacat=26395&rt=nc&LH_ItemCondition=3&LH_BIN=1&rt=nc&LH_PrefLoc=1
3D Correction,https://www.ebay.com/sch/i.html?_from=R40&_nkw=3D+Correction&_sacat=26395&rt=nc&LH_ItemCondition=3&LH_BIN=1&rt=nc&LH_PrefLoc=1
Lipstick Sunset,https://www.ebay.com/sch/i.html?_from=R40&_nkw=Lipstick+Sunset&_sacat=26395&rt=nc&LH_ItemCondition=3&LH_BIN=1&rt=nc&LH_PrefLoc=1
Lash Liner,https://www.ebay.com/sch/i.html?_from=R40&_nkw=Lash+Liner&_sacat=26395&rt=nc&LH_ItemCondition=3&LH_BIN=1&rt=nc&LH_PrefLoc=1
Liquid Lipstick,https://www.ebay.com/sch/i.html?_from=R40&_nkw=Liquid+Lipstick&_sacat=26395&rt=nc&LH_ItemCondition=3&LH_BIN=1&rt=nc&LH_PrefLoc=1
Flawless Bronzer,https://www.ebay.com/sch/i.html?_from=R40&_nkw=Flawless+Bronzer&_sacat=26395&rt=nc&LH_ItemCondition=3&LH_BIN=1&rt=nc&LH_PrefLoc=1
Smoothing Primer,https://www.ebay.com/sch/i.html?_from=R40&_nkw=Smoothing+Primer&_sacat=26395&rt=nc&LH_ItemCondition=3&LH_BIN=1&rt=nc&LH_PrefLoc=1
Oil Control Powder,https://www.ebay.com/sch/i.html?_from=R40&_nkw=Oil+Control+Powder&_sacat=26395&rt=nc&LH_ItemCondition=3&LH_BIN=1&rt=nc&LH_PrefLoc=1
Green Eyeshadow,https://www.ebay.com/sch/i.html?_from=R40&_nkw=Green+Eyeshadow&_sacat=26395&rt=nc&LH_ItemCondition=3&LH_BIN=1&rt=nc&LH_PrefLoc=1
Eyeshadow Palette,https://www.ebay.com/sch/i.html?_from=R40&_nkw=Eyeshadow+Palette&_sacat=26395&rt=nc&LH_ItemCondition=3&LH_BIN=1&rt=nc&LH_PrefLoc=1
Glitter Lip,https://www.ebay.com/sch/i.html?_from=R40&_nkw=Glitter+Lip&_sacat=26395&rt=nc&LH_ItemCondition=3&LH_BIN=1&rt=nc&LH_PrefLoc=1
Jelly Blush,https://www.ebay.com/sch/i.html?_from=R40&_nkw=Jelly+Blush&_sacat=26395&rt=nc&LH_ItemCondition=3&LH_BIN=1&rt=nc&LH_PrefLoc=1
Makeup Remover,https://www.ebay.com/sch/i.html?_from=R40&_nkw=Makeup+Remover&_sacat=26395&rt=nc&LH_ItemCondition=3&LH_BIN=1&rt=nc&LH_PrefLoc=1
Kids Makeup,https://www.ebay.com/sch/i.html?_from=R40&_nkw=Kids+Makeup&_sacat=26395&rt=nc&LH_ItemCondition=3&LH_BIN=1&rt=nc&LH_PrefLoc=1
Glow stick,https://www.ebay.com/sch/i.html?_from=R40&_nkw=Glow+stick&_sacat=26395&rt=nc&LH_ItemCondition=3&LH_BIN=1&rt=nc&LH_PrefLoc=1
Primer Serum,https://www.ebay.com/sch/i.html?_from=R40&_nkw=Primer+Serum&_sacat=26395&rt=nc&LH_ItemCondition=3&LH_BIN=1&rt=nc&LH_PrefLoc=1
Fruit Lip Gloss,https://www.ebay.com/sch/i.html?_from=R40&_nkw=Fruit+Lip+Gloss&_sacat=26395&rt=nc&LH_ItemCondition=3&LH_BIN=1&rt=nc&LH_PrefLoc=1
Lipstick Honey,https://www.ebay.com/sch/i.html?_from=R40&_nkw=Lipstick+Honey&_sacat=26395&rt=nc&LH_ItemCondition=3&LH_BIN=1&rt=nc&LH_PrefLoc=1
Blurring Primer,https://www.ebay.com/sch/i.html?_from=R40&_nkw=Blurring+Primer&_sacat=26395&rt=nc&LH_ItemCondition=3&LH_BIN=1&rt=nc&LH_PrefLoc=1
Lip color,https://www.ebay.com/sch/i.html?_from=R40&_nkw=Lip+color&_sacat=26395&rt=nc&LH_ItemCondition=3&LH_BIN=1&rt=nc&LH_PrefLoc=1
Liquid Eyeshadow,https://www.ebay.com/sch/i.html?_from=R40&_nkw=Liquid+Eyeshadow&_sacat=26395&rt=nc&LH_ItemCondition=3&LH_BIN=1&rt=nc&LH_PrefLoc=1
Eyeliner Set,https://www.ebay.com/sch/i.html?_from=R40&_nkw=Eyeliner+Set&_sacat=26395&rt=nc&LH_ItemCondition=3&LH_BIN=1&rt=nc&LH_PrefLoc=1
Nail Decals,https://www.ebay.com/sch/i.html?_from=R40&_nkw=Nail+Decals&_sacat=26395&rt=nc&LH_ItemCondition=3&LH_BIN=1&rt=nc&LH_PrefLoc=1
Multi Stick,https://www.ebay.com/sch/i.html?_from=R40&_nkw=Multi+Stick&_sacat=26395&rt=nc&LH_ItemCondition=3&LH_BIN=1&rt=nc&LH_PrefLoc=1
Kawaii Palette,https://www.ebay.com/sch/i.html?_from=R40&_nkw=Kawaii+Palette&_sacat=26395&rt=nc&LH_ItemCondition=3&LH_BIN=1&rt=nc&LH_PrefLoc=1
